replicate,rmse_log_m1,rmse_log_m2,delta_rmse_log_m2_minus_m1,mae_log_m1,mae_log_m2,delta_mae_log_m2_minus_m1,relative_mae_improvement
1,0.34200470660367677,0.3633264853891591,0.02132177878548236,0.2668772827639586,0.2547975018195626,-0.01207978094439599,0.04526342901609963
2,0.4243885085758199,0.42174098285583517,-0.0026475257199847224,0.3165309642011605,0.2720672832408801,-0.044463680960280416,0.14047182105072992
3,0.37724458442991043,0.39267655327656964,0.015431968846659205,0.2859512787547079,0.2792361127390023,-0.006715166015705598,0.02348360197915373
4,0.442784291796833,0.4552059161603178,0.012421624363484818,0.31772485486505414,0.32163956152642825,0.003914706661374112,-0.012321058933323891
5,0.3849916943841375,0.4136614013451872,0.0286697069610497,0.265908857561916,0.2703960797877226,0.004487222225806609,-0.01687503856377471
6,0.4156656841744353,0.3991723665774191,-0.016493317597016166,0.2851384573861416,0.23572229682259832,-0.049416160563543254,0.1733058424196448
7,0.3745109055359059,0.38042727691211664,0.005916371376210761,0.2694385586139316,0.24975167816489147,-0.019686880449040156,0.07306630702864153
8,0.28581968062176133,0.3334224902445771,0.04760280962281577,0.22392329089409865,0.23650218258955155,0.012578891695452898,-0.05617500370429045
9,0.33562776258994537,0.3434947221188737,0.007866959528928352,0.2346975530257946,0.2260787268228832,-0.008618826202911378,0.0367231191454481
10,0.4156299405699635,0.4123132664567512,-0.0033166741132122923,0.30602349683275865,0.29502256683375416,-0.011000929999004483,0.035947991291062444
11,0.4107910338254139,0.40464089268883924,-0.006150141136574638,0.28280247483508136,0.23950350631745676,-0.0432989685176246,0.15310675248819786
12,0.4841758976317513,0.4630890392979566,-0.0210868583337947,0.3633948404377859,0.30594649149796876,-0.05744834893981715,0.1580879598362169
13,0.30071215694693976,0.3220222775186938,0.02131012057175402,0.2411858332259477,0.23630959291332276,-0.00487624031262493,0.020217772525871248
14,0.3860762128010795,0.35810882589565407,-0.02796738690542544,0.2940774235997078,0.23426465171534483,-0.05981277188436296,0.20339124014422436
15,0.3977941674552558,0.38148790540093075,-0.01630626205432506,0.31311424260242954,0.27658907688566886,-0.03652516571676068,0.11665124337105855
16,0.4501038939123003,0.4318143319042568,-0.018289562008043547,0.3167500764188909,0.27017115616014376,-0.04657892025874716,0.14705259359479417
17,0.4147264615389674,0.33654175643252954,-0.07818470510643788,0.32227278958020855,0.21997174557258986,-0.10230104400761869,0.3174361823748002
18,0.328098017014034,0.3479566152875986,0.019858598273564565,0.26498472259088557,0.2620296208523423,-0.002955101738543242,0.01115197023303745
19,0.3918774630187613,0.36794736252743754,-0.02393010049132377,0.3098663245582884,0.25995731143206596,-0.049909013126222423,0.16106627010007385
20,0.3377112218328582,0.31390117915104776,-0.023810042681810417,0.2745087128349072,0.24407229999460395,-0.03043641284030324,0.11087594461385297
21,0.29274454258043114,0.29415053343521763,0.0014059908547864874,0.18337431957935796,0.18755005510633382,0.004175735526975866,-0.022771648377780368
22,0.3499845840037285,0.3734610056311872,0.02347642162745872,0.2632465170486195,0.25393626445690237,-0.009310252591717139,0.035367049471722395
23,0.48340257430194655,0.46162243646079437,-0.02178013784115218,0.327214029974552,0.2889404839264033,-0.0382735460481487,0.1169679247895492
24,0.37101801185646277,0.35412636126825286,-0.016891650588209906,0.2987584411565002,0.2759127042684195,-0.02284573688808067,0.0764689251946969
25,0.4305800717176582,0.422108027717036,-0.008472044000622236,0.2926340566255692,0.2567278512996965,-0.03590620532587269,0.12270002247829738
26,0.34221135030452465,0.3315827301202204,-0.010628620184304272,0.2646622998635421,0.23849070580810786,-0.02617159405543426,0.0988867476362449
27,0.36209077155006414,0.34364821325162337,-0.01844255829844077,0.2677073347825595,0.22845586457365163,-0.039251470208907846,0.14662082471811672
28,0.264815210964462,0.2792282500100694,0.014413039045607423,0.2149588989239592,0.22712857745763132,0.012169678533672124,-0.05661397874008043
29,0.28587539877666585,0.283545195517579,-0.0023302032590868382,0.22738143571499844,0.23199449050280388,0.004613054787805437,-0.02028773709383854
30,0.27750030345629423,0.2827968461113784,0.005296542655084169,0.21273493496000714,0.1871055055805443,-0.02562942937946283,0.12047588415264755
31,0.34239541357341646,0.3466551267620532,0.004259713188636716,0.2529303168753483,0.23024118916751388,-0.022689127707834406,0.08970505389836796
32,0.27357576193772587,0.2784364399817885,0.00486067804406265,0.2129992783023465,0.1898401686155164,-0.023159109686830104,0.10872858289198707
33,0.4048854227416593,0.39456469346657125,-0.010320729275088036,0.3246356297979627,0.2906951207010834,-0.03394050909687929,0.10454955026964292
34,0.24887550759086563,0.2588415715707318,0.009966063979866158,0.19367351738858368,0.20651010370777917,0.012836586319195487,-0.06627951251301101
35,0.39044586815956717,0.39712614203237745,0.006680273872810283,0.29811212460667563,0.29334855263516324,-0.0047635719715123925,0.01597912858390907
36,0.3769426694614748,0.3710423589235448,-0.005900310537929998,0.2969042217119089,0.2892686251494233,-0.00763559656248558,0.025717372822992482
37,0.39275012150742755,0.41550045088113363,0.02275032937370608,0.2504059627982495,0.2726045671149572,0.02219860431670767,-0.0886504621081765
38,0.33295103878588445,0.3730791246529293,0.04012808586704486,0.2434488689730742,0.2563461893390356,0.01289732036596139,-0.052977532491177245
39,0.5138198759307159,0.49632571968239303,-0.017494156248322845,0.3519877441377192,0.3161248298109834,-0.03586291432673583,0.10188682681151551
40,0.31966536081167657,0.34744969003575815,0.027784329224081583,0.266119218643589,0.24222745910044477,-0.023891759543144236,0.08977840707980676
41,0.3889804866704243,0.3824902443371854,-0.00649024233323886,0.3121460047083528,0.2760980253052817,-0.036047979403071084,0.1154843530249627
42,0.344261153475437,0.3261641832410725,-0.018096970234364518,0.2608978242596979,0.23044635056080248,-0.030451473698895393,0.11671800554604846
43,0.2781470786677389,0.251101774550584,-0.02704530411715489,0.2421041933571006,0.19174209522551364,-0.05036209813158696,0.20801828102705971
44,0.31616527420158147,0.33014840546449703,0.01398313126291556,0.2263238536740485,0.21903767759728335,-0.007286176076765155,0.03219358436366457
45,0.4007717302732467,0.3866286741487986,-0.014143056124448106,0.2939361038005476,0.26544409815024406,-0.02849200565030352,0.09693265060639496
46,0.3257954304282561,0.3509832916293436,0.025187861201087514,0.2208047479523508,0.22538225980213414,0.004577511849783333,-0.020731039038939282
47,0.3269098169181075,0.30514055613172636,-0.02176926078638114,0.24872646628500603,0.21811281966000365,-0.030613646625002378,0.1230815806707252
48,0.44845239156503597,0.46293332262625514,0.014480931061219171,0.33041691013500984,0.32582653832731096,-0.00459037180769889,0.013892666104235535
49,0.3841319828034745,0.4287670682781098,0.044635085474635294,0.2975546679222998,0.3233680931502355,0.025813425227935727,-0.08675187456537017
50,0.36100521009582565,0.33946956524820426,-0.021535644847621382,0.2703478758068499,0.23587984735479053,-0.034468028452059346,0.1274950962687979
51,0.2909297951858873,0.30494629274335133,0.014016497557464036,0.24528577660938736,0.2364877185482503,-0.008798058061137065,0.03586860266727897
52,0.423597864759046,0.42544024238698663,0.00184237762794065,0.2752601798958222,0.2575958989871915,-0.017664280908630703,0.06417303409202199
53,0.3809932471959881,0.37604837839111893,-0.0049448688048691625,0.28150785769329517,0.26031140900362226,-0.02119644868967291,0.07529611735657692
54,0.3958078409165217,0.4090801920436775,0.013272351127155801,0.2782707328519495,0.27889118966964477,0.0006204568176952918,-0.0022296876546675794
55,0.31611949027171554,0.3358076017624665,0.019688111490750948,0.22464891522913516,0.22512814803866119,0.00047923280952602565,-0.0021332522751655513
56,0.2478165847543944,0.30185314758043136,0.05403656282603697,0.21011616950405992,0.23363489389122735,0.023518724387167428,-0.11193200619770956
57,0.32191811124207387,0.3025615030074107,-0.019356608234663175,0.24258450960726696,0.20176592770635918,-0.040818581900907785,0.1682654097204771
58,0.3332599252659977,0.3563859865272652,0.02312606126126754,0.2416426026954897,0.24419949628786464,0.0025568935923749314,-0.01058130298156508
59,0.3880195425735588,0.3822587101393325,-0.005760832434226315,0.31736923871743583,0.28123065929291113,-0.0361385794245247,0.11386919403584685
60,0.30894638669525293,0.3040451055999618,-0.004901281095291143,0.20885934879598755,0.18378029050709183,-0.025079058288895728,0.12007630222668553
61,0.4440435804917143,0.42169295553033165,-0.022350624961382626,0.31003175964662705,0.25602912627212326,-0.05400263337450378,0.17418419789009928
62,0.4562957367136485,0.4616478621209351,0.005352125407286634,0.31828801551519187,0.3097784204567035,-0.008509595058488362,0.02673551828432635
63,0.34647145420849157,0.3195655059716081,-0.02690594823688347,0.24730494458058075,0.20315534891606868,-0.04414959566451207,0.17852289908472316
64,0.3851088844328659,0.3984460050960876,0.01333712066322168,0.24228108756188224,0.25985349885077846,0.017572411288896223,-0.07252902595795045
65,0.2953802118131133,0.29362782333989285,-0.0017523884732204564,0.23803144763498368,0.22576954513749478,-0.012261902497488902,0.051513792061174526
66,0.3368568899052903,0.3152348797917627,-0.0216220101135276,0.2793950717347398,0.24251756025356255,-0.036877511481177266,0.13199055821639225
67,0.3096256645337392,0.3159107754189022,0.006285110885163037,0.23728201448880187,0.24301944816372673,0.005737433674924852,-0.024179808517242763
68,0.31633577255517276,0.3018396066023604,-0.014496165952812334,0.24795529677817346,0.2067384649917911,-0.04121683178638236,0.16622686557591826
69,0.39267356621500216,0.41101422646423863,0.018340660249236473,0.2792435937714727,0.26843335365604265,-0.010810240115430025,0.038712580544558194
70,0.2887921773205136,0.2790436907099117,-0.009748486610601903,0.22165582625037264,0.20650510804355574,-0.015150718206816904,0.068352447409631
71,0.24662706497587383,0.25885143623228457,0.012224371256410738,0.20327888709609193,0.1918820010499138,-0.01139688604617814,0.05606527175048297
72,0.41354665638446914,0.4055286088193318,-0.008018047565137354,0.2937666795249466,0.27338056277704237,-0.020386116747904248,0.0693956059988521
73,0.36009959042011835,0.3545893491529521,-0.00551024126716626,0.24117985360904357,0.24323803082396855,0.002058177214924989,-0.008533785820524326
74,0.38931113556747415,0.4016581968964977,0.012347061329023523,0.3016048847750254,0.29705366935434196,-0.00455121542068343,0.01508999240538924
75,0.2662917338130424,0.26267457485257456,-0.0036171589604678256,0.20830112885858507,0.18710554461897363,-0.02119558423961143,0.10175453371643052
76,0.402057986390123,0.3976782333379467,-0.004379753052176305,0.30211540216478106,0.28735780359920016,-0.014757598565580898,0.048847554476986736
77,0.4142458765883187,0.4416294061816843,0.027383529593365596,0.29974027512230056,0.31765545807449913,0.01791518295219857,-0.059769021513337794
78,0.3781995740841861,0.35401886164222507,-0.024180712441961016,0.2724771652581988,0.22701852034560335,-0.045458644912595464,0.16683469555886984
79,0.4418902391727188,0.4220397323306231,-0.019850506842095716,0.3087180715163769,0.24991695144514411,-0.05880112007123281,0.1904686686542531
80,0.47172833981765294,0.4670343420723767,-0.004693997745276235,0.33045283226592753,0.3149016808163481,-0.015551151449579415,0.04706012456587097
81,0.35095584006329855,0.35665662660883835,0.005700786545539793,0.24653065392543275,0.24900486383707454,0.002474209911641795,-0.010036114666657886
82,0.3850905054082618,0.39140070637671986,0.0063102009684580795,0.2652523526618261,0.24971459941369759,-0.015537753248128533,0.058577249521846196
83,0.42848737440135326,0.4201646849494247,-0.008322689451928544,0.3221377309161576,0.29589479938301816,-0.026242931533139446,0.08146494190079728
84,0.28295385333269174,0.30554948068350263,0.022595627350810887,0.22056385012602553,0.22147839321111173,0.0009145430850862057,-0.004146387019285595
85,0.3637330811271956,0.3595729791322759,-0.004160101994919674,0.2745236978960861,0.24269888508391807,-0.031824812812168035,0.11592737915185194
86,0.392085783546666,0.43283120826344773,0.04074542471678172,0.3082320789028764,0.34036494375771287,0.03213286485483646,-0.10424893141950191
87,0.4560869813823425,0.46266868151650287,0.006581700134160373,0.3294535997193991,0.31840751836432457,-0.01104608135507451,0.03352848888123437
88,0.4766183434515837,0.46488072575583206,-0.011737617695751656,0.3092407990985008,0.29219895479421154,-0.017041844304289233,0.05510865433658703
89,0.4394884531472121,0.4161289089865054,-0.02335954416070668,0.31989435279521045,0.26463668213930835,-0.05525767065590209,0.172737249573383
90,0.27700312708949404,0.2772569309332997,0.00025380384380563337,0.2183306620252595,0.1896835521515285,-0.028647109873731008,0.13120974217728848
91,0.3484708312992352,0.34354814507947523,-0.004922686219759942,0.24126147968009315,0.2158925053148626,-0.025368974365230557,0.10515136688570922
92,0.38701895468196335,0.34531324197435864,-0.0417057127076047,0.31091896679358555,0.24924675069920194,-0.061672216094383614,0.1983546283148653
93,0.3821992544079663,0.3425294374405345,-0.039669816967431826,0.2885524615163628,0.234434626526699,-0.05411783498966383,0.18754937908091623
94,0.4083977730196037,0.41991915290928433,0.011521379889680605,0.29902291883904963,0.2882971123518562,-0.010725806487193457,0.03586951304213129
95,0.32436351514044687,0.3190249622112201,-0.0053385529292267475,0.2325446559396059,0.21862543775872562,-0.013919218180880294,0.059856108602621465
96,0.32773356395198977,0.3414876321790189,0.013754068227029126,0.24424686281446034,0.2255579088976793,-0.018688953916781048,0.07651665901223027
97,0.38600189564514803,0.38826133183805944,0.0022594361929114126,0.32779404834092446,0.30351976910938416,-0.024274279231540297,0.07405344713975302
98,0.4411334926620974,0.4418938742328799,0.000760381570782509,0.32354531268127273,0.296466815737688,-0.027078496943584718,0.08369305900054864
99,0.26517143384606917,0.2679070868849725,0.0027356530389033296,0.216540755374889,0.19834689218295184,-0.018193863191937165,0.08402050302465604
100,0.345420973593677,0.36012359372696096,0.014702620133283939,0.27683502619718886,0.2793547550603746,0.002519728863185744,-0.009101914948403053
101,0.31210293923538457,0.27080837781598116,-0.04129456141940341,0.24302749375360802,0.1792954121316806,-0.06373208162192742,0.2622422699488553
102,0.48093605033659953,0.4902013908922773,0.009265340555677792,0.34355291182952397,0.3208827720017574,-0.022670139827766556,0.06598733134596692
103,0.3195299557372094,0.2451848553417878,-0.07434510039542158,0.2597202876754527,0.18040911429354856,-0.07931117338190413,0.30537149828284355
104,0.30979985563109974,0.2922806946497547,-0.01751916098134504,0.25178105399896733,0.21935040700745434,-0.03243064699151299,0.12880495365487668
105,0.35127405913171644,0.3204815232809367,-0.030792535850779734,0.2721234698998651,0.2029956644773289,-0.06912780542253619,0.25403103028185536
106,0.3333815586090125,0.3154423693021916,-0.01793918930682087,0.2530534927414498,0.20510802081192317,-0.04794547192952661,0.18946773431226074
107,0.36557658692045036,0.3616544052724529,-0.003922181647997458,0.2726244956995466,0.23797700095956684,-0.03464749473997977,0.12708870731177438
108,0.3252108068735796,0.3030481978939825,-0.022162608979597098,0.2641658667718709,0.23895904674413626,-0.025206820027734667,0.09542042783863079
109,0.35120975712084607,0.35915703333551535,0.007947276214669285,0.26223098631774794,0.2505712931102975,-0.011659693207450417,0.044463445648342446
110,0.3495782736692128,0.34640417227517417,-0.00317410139403862,0.2716138694299004,0.22374678748828444,-0.04786708194161596,0.17623209758060515
111,0.3152880080188078,0.33512818929388855,0.019840181275080748,0.2729417825855858,0.2805298806677311,0.007588098082145278,-0.027801159684175115
112,0.34632784466095096,0.38644084898597386,0.040113004325022905,0.2670051324378246,0.28878663875568794,0.021781506317863353,-0.08157710722259409
113,0.3974743101140306,0.4003411558080109,0.002866845693980269,0.28669752043048435,0.26018753681501455,-0.0265099836154698,0.09246673489071101
114,0.3279402881209349,0.2919999172258981,-0.03594037089503682,0.2510751205505097,0.2081305998132393,-0.04294452073727037,0.1710425176461523
115,0.2887881330405122,0.28990164631896703,0.0011135132784548252,0.2038891674025526,0.1970800622521819,-0.006809105150370726,0.033396110431541635
116,0.35388636523740025,0.35266290624865915,-0.0012234589887410996,0.25628287386013227,0.232333838399514,-0.023949035460618273,0.09344766234238729
117,0.3828124544458953,0.3940737886444045,0.01126133419850922,0.29824991539198376,0.291678619908583,-0.006571295483400741,0.022032849446962027
118,0.47534937685860185,0.4555039883950959,-0.01984538846350592,0.33392046995699254,0.30090800760768743,-0.033012462349305105,0.09886324834640105
119,0.30402277393388,0.3037849558315503,-0.00023781810232970102,0.2320882248901092,0.210873212680393,-0.021215012209716194,0.09140925706059078
120,0.40935885543217565,0.3722110765184987,-0.03714777891367693,0.3066609635069974,0.2560405599928371,-0.050620403514160306,0.1650696030406402
121,0.2600884158149642,0.2561356200181937,-0.003952795796770547,0.20707674134382614,0.19416118420951306,-0.012915557134313083,0.06237087299373881
122,0.3824534113303759,0.34235839598687295,-0.04009501534350296,0.29840965436037276,0.23534569176442638,-0.06306396259594638,0.21133351979218318
123,0.42405838988966554,0.4005813795255385,-0.023477010364127027,0.3325280870447718,0.29271900321428157,-0.039809083830490255,0.11971645518512344
124,0.4247107528487613,0.3968938505976532,-0.02781690225110811,0.30860626131416197,0.25573478800439525,-0.052871473309766714,0.17132339792660078
125,0.3837425565503588,0.3429985600653045,-0.040743996485054335,0.31071296212687094,0.2454480857763877,-0.06526487635048325,0.2100487726798928
126,0.2910134033176238,0.2888470062662851,-0.0021663970513386976,0.23865656766388713,0.20497409005935238,-0.033682477604534744,0.1411336714268496
127,0.3942417057494886,0.4016296272628304,0.007387921513341833,0.27716103566294215,0.2712621677092343,-0.005898867953707865,0.02128317907168426
128,0.36582649066610984,0.40233360019660674,0.036507109530496906,0.28262351507944855,0.2819179668542626,-0.0007055482251859257,0.002496424350916407
129,0.44787449719335554,0.4261785384610543,-0.021695958732301235,0.341931197764701,0.29586943055031883,-0.046061767214382154,0.13471063042945683
130,0.41248642696179727,0.41451385583971406,0.0020274288779167926,0.3127532182149222,0.30062263726040406,-0.012130580954518133,0.03878643047625514
131,0.5113436543327733,0.49758530412065455,-0.013758350212118742,0.3673556941533567,0.334214681729241,-0.03314101242411571,0.09021505029477134
132,0.5223219509751226,0.5023360213208535,-0.01998592965426904,0.359091200877273,0.3229152556817938,-0.036175945195479176,0.10074305665830857
133,0.3446991037376328,0.34498671039765016,0.0002876066600173699,0.2350440534786718,0.21594711392897228,-0.019096939549699515,0.08124834160687412
134,0.386682140393549,0.36943212652988283,-0.017250013863666147,0.2544542258869926,0.2210952425473404,-0.03335898333965223,0.13110013489997024
135,0.28197055332714605,0.25633038231062,-0.025640171016526048,0.23151851785259364,0.19326587273555548,-0.03825264511703816,0.16522499138230218
136,0.45359396868374596,0.4896004031989164,0.03600643451517044,0.33284216314686865,0.3351237730766331,0.00228160992976445,-0.006854930601919191
137,0.37270349905352884,0.35877218008197076,-0.013931318971558082,0.27891572129857556,0.24901743583896135,-0.029898285459614204,0.10719469422667821
138,0.31681917623484274,0.3029076266108532,-0.01391154962398955,0.22031954801175163,0.18228922015153193,-0.038030327860219704,0.17261440577297846
139,0.4056095744046706,0.40804520364785535,0.002435629243184745,0.27964425997304304,0.26690418049748077,-0.012740079475562271,0.04555816549494125
140,0.3091175915756978,0.29533842010557865,-0.013779171470119145,0.26843953227765655,0.23199683379786382,-0.03644269847979273,0.13575756957473295
141,0.3932496921581675,0.43107602594500644,0.03782633378683892,0.2673775928050073,0.2998135029432442,0.032435910138236934,-0.12131125049768754
142,0.34925405213572497,0.3302274487431559,-0.019026603392569064,0.29010185042611986,0.26011137646486826,-0.029990473961251596,0.10337911984084107
143,0.38155962848902975,0.31899063969293534,-0.0625689887960944,0.2868608589257141,0.20536653171314892,-0.08149432721256519,0.28409008994032564
144,0.2915609354443085,0.32364168789947145,0.03208075245516295,0.23657164770829692,0.2449238112663793,0.008352163558082382,-0.03530500649165263
145,0.4140418305214693,0.40005497045089544,-0.01398686007057387,0.3055199476792996,0.2635859289075006,-0.041934018771798975,0.13725460183639657
146,0.3992514985695507,0.40101109548122504,0.0017595969116743215,0.29245509239766176,0.2756024230715896,-0.016852669326072156,0.05762481066035592
147,0.3998830798236528,0.39270850921953077,-0.007174570604122021,0.27923405181679023,0.23716582664340874,-0.04206822517338149,0.15065578463540363
148,0.4621712044236501,0.44008105519270785,-0.02209014923094227,0.3433780470798299,0.30211442604330674,-0.041263621036523146,0.12016965378957385
149,0.32172482235856226,0.32524585102730624,0.0035210286687439862,0.2544241119832678,0.2362208051783185,-0.018203306804949304,0.07154709773005494
150,0.2931475132005208,0.32010934297487004,0.026961829774349244,0.2291932493256348,0.23493118713847702,0.005737937812842209,-0.025035370063146236
151,0.40436194350207866,0.41089840082692386,0.006536457324845202,0.319790255919627,0.2990669909520227,-0.020723264967604293,0.06480267795530542
152,0.3515523125028834,0.3646003808918891,0.01304806838900574,0.2701252114871713,0.2565419725654784,-0.013583238921692886,0.050284972835043865
153,0.49943461935804584,0.4926933139695696,-0.006741305388476226,0.35213142628421723,0.31743666703713297,-0.03469475924708426,0.09852786958889873
154,0.351442202391369,0.3102490353816499,-0.04119316700971909,0.2733548974438149,0.21680674228545568,-0.05654815515835923,0.20686717409181257
155,0.43509322285703095,0.45114024640727696,0.01604702355024601,0.34703421226259035,0.3419456421246769,-0.005088570137913473,0.014663021564176804
156,0.3866625522768088,0.3834879889962577,-0.0031745632805511015,0.297536555012924,0.2676656964283811,-0.02987085858454286,0.10039391154221494
157,0.35015708681143487,0.34482032052128636,-0.005336766290148509,0.2777709392756458,0.23157343335764047,-0.04619750591800531,0.16631511575140426
158,0.2972873942179688,0.2844115366075487,-0.012875857610420094,0.22011572606238755,0.18938157036119302,-0.030734155701194532,0.139627259946359
159,0.4112539793323735,0.3942736190607095,-0.016980360271663997,0.30630696546480657,0.2642336651143975,-0.04207330035040907,0.1373566555581418
160,0.37260915693387586,0.36838852582212794,-0.004220631111747919,0.27103932596039954,0.26357174318915916,-0.0074675827712403775,0.027551657844409768
161,0.377336665018271,0.36952146825179266,-0.00781519676647835,0.30559327348400267,0.26371103585723543,-0.04188223762676724,0.13705222352991256
162,0.3228378551880373,0.357924988872866,0.035087133684828686,0.2654706493050054,0.2887098221290362,0.023239172824030763,-0.08753951853009082
163,0.3313571391057371,0.3313770638300184,1.9924724281306094e-05,0.2698488017212827,0.23123431458954677,-0.03861448713173596,0.14309675227544458
164,0.3062056259161643,0.27753776475556924,-0.028667861160595054,0.22731283140783917,0.19250901699792308,-0.03480381440991609,0.1531097659307755
165,0.32150062712723904,0.2968096569035773,-0.024690970223661735,0.23761968376247644,0.1967794745477526,-0.04084020921472384,0.1718721638210222
166,0.4717733122897151,0.47225700547069177,0.00048369318097668534,0.31847982818416903,0.31116579632784114,-0.007314031856327896,0.02296544775858888
167,0.40668049935283457,0.4381354382514073,0.03145493889857276,0.29612925377896354,0.3032052811990885,0.007076027420124975,-0.023895063827117383
168,0.3175792940568508,0.28717566817674345,-0.030403625880107366,0.25702121854276755,0.2110075059982632,-0.04601371254450434,0.17902690215768235
169,0.3609947866067546,0.3679661104097715,0.0069713238030169045,0.27050791281651293,0.2341700100184637,-0.03633790279804924,0.1343321251482113
170,0.2970932260487968,0.25531282940220595,-0.041780396646590834,0.23675441129532276,0.1912270141708352,-0.045527397124487556,0.19229798876988013
171,0.46333565051105513,0.46585155654780364,0.0025159060367485053,0.33221111065793396,0.3208239756374274,-0.011387135020506534,0.034276803680511045
172,0.3796864613054687,0.3834189724716749,0.0037325111662062094,0.270107554924575,0.23680710567668484,-0.03330044924789016,0.12328588608781788
173,0.3915757004830281,0.4150101361059631,0.023434435622935013,0.28657362387299423,0.2931523464601502,0.006578722587155972,-0.022956483217979537
174,0.35289639349737495,0.36149642888386463,0.00860003538648968,0.27477672049975355,0.2623270468960022,-0.012449673603751321,0.0453083273616059
175,0.3724300220409067,0.3644185378274707,-0.008011484213436004,0.30125381811510926,0.26706912705570096,-0.0341846910594083,0.11347471468841702
176,0.3855692626190628,0.39757516185052116,0.012005899231458339,0.2946784145374936,0.2785139607121864,-0.01616445382530718,0.054854556790926684
177,0.41385980632117475,0.3903234217866807,-0.023536384534494026,0.3012432781216316,0.26590158077327386,-0.03534169734835774,0.11731945545383417
178,0.3582796059188996,0.31468291771453916,-0.04359668820436047,0.28459294040380245,0.22374356632343212,-0.06084937408037033,0.2138119589123769
179,0.325182744244443,0.30770348400478464,-0.017479260239658345,0.24777006176084537,0.2014799819372791,-0.04629007982356628,0.18682676790970318
180,0.26775396753022007,0.26592911346948306,-0.0018248540607370134,0.22172724831869361,0.2017034360058073,-0.020023812312886302,0.09030830655556425
181,0.31615234393704417,0.33188465456572513,0.015732310628680968,0.25021497763132516,0.2351481336077495,-0.015066844023575665,0.060215596069455285
182,0.31376873343563294,0.2699473126292796,-0.04382142080635332,0.23133807010463955,0.19029471477413698,-0.04104335533050257,0.17741721158103255
183,0.2813760747530609,0.27351529311192707,-0.007860781641133852,0.22274715610061213,0.17396011511369336,-0.04878704098691877,0.21902430469137962
184,0.4997270849347448,0.49094852777843745,-0.008778557156307376,0.3720689410872952,0.339805899489322,-0.03226304159797322,0.08671253640169774
185,0.4341891536152347,0.4504037310141309,0.0162145773988962,0.30889558684786916,0.297772127450969,-0.011123459396900182,0.03601041863501429
186,0.3415078707613239,0.33044579021342285,-0.011062080547901032,0.24693058188010983,0.2273334214282884,-0.019597160451821416,0.07936303515996355
187,0.3281965807601901,0.3292817275471557,0.001085146786965585,0.2607785536422733,0.2399152049209087,-0.02086334872136461,0.08000408173896158
188,0.3056340424729859,0.2678766259537194,-0.03775741651926651,0.239177401540633,0.17690980860159197,-0.06226759293904102,0.26034061971554034
189,0.43011010917197773,0.44366778552889535,0.013557676356917625,0.31042251732241,0.3021334489683697,-0.008289068354040308,0.02670253571016288
190,0.38162968816765874,0.4028220459686325,0.021192357800973782,0.2950345501825315,0.2828861191069791,-0.012148431075552413,0.04117629975213561
191,0.42270693366450035,0.47053877728092813,0.04783184361642778,0.3192587312723564,0.336696294280429,0.017437563008072643,-0.05461890717468534
192,0.4108038678226161,0.42295378644838766,0.012149918625771583,0.31122527570596376,0.3154777217645969,0.004252446058633119,-0.013663562668511223
193,0.38277442040679394,0.4033398373101847,0.020565416903390754,0.2713371808502324,0.29560751481941017,0.02427033396917777,-0.08944713692803513
194,0.361626780849041,0.3526936319780809,-0.008933148870960084,0.26824966022389607,0.23950620086183666,-0.02874345936205941,0.10715189476127769
195,0.42028224106985745,0.4159516415109178,-0.004330599558939663,0.32080305657769176,0.284065140246696,-0.03673791633099577,0.11451859817956135
196,0.48053516189327344,0.5009558947430703,0.020420732849796897,0.3206032815789898,0.32243299690052424,0.0018297153215344197,-0.005707101039399738
197,0.3509919385515467,0.34558782701349544,-0.005404111538051259,0.26303856884442023,0.24540233554899188,-0.01763623329542835,0.06704808870010115
198,0.38231949997105263,0.3830420971055426,0.0007225971344899662,0.3105130093005022,0.29005405189452366,-0.02045895740597853,0.06588760146335498
199,0.3743025355611835,0.32484432404852726,-0.049458211512656225,0.26780208952417855,0.19026183578559727,-0.07754025373858128,0.2895431244631142
200,0.2972776387272291,0.3457552382602599,0.04847759953303077,0.2361686428187846,0.2559117279127027,0.019743085093918117,-0.08359740250981267
201,0.40733999839227913,0.4127218611289159,0.005381862736636767,0.28023879265214535,0.26626779147683693,-0.013971001175308417,0.0498539158090448
202,0.32833896600064966,0.2919740888096814,-0.03636487719096826,0.27225576569698373,0.2110882884554617,-0.06116747724152202,0.22466917122923463
203,0.39617298074795454,0.4271497764129819,0.030976795665027368,0.28012393274538705,0.29722730484310295,0.017103372097715897,-0.06105644715927096
204,0.453036165256569,0.4780636157728841,0.02502745051631511,0.32934291609919386,0.3288564576723302,-0.00048645842686367846,0.0014770575077958058
205,0.2918296760612999,0.3743981363595214,0.08256846029822151,0.2347803223700321,0.3019785928842967,0.06719827051426458,-0.2862176430968302
206,0.3908975417779875,0.3786072975426271,-0.012290244235360404,0.2790359512008996,0.24846387573748627,-0.030572075463413312,0.10956321338465132
207,0.3752182829869045,0.3922329553016443,0.017014672314739798,0.29622676467337417,0.3032262359779959,0.006999471304621752,-0.023628760596091022
208,0.4726473000543981,0.48995133218984094,0.01730403213544285,0.32550275027139286,0.3322128879202465,0.006710137648853642,-0.020614688027240823
209,0.36681598580222013,0.34538339952036146,-0.02143258628185868,0.31295262279576336,0.26657664922663243,-0.046375973569130924,0.14818848027164944
210,0.34278803782412653,0.3453005131468431,0.0025124753227165897,0.24067403837314777,0.23640615538061205,-0.004267882992535721,0.017733042672091935
211,0.37357290844336105,0.37882735771502263,0.0052544492716615765,0.2716302977889866,0.2656467287628069,-0.0059835690261796914,0.02202835646422613
212,0.34355667634644016,0.3362357962778592,-0.007320880068580948,0.2622441230732292,0.23228154287541225,-0.029962580197816946,0.11425453446463003
213,0.4965047084558057,0.4877610534848556,-0.008743654970950088,0.35098028836621015,0.32057077015917035,-0.0304095182070398,0.08664166967493839
214,0.35336574401654314,0.36034907788025455,0.006983333863711416,0.2555678480918469,0.2603334285783144,0.004765580486467469,-0.018647026697798063
215,0.354583236190262,0.37825290696353014,0.023669670773268148,0.2740981579703222,0.2751592457045318,0.0010610877342095981,-0.0038711961512871117
216,0.4197948258789786,0.42073715450736276,0.0009423286283841703,0.2782144842325695,0.2543110753631282,-0.02390340886944131,0.08591719778852201
217,0.2982941341007769,0.30638857088244664,0.008094436781669767,0.23193374465990277,0.23249499865150464,0.0005612539916018677,-0.002419889319792018
218,0.33138677104783204,0.31348868540121877,-0.01789808564661327,0.26341767269967964,0.22037726645521225,-0.043040406244467394,0.1633922500467059
219,0.3117495889469916,0.3173954339544484,0.005645845007456796,0.21285215075260935,0.19123759561214987,-0.021614555140459485,0.10154727149354169
220,0.45565366815409375,0.43825647372693183,-0.01739719442716192,0.33944000455853696,0.304869019045196,-0.03457098551334098,0.10184711598240377
221,0.32596151528844386,0.33487550375595054,0.008913988467506684,0.25591222374089406,0.2509840724937377,-0.004928151247156343,0.019257193638964255
222,0.33652154222628455,0.338595282265883,0.0020737400395984262,0.27127158170787985,0.249409316968129,-0.021862264739750836,0.08059179882429898
223,0.3975931291502046,0.38835182004852387,-0.00924130910168075,0.32950575408090677,0.29250688019346704,-0.03699887388743972,0.11228597203299528
224,0.4059778718823452,0.41332859461421756,0.007350722731872372,0.3071654063619692,0.2893602966534735,-0.017805109708495692,0.05796586900646563
225,0.4517276694376964,0.4489358612289672,-0.002791808208729152,0.31508950990953466,0.29392423102798376,-0.021165278881550897,0.06717227395995398
226,0.37848047708421834,0.3429638953857062,-0.03551658169851213,0.28365378941123687,0.22564085006657852,-0.05801293934465834,0.20452023385646395
227,0.4022835879697009,0.4035668872228548,0.0012832992531539023,0.303493632055493,0.28366063854403295,-0.019832993511460062,0.06534896095557502
228,0.4035628222888964,0.376510789939844,-0.0270520323490524,0.30001504640385024,0.24208052573326078,-0.05793452067058946,0.19310538376333233
229,0.3239096939160471,0.3274123014894196,0.0035026075733724515,0.2475380052069899,0.2136990008676635,-0.033839004339326406,0.13670225835031036
230,0.31418711435505253,0.33644407088682443,0.0222569565317719,0.2608123145181108,0.24604179765348394,-0.014770516864626881,0.056632743327007344
231,0.4177153285579991,0.4663001489148507,0.04858482035685163,0.31547421709852747,0.33727553492619927,0.021801317827671807,-0.0691064963348904
232,0.24040276495765922,0.2715084569851949,0.03110569202753566,0.19553531178472894,0.19706560368913043,0.0015302919044014873,-0.007826166488466464
233,0.37880123735927856,0.3350756085443019,-0.04372562881497666,0.2751394393877811,0.21002667528358243,-0.0651127641041987,0.2366536918483317
234,0.30501376206670083,0.31006394261830433,0.0050501805516035,0.23575194131822988,0.22051644252817018,-0.015235498790059698,0.06462512548091408
235,0.37466721559932714,0.3794398755138661,0.004772659914538957,0.27455777631694245,0.2751121781331248,0.0005544018161823261,-0.002019253738208962
236,0.279798468100665,0.25800966928597846,-0.02178879881468654,0.22031200090827147,0.20205087284657233,-0.018261128061699133,0.08288757755553357
237,0.405762221590815,0.39928061421705746,-0.006481607373757525,0.3019042738931353,0.2715529364105685,-0.030351337482566798,0.10053298382026293
238,0.32342934769757037,0.34466127363435095,0.021231925936780582,0.2270081006654156,0.22546424595465356,-0.0015438547107620437,0.006800879379355329
239,0.42839496663225524,0.4063605945724115,-0.02203437205984371,0.34699508821628666,0.29995999101623155,-0.04703509720005511,0.13554974925390734
240,0.4059110259098855,0.38503135484957207,-0.02087967106031341,0.30235410536045104,0.252099947021329,-0.05025415833912206,0.16620961134035744
241,0.298153968660839,0.31561157848282384,0.017457609821984854,0.23261464133576318,0.2258895546198446,-0.006725086715918566,0.02891084876386335
242,0.3782930689956611,0.38888352927532205,0.01059046027966093,0.2759431178906646,0.2598125163664481,-0.016130601524216526,0.058456255939703716
243,0.3833946112295963,0.36844014152324356,-0.014954469706352724,0.3024609592808995,0.26300366470914466,-0.03945729457175484,0.1304541738727686
244,0.44761243003928924,0.4523014615970218,0.004689031557732537,0.3113165944897482,0.29560207262583643,-0.015714521863911757,0.050477623557677855
245,0.38038254065351845,0.3435858230028336,-0.036796717650684874,0.2925819374386664,0.230395973493191,-0.0621859639454754,0.21254204716075945
246,0.376726754882766,0.41192127673283996,0.035194521850073934,0.26292186426559105,0.3031698408662444,0.040247976600653323,-0.15307961060247446
247,0.29653667967546204,0.2749765253285404,-0.021560154346921656,0.2512000209915114,0.22178653055211353,-0.029413490439397866,0.11709191075422647
248,0.4983258766046501,0.5137835077659425,0.015457631161292396,0.3592061012318057,0.3477498928480699,-0.011456208383735789,0.0318931341768685
249,0.41856853661196686,0.4224268531214713,0.003858316509504467,0.293322491787482,0.2867076355835513,-0.006614856203930708,0.022551479648288627
250,0.3246490393124073,0.323363843380193,-0.0012851959322143225,0.26294291641861944,0.2545567916008113,-0.00838612481780815,0.03189332852936408
251,0.37067440768128984,0.3769055608980351,0.006231153216745278,0.2882837931352652,0.26992515765423114,-0.018358635481034058,0.06368250979832235
252,0.3887748383330715,0.3891398555387976,0.0003650172057260703,0.2708920526562123,0.24809317241825088,-0.022798880237961422,0.08416223368093918
253,0.4339558479796604,0.44382780358579516,0.009871955606134741,0.3284560008758376,0.3183782829120795,-0.010077717963758115,0.03068209421318406
254,0.3629806477796779,0.3412909216628685,-0.021689726116809416,0.2704281347968614,0.22954882442169236,-0.04087931037516904,0.1511651530114517
255,0.3276806654906337,0.36937166254252213,0.041690997051888445,0.2296804714337468,0.2639522535584552,0.03427178212470838,-0.1492150460627836
256,0.39456059036433877,0.3804730721734084,-0.014087518190930348,0.28812820461793365,0.23839098547418436,-0.04973721914374929,0.1726218341231199
257,0.31522128285349466,0.2985250944536184,-0.016696188399876244,0.2730393398220251,0.2180571219707674,-0.0549822178512577,0.20137104743622913
258,0.4047032320762716,0.37208790364769734,-0.032615328428574286,0.32119656800602003,0.2621079103356869,-0.05908865767033311,0.18396416262214121
259,0.48348406906524594,0.46029072629706214,-0.0231933427681838,0.3371769316209651,0.291572126953748,-0.045604804667217114,0.13525481843604711
260,0.32063456290797643,0.31900665663725136,-0.0016279062707250658,0.2348471345817497,0.2084080529848005,-0.026439081596949188,0.11257996246807862
261,0.3751142932493312,0.3547338437565495,-0.020380449492781727,0.2761830769364946,0.24680821789157553,-0.029374859044919044,0.10636009769589716
262,0.40319343480135283,0.3627972530481047,-0.04039618175324816,0.2991453230696239,0.22826036677624026,-0.07088495629338362,0.23695826351557456
263,0.39367009056015134,0.40733679082589364,0.013666700265742293,0.2798130212036827,0.2770703054822274,-0.002742715721455291,0.009801958856871074
264,0.31879011561571574,0.31128282917324096,-0.007507286442474781,0.25341439251430903,0.2382341896981622,-0.01518020281614682,0.05990268613212121
265,0.4126146767285372,0.409340538703483,-0.003274138025054163,0.3025150192926776,0.27418266503694205,-0.028332354255735548,0.09365602515200916
266,0.43415419558504437,0.4421178858178368,0.00796369023279242,0.30708576053957143,0.3033182621551973,-0.003767498384374124,0.012268554483784472
267,0.41053631364807097,0.37163736696692407,-0.038898946681146906,0.2790975881512091,0.22460736496629669,-0.05449022318491242,0.1952371697149557
268,0.4441120997510996,0.43454038752832863,-0.009571712222770978,0.3278450037951739,0.29441223033466724,-0.03343277346050666,0.10197737672828557
269,0.31483152162412853,0.30828317013148326,-0.006548351492645266,0.29207848380652923,0.23662720220846847,-0.05545128159806076,0.18985062122820148
270,0.2556042021821344,0.29334032971450913,0.03773612753237471,0.2122453118530703,0.21156279878869538,-0.0006825130643749178,0.003215680282480853
271,0.41176600434486005,0.4185982007029507,0.006832196358090625,0.29938373621533665,0.2815801464072861,-0.017803589808050524,0.05946745816294109
272,0.2743030156900679,0.23456602898734905,-0.03973698670271883,0.18264353390304502,0.13786217925551092,-0.044781354647534105,0.24518445132202685
273,0.39503105560413815,0.38630903579789816,-0.008722019806239989,0.2786599748954164,0.24907352487311718,-0.029586450022299204,0.10617402098526445
274,0.4092236072549369,0.43845656686018164,0.029232959605244746,0.3178485116159454,0.34242919237025193,0.024580680754306528,-0.0773345787568363
275,0.34523464320576086,0.35104236796765537,0.005807724761894506,0.26123233271965535,0.2477173773453325,-0.013514955374322846,0.05173538525503497
276,0.47123983528404473,0.4897924708215337,0.018552635537488982,0.3450533556143956,0.3370951219080244,-0.00795823370637122,0.023063777172086727
277,0.35561826913492306,0.3460626583411666,-0.009555610793756442,0.2696729071094992,0.23358638668723383,-0.03608652042226537,0.133815891292382
278,0.44653427852141825,0.47495907519913166,0.028424796677713415,0.3262656630878886,0.3465420134960009,0.020276350408112265,-0.06214674941950687
279,0.41969995291526474,0.44645802529050294,0.026758072375238195,0.28243899662237854,0.31101506772899173,0.0285760711066132,-0.10117608208621226
280,0.25816055170542496,0.26625221096547835,0.008091659260053397,0.2129246864887294,0.1865056354281312,-0.026419051060598192,0.1240769752735863
281,0.31712668062741717,0.3414915186299111,0.02436483800249395,0.23550532300695035,0.2286587971856719,-0.006846525821278454,0.029071639374692163
282,0.353141360703109,0.35315615633512504,1.4795632016062488e-05,0.2680592164310906,0.23454007517391345,-0.03351914125717714,0.12504379332092033
283,0.42525662538087156,0.43330726810615394,0.008050642725282386,0.30924911968230273,0.2863652207412462,-0.022883898941056524,0.07399826704297678
284,0.46268415553027253,0.4536687596289353,-0.009015395901337209,0.3388041534686418,0.3026834739761012,-0.03612067949254061,0.10661226883655597
285,0.36093862296725227,0.3589707229860157,-0.001967899981236587,0.2630713037807422,0.23109129623775287,-0.03198000754298935,0.12156402877618006
286,0.3352785701237414,0.3384031551479772,0.003124585024235793,0.25728014444043007,0.22810447680195917,-0.029175667638470903,0.11340038580095774
287,0.25808328978330664,0.16079868264875954,-0.09728460713454709,0.20995440002914925,0.13117673495682172,-0.07877766507232753,0.3752132132567374
288,0.2980635178670529,0.3143508854692161,0.016287367602163205,0.20895128699738524,0.20058846159720967,-0.008362825400175578,0.0400228470489403
289,0.43022412469594956,0.4020935878588225,-0.028130536837127074,0.31181852237081414,0.261225883746336,-0.05059263862447816,0.16225026736645703
290,0.4182351195575005,0.408555136286715,-0.009679983270785453,0.3057972096409904,0.2830163184984403,-0.022780891142550108,0.07449672666828827
291,0.40789395507520176,0.3994287605707961,-0.008465194504405638,0.2938948669295057,0.2667735001766823,-0.02712136675282345,0.09228254659966158
292,0.31792553422566183,0.3413075344811589,0.023382000255497082,0.24919502913249497,0.2508435070407679,0.0016484779082729384,-0.00661521184436009
293,0.42265709910036736,0.37577254808058225,-0.046884551019785115,0.3227915539172072,0.260451034847348,-0.06234051906985921,0.1931293378445984
294,0.4835678564903134,0.4648772031784804,-0.018690653311833005,0.3524046264723452,0.31207975451957004,-0.040324871952775176,0.11442775980677895
295,0.48395005119354306,0.48352999530133206,-0.00042005589221100204,0.36777448951639935,0.35683949475933086,-0.010934994757068495,0.02973287998155428
296,0.27830810918205007,0.2476306907058326,-0.030677418476217466,0.22144246131525266,0.19495684993642426,-0.026485611378828405,0.11960493584436198
297,0.4627987919697085,0.4686936765725641,0.005894884602855588,0.3217804946735997,0.30491494236688366,-0.016865552306716047,0.052413221391258466
298,0.3415753576298498,0.3746932530666298,0.03311789543678001,0.26089995623480106,0.2584039690003016,-0.0024959872344994527,0.00956683653964721
299,0.32390985752402396,0.30846380983659905,-0.015446047687424913,0.2388731645644845,0.18931659584325458,-0.04955656872122993,0.2074597571961751
300,0.3624322400353231,0.350754306006678,-0.011677934028645087,0.29419385440888346,0.2555257847082748,-0.038668069700608654,0.13143738090077872
301,0.3477406955231669,0.3325321650524873,-0.015208530470679604,0.24772690834916528,0.20424410073544025,-0.04348280761372503,0.17552718799702222
302,0.4829634323030828,0.4781086724689212,-0.004854759834161615,0.3662768855440287,0.3382659869865312,-0.0280108985574975,0.07647465527586621
303,0.40574199213178525,0.3760864480363424,-0.029655544095442854,0.323876352432915,0.25736078930940803,-0.06651556312350698,0.20537332418329135
304,0.35651796002442143,0.34334242442100343,-0.013175535603417998,0.2685272902975321,0.21253945572716904,-0.05598783457036305,0.20849960727763545
305,0.33207728270213643,0.3255550917165849,-0.0065221909855515126,0.2706577253829144,0.2574897109776071,-0.013168014405307293,0.04865190670865861
306,0.36136198077093523,0.3763760675052604,0.015014086734325194,0.2763993403621234,0.2505284253803873,-0.025870914981736104,0.09359977106979141
307,0.34586706993652666,0.36514091407674887,0.019273844140222207,0.23675631129153957,0.24907470647251184,0.012318395180972275,-0.05202984923093989
308,0.36993863660834514,0.3622978125962268,-0.007640824012118352,0.2837510251561662,0.24540138905982528,-0.0383496360963409,0.13515241425201782
309,0.3182802213966665,0.35794396529420397,0.03966374389753746,0.21334453845367424,0.23999591343442517,0.02665137498075093,-0.1249217588316095
310,0.2540270162482698,0.2692729845074233,0.01524596825915353,0.21344954319513354,0.19542660046448093,-0.018022942730652608,0.08443654861409661
311,0.3436044364542362,0.3464972637526401,0.0028928272984038994,0.268877474749198,0.237975141901062,-0.030902332848135983,0.11493090998775887
312,0.35926386993233006,0.31056308392787263,-0.04870078600445743,0.2611895588120422,0.19590366479806073,-0.06528589401398147,0.24995598718003365
313,0.4137002872390077,0.40928046983189803,-0.004419817407109672,0.3029901290750344,0.2834969731975624,-0.019493155877472024,0.06433594367242444
314,0.3622910555331921,0.3724956357386468,0.010204580205454727,0.2881363842586847,0.2723950652671824,-0.01574131899150233,0.05463148651636441
315,0.3562995120621306,0.3941249138260088,0.037825401763878164,0.285763686775898,0.2785841357122883,-0.007179551063609679,0.025124084675041437
316,0.26276229778450044,0.30795758257130423,0.04519528478680379,0.2173152348809801,0.22983731886938796,0.012522083988407873,-0.057621749323125034
317,0.3667565541040867,0.4005620020570425,0.033805447952955814,0.28278503535727184,0.29085169792213483,0.008066662564862992,-0.02852577596502423
318,0.44232364504301297,0.43607243769645526,-0.006251207346557708,0.300843376464943,0.2872384147376521,-0.01360496172729092,0.04522273977627789
319,0.3719893293010782,0.3770628166601991,0.005073487359120887,0.2965974091818973,0.2596453805111286,-0.03695202867076869,0.12458648500232429
320,0.32853854399276416,0.35812960778675945,0.029591063793995287,0.23563897174114207,0.23294336727115694,-0.0026956044699851245,0.011439552846743634
321,0.5031387829664516,0.46126231873960494,-0.04187646422684671,0.37334036432970374,0.29462035171392426,-0.07872001261577949,0.21085320564550689
322,0.2853565311375596,0.3008996793217428,0.015543148184183175,0.23119297993992127,0.23035090701547026,-0.000842072924451015,0.0036422945223935407
323,0.46372346160527,0.4755307492076321,0.011807287602362104,0.3403263869788116,0.34257153201434887,0.0022451450355372438,-0.006597034850774073
324,0.3091471372150689,0.3172817613488123,0.008134624133743384,0.23330181487341534,0.20093723836122818,-0.03236457651218716,0.13872406663337575
325,0.33941489874018343,0.37967344103466916,0.04025854229448572,0.24115952856038625,0.2568940752372234,0.015734546676837158,-0.06524538661509796
326,0.33178729458158823,0.3571471760085956,0.025359881427007347,0.23959381423986342,0.2548369861692469,0.015243171929383459,-0.06362089095557005
327,0.36246952162924656,0.35243213554115627,-0.010037386088090294,0.27852380201740756,0.2457277016577324,-0.03279610035967517,0.11774972236529156
328,0.4092817402014093,0.4004174256237012,-0.008864314577708088,0.31892624688961746,0.2834173045721793,-0.035508942317438175,0.11133904049524046
329,0.39179958014425814,0.4060842268445037,0.01428464670024554,0.29536515303729105,0.2786587491785013,-0.016706403858789742,0.05656186482052773
330,0.29152804317681985,0.2793909917175877,-0.012137051459232162,0.23287288557327093,0.22031499625535095,-0.012557889317919985,0.05392594026997093
331,0.34073786085534086,0.321280465297909,-0.019457395557431867,0.26508561628940847,0.24161203020384892,-0.02347358608555955,0.08855096105981153
332,0.29707331624614314,0.33525622756717177,0.038182911321028634,0.25397583529929896,0.2597950956057082,0.005819260306409224,-0.022912653479617424
333,0.43213763496388363,0.43382293617913154,0.001685301215247903,0.30492188349075416,0.28768051983501874,-0.01724136365573542,0.05654354308177495
334,0.453784257000689,0.41741161680757716,-0.036372640193111816,0.3310228471412388,0.26445158071116537,-0.06657126643007344,0.20110776946362624
335,0.36526661805487787,0.35287989483514676,-0.01238672321973111,0.26381521324909557,0.22840287614516602,-0.03541233710392955,0.13423159592579315
336,0.37467866156343516,0.38846751641555494,0.01378885485211978,0.2953115570938922,0.2785781262934668,-0.016733430800425386,0.056663650299013234
337,0.3307964476411776,0.360262188720399,0.029465741079221397,0.27652772383299784,0.27777991818068654,0.0012521943476886954,-0.004528277781091228
338,0.5382393850815267,0.5053326763040593,-0.032906708777467375,0.4005860752062486,0.3242831538389289,-0.0763029213673197,0.19047821701748827
339,0.32590510501672143,0.3493060863938684,0.023400981377146968,0.2500545854660655,0.2548354661542358,0.004780880688170286,-0.019119348198551996
340,0.41324971769289615,0.3730289673800157,-0.04022075031288047,0.29382587374576835,0.23003767331294178,-0.06378820043282657,0.2170952463091084
341,0.3551191433597809,0.350580515843636,-0.004538627516144922,0.27546307056163705,0.23446370736665784,-0.04099936319497921,0.14883796623404472
342,0.31661566169566013,0.29009300012589756,-0.026522661569762573,0.2494677844734971,0.21885265134442533,-0.03061513312907177,0.12272179028520716
343,0.33843771646858156,0.3161164914508467,-0.02232122501773487,0.26893193873591026,0.22490264554105097,-0.04402929319485929,0.16371909339520965
344,0.4170889942870279,0.39209820767511433,-0.024990786611913562,0.2967912562917814,0.23540359080952894,-0.06138766548225244,0.20683785044496394
345,0.4102870118191298,0.41609582435453296,0.005808812535403163,0.2967773443740506,0.295606673519972,-0.001170670854078626,0.00394460991133859
346,0.5113605917358442,0.5052879957334928,-0.006072596002351438,0.38952278665131007,0.3670022590361509,-0.022520527615159158,0.05781568726380802
347,0.31874112459235515,0.2605416566279101,-0.05819946796444503,0.25513957870220266,0.18856489018194272,-0.06657468852025994,0.2609343828930811
348,0.3491752093370864,0.3309602286064705,-0.018214980730615893,0.25920226407320923,0.23999079174325405,-0.01921147232995518,0.07411768719940302
349,0.3630415265977542,0.3596386209368567,-0.0034029056608974595,0.28884538141797556,0.2652187460984129,-0.02362663531956266,0.0817968257050771
350,0.42969782762358094,0.43452540444037324,0.0048275768167923006,0.26177219450404887,0.24572847890051658,-0.016043715603532294,0.06128884557020491
351,0.3318634953217488,0.2996566262683358,-0.03220686905341302,0.24461486161264903,0.21082531557642142,-0.03378954603622761,0.13813365963730287
352,0.2816593506103716,0.3078795271331172,0.02622017652274561,0.2195828921716124,0.20634978613171803,-0.01323310603989436,0.06026474061354554
353,0.2957492245806394,0.23378270702246254,-0.061966517558176865,0.2498498699782677,0.1676514006866676,-0.0821984692916001,0.3289914431364317
354,0.3858285915446155,0.3758119059924967,-0.01001668555211882,0.2774682352313115,0.24349868351330384,-0.03396955171800764,0.12242681289153302
355,0.3128748162639229,0.3208492555227421,0.007974439258819244,0.24217991563443272,0.23931935424991801,-0.0028605613845147093,0.01181172012972656
356,0.2418324754088381,0.21238815491264332,-0.029444320496194776,0.19309392290824204,0.15088504686680643,-0.04220887604143561,0.21859246218480533
357,0.42585188518816525,0.41807579442256604,-0.007776090765599208,0.3188347507435503,0.2829051228284718,-0.03592962791507848,0.11269043864035357
358,0.4087100177570493,0.4120515117023806,0.0033414939453312864,0.2981502239398809,0.2848947080454061,-0.013255515894474768,0.04445918476703078
359,0.39958186997014195,0.405816537096418,0.006234667126276072,0.2919015303411586,0.27475030970239966,-0.017151220638758957,0.058756871259679745
360,0.4151266401255851,0.4036629729595391,-0.011463667166045965,0.29371935998604265,0.25886847194241264,-0.03485088804363001,0.11865369734322621
361,0.3624096438709392,0.3555830220438199,-0.006826621827119295,0.28132617441803226,0.24223468268578738,-0.03909149173224488,0.13895433588115938
362,0.36294282065686634,0.3210550853150748,-0.04188773534179152,0.2882551686215856,0.22156551039277445,-0.06668965822881118,0.2313563310858087
363,0.2708083640829995,0.2867714956585793,0.01596313157557977,0.22172774765191489,0.22121350747031698,-0.0005142401815979025,0.002319241443814222
364,0.38313590804256303,0.3962453865726062,0.013109478530043184,0.28487293428896876,0.29350725428486985,0.008634319995901085,-0.030309372904983044
365,0.350549581592466,0.3449900709353259,-0.00555951065714011,0.2731339007174458,0.2297702216299282,-0.04336367908751762,0.1587634452318568
366,0.48214887454716077,0.47185774796750085,-0.010291126579659915,0.33505331938855515,0.3031177509807458,-0.03193556840780937,0.09531488440732108
367,0.25821278898005595,0.20084314980165174,-0.05736963917840421,0.2186512606221652,0.15173073256040367,-0.06692052806176152,0.30606056361779616
368,0.3222899001588893,0.299302529971669,-0.022987370187220302,0.2257377500936782,0.1792476590607109,-0.04649009103296728,0.20594734825555097
369,0.3573103344174866,0.3254936593939147,-0.03181667502357188,0.27341392682015303,0.2162961922107827,-0.057117734609370335,0.20890572500698326
370,0.40980492325783313,0.38398986858784495,-0.02581505466998818,0.30677371689757793,0.259703536965354,-0.047070179932223954,0.15343615616177184
371,0.3180743285067629,0.33848140307395613,0.020407074567193206,0.26104313576427485,0.2671245213192208,0.006081385554945973,-0.023296477561614716
372,0.3439887731631986,0.27150660026601736,-0.07248217289718123,0.26333052716274385,0.19124460846208718,-0.07208591870065667,0.27374691220705316
373,0.48813348595383405,0.48124790373511406,-0.006885582218719988,0.36441552312941666,0.32465024918389673,-0.03976527394551993,0.10912069168743367
374,0.37815533236633103,0.35043577950439575,-0.02771955286193528,0.2810346935798024,0.23414387980515636,-0.04689081377464602,0.16685062323570715
375,0.3750469576656689,0.3318204163164693,-0.04322654134919962,0.28847111418613086,0.2357109405161147,-0.052760173670016175,0.1828958640065903
376,0.44959904932610717,0.42734323644710315,-0.022255812879004022,0.3398138985868461,0.28417567736622085,-0.05563822122062523,0.16373144668891698
377,0.3413776130881084,0.3473172196893043,0.0059396066011959125,0.2605884167524726,0.2434459089400111,-0.01714250781246146,0.06578384421723843
378,0.43780095226428956,0.4373207206483874,-0.00048023161590216024,0.31203344113993214,0.2971146356513296,-0.014918805488602527,0.04781155966520958
379,0.3470610767858348,0.33365564967950223,-0.01340542710633258,0.3054585367938143,0.26010356497798914,-0.04535497181582515,0.1484815984908614
380,0.3694196049226188,0.3431286923388733,-0.02629091258374555,0.26302072464423343,0.2302142949714823,-0.03280642967275113,0.12472944752595332
381,0.33551988534424954,0.362245877202593,0.026725991858343456,0.2453836257958998,0.2655160690155033,0.020132443219603474,-0.08204477032362717
382,0.31216319848501883,0.3470149367814012,0.034851738296382384,0.23295875713283823,0.22872669588680433,-0.004232061246033897,0.018166568615493952
383,0.3905064380858739,0.39315114048606564,0.0026447024001917674,0.28969802348449347,0.2698900895053076,-0.0198079339791859,0.06837441878593331
384,0.3605858785387788,0.323154013572924,-0.03743186496585482,0.2880660018929506,0.20741335719058038,-0.08065264470237024,0.27997974135226794
385,0.32194994485750417,0.33641421877936206,0.014464273921857895,0.24056031009574022,0.23551954565167427,-0.005040764444065954,0.020954264824732675
386,0.31681257744745667,0.3160501873100619,-0.0007623901373947639,0.2262290804579755,0.18833144029846358,-0.037897640159511914,0.16751887106110486
387,0.3927172634699276,0.3918398091967297,-0.000877454273197853,0.2667377113608744,0.2386990642650938,-0.028038647095780578,0.10511692161085755
388,0.3814424435089198,0.38037936082151297,-0.0010630826874068466,0.22304857238596645,0.21136068067855796,-0.011687891707408499,0.0524006568720987
389,0.4595746955734004,0.4532630977759425,-0.006311597797457935,0.32624887816494236,0.31040006327421443,-0.015848814890727925,0.04857891000230568
390,0.38452424359102605,0.3252389999571407,-0.059285243633885376,0.2939476557107036,0.2121544720353568,-0.08179318367534677,0.27825764923209906
391,0.31754005811834574,0.35291688048683734,0.0353768223684916,0.22506829467431258,0.2669694167354695,0.0419011220611569,-0.1861707004169128
392,0.2827646664695925,0.2624902118777904,-0.02027445459180205,0.2318460749983115,0.19794308209165912,-0.033902992906652385,0.14623060971335958
393,0.429923807779899,0.4274390209481917,-0.0024847868317073307,0.3212607488082753,0.2840787827901767,-0.037181966018098644,0.11573765595711914
394,0.318148256563164,0.35100180125891484,0.03285354469575086,0.23602617037945212,0.2624902103047767,0.02646403992532459,-0.11212332887823055
395,0.3353556888498432,0.3029031075101831,-0.03245258133966006,0.27217162368372916,0.22909542802489377,-0.04307619565883539,0.15826850380586002
396,0.4208475272551207,0.40769529432960167,-0.013152232925519036,0.32672748928330525,0.2928826330570032,-0.03384485622630207,0.10358741561826532
397,0.3942939495038502,0.3740352201622748,-0.02025872934157541,0.2941227231427446,0.24489286749510528,-0.04922985564763935,0.1673786204670319
398,0.3050286590835287,0.3216984322954324,0.01666977321190366,0.22318267376336942,0.22262667689882104,-0.0005559968645483804,0.0024912187634147575
399,0.2788232093343811,0.27202261613481243,-0.006800593199568661,0.20713204795110546,0.19619089585651261,-0.010941152094592843,0.05282211131893774
400,0.34141788356880154,0.3240232720315421,-0.017394611537259463,0.26639901126528936,0.23752333528310152,-0.02887567598218785,0.10839257940575632
401,0.3584318758266511,0.37081064448558215,0.01237876865893106,0.2761984423659931,0.2521900541230094,-0.024008388242983736,0.08692441578352567
402,0.40506741896567017,0.4072657570773286,0.0021983381116584266,0.28986660646209705,0.26525180991800157,-0.024614796544095485,0.0849176690082585
403,0.3368272050494181,0.3199529478882046,-0.01687425716121349,0.2564594335103416,0.20783191422471578,-0.048627519285625836,0.18961095959710506
404,0.3844649729647939,0.33106915844863116,-0.053395814516162765,0.31568603792743855,0.24031663496506223,-0.07536940296237632,0.2387479771268827
405,0.37150431469883805,0.38536685366091855,0.013862538962080506,0.26563504217747846,0.2583014670000753,-0.007333575177403184,0.027607709876257252
406,0.4438821748299057,0.4085111660996458,-0.035371008730259945,0.3454710858821814,0.2686512433320659,-0.07681984255011548,0.22236258167293899
407,0.34759258397355297,0.336248435363571,-0.011344148609981952,0.2667852001447115,0.22817959380235303,-0.03860560634235849,0.14470670157646587
408,0.36435226348401406,0.33159681940182667,-0.03275544408218739,0.29067193960600957,0.22991810997061393,-0.060753829635395634,0.20901167728038778
409,0.376482504158662,0.40064688516381136,0.024164381005149338,0.29032454384107437,0.27640069248006155,-0.013923851361012818,0.04795960815712098
410,0.3276633040550633,0.3551542687850326,0.027490964729969314,0.2702217552661279,0.2796851435462508,0.009463388280122886,-0.03502082306734655
411,0.40546771842527235,0.37571997595525264,-0.02974774247001971,0.30005739484528077,0.2547840442511922,-0.045273350594088546,0.1508823024256174
412,0.37916571055126624,0.4127859834261828,0.033620272874916535,0.23969782139873963,0.26261779564672494,0.02291997424798531,-0.09562028605115151
413,0.3379791296951211,0.36402525008024195,0.02604612038512083,0.24870955787295054,0.25174233290785514,0.0030327750349045945,-0.012194042966590938
414,0.3951337999839596,0.3625335111865974,-0.03260028879736221,0.28915689732155864,0.24037761432929736,-0.04877928299226128,0.16869486235362385
415,0.468126402574519,0.4852834871583717,0.017157084583852733,0.3347954789749709,0.32605284566374815,-0.00874263331122277,0.0261133553475385
416,0.3116697206510693,0.290642087035565,-0.021027633615504304,0.2536794235586018,0.21899480193850424,-0.034684621620097555,0.13672619218990442
417,0.34747287602205634,0.3508320173730658,0.0033591413510094537,0.24579149014775598,0.21969161597961917,-0.026099874168136805,0.10618705371958578
418,0.32086494703550694,0.3602159529218731,0.03935100588636614,0.2732937183126046,0.27652856884061844,0.0032348505280138107,-0.011836534509416186
419,0.46491441969929337,0.48679812436131376,0.021883704662020387,0.3141996953931684,0.3482180393307547,0.03401834393758629,-0.10826981832371932
420,0.3391751854956903,0.34427107353785774,0.005095888042167429,0.25380083196875175,0.23194094258991232,-0.021859889378839426,0.08613009346451174
421,0.45243634332691746,0.4589022946532975,0.006465951326380059,0.312625404337788,0.3151635504505072,0.0025381461127191862,-0.00811880953211579
422,0.39614814890683286,0.41156371310741724,0.015415564200584375,0.2714152035899642,0.2771276255451695,0.005712421955205327,-0.021046801651668966
423,0.3319123698388568,0.31614614093777893,-0.015766228901077872,0.2306311653767378,0.20852476576475806,-0.022106399611979743,0.09585174482324957
424,0.3446316925784408,0.33978219197784476,-0.004849500600596024,0.2663619102959827,0.22948544346810423,-0.036876466827878485,0.13844497055491592
425,0.43911574574461665,0.4154490315654806,-0.023666714179136072,0.3168616919403727,0.2610372573259197,-0.05582443461445302,0.17617918490745832
426,0.43445837933790626,0.4147708252476213,-0.019687554090284942,0.3313532335536276,0.2859418203832101,-0.045411413170417525,0.13704834772064461
427,0.30266567179159304,0.30398901701928727,0.0013233452276942281,0.23735598926249427,0.22274080478817146,-0.014615184474322807,0.06157495549084179
428,0.45568487270616276,0.44801003170343656,-0.007674841002726196,0.34206768047045244,0.3234707794968351,-0.018596900973617325,0.05436614458296861
429,0.3016005854523588,0.2857871292833659,-0.01581345616899288,0.2417438558528698,0.2256081203065607,-0.01613573554630912,0.06674724157676072
430,0.4015781782483269,0.4057182894406348,0.004140111192307894,0.3169934564370852,0.28219311616636555,-0.034800340270719654,0.10978251936764064
431,0.45451669400496475,0.44803762054246066,-0.0064790734625040924,0.33819527894495965,0.31411198792389533,-0.024083291021064324,0.07121119814621603
432,0.3359664984092533,0.32001804358640057,-0.01594845482285273,0.23894246585832465,0.21100671326817994,-0.02793575259014472,0.11691413868101859
433,0.4489427602521231,0.4558177528308596,0.006874992578736527,0.29823330450268093,0.2839959904623195,-0.014237314040361437,0.04773884682028681
434,0.3002244985492268,0.3228946775751848,0.022670179025958026,0.21047681880857336,0.21554426455977727,0.005067445751203908,-0.024076027848998902
435,0.4070718622093634,0.4377350919406375,0.030663229731274055,0.29145205436644445,0.30514585751993006,0.013693803153485617,-0.04698475426173636
436,0.3348874491733862,0.3225054555384911,-0.012381993634895117,0.2488084530504907,0.22621769287246013,-0.022590760178030578,0.09079579050092094
437,0.385432651466333,0.3849535578987157,-0.0004790935676172725,0.27464161047035096,0.2501476795516637,-0.024493930918687234,0.08918506877650095
438,0.3394073122226786,0.3298873240308835,-0.009519988191795115,0.23389554062985224,0.2212471652499929,-0.012648375379859328,0.054077026632482136
439,0.3016795148605044,0.29219684597049744,-0.009482668890006984,0.25525180517051294,0.2272256923259019,-0.02802611284461104,0.10979790260793289
440,0.3846213962245643,0.41947153280458127,0.034850136580016955,0.253999942152131,0.2859941924052012,0.03199425025307018,-0.1259616438570191
441,0.3423226355659447,0.32113794880859087,-0.021184686757353854,0.24730825592951186,0.20270396360567627,-0.04460429232383559,0.1803590913541874
442,0.27912964436231275,0.27410070300675776,-0.005028941355554983,0.22106678833678564,0.1990690652446265,-0.021997723092159138,0.09950713654303678
443,0.33448846965887913,0.3298197260127426,-0.004668743646136508,0.26121118354799144,0.2437190575798141,-0.01749212596817734,0.0669654558070006
444,0.31151761780958315,0.3165468870030086,0.005029269193425445,0.21359760928763888,0.19826976768112675,-0.015327841606512127,0.07176036125887092
445,0.38750792856261906,0.37937038970935,-0.008137538853269066,0.2947944119217891,0.25953523362276437,-0.03525917829902475,0.11960599276345592
446,0.4117099623086389,0.423501191245008,0.011791228936369136,0.2926001903385872,0.27432068529830295,-0.01827950504028425,0.06247263550694145
447,0.41426168459764406,0.4519834628594651,0.03772177826182105,0.29627767570827623,0.31097291854090403,0.014695242832627797,-0.04959956161900354
448,0.2920722678827973,0.2859652549274826,-0.0061070129553146835,0.22795357245775372,0.21390571535001807,-0.01404785710773565,0.06162595723451151
449,0.321302675645423,0.2881036135276814,-0.033199062117741596,0.25548150784615575,0.19263268578723597,-0.06284882205891978,0.24600145266390744
450,0.35000486306737855,0.34418858111997025,-0.005816281947408297,0.2754089172735489,0.23319184443258623,-0.042217072840962655,0.15328869253362157
451,0.3393006768469956,0.32692960429215,-0.012371072554845597,0.2311052230711673,0.20695901237947725,-0.02414621069169004,0.10448145814625046
452,0.4575845864793438,0.4396124826391286,-0.017972103840215192,0.34097624593785203,0.29715250004042815,-0.04382374589742388,0.12852433686952905
453,0.2842664500304244,0.26334090374583524,-0.020925546284589147,0.23045988273172,0.1956995989107585,-0.034760283820961496,0.15083008551829472
454,0.36449376312676657,0.37635435115864335,0.011860588031876784,0.30466579920070586,0.28274022246060965,-0.02192557674009621,0.07196599289325617
455,0.4305392537042578,0.4276261626389468,-0.0029130910653109576,0.29171337584361956,0.2876968193052763,-0.004016556538343263,0.013768845966447701
456,0.43106416766036243,0.4684542185140927,0.03739005085373026,0.28399147812696557,0.3293307205620549,0.045339242435089355,-0.15965001039509819
457,0.37167319639846974,0.3390441247904892,-0.032629071607980564,0.2833961522264831,0.20838851729487365,-0.07500763493160947,0.26467414727517274
458,0.3250174749702549,0.33428218529931103,0.009264710329056125,0.24590897889283,0.2335962616790496,-0.01231271721378041,0.05007022219854134
459,0.40168566066287453,0.3816991664133416,-0.019986494249532916,0.2929061723734159,0.24762709599579752,-0.045279076377618355,0.15458559992342408
460,0.43858678283855035,0.4235548475376795,-0.015031935300870825,0.30208685024768483,0.28734829848476995,-0.014738551762914887,0.04878912058181467
461,0.34411090462991356,0.30765271043882775,-0.03645819419108581,0.2887494708492382,0.22470013233023423,-0.06404933851900396,0.22181629746585887
462,0.29485754483717197,0.32051354899917195,0.02565600416199998,0.2227961310118059,0.22430166108417326,0.001505530072367367,-0.006757433648107603
463,0.2764359299523563,0.34407454651038666,0.06763861655803038,0.22734378256467247,0.25541422009250103,0.028070437527828562,-0.12347132264258587
464,0.32136527580204005,0.2877413290443923,-0.03362394675764774,0.24873328824242194,0.20900266420118369,-0.039730624041238255,0.15973183292827198
465,0.37467529311822656,0.3739741000455839,-0.0007011930726426585,0.25200650598979213,0.22373344284791563,-0.028273063141876498,0.11219179850468518
466,0.4984615132991207,0.4832850308366291,-0.015176482462491592,0.3791177879799579,0.33588774977174424,-0.04323003820821364,0.11402798702365029
467,0.38631892177280647,0.31711946241191336,-0.06919945936089311,0.29456122852380007,0.22207658787249146,-0.07248464065130861,0.2460766510737579
468,0.37297459347040324,0.3483117369940665,-0.02466285647633676,0.2890073129224861,0.24362838680914772,-0.04537892611333838,0.15701653240002733
469,0.2823367651585598,0.25720249931022704,-0.025134265848332782,0.2416378310925997,0.19091974905376413,-0.05071808203883557,0.20989297002669893
470,0.3837571982504752,0.390369146002489,0.0066119477520137915,0.2638135002226111,0.2528895482655408,-0.0109239519570703,0.041407858005190985
471,0.27270207427102466,0.2658695102317776,-0.006832564039247091,0.22763171447542155,0.20171982328527896,-0.02591189119014259,0.11383251780120654
472,0.3792512421642893,0.36081044080186025,-0.018440801362429038,0.2789651387371009,0.24629673767048807,-0.03266840106661281,0.11710567569304704
473,0.34977757998936704,0.3616084690547947,0.011830889065427674,0.21539908720416023,0.2363430053310458,0.020943918126885563,-0.09723308672628883
474,0.3617094539127532,0.31616163058195756,-0.045547823330795656,0.27708471739751545,0.21608292795509412,-0.06100178944242132,0.22015573437385222
475,0.32620224709337364,0.3136562805272178,-0.012545966566155864,0.252451870104211,0.22760234169466315,-0.02484952840954785,0.09843273650256612
476,0.3657969102376322,0.35850694942087646,-0.007289960816755758,0.2916975036591749,0.27779215818090974,-0.013905345478265163,0.04767043016765903
477,0.4332482411956412,0.4450308061189647,0.011782564923323469,0.3267887416545234,0.3188676793370108,-0.00792106231751255,0.024239091828587505
478,0.4313004488579303,0.42873088023693584,-0.0025695686209944446,0.30837181600200964,0.28707259580747413,-0.021299220194535506,0.06906993145701973
479,0.4526179459082336,0.41487696006424185,-0.03774098584399177,0.33729172146134734,0.26554767583137223,-0.0717440456299751,0.21270621561400158
480,0.37044538330809895,0.34147447473643516,-0.02897090857166379,0.2863320641809733,0.2191052580949875,-0.0672268060859858,0.23478616088031196
481,0.407667770710154,0.37067236800611786,-0.03699540270403612,0.32652704743465893,0.2540782968404326,-0.07244875059422634,0.22187672097431377
482,0.4327714692554878,0.4273797881737904,-0.005391681081697408,0.29839677760638317,0.26647840292779945,-0.031918374678583716,0.10696621771394402
483,0.43669371603275253,0.4398800267007705,0.0031863106680179443,0.3099353255395215,0.2926133735575596,-0.017321951981961903,0.05588892441288719
484,0.3670196960336514,0.3511751047416846,-0.015844591291966803,0.2552587953473974,0.22427766273935798,-0.030981132608039447,0.12137145976057481
485,0.347639270708796,0.3702212207490811,0.02258195004028507,0.2585328086723487,0.2668227461705765,0.008289937498227817,-0.032065320996586016
486,0.35156538851334823,0.3510253587777791,-0.0005400297355691586,0.27318563392802175,0.2393618465808482,-0.03382378734717356,0.12381246722543751
487,0.4858708277514166,0.4679363517113202,-0.017934476040096403,0.349119020193782,0.3005259330738725,-0.048593087119909506,0.13918773916396027
488,0.458869971578422,0.4715553275833576,0.012685356004935588,0.31537229613424794,0.32650866144775276,0.011136365313504815,-0.03531180591957982
489,0.33411379099169913,0.35076737554098214,0.016653584549283007,0.27372866706350785,0.25029485922751005,-0.0234338078359978,0.08560962243154795
490,0.33063638435331805,0.2845447381778226,-0.04609164617549544,0.2881556120861764,0.2083493706000033,-0.0798062414861731,0.2769553607108165
491,0.4151446505931996,0.4470340101997483,0.031889359606548706,0.28954244839756893,0.3210454797219965,0.031503031324427555,-0.10880280766698132
492,0.29571940386848394,0.28992778482930415,-0.005791619039179796,0.2212600320752455,0.2025427838809472,-0.01871724819429829,0.08459389623487437
493,0.363809565705724,0.3652843388372878,0.0014747731315638002,0.2509586216863511,0.24055414829388147,-0.01040447339246961,0.04145891989107733
494,0.42096850816824294,0.4187398046588707,-0.002228703509372265,0.30254538799963687,0.2846912216175426,-0.01785416638209425,0.05901318311325796
495,0.37585259719368846,0.40447655670155713,0.028623959507868668,0.24849889797971725,0.26752774460809364,0.019028846628376395,-0.07657517511377274
496,0.37403616974806525,0.3588704542635303,-0.015165715484534936,0.28480294738724293,0.25411834805161054,-0.03068459933563239,0.10773975345806704
497,0.3739209927970471,0.4090929985042571,0.03517200570721002,0.2931428384756175,0.29971299039062765,0.006570151915010147,-0.02241280035758618
498,0.4048951498994121,0.368946612971577,-0.03594853692783512,0.3261926768215433,0.24484520957187098,-0.08134746724967232,0.2493847134838551
499,0.32093502267956175,0.327115135178937,0.006180112499375223,0.2522852428122104,0.24269811131295904,-0.009587131499251333,0.03800115849973657
500,0.32206456435871567,0.32232592383434555,0.0002613594756298854,0.23415960068590333,0.20839004862063337,-0.025769552065269957,0.11005122997214487
501,0.2801352336790143,0.29637226737556366,0.016237033696549386,0.21263627480309433,0.20484548961325516,-0.007790785189839167,0.03663902218496631
502,0.29957226735610704,0.3186404453427652,0.019068177986658164,0.23763499198791024,0.23685113235835928,-0.0007838596295509648,0.0032985867232501005
503,0.29340108174712826,0.26062497498088116,-0.03277610676624709,0.2429871497951428,0.18784627591581213,-0.05514087387933067,0.22692917681374816
504,0.3804864019184623,0.37408974030483705,-0.006396661613625232,0.2801949362783073,0.26772403489004787,-0.012470901388259459,0.044507947052521216
505,0.41411604512204414,0.41047381137978245,-0.0036422337422616913,0.2585765271026756,0.2510543800489032,-0.00752214705377241,0.02909060284031704
506,0.4029768581460068,0.42485952718083597,0.02188266903482916,0.29698173354933716,0.28843709220226316,-0.008544641347074,0.02877160573128142
507,0.41483217187017857,0.42240689387878266,0.007574722008604096,0.3157476197790403,0.2966495120181112,-0.01909810776092913,0.06048535781297086
508,0.3193571001481027,0.33277600417555114,0.013418904027448442,0.25504571317850266,0.26062593396126654,0.005580220782763878,-0.021879296512066312
509,0.2516313395233629,0.24010923929930722,-0.011522100224055698,0.1888320481965435,0.17200035006031933,-0.016831698136224177,0.08913581299878245
510,0.3353850426434942,0.3694834225495088,0.03409837990601455,0.2706483691654742,0.27861074713038037,0.007962377964906175,-0.029419641394690926
511,0.3600827019781493,0.34614601592493194,-0.013936686053217351,0.27015136826894687,0.25056066975351216,-0.019590698515434712,0.07251748766244027
512,0.3556108066409385,0.3628568803918896,0.007246073750951099,0.26893558400908574,0.24870151902768156,-0.020234064981404176,0.07523758916455096
513,0.3461158771598293,0.37019044421058006,0.024074567050750784,0.2588330170193545,0.27092659648426165,0.012093579464907134,-0.046723480660130864
514,0.3217924885830836,0.2907082293092868,-0.03108425927379682,0.25550622678517027,0.20767064974022933,-0.04783557704494093,0.18721883081605328
515,0.2838978239953347,0.2695297754705835,-0.014368048524751209,0.23610747959037817,0.19573424792868932,-0.04037323166168885,0.1709951405678981
516,0.3281603202116503,0.3570834517038997,0.0289231314922494,0.27017737244546686,0.2748535320429813,0.00467615959751444,-0.017307739560826048
517,0.33109287252920633,0.2976074297101692,-0.03348544281903715,0.26764490525732876,0.2144924682489336,-0.05315243700839517,0.1985931208266096
518,0.40916813008826936,0.3862812246148826,-0.02288690547338673,0.2808617600338506,0.2541320061124505,-0.02672975392140009,0.095170499245531
519,0.38218216904569174,0.36191027361985073,-0.020271895425841013,0.29597833615008035,0.23780916957070938,-0.05816916657937096,0.19653183856630438
520,0.35689262499709484,0.38728596330916776,0.030393338312072915,0.26444820370090355,0.26455671514556356,0.00010851144466000884,-0.0004103315626327247
521,0.43345936684025027,0.4379608428649356,0.004501476024685314,0.3080903586203391,0.294313177193722,-0.013777181426617102,0.04471798951551994
522,0.41991757586469103,0.44230024928619693,0.022382673421505905,0.3213394044069681,0.3184369437535636,-0.0029024606534045483,0.00903238324836333
523,0.4291327853574404,0.4317240760019079,0.0025912906444674477,0.28410868528929306,0.25387990336772825,-0.030228781921564807,0.10639865476405416
524,0.3531702249835754,0.35862080514079037,0.005450580157214946,0.2600574698465154,0.24767099365669193,-0.01238647618982347,0.04762976505590824
525,0.29533855773206,0.2977580876707606,0.002419529938700593,0.24541698821082686,0.23245657543493103,-0.012960412775895824,0.05280976215371899
526,0.41527983423034665,0.4144803113218659,-0.000799522908480732,0.30055571264061903,0.2804188439994254,-0.020136868641193628,0.06699878855828542
527,0.5107886775137999,0.4988589145135452,-0.011929763000254667,0.3485106625931934,0.32926620950878965,-0.019244453084403756,0.05521912282743343
528,0.385455822446108,0.3875607016545752,0.002104879208467192,0.28205067685141905,0.2769408468845649,-0.0051098299668541625,0.018116708755660814
529,0.43760286314959324,0.4167184282382204,-0.020884434911372818,0.31311831365550896,0.25771537727542126,-0.0554029363800877,0.1769393036558114
530,0.3551893931477659,0.35881074594205753,0.0036213527942916546,0.28226600078419617,0.26895759795304697,-0.013308402831149202,0.04714844435452932
531,0.3936567523616396,0.3657919536525002,-0.027864798709139382,0.2806527750274128,0.23999037992944372,-0.040662395097969095,0.14488506338124535
532,0.3428625926005493,0.3538844179690088,0.011021825368459526,0.23282703508029257,0.22445326472168084,-0.008373770358611726,0.035965627255116456
533,0.4045304972289357,0.37978641509997246,-0.02474408212896323,0.29215796199034044,0.24861784574017834,-0.0435401162501621,0.1490293673790128
534,0.29548636184267224,0.31152729705754634,0.016040935214874097,0.2507251773184743,0.23333789930544055,-0.017387278013033775,0.06934795379942331
535,0.3814641638346916,0.3604014260619278,-0.021062737772763795,0.2986675108395964,0.25133173058078484,-0.04733578025881158,0.158489887720777
536,0.2874371304250409,0.3037847370233642,0.01634760659832335,0.23576611644754983,0.20356123939126902,-0.032204877056280806,0.13659671517491076
537,0.36922993031893525,0.3295520812988784,-0.03967784902005683,0.26631895025027685,0.2115305296280666,-0.05478842062221026,0.20572482946002188
538,0.2907195785033784,0.2944354196173161,0.0037158411139377456,0.23630158566189227,0.2180450356645968,-0.01825654999729548,0.07725953233093207
539,0.26396321979119336,0.25364540939765307,-0.010317810393540294,0.2171833063314831,0.186265462043251,-0.030917844288232105,0.14235829083954885
540,0.2774432348146056,0.2877100787808421,0.010266843966236505,0.20579241526969944,0.1829470855013718,-0.02284532976832765,0.11101152459087427
541,0.3273266324579929,0.30752725225829225,-0.019799380199700678,0.25270052553508,0.2252604778754362,-0.02744004765964378,0.1085872203927591
542,0.3499482106569665,0.3058658171016584,-0.04408239355530813,0.2533152994134581,0.1839726775894146,-0.0693426218240435,0.27374036224659026
543,0.2380242329822238,0.2572906980286608,0.019266465046436976,0.18504565681081878,0.1929920266177922,0.007946369806973413,-0.04294275231272991
544,0.37727995770997613,0.3421192175396239,-0.035160740170352256,0.2910531854823655,0.2472711841539473,-0.04378200132841817,0.15042611973429462
545,0.42773350176437447,0.4146611295006387,-0.013072372263735754,0.31662589714363865,0.2689476169802648,-0.04767828016337383,0.15058237684754
546,0.4170145241894199,0.40511499256875305,-0.01189953162066687,0.29268030294492037,0.2606045604274931,-0.032075742517427286,0.10959310276326875
547,0.4172569532480598,0.38341644468302066,-0.03384050856503912,0.29905711533403245,0.2482355072513628,-0.05082160808266964,0.16993947134782045
548,0.34377099859507493,0.3552925646265234,0.011521566031448494,0.24850498231307405,0.251689191729332,0.003184209416257966,-0.012813463080778006
549,0.3697726081472457,0.3632806306283276,-0.006491977518918113,0.264844363536591,0.24138515750238088,-0.023459206034210145,0.08857732791043148
550,0.32379073279910947,0.2917670052369226,-0.032023727562186854,0.2494485039044962,0.20851432649975143,-0.040934177404744754,0.1640987088077177
551,0.3021846795043072,0.3043352832654456,0.0021506037611384032,0.21018904235188068,0.203425553450879,-0.006763488901001674,0.03217812320434295
552,0.36473223019853074,0.3607392397216779,-0.003992990476852865,0.26125037120832106,0.2574325609080893,-0.003817810300231761,0.014613607179097321
553,0.4347450098324899,0.4095763685266696,-0.025168641305820305,0.3265790919695024,0.2766634359879051,-0.04991565598159731,0.15284400382330257
554,0.3891807288876146,0.41202754857219837,0.02284681968458374,0.26338011944490597,0.27919474567838265,0.01581462623347668,-0.06004487455927665
555,0.3963197877285203,0.4302411720412658,0.033921384312745495,0.32115280511897204,0.33157646881387964,0.010423663694907603,-0.03245702210524403
556,0.38122564250008734,0.4131798747210441,0.03195423222095678,0.2664895413662523,0.26594840670367653,-0.0005411346625757707,0.002030603752032645
557,0.45607388842716723,0.439908289421622,-0.016165599005545206,0.31439491439201706,0.2753322757624011,-0.03906263862961595,0.1242470435794295
558,0.4849244260463125,0.4559472936531724,-0.028977132393140093,0.3624566613482615,0.30194083053071374,-0.060515830817547744,0.16696018385326886
559,0.3181347909280769,0.3404222552676949,0.02228746433961798,0.2680798956982671,0.2612261260956754,-0.006853769602591708,0.025566145438618997
560,0.34471503920046315,0.3322407605348328,-0.012474278665630334,0.28175629240237987,0.24379736771063554,-0.037958924691744333,0.13472254467891243
561,0.3467857580739094,0.31737321284959336,-0.029412545224316022,0.3067949873205346,0.26010983057503867,-0.04668515674549595,0.1521705330104368
562,0.3342248911770884,0.29743103194235,-0.036793859234738435,0.24187872594516596,0.18460795188047546,-0.0572707740646905,0.2367747466872048
563,0.32867991770096944,0.30079290950209575,-0.027887008198873686,0.2820264882386496,0.22113850182611539,-0.060887986412534234,0.21589456647423513
564,0.35854602144562325,0.35028604687139264,-0.00825997457423061,0.2681254840098622,0.2512416289919148,-0.01688385501794737,0.06296997497383108
565,0.34577519855103506,0.35209966438524315,0.006324465834208093,0.26147946356929225,0.2380544971994032,-0.023424966369889055,0.08958625679481487
566,0.3614633063054926,0.32279163478636946,-0.03867167151912315,0.26236263892632466,0.20527326278664634,-0.05708937613967832,0.2175972019999001
567,0.3279798277202709,0.348020508041726,0.020040680321455118,0.2316208066088266,0.24129076337410638,0.009669956765279764,-0.041749085096706766
568,0.31340092237586586,0.31194333497193133,-0.001457587403934535,0.2128284362169505,0.1903428721293015,-0.022485564087648985,0.10565112673537629
569,0.343748657595626,0.2972264633989284,-0.04652219419669762,0.2580564620110815,0.1964988558827746,-0.06155760612830691,0.23854316860960253
570,0.3866680310888335,0.3756290433244368,-0.011038987764396713,0.29369650138693026,0.24107340312590123,-0.05262309826102904,0.1791750940597715
571,0.34660625384579097,0.3465332322886336,-7.302155715738223e-05,0.2525710559888702,0.2201724323497942,-0.032398623639076,0.12827528281983222
572,0.35897211174809596,0.3665117353535435,0.007539623605447521,0.27006286150709297,0.24614133234765945,-0.02392152915943352,0.08857763346629297
573,0.44080106540490266,0.4532587815892102,0.012457716184307521,0.32517996876960775,0.30459836459610184,-0.020581604173505907,0.06329296435872443
574,0.3430657627684967,0.3660352970352986,0.022969534266801872,0.2785282233734371,0.2813427255403448,0.0028145021669077064,-0.01010490833862161
575,0.4172863265305937,0.3687275544240047,-0.04855877210658904,0.34201346269212346,0.26697367318916965,-0.07503978950295381,0.21940595236306168
576,0.27155332436002055,0.2267481744006543,-0.04480514995936624,0.2165434910084921,0.16979782935038115,-0.04674566165811095,0.21587193150163883
577,0.3275433974301615,0.28550801077052473,-0.04203538665963674,0.2580652781622008,0.20443522381130708,-0.05363005435089374,0.20781584695476096
578,0.31781810695525425,0.3357545767121586,0.017936469756904327,0.26041514491443046,0.245221250664708,-0.01519389424972245,0.058344894858995223
579,0.3770184398782892,0.39311733756206496,0.01609889768377576,0.2847966075560809,0.27825520018317496,-0.0065414073729059274,0.02296869835999652
580,0.3745739215117119,0.3773879914709383,0.002814069959226395,0.2625982221802628,0.26056722706533175,-0.0020309951149310446,0.007734230255134212
581,0.41679435576549567,0.4223829339618905,0.0055885781963948555,0.32059413850687396,0.3074677422167324,-0.013126396290141562,0.040943968443328586
582,0.3258196663095667,0.33203420599636135,0.00621453968679464,0.23185364079076898,0.21718177356590468,-0.014671867224864299,0.06328072819915125
583,0.4077241501830524,0.38906783489746194,-0.018656315285590475,0.31011094448525234,0.2763450314435813,-0.033765913041671036,0.10888333237550993
584,0.27547261966494024,0.2847741663014975,0.009301546636557245,0.19919472561632642,0.19752912711800416,-0.0016655984983222627,0.008361659643189603
585,0.4070713739261291,0.4422317324208924,0.035160358494763344,0.3152648860491679,0.3203118760559548,0.005046990006786878,-0.016008728628280417
586,0.343087408693104,0.3767521078476519,0.033664699154547895,0.22688366928067008,0.246296310066455,0.019412640785784918,-0.0855620893620607
587,0.34331463250544036,0.33828831269808757,-0.005026319807352797,0.2513424433444075,0.23285576182899687,-0.018486681515410608,0.0735517697266865
588,0.2570428114493664,0.2596892456616756,0.002646434212309201,0.19863332272348527,0.18012102558160437,-0.018512297141880907,0.09319834601796206
589,0.33558070958643316,0.3620173976371453,0.026436688050712143,0.27530680495099347,0.2709642267078418,-0.004342578243151651,0.015773595730496602
590,0.3330524094585682,0.32479262044260326,-0.008259789015964913,0.2614947866472142,0.25223511006208715,-0.009259676585127052,0.03541055905492829
591,0.37183392616544814,0.36937276108513106,-0.0024611650803170737,0.28072546736364173,0.25162320851628733,-0.0291022588473544,0.10366803952865586
592,0.3261417678978157,0.3315700999734893,0.005428332075673614,0.25986137751439425,0.241551710417268,-0.018309667097126253,0.07045936288131946
593,0.3970281317539865,0.44693509807639176,0.049906966322405266,0.2753140988504669,0.31094322118652296,0.03562912233605603,-0.12941263264329772
594,0.3340197413566214,0.27749335763858596,-0.05652638371803542,0.2826088435293234,0.21189760125587892,-0.0707112422734445,0.25020888019771936
595,0.3759342088965399,0.36537903425197765,-0.010555174644562237,0.2549245005508471,0.22413996663469113,-0.03078453391615596,0.12075941641402056
596,0.3351147254989694,0.3586587085882908,0.023543983089321374,0.2645414209409647,0.25673902517717484,-0.007802395763789882,0.029494041938827688
597,0.3506596158975335,0.3161045663920989,-0.03455504950543464,0.2892889892268621,0.23745979373977671,-0.05182919548708537,0.17916062282771714
598,0.2804121350469028,0.3332988680133837,0.05288673296648089,0.22911159677722748,0.2514200418564741,0.02230844507924662,-0.09736934050063749
599,0.4121927288331646,0.39579982623238535,-0.016392902600779247,0.31555115965627767,0.2708437943847605,-0.044707365271517197,0.14168024392689876
600,0.44218469366275237,0.4054699012636713,-0.0367147923990811,0.35448945620063094,0.291322867792224,-0.06316658840840694,0.17819031653414383
601,0.30535452457020884,0.31725120707895865,0.011896682508749812,0.23181364755995693,0.2321940705854442,0.0003804230254872698,-0.0016410726007357963
602,0.3249352593541018,0.31312842323870854,-0.011806836115393238,0.23047863127190235,0.20737701203815795,-0.023101619233744403,0.10023323683526543
603,0.4413459546277524,0.4293237383427221,-0.012022216285030307,0.32137774372724276,0.2787819296934838,-0.04259581403375895,0.13254126916116052
604,0.24874022556065026,0.25049821818858653,0.0017579926279362723,0.1970886209622619,0.17667232390636942,-0.020416297055892485,0.10358942569191629
605,0.3727300332548671,0.3777859019479773,0.005055868693110199,0.2711881571889214,0.2506176960199539,-0.020570461168967547,0.07585309543822473
606,0.2995840405844695,0.28798229747511184,-0.011601743109357687,0.24638051500406397,0.2090784502554039,-0.037302064748660074,0.15140022232701636
607,0.2756993617904125,0.26610412339556194,-0.009595238394850547,0.21836880399788466,0.18261072191125224,-0.03575808208663242,0.16375087206585978
608,0.43802657398879863,0.442741767059692,0.004715193070893353,0.2906892433578679,0.28019177203414664,-0.010497471323721252,0.036112348714595545
609,0.2912338157955107,0.2838232807941586,-0.0074105350013521365,0.24075097124551162,0.20978253806236463,-0.030968433183146987,0.12863264070310304
610,0.39191749118715213,0.34596279574426525,-0.045954695442886884,0.2856377390550126,0.21929703236385395,-0.06634070669115866,0.23225469754324626
611,0.2909824093080327,0.29036495555670344,-0.0006174537513292666,0.21298267949720842,0.20605199475288974,-0.0069306847443186825,0.03254107216924897
612,0.34226822889326514,0.3650252663807605,0.022757037487495357,0.24071796733061446,0.23810900594839135,-0.0026089613822231073,0.010838249471589402
613,0.41335111422922877,0.4521810547453382,0.03882994051610944,0.29635190960158925,0.31059552447819777,0.014243614876608524,-0.04806317899472087
614,0.29847131345511757,0.2129522037209221,-0.08551910973419546,0.2545115159711476,0.15249875988735195,-0.10201275608379562,0.40081783998866355
615,0.4229695538547987,0.4383644243867902,0.015394870531991511,0.2930704793146868,0.3029782999230658,0.00990782060837897,-0.03380695534926384
616,0.3796033191275949,0.3930335444530016,0.01343022532540672,0.2976523635895435,0.2866328657576222,-0.011019497831921299,0.03702136848178018
617,0.3599095953249315,0.36621633616015087,0.006306740835219371,0.2551884477687988,0.24784472956299203,-0.00734371820580676,0.0287776279452124
618,0.3136737448619777,0.31279826931691024,-0.0008754755450674501,0.23654873107657823,0.21572068863987676,-0.02082804243670147,0.08804968998104151
619,0.41339983610461967,0.3624848313731254,-0.05091500473149424,0.3327852290074031,0.25810486913288805,-0.07468035987451505,0.22441008003048632
620,0.38162736040383693,0.3774121799210299,-0.004215180482807057,0.2929847898180833,0.26422831121424745,-0.028756478603835844,0.09815007332527734
621,0.4445792085120979,0.45268760359435933,0.00810839508226141,0.3331349739564473,0.3219218603567963,-0.011213113599650992,0.03365937075438062
622,0.365963557213602,0.35778029550447804,-0.008183261709123979,0.2583120261333013,0.23010702566325358,-0.028205000470047703,0.10918965288705754
623,0.372437931114023,0.3769330024128695,0.004495071298846465,0.2757570934570749,0.2705680604789634,-0.005189032978111463,0.018817405249882364
624,0.35960060755480866,0.3493890013135384,-0.010211606241270266,0.27867877160928656,0.2539921580146072,-0.02468661359467933,0.08858447829420776
625,0.3035120364899114,0.30757705651044615,0.004065020020534771,0.19933360580722104,0.18059280382140636,-0.01874080198581468,0.09401727275198761
626,0.37216194343677644,0.3773086233265527,0.00514667988977624,0.2776591308992599,0.278357386569772,0.0006982556705120713,-0.002514794554930059
627,0.5433169721976916,0.5264918904681337,-0.016825081729557878,0.38615516051020216,0.35389492009461365,-0.032260240415588504,0.08354217090602935
628,0.33357971003653203,0.3186745120851712,-0.014905197951360805,0.2982734022789222,0.24355060320598082,-0.054722799072941364,0.18346523241709914
629,0.4514351142277323,0.4690429425337114,0.017607828305979123,0.28867590525695075,0.3052151096524935,0.01653920439554274,-0.05729333170643797
630,0.3362356306449301,0.3364008007138071,0.00016517006887700747,0.2241768939027946,0.22498065030659387,0.0008037564037992606,-0.0035853668493942897
631,0.3476685509222937,0.35661642260756365,0.008947871685269948,0.24264032029431076,0.22402490053051372,-0.018615419763797048,0.07672022416232166
632,0.3762976947498805,0.41924006523669544,0.04294237048681493,0.2535733434310009,0.2757591893331158,0.022185845902114865,-0.0874928160899207
633,0.549799389406137,0.554861511153,0.005062121746862935,0.38496668082162316,0.37787345410929263,-0.007093226712330536,0.018425560095724828
634,0.275237302500396,0.2790039979574218,0.0037666954570257927,0.22863071532218032,0.18828638109272938,-0.04034433422945094,0.17646069196170241
635,0.3848910396887736,0.37595310573385843,-0.008937933954915156,0.2659241955923351,0.25026999490909513,-0.01565420068323997,0.05886715440981551
636,0.40312601898953854,0.36009958336746056,-0.043026435622077974,0.30657246607640926,0.22993721216474447,-0.07663525391166479,0.24997435318462172
637,0.39946904921162063,0.41450385373160153,0.015034804519980904,0.29719191914174636,0.30178935659713557,0.004597437455389208,-0.01546959105976381
638,0.35231336652970024,0.34976320901564784,-0.002550157514052409,0.2747487469125839,0.22677523617267298,-0.04797351073991091,0.1746086607455011
639,0.3402862014974958,0.3230696461086661,-0.017216555388829657,0.2517874328003389,0.21600366144969363,-0.035783771350645255,0.14211897294739442
640,0.38692700723587875,0.4095433928248615,0.022616385588982768,0.28520495275682756,0.2911727800634743,0.005967827306646745,-0.02092469730613358
641,0.3915363213148551,0.3912706325574666,-0.00026568875738852693,0.30896289290475226,0.2917787798658672,-0.017184113038885063,0.055618695427552906
642,0.3317077739748135,0.34815621841925676,0.016448444444443266,0.23412318776158303,0.24184651134389115,0.0077233235823081225,-0.03298828986632922
643,0.5217584141547305,0.5274323361462611,0.005673921991530606,0.3649924421380179,0.34050725461577563,-0.02448518752224227,0.06708409461526182
644,0.30534823259208865,0.3063852619588549,0.0010370293667662511,0.2494605665408677,0.232696796589529,-0.016763769951338714,0.06720007969112185
645,0.3525741964397021,0.3548385152182604,0.002264318778558261,0.24980014462233682,0.2312223220515648,-0.018577822570772035,0.07437074385548946
646,0.28846853174400067,0.2955190409169158,0.007050509172915109,0.23842345769606016,0.21263098321037857,-0.025792474485681588,0.10817926530770129
647,0.4640628254258394,0.4446352193877697,-0.0194276060380697,0.3371978261842127,0.2929208893678631,-0.04427693681634959,0.13130848830609276
648,0.37903708471292435,0.37466375327086326,-0.00437333144206109,0.2660164795297127,0.25255427181816936,-0.013462207711543328,0.05060666818590714
649,0.3805796602882699,0.4241030433980647,0.04352338310979481,0.289506584242644,0.3257110443229163,0.03620446008027228,-0.12505573983743407
650,0.396274355584532,0.3669076640672055,-0.029366691517326515,0.3065298291242105,0.24694632452726156,-0.059583504596948944,0.19438077125213418
651,0.3925216179593489,0.42442191189731343,0.03190029393796451,0.2646128029679058,0.28156949929240055,0.016956696324494758,-0.06408116362590133
652,0.40198482549388365,0.4024826903133614,0.0004978648194777779,0.27931046474614296,0.26302114041270624,-0.016289324333436717,0.058319778130195024
653,0.4183862261125129,0.42918163430928546,0.010795408196772549,0.30912168371728144,0.29360629577726777,-0.01551538794001367,0.050191845985815206
654,0.3758993009501301,0.38950408352860566,0.013604782578475583,0.2845905304323746,0.28266762327653716,-0.0019229071558374278,0.006756750313919373
655,0.39244330872746264,0.39328210452010665,0.0008387957926440093,0.3156161862195906,0.29884137315404297,-0.016774813065547622,0.05314940677306237
656,0.3199982479994657,0.31206396496779065,-0.007934283031675038,0.22568812548054426,0.2000413700701125,-0.025646755410431765,0.11363803636466766
657,0.28677360759548,0.2804618562412111,-0.006311751354268869,0.23025859576601032,0.19410871218504086,-0.03614988358096946,0.15699689065117514
658,0.2601404781334793,0.25699551534075005,-0.0031449627927292445,0.20556780864229443,0.19292144336851524,-0.012646365273779187,0.06151919095360375
659,0.3963075746255005,0.3776639541456782,-0.018643620479822265,0.27072166760414645,0.23312711152501048,-0.03759455607913598,0.13886792443265877
660,0.347199762942743,0.3127332105070925,-0.0344665524356505,0.25438298995759595,0.20401783708199608,-0.05036515287559987,0.19798946810081688
661,0.4938651566972878,0.4937695697770425,-9.558692024530524e-05,0.35319535192251517,0.33466288082644846,-0.018532471096066705,0.05247088047787334
662,0.33824053155043876,0.33936908382885517,0.001128552278416406,0.26744410610586544,0.23462490744362408,-0.03281919866224137,0.12271423416319435
663,0.38308372342901426,0.3626927677443078,-0.020390955684706447,0.2884647389853324,0.25028513979426525,-0.03817959919106717,0.13235447536972098
664,0.2935385944553902,0.3026208699562256,0.009082275500835402,0.25432813309951435,0.22214922336792547,-0.03217890973158888,0.12652516785863327
665,0.4317346137219616,0.4403213124525836,0.008586698730622011,0.3145248407509105,0.29663157147647173,-0.01789326927443874,0.056889844476892694
666,0.5062702986280662,0.4963268210303106,-0.009943477597755546,0.3573421574467152,0.323720994298402,-0.033621163148313205,0.094086752563827
667,0.4231569050755214,0.4201772845442613,-0.0029796205312601076,0.31074263095845406,0.2852784531056345,-0.02546417785281957,0.08194620021809657
668,0.34669622486596013,0.3438478258554813,-0.0028483990104788415,0.26724249975258985,0.24771591181259472,-0.01952658793999512,0.07306692594955001
669,0.3379029496536919,0.33072783263029826,-0.007175117023393629,0.24892746125084952,0.23298503248080454,-0.01594242877004498,0.06404447580807268
670,0.3016487426392506,0.26092246241144823,-0.04072628022780239,0.24531485276847453,0.18771816430845878,-0.057596688460015755,0.23478679668195582
671,0.4267259771294127,0.39979960787381935,-0.02692636925559333,0.344004968317708,0.27648637649002916,-0.06751859182767883,0.1962721415271003
672,0.4729085540072029,0.46202038089061653,-0.010888173116586353,0.355025493485417,0.32886787769702885,-0.026157615788388155,0.07367813373509924
673,0.3883061635340458,0.398185405532809,0.009879241998763222,0.2910291167092018,0.27430285562919204,-0.01672626108000974,0.05747280983133633
674,0.33662938588754027,0.33911539074647984,0.0024860048589395722,0.26881350931217873,0.2537899881919079,-0.015023521120270833,0.05588826677168112
675,0.40473841807547445,0.38945135274960885,-0.0152870653258656,0.3101909489727447,0.27771034195780386,-0.03248060701494082,0.10471165300762779
676,0.4057156330180998,0.4345271828736349,0.02881154985553508,0.28026566443645834,0.2918129761779473,0.011547311741488986,-0.04120130721223964
677,0.33794604652738414,0.336836842582585,-0.0011092039447991309,0.268166164715958,0.2323242704421999,-0.03584189427375811,0.1336555426808669
678,0.3448497111546476,0.3469573116871748,0.002107600532527232,0.2576981588809075,0.2227214173227869,-0.03497674155812061,0.13572755703809564
679,0.38071867815609306,0.3533068443479679,-0.027411833808125174,0.29287085849764394,0.24780414447100513,-0.04506671402663881,0.15387913381966392
680,0.3476055707100044,0.36478692795841217,0.017181357248407747,0.2693716070479183,0.25336346089507467,-0.016008146152843628,0.059427741209547566
681,0.31475855528993096,0.35129253655630205,0.036533981266371085,0.23462216910934686,0.26402446206444413,0.029402292955097276,-0.12531762478674463
682,0.3098219937754331,0.26383266228834473,-0.04598933148708839,0.25039446687918143,0.19584497991760572,-0.054549486961575716,0.21785420277635986
683,0.3637165892498664,0.34925756689195525,-0.014459022357911133,0.2719718077273287,0.24603384722460328,-0.025937960502725427,0.09537003382619016
684,0.3075322330925103,0.2804084846795681,-0.02712374841294224,0.25910312085379494,0.219946134321438,-0.03915698653235694,0.15112510572364812
685,0.46313600811841854,0.43706776604603964,-0.0260682420723789,0.34903498354782114,0.3046113176686954,-0.04442366587912572,0.12727568287732755
686,0.482810769300099,0.48759653371738365,0.004785764417284677,0.34198488335231025,0.34396544194725315,0.001980558594942894,-0.0057913629851952765
687,0.43460851459816086,0.4337299410359482,-0.0008785735622126589,0.3186330276745898,0.312400452859262,-0.006232574815327796,0.019560353993475325
688,0.38346116685214027,0.36690483886902214,-0.016556327983118124,0.26948339608900035,0.22594138359356802,-0.043542012495432325,0.16157586377251984
689,0.419115690376891,0.4304928864481912,0.011377196071300222,0.28575446312244235,0.28529872680291596,-0.0004557363195263897,0.0015948528486538886
690,0.3306355873821109,0.35604674579739204,0.025411158415281132,0.23784084140198555,0.24710245987685503,0.009261618474869476,-0.0389404040966034
691,0.39953795126623526,0.4058149914720072,0.0062770402057719665,0.32145656725286365,0.2984133010459783,-0.02304326620688535,0.07168391799803889
692,0.33166221038412963,0.3120833411446357,-0.019578869239493923,0.24241760002782398,0.19733280663269703,-0.04508479339512694,0.18597986858195215
693,0.3319003988672908,0.33632437006046717,0.00442397119317639,0.25631098162220783,0.2240506227811239,-0.03226035884108394,0.1258641305062552
694,0.31607464585972755,0.23415595777809697,-0.08191868808163058,0.26616218203695363,0.16924306693724092,-0.09691911509971271,0.364135559597481
695,0.3776355560670414,0.36316367252031634,-0.014471883546725073,0.26863381335126235,0.22493724609449686,-0.04369656725676549,0.16266220067995826
696,0.3843741229978082,0.39586101482170916,0.011486891823900947,0.2745572759084288,0.2771152271447117,0.002557951236282885,-0.009316639771498974
697,0.36213828882013716,0.3953742460198889,0.03323595719975175,0.28290454010266003,0.29203724533833547,0.009132705235675442,-0.03228193238737483
698,0.4148614104151505,0.4123598991417258,-0.0025015112734246836,0.30329067967347173,0.29636488873057204,-0.00692579094289969,0.02283548887936854
699,0.4138053906389831,0.42155432993873304,0.007748939299749957,0.32474583052414635,0.302688695789786,-0.02205713473436033,0.06792122534340062
700,0.45488372130616395,0.4436099608800144,-0.011273760426149526,0.33892860583691153,0.3022975780931147,-0.03663102774379684,0.10807889069541465
701,0.41463309520114516,0.44841703871592364,0.03378394351477848,0.31514683675819366,0.33939610571938744,0.02424926896119378,-0.07694593799714955
702,0.33288982114755744,0.356337277052064,0.023447455904506587,0.25109352638417215,0.2477248289525562,-0.0033686974316159413,0.013416106261783297
703,0.40377479712512165,0.4129636877063331,0.009188890581211473,0.2952278472324427,0.2791395914410938,-0.016088255791348927,0.054494370846670526
704,0.38060708102164775,0.37063502894581013,-0.009972052075837623,0.24810082814028983,0.22369198377276656,-0.024408844367523275,0.09838276055137218
705,0.2776956053313799,0.2737017035308576,-0.0039939018005222815,0.22062661731863567,0.18445115935463594,-0.036175457963999735,0.16396687944389793
706,0.26348870595214324,0.25883207213548454,-0.004656633816658706,0.20598377986502028,0.1875643236030346,-0.018419456261985684,0.08942187716943452
707,0.3545806877093184,0.36908089198783,0.01450020427851162,0.2588691755798623,0.2584590194039188,-0.00041015617594347686,0.0015844148884266906
708,0.45523904526924835,0.4142996254655331,-0.04093941980371524,0.34774742701860717,0.2699780748731119,-0.0777693521454953,0.22363746243141588
709,0.45969277524755064,0.4806734737753894,0.020980698527838737,0.3665563177046782,0.35429871065140967,-0.01225760705326856,0.033439901213608576
710,0.5250933170877751,0.5193559929041186,-0.005737324183656467,0.38098863414251666,0.3526883155828169,-0.028300318559699777,0.074281267270334
711,0.3195075163917138,0.3265725999625982,0.007065083570884367,0.2626054629786329,0.2576197643071355,-0.004985698671497396,0.018985510106859664
712,0.49575960881498865,0.49196261643967387,-0.0037969923753147783,0.3633476834594771,0.3272870207035705,-0.03606066275590658,0.09924561074001811
713,0.31475957828325324,0.291438404914231,-0.02332117336902223,0.25707208763834943,0.20838143428121791,-0.04869065335713152,0.18940466778964282
714,0.3472105490926548,0.3510769435524354,0.0038663944597805977,0.25367064437673587,0.23750268848839393,-0.01616795588834194,0.06373601457932317
715,0.35144529818820314,0.3656654399301763,0.014220141741973169,0.26850693340404935,0.2677501258276034,-0.0007568075764459725,0.0028185774082307518
716,0.37198905829529666,0.36607740619169027,-0.005911652103606391,0.2728895052065562,0.25094980855979,-0.021939696646766205,0.0803977295871439
717,0.4974312554892418,0.48696426657127995,-0.010466988917961828,0.38094335190482076,0.35617809644248866,-0.024765255462332103,0.06501033641484769
718,0.28008177346973656,0.2704529870412946,-0.009628786428441949,0.21270295196901384,0.2004747830504921,-0.012228168918521742,0.057489418013827655
719,0.2690538839972964,0.28190120506498706,0.012847321067690654,0.2227538482297384,0.19700720249417672,-0.02574664573556168,0.11558339368847956
720,0.4220325655900345,0.3817377077360877,-0.04029485785394682,0.31959266298396394,0.2406639458498469,-0.07892871713411703,0.24696661180259136
721,0.46214773668326065,0.4572528376517439,-0.004894899031516742,0.3332103787325343,0.29989744928171336,-0.03331292945082093,0.09997566575668097
722,0.4686202161913169,0.4530041500276469,-0.015616066163670006,0.3264095536135853,0.3020444682422512,-0.02436508537133414,0.07464574826807414
723,0.24265922682705474,0.2670200327351247,0.024360805908069966,0.19860165446499214,0.19402031804907002,-0.0045813364159221215,0.02306796702305258
724,0.26876952046565905,0.25124753170785546,-0.017521988757803586,0.2027620592878053,0.1623507298189944,-0.0404113294688109,0.19930419729782928
725,0.3936491990358572,0.41111890924737166,0.017469710211514444,0.28405172547132623,0.2808801884910699,-0.003171536980256351,0.011165350166396026
726,0.3117539400392048,0.2962748628109519,-0.015479077228252924,0.23994573535163033,0.20918467354253797,-0.030761061809092355,0.1282000772550232
727,0.35456658240615574,0.38881454475983335,0.03424796235367761,0.2758878187896701,0.27594986694657175,6.204815690163956e-05,-0.00022490357556867528
728,0.36917443211118706,0.36848253446007945,-0.0006918976511076091,0.28248273897987675,0.24658777373025198,-0.035894965249624766,0.12706958796580423
729,0.3489346264595508,0.35617072087308344,0.007236094413532623,0.2569718614778806,0.23211113977588815,-0.02486072170199244,0.09674491813623096
730,0.35849588854850895,0.3530664302855923,-0.005429458262916631,0.2550489844928439,0.21714162290042482,-0.03790736159241909,0.1486277691628397
731,0.4305630837024219,0.4349375541881006,0.004374470485678683,0.3172929570906881,0.3112427933274859,-0.006050163763202221,0.019068068256784452
732,0.42417686735834575,0.428992573548448,0.0048157061901022424,0.3104816609831495,0.2972517129555697,-0.013229948027579819,0.042611044999201535
733,0.3754132614013828,0.3768062512425053,0.0013929898411224606,0.26772029350517457,0.2590541678517507,-0.00866612565342384,0.03237007378096401
734,0.45140432517521384,0.4368558411119282,-0.014548484063285627,0.3056443147794189,0.2801630166497136,-0.025481298129705288,0.08336912187650192
735,0.4117739923187679,0.41428382680997,0.002509834491202123,0.31240954300622376,0.27589582285627745,-0.036513720149946305,0.11687773618752384
736,0.36334707186572923,0.3674941426757035,0.004147070809974285,0.23609923276543965,0.22191481988450343,-0.01418441288093622,0.0600781828674055
737,0.3402169570501483,0.31461211036624315,-0.02560484668390517,0.2644228321617497,0.24004167378877334,-0.024381158372976386,0.09220519337778751
738,0.27673118138741853,0.2823916235328878,0.005660442145469291,0.21763880054167403,0.21697343620972181,-0.0006653643319522173,0.00305719536358505
739,0.36513463783453537,0.35986470243696356,-0.005269935397571812,0.25024346433070993,0.2436591819323762,-0.006584282398333724,0.0263115059405997
740,0.32311294089531506,0.32398955041852434,0.0008766095232092819,0.24738261208247211,0.2505792188170528,0.0031966067345806926,-0.0129217114641631
741,0.35734084553510614,0.4014615580703906,0.044120712535284434,0.26727840814138204,0.3009905455941799,0.033712137452797886,-0.12613116670077293
742,0.32191778932487,0.3658915886939432,0.04397379936907325,0.23346580345464557,0.2444222267560539,0.010956423301408336,-0.0469294566454003
743,0.35052246394341685,0.2959780657652995,-0.05454439817811735,0.2971526568424635,0.2194785123162215,-0.077674144526242,0.2613947502660937
744,0.3766168211353966,0.3476531689563792,-0.028963652179017363,0.3001690731677587,0.2386947906146474,-0.0614742825531113,0.20479885520636068
745,0.48267706174258157,0.4881719379969277,0.005494876254346137,0.34661646574138827,0.34033911537289036,-0.006277350368497914,0.018110364015948007
746,0.41166156370961565,0.3995290638898337,-0.012132499819781928,0.31833186944309916,0.2866588072281964,-0.031673062214902736,0.09949698806567088
747,0.43342080455078746,0.45094972752681106,0.017528922976023598,0.3019293729868281,0.2933889504231471,-0.008540422563680983,0.028286160035358884
748,0.2870852587092583,0.30155248781224736,0.014467229102989088,0.21403426515912272,0.21408091883441763,4.6653675294910935e-05,-0.00021797292718633856
749,0.3897373836309679,0.4009238507205144,0.011186467089546515,0.2560810369797196,0.2641956054475214,0.008114568467801786,-0.03168750237622796
750,0.3285772409385337,0.3148090641477685,-0.013768176790765196,0.2255409067045671,0.20765173014220126,-0.017889176562365855,0.07931677150610482
751,0.2623193324073525,0.25033562607808846,-0.011983706329264043,0.2145915685083181,0.18158080627257311,-0.03301076223574498,0.1538306582370006
752,0.3452738135182731,0.31512872479529414,-0.03014508872297894,0.26262135631078964,0.22718637761626628,-0.03543497869452336,0.13492801648845773
753,0.26499494570621407,0.2451311211867307,-0.019863824519483375,0.20316953792205714,0.17797048519925956,-0.02519905272279757,0.12402967974689591
754,0.34144906535526154,0.32672061446842426,-0.014728450886837274,0.2650097455065447,0.21997353528413272,-0.045036210222412,0.16994171341257253
755,0.278718121626989,0.2434473801556575,-0.035270741471331496,0.21392296004715253,0.17547495467420676,-0.038448005372945765,0.17972827864980515
756,0.5005398665546025,0.4797783938553117,-0.020761472699290795,0.3485783083096877,0.3128548029456102,-0.035723505364077535,0.10248344349740682
757,0.3450279642546294,0.33150594544166884,-0.013522018812960557,0.2639557088706124,0.22777658398388914,-0.036179124886723285,0.13706513506195014
758,0.42128972600343784,0.4060023014880762,-0.015287424515361636,0.2882241831554579,0.2581331470966644,-0.030091036058793486,0.10440149653425664
759,0.3619289245363222,0.3199705845918055,-0.0419583399445167,0.28440432024930373,0.23348181272986995,-0.05092250751943378,0.17904969753903888
760,0.34303875066322165,0.3329914875946874,-0.010047263068534262,0.26626455563121426,0.2376968896139172,-0.028567666017297072,0.10729053271688287
761,0.33248515561832,0.31167342523475766,-0.02081173038356232,0.25799204899585126,0.2205966317440989,-0.037395417251752355,0.14494794470334124
762,0.4483711441822049,0.4525945012191155,0.004223357036910569,0.31204451594034344,0.3143706297693557,0.0023261138290122663,-0.007454429448960327
763,0.4081070256333284,0.41380763186359426,0.005700606230265859,0.29550082461336996,0.28643733077359396,-0.009063493839776005,0.030671636370675378
764,0.29706080060997997,0.26868648565465325,-0.028374314955326718,0.2549980869934368,0.18917118881923875,-0.06582689817419804,0.2581466353349243
765,0.3858634827492908,0.3730328989351837,-0.012830583814107066,0.2908272696874045,0.254468421654817,-0.03635884803258754,0.12501870292860714
766,0.30990210745758984,0.29952488953006073,-0.010377217927529103,0.2430714485730045,0.22116139269083215,-0.021910055882172347,0.09013833591233913
767,0.37887436252188933,0.3710632017594073,-0.007811160762482006,0.27360523511864465,0.253944256143403,-0.01966097897524166,0.07185892830857561
768,0.3495704792680407,0.3454873420629962,-0.004083137205044496,0.2621882221248451,0.242980340298144,-0.019207881826701106,0.0732598957765348
769,0.3909867410918371,0.3592342955953051,-0.031752445496532,0.2874956758522967,0.2479223497365588,-0.039573326115737884,0.13764842200989838
770,0.41662962611598936,0.40964485179121224,-0.006984774324777121,0.28433912960992347,0.2588470506266044,-0.025492078983319066,0.0896537842620919
771,0.3460905817013312,0.30837716342075144,-0.03771341828057978,0.265151837236287,0.2218308373276517,-0.043320999908635305,0.16338185833511798
772,0.2926011834805836,0.27148751486385597,-0.021113668616727643,0.23668708825330187,0.19248282719886964,-0.04420426105443223,0.1867624524035082
773,0.3127704583463477,0.3357116519967404,0.02294119365039271,0.2438984274395221,0.2595419913705922,0.01564356393107011,-0.06413966705443044
774,0.3136058816265573,0.31241111267022736,-0.0011947689563299169,0.24546179159589715,0.231404825981412,-0.014056965614485162,0.057267428560234306
775,0.31059895353970846,0.32265386097271764,0.012054907433009188,0.21734670502884074,0.19996796307173112,-0.017378741957109617,0.07995861706209695
776,0.38750210307686267,0.39650937761635624,0.00900727453949357,0.29943721787905464,0.29381298153135244,-0.005624236347702205,0.018782689698826564
777,0.29965086412193476,0.3608079893191245,0.06115712519718974,0.20700710716843512,0.2411998310468609,0.034192723878425785,-0.1651765697619466
778,0.3694267273976102,0.37325112234446767,0.00382439494685749,0.2818177746148165,0.26828504298374395,-0.013532731631072548,0.048019439687822546
779,0.45762573941331125,0.4463681472772267,-0.011257592136084571,0.3395865722076718,0.29598616352136925,-0.04360040868630255,0.12839261694846704
780,0.29754032802173336,0.2765169150032934,-0.021023413018439963,0.23287819030593776,0.19547286795813165,-0.03740532234780611,0.1606218353838366
781,0.2943710945788609,0.2973739166201194,0.0030028220412585127,0.24411715985852606,0.21821056088026858,-0.025906598978257478,0.10612362929861713
782,0.3781798264117872,0.400415942358245,0.022236115946457802,0.2956869701384304,0.30100787494275383,0.005320904804323401,-0.017995060119938112
783,0.43935042791314055,0.41483146373566104,-0.024518964177479508,0.3339772374454442,0.28997316993981037,-0.04400406750563385,0.1317576845722068
784,0.39148537062198313,0.37902475150338255,-0.01246061911860058,0.2935934590805767,0.25496615988641536,-0.03862729919416136,0.13156730165286173
785,0.32143698507337715,0.3252389213543683,0.0038019362809911805,0.22019862535063886,0.20441992448061416,-0.015778700870024698,0.07165667290110955
786,0.44644532685101,0.44841462953365996,0.0019693026826499427,0.3158789180486635,0.295634737993795,-0.0202441800548685,0.06408841773907092
787,0.4883943897781195,0.4710626060843506,-0.01733178369376892,0.3298154961218721,0.29737810245847546,-0.03243739366339665,0.09835012012719535
788,0.3292434602037522,0.34757048700354953,0.018327026799797308,0.24009487804239757,0.2511201709278585,0.011025292885460919,-0.04592056679990482
789,0.3862028097058993,0.3770279190362571,-0.009174890669642222,0.2544509194971778,0.23641377718849685,-0.018037142308680948,0.07088652831093818
790,0.3512843139370007,0.3448626209569378,-0.006421692980062899,0.27016814361117447,0.243229067171165,-0.02693907644000948,0.09971226096434282
791,0.33187360789396114,0.34112230948164185,0.009248701587680708,0.2393123167295221,0.23354636963503164,-0.0057659470944904645,0.02409381670483475
792,0.3851450677355644,0.3758416421236302,-0.009303425611934202,0.26689102409717125,0.23504407947210165,-0.031846944625069595,0.11932564885911852
793,0.3400229515942759,0.3280502659523251,-0.011972685641950809,0.2824513828561296,0.243036161789594,-0.03941522106653558,0.1395469219090786
794,0.3888700172412602,0.3749025212603926,-0.013967495980867606,0.25773923472343385,0.21697247254816934,-0.04076676217526451,0.15817057196980172
795,0.35211270304692255,0.3556114401468362,0.0034987370999136624,0.24591276681321478,0.23718192125001564,-0.008730845563199141,0.035503832014670195
796,0.27450088280896767,0.2525932996269693,-0.02190758318199837,0.22297402852310455,0.1964383348132824,-0.026535693709822145,0.11900800234710976
797,0.39299910726397214,0.40334955133316286,0.010350444069190723,0.2719596843071545,0.2564493489418285,-0.015510335365325978,0.057031744998675686
798,0.36755175957069636,0.36004874148548843,-0.007503018085207924,0.27872098023038355,0.24232587291463054,-0.03639510731575302,0.13057900157236016
799,0.4165886397401086,0.4146663054244557,-0.0019223343156529182,0.2935354219859878,0.27422012053457223,-0.01931530145141558,0.06580228485111965
800,0.31921922393250735,0.33677994735209005,0.017560723419582702,0.26491084862532793,0.25220622490679123,-0.0127046237185367,0.047958110377371764
801,0.4177745718058253,0.4195245344460733,0.001749962640248015,0.3197984054814971,0.2985326297554843,-0.021265775726012792,0.06649744139278765
802,0.41534807104701194,0.4010734466210279,-0.01427462442598404,0.29159581280814306,0.26467815855453986,-0.026917654253603207,0.09231152530751123
803,0.3490252039624059,0.334002403865476,-0.015022800096929856,0.24621450732140365,0.23075067210383757,-0.015463835217566085,0.06280635282542427
804,0.5095427351673448,0.5342410324007902,0.02469829723344541,0.3590537043695384,0.3864471599054731,0.027393455535934752,-0.07629347699958941
805,0.3661981330550082,0.3489959512413174,-0.01720218181369082,0.22995771705369936,0.19629770194461788,-0.03366001510908148,0.14637480116060314
806,0.4517361803237808,0.47006504606757776,0.01832886574379694,0.3078276925960626,0.30421223308039025,-0.0036154595156723257,0.011745075581671599
807,0.36320022794138607,0.35305909553314674,-0.010141132408239328,0.29645835458590886,0.2630020851032656,-0.03345626948264324,0.1128531848238001
808,0.4219552138247037,0.41182704289013444,-0.010128170934569247,0.3125584745360491,0.2931423891262301,-0.01941608540981904,0.062119849537401274
809,0.3389175289188015,0.3626527348562738,0.023735205937472303,0.23046414450425468,0.2348432169714592,0.004379072467204537,-0.019001100915824645
810,0.350384482151833,0.3590905426847178,0.008706060532884807,0.2477572333710153,0.2336727812615458,-0.014084452109469486,0.056847793777137015
811,0.3355393331761537,0.347502079308053,0.011962746131899293,0.24106288634058776,0.23925658177287082,-0.0018063045677169376,0.007493084460811129
812,0.4051727590305427,0.383811229743817,-0.02136152928672569,0.27504362260327886,0.2338346437278705,-0.041208978875408364,0.14982706555915287
813,0.27181615182060653,0.268224738776525,-0.0035914130440815595,0.2288231452059434,0.20294256719882028,-0.025880578007123123,0.1131029729699341
814,0.29159023594743533,0.26537762557850075,-0.026212610368934575,0.21935104092017066,0.19284011481098506,-0.026510926109185595,0.1208607262494543
815,0.37206593474671346,0.3878482641032203,0.015782329356506863,0.2858219174940206,0.2864515716120786,0.0006296541180580428,-0.0022029595336096478
816,0.4060385670974657,0.4329325314907427,0.02689396439327696,0.2945104706979666,0.29969404918143727,0.005183578483470674,-0.017600659396543702
817,0.32211568802667007,0.2683951647541345,-0.05372052327253557,0.2817046548671889,0.21252836341464826,-0.06917629145254062,0.24556318206795036
818,0.40399704791057656,0.40579140089437726,0.0017943529838007066,0.2847324796356977,0.2597891644915175,-0.02494331514418019,0.08760263379890496
819,0.37031429646027936,0.386756630076323,0.016442333616043636,0.2508814294558671,0.24038366172738268,-0.01049776772848443,0.04184354239073366
820,0.4818814431004266,0.4784316087008045,-0.003449834399622098,0.33842657021490774,0.3346457764669004,-0.0037807937480073273,0.011171681188053428
821,0.4186170098138155,0.40195758991774533,-0.01665941989607017,0.3137374774527425,0.26321917629483604,-0.05051830115790645,0.16102093243073232
822,0.3666280409184725,0.3878160663162276,0.021188025397755106,0.2832405721525576,0.28417036059483347,0.0009297884422758695,-0.003282680991673296
823,0.3309483814746588,0.36643306674282716,0.03548468526816834,0.24549223643109455,0.2668861570805459,0.021393920649451365,-0.08714703552532208
824,0.3849281113766079,0.35469787305738687,-0.030230238319221003,0.31516808259361534,0.25309706684254124,-0.0620710157510741,0.1969457542790265
825,0.2715817217106723,0.29480197006708786,0.023220248356415563,0.21755449083293374,0.22797393286179218,0.010419442028858444,-0.04789348171562144
826,0.2837410534836483,0.2858713085057088,0.00213025502206049,0.22870633829561876,0.2142928386962187,-0.014413499599400054,0.06302186335023915
827,0.44871890822704663,0.39753287701124684,-0.05118603121579979,0.33398262661125705,0.26396084354852806,-0.07002178306272899,0.20965696261869232
828,0.47775114166760185,0.44988577977313,-0.027865361894471863,0.3419521355627403,0.28559157471281166,-0.05636056084992863,0.1648200288533884
829,0.3070688378190565,0.311013085644909,0.003944247825852509,0.21644749825873325,0.20255818061704947,-0.013889317641683774,0.0641694533474395
830,0.49889506159533165,0.4970269545422676,-0.0018681070530640609,0.33808437178244494,0.3257740983390748,-0.012310273443370157,0.03641183820023404
831,0.3305229112182507,0.2774525843584917,-0.05307032685975904,0.2626664979932753,0.2073366165357434,-0.0553298814575319,0.21064689208651358
832,0.34687502003090176,0.33370072437160053,-0.013174295659301227,0.27643376130211905,0.23806503778750626,-0.03836872351461279,0.13879897785957834
833,0.4130495543493181,0.37194084023907376,-0.04110871411024436,0.3080240797345922,0.2542408546146198,-0.05378322511997241,0.17460720982046118
834,0.2913272718713265,0.3058116686852042,0.014484396813877698,0.23139979833671287,0.22941924723140797,-0.0019805511053049007,0.008559000999745795
835,0.3872481230426041,0.3911644130541385,0.003916290011534429,0.2818304291573525,0.27046003776370575,-0.011370391393646762,0.04034479679019474
836,0.3994921305342097,0.39113632537567955,-0.008355805158530127,0.28604579727212087,0.25519196847108966,-0.030853828801031213,0.10786324810666374
837,0.2664955589678846,0.3161491806666497,0.04965362169876508,0.19144820396870607,0.22103911402247547,0.029590910053769404,-0.1545635291444484
838,0.33993787188088254,0.3221563930377772,-0.017781478843105325,0.2664724482891277,0.22821926205796533,-0.03825318623116236,0.14355400146155795
839,0.3830267361557403,0.356558646250421,-0.026468089905319292,0.24700814618355565,0.21936001313825665,-0.027648133045299006,0.1119320697413487
840,0.4283718943822276,0.42531852254952857,-0.0030533718326990478,0.3091990644559987,0.2782969267331785,-0.03090213772282019,0.09994253306422209
841,0.3096947416922344,0.304495495501657,-0.005199246190577378,0.24711390173371575,0.22696580745613876,-0.020148094277576994,0.08153363342256688
842,0.36752614670918293,0.35899057165805065,-0.008535575051132283,0.28641041841353626,0.24362506200784098,-0.04278535640569528,0.14938477672246983
843,0.2525847945589903,0.27854864051395034,0.02596384595496004,0.19937410592018695,0.2099333794753606,0.010559273555173637,-0.05296211113493698
844,0.33581521175062157,0.31477641929350403,-0.02103879245711754,0.27938220750114884,0.2218433876109239,-0.05753881989022494,0.20595019419763277
845,0.3472820403204871,0.35749426159924813,0.010212221278761036,0.2793925365711042,0.2678020211986438,-0.011590515372460364,0.04148469932199004
846,0.29627768236503754,0.31377965662030727,0.017501974255269726,0.25480851059162213,0.2320353981329036,-0.02277311245871852,0.08937343735436158
847,0.3936472215423506,0.38809667052641467,-0.005550551015935934,0.3095636821683203,0.27214439224838344,-0.03741928991993687,0.12087751915158682
848,0.28140552480297326,0.29003104236504135,0.008625517562068086,0.2295424744225129,0.22304013239452497,-0.00650234202798794,0.028327402343930677
849,0.342283381901945,0.34706505404638877,0.004781672144443749,0.2463410918938848,0.22268274087117082,-0.02365835102271399,0.0960389955278155
850,0.32113016403927974,0.2976088105964992,-0.023521353442780557,0.25566782053285597,0.22253899436244873,-0.033128826170407244,0.12957761403590423
851,0.35058055915509767,0.37818713246399466,0.027606573308896987,0.26475078519328105,0.27435482093151353,0.009604035738232486,-0.03627575922474061
852,0.321818056442406,0.3065640204834015,-0.015254035959004542,0.25666791526618415,0.2017758431002251,-0.054892072165959066,0.2138641758516323
853,0.438837078748314,0.42058770649777416,-0.018249372250539853,0.30777118343818344,0.28379208461408856,-0.02397909882409488,0.07791209870988827
854,0.3595243949947412,0.31949625105419954,-0.04002814394054166,0.26941298042569634,0.22155090725659585,-0.04786207316910049,0.17765318171928532
855,0.31433770223032004,0.30596910401819183,-0.008368598212128209,0.24834379760054337,0.2148589183772379,-0.03348487922330548,0.13483275824413912
856,0.39246678891319725,0.3794612509482719,-0.013005537964925373,0.2707437745330532,0.2559592538318308,-0.014784520701222381,0.0546070568999083
857,0.3051971491698778,0.2936586960455199,-0.011538453124357861,0.23568684306369062,0.21989455308558206,-0.015792289978108554,0.06700539484013937
858,0.36744768176271164,0.34730727521395394,-0.020140406548757706,0.27725756524127454,0.24196994449956116,-0.03528762074171338,0.12727378858357014
859,0.4020272452991707,0.3945998540519749,-0.007427391247195825,0.28171222161179454,0.25406713912340645,-0.027645082488388095,0.09813235056050784
860,0.34974117651250025,0.37690867895393027,0.027167502441430014,0.24709209962659381,0.2522310009332638,0.0051389013066699685,-0.020797513617132595
861,0.38204586050126615,0.3809269210689983,-0.0011189394322678736,0.2876487439111904,0.26486496741850596,-0.022783776492684427,0.07920693893145858
862,0.41800840550400825,0.4114162232203198,-0.006592182283688464,0.28178696865058317,0.27434384542202456,-0.007443123228558612,0.026414007944377694
863,0.3316360815954339,0.3200976957952483,-0.011538385800185569,0.23660632993794567,0.2090024074326921,-0.027603922505253564,0.1166660355726459
864,0.3577801287373008,0.3843751171803912,0.026594988443090384,0.2509608799191289,0.2787496066672648,0.027788726748135872,-0.11072931668509718
865,0.4157272514827904,0.3936201121803662,-0.022107139302424195,0.302926127638718,0.23338591032059638,-0.06954021731812163,0.22956163557162065
866,0.3672339208872285,0.36044625706315137,-0.006787663824077139,0.27549550096131814,0.2467958375304236,-0.02869966343089453,0.10417470822844471
867,0.3908385812475784,0.3586129163161676,-0.032225664931410825,0.28383979338365656,0.2326384638639,-0.05120132951975656,0.18038812990026903
868,0.41045096297871464,0.3580429251170298,-0.05240803786168485,0.2981620801500379,0.22678766339699097,-0.07137441675304695,0.23938126778942073
869,0.3975071133411919,0.3825951123642133,-0.01491200097697859,0.3115746701901719,0.27373754230366176,-0.037837127886510113,0.12143839505122783
870,0.36886095043455414,0.37488419168996756,0.006023241255413425,0.2764052369914165,0.26860899751839945,-0.0077962394730170526,0.028205831256587793
871,0.2798971353309711,0.2650286138135343,-0.014868521517436784,0.22660681997148513,0.2005950644296654,-0.026011755541819725,0.1147880524738527
872,0.2801025647993792,0.29310284372578993,0.013000278926410758,0.2277769271170858,0.2225112550953441,-0.005265672021741691,0.023117670821131676
873,0.46329744326854116,0.4390885009534943,-0.02420894231504689,0.349013758031021,0.28686092295325566,-0.06215283507776537,0.17808133246208907
874,0.49701092460957763,0.5097410814737476,0.012730156864170006,0.35812764275327813,0.3636520411758094,0.005524398422531274,-0.015425780540311854
875,0.32779613088695264,0.36910228300765646,0.04130615212070382,0.23228503689415717,0.26553067023995314,0.03324563334579597,-0.14312430017153732
876,0.4074347217177912,0.380808482109986,-0.02662623960780519,0.28859635765008684,0.24928288724460632,-0.03931347040548053,0.13622303041380293
877,0.2983270304593127,0.2844794929127409,-0.013847537546571809,0.2172084449481396,0.19941740245987458,-0.01779104248826502,0.08190769236671615
878,0.46928651816819755,0.4523776938924149,-0.016908824275782663,0.33946566175353965,0.306504308508783,-0.03296135324475663,0.09709775378897491
879,0.41448914465606723,0.3857877828754804,-0.028701361780586854,0.32690698680810637,0.28042261658095463,-0.04648437022715174,0.14219448376133348
880,0.3496084207386904,0.34489468865505085,-0.004713732083639566,0.25358669239709297,0.23218125721606503,-0.021405435181027943,0.08441071957951579
881,0.3919394407096745,0.4137148002778531,0.02177535956817861,0.30177276216234633,0.295458184236281,-0.006314577926065323,0.020924943261341245
882,0.36735581004457457,0.3751962927232186,0.007840482678644012,0.2835318681183462,0.2580788213533391,-0.025453046765007092,0.08977137890680773
883,0.33405406336313853,0.3302880746114684,-0.003765988751670113,0.2622361129193666,0.23840328211581344,-0.023832830803553168,0.0908830997311243
884,0.323123388438789,0.32548917665876526,0.0023657882199762392,0.2514471195959856,0.247624938981015,-0.003822180614970583,0.01520073334350339
885,0.37343378649515246,0.39458980802311305,0.02115602152796059,0.2995657029603356,0.2837906895485117,-0.015775013411823857,0.05265961108342423
886,0.4327746237909333,0.44104298858069285,0.008268364789759564,0.3171506462518463,0.3124328933834222,-0.004717752868424074,0.014875431988487111
887,0.37809357446332265,0.39538416484575817,0.017290590382435522,0.2686421996585234,0.28121456496742386,0.01257236530890049,-0.04679966634014121
888,0.3842299651315424,0.3675359568146985,-0.016694008316843922,0.3025834450595801,0.25769676522853546,-0.04488667983104466,0.14834479732427616
889,0.32178220843049354,0.3040548105461002,-0.01772739788439337,0.25350801046094346,0.2138164656341711,-0.03969154482677237,0.15656919382785114
890,0.37925964022649644,0.34736760329495464,-0.0318920369315418,0.2793034619757978,0.23748239200049143,-0.04182106997530638,0.14973344647955084
891,0.33725153333134106,0.3441335690799017,0.0068820357485606665,0.2434606235295696,0.24390118575709324,0.00044056222752364427,-0.0018095830904258554
892,0.3904790412287832,0.3625105923764478,-0.027968448852335404,0.2932724274983226,0.2566304764630243,-0.036641951035298326,0.12494168424854021
893,0.33521581067737194,0.34892397379287426,0.013708163115502325,0.25382086560780687,0.23775449730537493,-0.016066368302431938,0.06329805969244862
894,0.27532273129336404,0.2782344511480276,0.0029117198546635414,0.20522716673452882,0.1775218632235226,-0.027705303511006224,0.13499822636466235
895,0.36149828037830134,0.35552970901633807,-0.005968571361963271,0.24411181362858184,0.20191691218312477,-0.04219490144545707,0.1728507146715028
896,0.3396558820686214,0.3479344200971499,0.008278538028528515,0.2481258415320887,0.23543744299864247,-0.012688398533446221,0.05113694911864028
897,0.32571482032209204,0.3393498397928348,0.013635019470742749,0.2269983491152865,0.21709496847673204,-0.009903380638554449,0.04362754476916827
898,0.4211819627071685,0.4076486199845483,-0.01353334272262019,0.30507421219731884,0.29145844031292134,-0.013615771884397498,0.04463101547105187
899,0.37039616242110934,0.375583823336738,0.005187660915628667,0.26802258039636817,0.25232631810015693,-0.01569626229621124,0.05856320864084902
900,0.41636355517254264,0.4138969296761639,-0.002466625496378716,0.32056409209288017,0.2809460429587052,-0.03961804913417499,0.12358854316938302
901,0.3323550178146048,0.3613459076529302,0.028990889838325373,0.2669525741008414,0.2794339674718079,0.012481393370966487,-0.04675509652981146
902,0.36827774442957134,0.3511553220957883,-0.017122422333783027,0.27804439620006316,0.2455097204838727,-0.03253467571619045,0.11701252088094795
903,0.3636563774672298,0.3481104595093221,-0.015545917957907662,0.25431345150281837,0.23426145537150544,-0.02005199613131292,0.07884756395235626
904,0.41169611153969865,0.35896342803696657,-0.05273268350273208,0.3144583196647643,0.2402593404159874,-0.07419897924877689,0.2359580733239256
905,0.3372009287748113,0.34581619367081995,0.008615264896008668,0.27941822129162064,0.2673547054108309,-0.012063515880789744,0.043173690767286804
906,0.41359692726469355,0.4246776952242654,0.011080767959571858,0.30038080747069845,0.3012095236412367,0.0008287161705382573,-0.0027588852214504313
907,0.3685585245829202,0.3773456830423213,0.00878715845940109,0.29699940362971583,0.29857792674510064,0.0015785231153848112,-0.005314903316616877
908,0.3585325075991138,0.3563532755779968,-0.002179232021117028,0.2580741808118646,0.23737269563119293,-0.02070148518067169,0.08021525096213719
909,0.35143996837810876,0.3577194373471409,0.006279468969032143,0.263230531143979,0.2711232853702331,0.007892754226254128,-0.02998418987323714
910,0.38717442967589427,0.36537715663663495,-0.021797273039259324,0.26453897271512233,0.21265958797724677,-0.05187938473787557,0.19611244500349528
911,0.36210964008671986,0.35489654620217387,-0.007213093884545996,0.26830104168376423,0.22706974429888033,-0.0412312973848839,0.15367550243610903
912,0.3707357791243777,0.39494369078932934,0.02420791166495162,0.2745719813805138,0.26668992557418864,-0.007882055806325172,0.028706701123308996
913,0.31663548277670256,0.34738542309196185,0.030749940315259294,0.23392817231499707,0.24245187482003758,0.008523702505040504,-0.03643726371513249
914,0.3677817225243774,0.33242622753055445,-0.035355494993822956,0.2767977955702495,0.22004700081428644,-0.05675079475596309,0.20502618035323225
915,0.39940545818642975,0.41314228764909344,0.013736829462663691,0.29781026315198356,0.28712624036553186,-0.010684022786451697,0.035875267270420584
916,0.44541546094977263,0.4281485765536069,-0.01726688439616575,0.34738160318749706,0.3064416713574052,-0.04093993183009187,0.11785290716156548
917,0.33869789919783944,0.32216722109546475,-0.016530678102374685,0.2590606516751185,0.2368955508811945,-0.022165100793924003,0.08555950373243368
918,0.32737102414513447,0.32761593883509904,0.00024491468996457044,0.25566783854700786,0.20954531561692472,-0.04612252293008315,0.18040017544718642
919,0.3775921689047876,0.3906063047372432,0.013014135832455642,0.27595427942724865,0.28705940968479,0.01110513025754134,-0.04024264555922224
920,0.3791961563210443,0.37750375289791327,-0.0016924034231310392,0.2766763784112932,0.2647914047950797,-0.011884973616213546,0.042956228082998614
921,0.2995959448989956,0.28559557128277063,-0.01400037361622497,0.23873572960315323,0.22081840502873112,-0.017917324574422105,0.0750508715398646
922,0.3894666969126558,0.36622488477348264,-0.023241812139173146,0.2863840224018174,0.23743573744714944,-0.04894828495466794,0.17091835132474664
923,0.3734290669971802,0.3646705410266768,-0.008758525970503417,0.24090647669691095,0.237597183537628,-0.0033092931592829666,0.013736837650265633
924,0.43291916842435896,0.4120005683544555,-0.02091860006990348,0.3427839368937047,0.30123118838444607,-0.04155274850925861,0.12122139936254911
925,0.4213587067963191,0.4011738350058061,-0.02018487179051298,0.3131131723496316,0.26494431059180673,-0.048168861757824866,0.1538385031723867
926,0.37852650556666867,0.35733512960620983,-0.021191375960458836,0.27453560797944687,0.24451864747794,-0.030016960501506873,0.10933722121668857
927,0.37791302434945995,0.40144367944835135,0.023530655098891406,0.286584343736157,0.27589189512278955,-0.010692448613367433,0.03730995376080769
928,0.5697566229485175,0.5620599280822802,-0.0076966948662372525,0.3799639293574647,0.36493430995017045,-0.015029619407294248,0.03955538472483422
929,0.43877134088930564,0.437970940219869,-0.0008004006694366517,0.30293760963335686,0.30042920154455394,-0.002508408088802927,0.008280279532933645
930,0.3002994577789704,0.26156561181894433,-0.03873384596002605,0.255675799424137,0.19573288937856986,-0.05994291004556712,0.2344489004457112
931,0.27222752845633447,0.23813213859844307,-0.0340953898578914,0.2152722776301002,0.17210750856829965,-0.043164769061800556,0.20051243725850323
932,0.3613359159084674,0.3643373825541942,0.003001466645726758,0.2699108503252747,0.24960334337314505,-0.020307506952129628,0.07523783103812487
933,0.5500241690753762,0.5545511927468256,0.004527023671449415,0.3809292082381586,0.3786613822635815,-0.0022678259745771423,0.005953405319235294
934,0.368087272530108,0.36583863313457793,-0.00224863939553005,0.280715818354085,0.26152111402580236,-0.01919470432828263,0.06837770824895628
935,0.5182446129971054,0.5477315691217297,0.029486956124624264,0.3818277181816808,0.4077980499418462,0.025970331760165388,-0.06801583678586742
936,0.33445896102423434,0.36653567846507895,0.032076717440844615,0.26279405065176376,0.26688261863725465,0.0040885679854908985,-0.015558069048179413
937,0.3409760603614875,0.3729508572658024,0.03197479690431493,0.2379091436837029,0.24597847647162002,0.008069332787917133,-0.03391770767182116
938,0.34368478359944027,0.3745242074358089,0.030839423836368618,0.22794869502597545,0.26704765344998965,0.0390989584240142,-0.17152525667917842
939,0.3217435658991177,0.2958097408868995,-0.025933825012218192,0.2449022889921391,0.2115471976084225,-0.03335509138371659,0.13619754850387383
940,0.34258706174473397,0.3386517917356136,-0.003935270009120362,0.25550074399162476,0.21972508388442952,-0.03577566010719524,0.14002174533146547
941,0.40232780907562155,0.3981038669986441,-0.0042239420769774605,0.2727089554281264,0.251996520486502,-0.02071243494162439,0.07595069589521874
942,0.43193707390075914,0.4550492584438682,0.023112184543109038,0.3352956038159229,0.3216342723274496,-0.01366133148847326,0.04074414138747052
943,0.3843047380846002,0.39624476222412763,0.011940024139527439,0.26731524399493817,0.26293762427905,-0.004377619715888181,0.016376244206900058
944,0.39609842777701515,0.3973027773390994,0.0012043495620842615,0.28994696835973727,0.25928455753280527,-0.030662410826931996,0.1057517897165565
945,0.3302140946141051,0.3316934333866648,0.0014793387725596796,0.2338702060081525,0.24007514434927693,0.0062049383411244274,-0.026531546908151817
946,0.4230982960693638,0.4050942859472709,-0.01800401012209285,0.3262732224849851,0.28052654530526866,-0.04574667717971642,0.14020972003554982
947,0.3363168485128548,0.3167500672236273,-0.01956678128922751,0.2731370880796909,0.22675534892998986,-0.046381739149701035,0.1698112090005464
948,0.45427580841275594,0.4426747113628859,-0.011601097049870057,0.36039132984222544,0.3266559866185875,-0.033735343223637915,0.09360753278500568
949,0.3532958527572592,0.3384425632510597,-0.014853289506199518,0.29559135934147845,0.24598527625607933,-0.04960608308539913,0.16781980094381677
950,0.4456338938762257,0.4461831237584378,0.0005492298822121211,0.30764812373544764,0.29107005696030924,-0.0165780667751384,0.05388645499880958
951,0.25763637800218053,0.25045997661776315,-0.007176401384417386,0.1829200829174812,0.17620233142003094,-0.0067177514974502694,0.03672506260824721
952,0.4205474978485042,0.42336664647322975,0.0028191486247255426,0.3105602121974228,0.2911356816321072,-0.019424530565315623,0.06254674553405917
953,0.3942450965204526,0.3866114046288988,-0.007633691891553773,0.27813800916703113,0.24514553106481615,-0.03299247810221498,0.11861909201486337
954,0.30285242913951393,0.30017699699353084,-0.002675432145983092,0.26411935368267647,0.2378143724446314,-0.02630498123804506,0.09959505379393331
955,0.3144381786518515,0.3148063567193259,0.00036817806747441173,0.22582653339673167,0.22426904940342268,-0.001557483993308989,0.006896815754474713
956,0.3663828532399555,0.35182415326751365,-0.014558699972441858,0.2690490041896864,0.21979508400431835,-0.04925392018536806,0.18306672546032837
957,0.33484397999879345,0.346359991799442,0.01151601180064854,0.2516966023745093,0.22870146271619415,-0.02299513965831515,0.09136054853891025
958,0.3838629678615289,0.37495539647446186,-0.008907571387067048,0.3021184003530155,0.2679251806014478,-0.034193219751567694,0.11317820997203093
959,0.30987738413731797,0.34415116075337904,0.03427377661606107,0.223932982038737,0.22510769014433898,0.001174708105601996,-0.005245802091800793
960,0.38711409083621295,0.3929519644952213,0.005837873659008341,0.2592811780109924,0.2552500777568555,-0.004031100254136888,0.015547215131697632
961,0.3824613016840688,0.30664289254708427,-0.07581840913698451,0.287764583001214,0.19419262793165215,-0.09357195506956184,0.3251684209837841
962,0.4014926665497836,0.38893315350931373,-0.012559513040469872,0.3114707037988748,0.279059678922568,-0.032411024876306815,0.10405802048476284
963,0.36603326864595603,0.40206579955486427,0.036032530908908234,0.2667848973519085,0.2864661281028084,0.019681230750899892,-0.07377190742899861
964,0.38344353634346995,0.34975799871377067,-0.03368553762969928,0.3025795529373153,0.25517788667201324,-0.04740166626530207,0.1566585243620945
965,0.4020074473250758,0.38576168629343277,-0.016245761031643047,0.2810407480227657,0.24374768081401746,-0.037293067208748226,0.13269629927731086
966,0.396351922372743,0.3520293761102881,-0.04432254626245491,0.28593944039257657,0.2196283518150258,-0.06631108857755078,0.23190605845248172
967,0.3828980798528229,0.38084853229559973,-0.002049547557223197,0.2966800138926943,0.26657145764280893,-0.0301085562498854,0.10148494957525285
968,0.40046377877837136,0.3888242183485106,-0.011639560429860751,0.3147406705785902,0.2721118766043223,-0.04262879397426789,0.13544100892936095
969,0.3627898330800237,0.35911497117179497,-0.0036748619082287437,0.2617769825033879,0.24263933853075031,-0.019137643972637564,0.0731066719068392
970,0.27497408154935515,0.29165331373914183,0.016679232189786675,0.20317831413607412,0.1990816637170186,-0.00409665041905552,0.020162833009392332
971,0.3761284208172796,0.37047884001511594,-0.005649580802163656,0.27997173670715725,0.24398172090863093,-0.035990015798526315,0.12854874646211478
972,0.36921046389473117,0.36633401991106407,-0.0028764439836670985,0.2817821883695008,0.26532615901465284,-0.016456029354847967,0.058399820975445
973,0.28339837244424976,0.31118514094639577,0.02778676850214601,0.22840070664526624,0.2250042875310163,-0.0033964191142499267,0.014870440482152159
974,0.43724111031397417,0.41205083204950765,-0.025190278264466515,0.3027693038087634,0.27064649615793823,-0.03212280765082515,0.10609664601638319
975,0.44011656629872664,0.4008230560213407,-0.039293510277385924,0.3337397635455385,0.2608507778971387,-0.07288898564839985,0.21840066306169778
976,0.2922378094508686,0.3372561584604488,0.04501834900958024,0.23605079228519962,0.26296939829911176,0.026918606013912133,-0.11403734659525618
977,0.3918116490731691,0.3601339500705513,-0.0316776990026178,0.27228672538200827,0.2160468774722363,-0.05623984790977196,0.20654641841562243
978,0.39367347816608633,0.3747672190503141,-0.018906259115772206,0.31519202111771527,0.27850415283248536,-0.03668786828522991,0.11639846768687089
979,0.4218572447208348,0.4207349312137797,-0.001122313507055106,0.2772934788034376,0.26575448421282544,-0.01153899459061214,0.04161293168669025
980,0.38661127547587126,0.4084126181025901,0.021801342626718845,0.28743628152148104,0.28412630491135704,-0.003309976610123999,0.011515514299737536
981,0.36255888090584465,0.33106820706292744,-0.031490673842917205,0.3108365458452238,0.250750005025716,-0.06008654081950782,0.19330590827446323
982,0.5011859759028332,0.5019672464695363,0.0007812705667030739,0.3228931350974221,0.31918209068416425,-0.003711044413257869,0.011493104095069059
983,0.3786713463032443,0.3729561279048263,-0.005715218398417987,0.3012799017054687,0.26499854766248554,-0.03628135404298316,0.12042407687205044
984,0.40642220084711816,0.4062887628469577,-0.00013343800016046847,0.2873107256359547,0.27049365684537324,-0.01681706879058148,0.05853268705286704
985,0.3574840385093226,0.339727358696254,-0.01775667981306861,0.26817013351364305,0.2317531394357982,-0.03641699407784485,0.1357980980234406
986,0.4849869386657574,0.4863871829175004,0.0014002442517429547,0.33227870983154467,0.30275784120205196,-0.029520868629492714,0.08884369583732556
987,0.4592380072688995,0.47210052072195685,0.012862513453057334,0.3356834013473605,0.33442709562521633,-0.001256305722144191,0.0037425315553335425
988,0.46143744376651735,0.4491707835207236,-0.012266660245793759,0.36788163208187497,0.33648898133097366,-0.03139265075090131,0.08533356387827111
989,0.36824114342315384,0.40271676403417667,0.03447562061102283,0.2728790970231638,0.288187695547127,0.015308598523963157,-0.0561002974979196
990,0.3150889108138062,0.3508928430650841,0.035803932251277926,0.25337025765724097,0.27163691617892066,0.01826665852167969,-0.0720947229188629
991,0.4242826083221091,0.4085263937805039,-0.015756214541605196,0.3114749133060336,0.2789332405304245,-0.0325416727756091,0.10447606335357067
992,0.2874612362134411,0.23580065106614292,-0.05166058514729818,0.2326511635169472,0.17238949542109974,-0.06026166809584746,0.2590215633779015
993,0.32177441459664946,0.3168616488141106,-0.004912765782538853,0.24118910837347132,0.2323684269734802,-0.00882068139999112,0.03657164064943041
994,0.3254772902614894,0.3301923603627916,0.004715070101302177,0.2278719178809256,0.22135540767589643,-0.0065165102050291634,0.0285972500061827
995,0.2982392456938325,0.308556402363429,0.010317156669596539,0.23038824422862467,0.20261774863440252,-0.02777049559422215,0.12053781514417998
996,0.33850434696119336,0.35026575920527137,0.011761412244078007,0.243039568312955,0.24536808165021248,0.0023285133372574762,-0.009580799346463277
997,0.27801729757486315,0.2680312286143259,-0.009986068960537275,0.21085019353314663,0.1784026548469424,-0.03244753868620423,0.153889062857812
998,0.3003573017637045,0.3081800870326878,0.007822785268983279,0.22980352395419917,0.22276683191293886,-0.007036692041260312,0.030620470566250998
999,0.2595135361523398,0.22532079359568,-0.0341927425566598,0.19666763727913386,0.16082194668396782,-0.03584569059516604,0.18226532382798508
1000,0.30881286726835533,0.29187432670344815,-0.01693854056490718,0.2503909599931796,0.21728482241712563,-0.03310613757605399,0.13221778285029046
1001,0.3459982586859445,0.36986323513596847,0.023864976450023945,0.2529744095067584,0.24492666486300446,-0.008047744643753962,0.031812485142055286
1002,0.33449589237848415,0.36331780311706713,0.02882191073858298,0.2601827876762094,0.26291981420489474,0.002737026528685349,-0.010519629500209316
1003,0.2878035374360544,0.25916288909797847,-0.028640648338075947,0.21224198712573605,0.1871335716871434,-0.025108415438592657,0.1183008874851797
1004,0.33587136667979633,0.31957891381474984,-0.01629245286504649,0.24484395218575536,0.19299698835204918,-0.05184696383370618,0.2117551337121512
1005,0.42684527833998903,0.42736578817495435,0.0005205098349653214,0.3371909894003932,0.30600080640960964,-0.031190182990783577,0.0925000488484204
1006,0.3546028280363307,0.34143904162174,-0.013163786414590706,0.2562631798318642,0.23482334013423622,-0.02143983969762797,0.08366336401388128
1007,0.3626172419501416,0.36047927663837365,-0.0021379653117679642,0.27896941113806617,0.2517038294727583,-0.027265581665307848,0.09773681477864145
1008,0.3759010820517341,0.37048153886207635,-0.005419543189657761,0.28245291968359465,0.2532393073348249,-0.029213612348769735,0.10342825410158617
1009,0.26635322336028744,0.2865810872866727,0.02022786392638526,0.2154016486238098,0.2102212190098765,-0.005180429613933307,0.02405009268513407
1010,0.4147315263836987,0.404912787665152,-0.009818738718546716,0.3231599809967607,0.29678198433160363,-0.026377996665157055,0.08162519561919848
1011,0.395999914348597,0.4175886647617625,0.02158875041316549,0.2970747069641109,0.3067148017766668,0.0096400948125559,-0.03245006924712881
1012,0.43277753509005207,0.4277971252673253,-0.0049804098227267946,0.32579514500677115,0.2932498163320287,-0.03254532867474247,0.09989506956607982
1013,0.41966327135412773,0.4334316687077965,0.013768397353668749,0.2931211342446405,0.3160787319063926,0.022957597661752094,-0.07832119550476206
1014,0.3068639502339993,0.3219236553828719,0.01505970514887256,0.2406111833561453,0.23067463324244197,-0.009936550113703313,0.04129712499271298
1015,0.3512621542483848,0.3770697554940029,0.025807601245618095,0.29649895975850793,0.2913082932698335,-0.005190666488674445,0.017506525125424156
1016,0.4204820901388664,0.45186219597593963,0.031380105837073236,0.31335195274183664,0.3172006634807524,0.0038487107389157393,-0.012282389515174338
1017,0.4625211387821441,0.45033836675076033,-0.012182772031383793,0.32019683030132223,0.2962508065076636,-0.023946023793658622,0.07478532429919478
1018,0.3440739006337703,0.31276224637977923,-0.03131165425399107,0.2705652237450997,0.22075823735213893,-0.0498069863929608,0.18408495261713348
1019,0.33251595786052845,0.3137900757383926,-0.01872588212213583,0.24846154398587467,0.20508376023740027,-0.0433777837484744,0.17458550346503712
1020,0.4104984442354495,0.3992408138204413,-0.011257630415008213,0.31963373728861955,0.29137715910296336,-0.02825657818565619,0.08840299032683574
1021,0.4631374453762417,0.4477070346488095,-0.015430410727432176,0.33947127495323487,0.2824537329601934,-0.05701754199304149,0.16795984284943152
1022,0.33412724949460254,0.3506992901513758,0.016572040656773257,0.2747370759464438,0.2680663556349607,-0.006670720311483136,0.024280378935034964
1023,0.3878945329937103,0.35759461898038075,-0.030299914013329543,0.33091478794197077,0.2728939252002374,-0.05802086274173335,0.17533475340457705
1024,0.346388913631077,0.35769015286201994,0.01130123923094295,0.27868965461421474,0.261107590766967,-0.017582063847247753,0.0630883262300723
1025,0.3009539559432181,0.27341687886310434,-0.02753707708011377,0.24932213083916077,0.1948289976073269,-0.054493133231833885,0.21856516727344888
1026,0.2574949986915365,0.2903545659723244,0.03285956728078787,0.20095536833018363,0.20788123679685108,0.006925868466667456,-0.034464709871735166
1027,0.32175601905313805,0.3317361784272163,0.009980159374078257,0.24960512900871934,0.2535085860287412,0.003903457020021872,-0.01563852888570056
1028,0.34239713457073384,0.3578811414916409,0.015484006920907067,0.2637722193167585,0.27070370808518396,0.0069314887684254756,-0.026278312349874863
1029,0.3889886964899189,0.407687303197665,0.01869860670774609,0.30381332377494147,0.28489160720558576,-0.018921716569355707,0.062280733228712894
1030,0.3878429923830651,0.4121399840537908,0.024296991670725743,0.2647560051032438,0.26818923095322655,0.003433225849982735,-0.012967508890474155
1031,0.4571575708182732,0.4676177192412639,0.0104601484229907,0.3288464287345311,0.31894068636709655,-0.009905742367434578,0.03012270014776781
1032,0.43766176746804897,0.41483518772527317,-0.0228265797427758,0.3191604143569481,0.27455495263252516,-0.04460546172442292,0.13975875364836537
1033,0.34836065166560826,0.3648101756014218,0.01644952393581356,0.24859827493785486,0.2542906392651125,0.005692364327257615,-0.022897843231939583
1034,0.3791563588944322,0.37976709513583096,0.000610736241398735,0.28229516165945584,0.2741697587964195,-0.008125402863036313,0.0287833585785587
1035,0.29465995377417514,0.27598906447462307,-0.018670889299552074,0.2477686850921972,0.2077961007822773,-0.0399725843099199,0.16133025162177256
1036,0.460238603290862,0.4563287957783316,-0.00390980751253045,0.31512237019520517,0.29184644676176646,-0.023275923433438706,0.07386312631191572
1037,0.34739473947909166,0.3370132957314527,-0.010381443747638941,0.24268831019225034,0.20621771611468817,-0.036470594077562174,0.15027750635649187
1038,0.28150640234964985,0.2996346124472122,0.018128210097562325,0.2200643400598788,0.2214987366013615,0.0014343965414826965,-0.006518078036143438
1039,0.3477393950751441,0.34711194670350665,-0.0006274483716374735,0.24854256101859679,0.22897406182245855,-0.019568499196138234,0.07873299090482154
1040,0.32177325748011437,0.32906348534013813,0.007290227860023757,0.267049493741009,0.2547423829644109,-0.012307110776598129,0.04608550499082339
1041,0.358129897333484,0.38712754807029653,0.02899765073681254,0.2550344266850326,0.26976258189447855,0.014728155209445926,-0.05774967482188273
1042,0.4533339565760586,0.46469433585451064,0.011360379278452015,0.35076908688797453,0.3320228582843973,-0.01874622860357722,0.053443217502129034
1043,0.4666732214752092,0.4495428584646895,-0.017130363010519678,0.3463833262866144,0.3144986459547335,-0.03188468033188091,0.09205027468758117
1044,0.45634614861137607,0.4675751776464036,0.011229029035027538,0.2971385901761105,0.30406520293053957,0.006926612754429073,-0.023311050746803882
1045,0.3362359312193651,0.3207557172511485,-0.015480213968216638,0.27422832395004837,0.24216327890857947,-0.0320650450414689,0.11692827560478274
1046,0.3392728891428086,0.3058027123099051,-0.03347017683290354,0.2546120379096711,0.20499802981011966,-0.04961400809955141,0.19486120336994048
1047,0.31868873111123186,0.3374191445590188,0.01873041344778692,0.24074849737695753,0.2342299500048989,-0.0065185473720586196,0.02707617053929958
1048,0.3507255810010144,0.37563098183811583,0.02490540083710141,0.28961654896276945,0.2751756369878412,-0.01444091197492825,0.049862178203030266
1049,0.3676019909796734,0.3612680993757745,-0.006333891603898911,0.26396356388756403,0.2371676724431401,-0.02679589144442393,0.1015135992626532
1050,0.4242927776126844,0.4036495827575607,-0.020643194855123725,0.3091749942512143,0.26921247445711854,-0.03996251979409576,0.12925534256378113
1051,0.48619547498522475,0.49832233428594697,0.012126859300722215,0.3529428457098484,0.34791143107606703,-0.0050314146337813725,0.014255607373658623
1052,0.3693351542198737,0.34527827156664215,-0.024056882653231526,0.2882189067860979,0.23996987729657857,-0.04824902948951934,0.16740410970098998
1053,0.38529356277810967,0.35241638357801214,-0.03287717920009753,0.3036812551933575,0.25679765255912507,-0.04688360263423241,0.15438424938141496
1054,0.2569154347533921,0.22582959680592846,-0.031085837947463668,0.20515163597912597,0.16269307007586103,-0.04245856590326494,0.20696186847656953
1055,0.3540718349313064,0.35690427009869696,0.002832435167390568,0.2892704210964629,0.2614900913964461,-0.027780329700016815,0.09603584630159237
1056,0.3051112670795723,0.30192574009528056,-0.0031855269842917533,0.2531930355113788,0.216200515972582,-0.036992519538796786,0.14610401689794622
1057,0.3193851221115695,0.2997478142457252,-0.019637307865844278,0.24453624415248099,0.20934508235828103,-0.035191161794199954,0.14390979920447478
1058,0.457978838450081,0.4783139526584714,0.020335114208390348,0.34890363427974075,0.33238799948547154,-0.016515634794269207,0.047335806141323974
1059,0.3599410622857123,0.3699348540549278,0.009993791769215499,0.2991174463993537,0.2683240377277405,-0.03079340867161323,0.10294755134577054
1060,0.3811856404890461,0.35488985753701546,-0.02629578295203061,0.2802380021261587,0.23534194215058468,-0.044896059975574,0.16020689426469187
1061,0.2420723668541529,0.24949794378778264,0.007425576933629746,0.19399329763350265,0.16865804709706647,-0.025335250536436177,0.13059858688675013
1062,0.2677702044443121,0.26900482360670613,0.001234619162394035,0.22172826913011695,0.201490886989094,-0.02023738214102294,0.09127109601503733
1063,0.3938469092552013,0.39443393853166436,0.0005870292764630358,0.28689176824696233,0.27088060935295594,-0.016011158894006394,0.05580905646697977
1064,0.38813895662824144,0.36260503210590167,-0.025533924522339768,0.28659325024272747,0.2396658900918064,-0.04692736015092108,0.1637420285061717
1065,0.3278937414141847,0.31546680281983985,-0.01242693859434485,0.25727889273855253,0.243261170224419,-0.014017722514133524,0.05448454152194432
1066,0.32224405585874333,0.2633369936352355,-0.05890706222350783,0.2701556291246389,0.19933923966407605,-0.07081638946056287,0.26213183004930485
1067,0.35440096051379183,0.35401303195687883,-0.00038792855691299755,0.25730076820751385,0.2277325547794993,-0.02956821342801455,0.11491692634266717
1068,0.5710169599965277,0.5567885634569278,-0.014228396539599841,0.4086926772627457,0.36873662356705367,-0.03995605369569205,0.09776552387309984
1069,0.3953953306869005,0.353225614084561,-0.042169716602339535,0.2961961963007956,0.2540508880476983,-0.04214530825309726,0.1422884857383432
1070,0.3713114722904634,0.3807752407072189,0.009463768416755503,0.2625829803544563,0.24902246379423704,-0.013560516560219282,0.05164278561357698
1071,0.4390733758657233,0.4436830301365943,0.004609654270871011,0.3377628841399184,0.3275496059913513,-0.010213278148567095,0.03023801201418046
1072,0.3609042066449294,0.37388539981091273,0.01298119316598334,0.27035908171974793,0.26056910497282154,-0.009789976746926388,0.03621101493854976
1073,0.37107452654129475,0.3752530817268284,0.004178555185533672,0.280592813123654,0.24841274545701023,-0.03218006766664375,0.11468600107181778
1074,0.3607386579665439,0.3724316144855805,0.011692956519036568,0.2737720791728032,0.2576584648158535,-0.01611361435694969,0.05885777105407041
1075,0.2845830621308061,0.29627634505821493,0.011693282927408843,0.24014003568760625,0.2130682109928914,-0.027071824694714863,0.1127334915945965
1076,0.34192916928576617,0.32505314479251385,-0.016876024493252317,0.25395178010729313,0.22590554846536684,-0.028046231641926295,0.1104392008202381
1077,0.4046474276627775,0.38167605952714645,-0.022971368135631054,0.2709268208081412,0.22890725681488983,-0.04201956399325135,0.15509562275123664
1078,0.4134759932273649,0.3997928850118949,-0.013683108215469975,0.27314964873146075,0.24055636549040535,-0.0325932832410554,0.11932390684894693
1079,0.3039545370668653,0.2952105224054801,-0.008744014661385191,0.24131393098599058,0.2159156352111145,-0.025398295774876067,0.105250018807868
1080,0.4058898476591415,0.36979500702648044,-0.03609484063266105,0.3072861612367047,0.2634492851334238,-0.04383687610328091,0.1426581526706406
1081,0.39248144027795717,0.37566652653202703,-0.016814913745930138,0.31540110545315775,0.25285868025018277,-0.06254242520297498,0.19829488267999607
1082,0.462476839353614,0.46221507454249666,-0.0002617648111173376,0.3280949115936607,0.30653034430604287,-0.021564567287617853,0.06572661301838523
1083,0.35671275824016446,0.3543122260133126,-0.0024005322268518814,0.2563220763527501,0.2461210340335208,-0.010201042319229303,0.03979775158028387
1084,0.3605405151185012,0.30813026578995273,-0.052410249328548486,0.3058815574467907,0.22907663515045673,-0.07680492229633396,0.2510936682074874
1085,0.3525522824893597,0.35763201343300105,0.005079730943641336,0.2652778931974747,0.2543672595124596,-0.010910633685015103,0.04112907243610063
1086,0.4422057988833919,0.4445973807305982,0.002391581847206281,0.3221442657678461,0.3016333509030885,-0.02051091486475759,0.06366996729204183
1087,0.26814418021645015,0.2395959112850207,-0.02854826893142945,0.2183907933638666,0.1839661207312832,-0.03442467263258339,0.15762877226801197
1088,0.3238273804694019,0.3586246151358629,0.03479723466646101,0.24695997103160733,0.24748923889818666,0.000529267866579336,-0.0021431322022288273
1089,0.3603693578265821,0.3518379760452623,-0.008531381781319791,0.2973185350077664,0.2641051139635923,-0.033213421044174074,0.11170989068443543
1090,0.41230172262085213,0.3958237571260165,-0.016477965494835656,0.3326385042397901,0.27789552536157336,-0.05474297887821672,0.16457198484380506
1091,0.390779795053275,0.42639104390818194,0.03561124885490696,0.2771931402380006,0.3065680726033458,0.029374932365345163,-0.10597279694628652
1092,0.3239962891231607,0.30330037142585825,-0.020695917697302446,0.24625066252324082,0.20138662442792868,-0.04486403809531214,0.18218849702009607
1093,0.39333839631303746,0.39764770862331184,0.004309312310274371,0.3023665027841866,0.2783549015015575,-0.02401160128262908,0.07941223998535085
1094,0.39741822389285536,0.38535121224679,-0.012067011646065384,0.3054920543969135,0.2683635796715802,-0.037128474725333316,0.12153662981065225
1095,0.3292499776737408,0.3635829873945587,0.034333009720817875,0.23424659070700674,0.2412897981420711,0.007043207435064369,-0.030067491756471033
1096,0.2599653057866511,0.280881153800848,0.02091584801419688,0.20921688057509497,0.2125647602458545,0.0033478796707595293,-0.01600195768886757
1097,0.3747126403323473,0.398442473704649,0.023729833372301723,0.26549675768642045,0.27273040377970315,0.007233646093282697,-0.02724570407683243
1098,0.4513660296891597,0.46680109528971286,0.015435065600553188,0.33332541033381313,0.3231775762354371,-0.010147834098376052,0.03044422592389032
1099,0.43851473219037895,0.4613421167077101,0.02282738451733113,0.2979254083522204,0.3070142070371009,0.009088798684880495,-0.030506960568248413
1100,0.39929010562511513,0.4153779057124868,0.01608780008737165,0.2941336368173107,0.29050509873804486,-0.0036285380792658306,0.012336358801151163
1101,0.40400298964802234,0.3940223926085409,-0.009980597039481454,0.2955686163724454,0.26606407167549684,-0.029504544696948576,0.09982299561794462
1102,0.3310163065402219,0.3510440358472224,0.020027729307000475,0.2589030757418135,0.25745101439700996,-0.0014520613448035236,0.005608513304228051
1103,0.3592150843213282,0.37124257346476713,0.01202748914343893,0.26617454862270123,0.262623749071949,-0.003550799550752215,0.013340116735899587
1104,0.4338558970466381,0.4100295877723887,-0.02382630927424939,0.3111795545479989,0.2745666016548672,-0.03661295289313171,0.11765860692973075
1105,0.3529836440107676,0.3672874602849635,0.014303816274195913,0.2676092798837931,0.2626889882447704,-0.004920291639022745,0.018386102459374117
1106,0.4542950019367751,0.4736507598200355,0.019355757883260438,0.2825362213580389,0.2891413815867471,0.006605160228708218,-0.02337810068018836
1107,0.41027177467624165,0.3916382030010202,-0.01863357167522145,0.28664719216091517,0.24578803051435436,-0.04085916164656081,0.14254164270209804
1108,0.3682544790378299,0.32907739143490633,-0.039177087602923544,0.2826581613367683,0.2149355953693607,-0.06772256596740761,0.23959175863569246
1109,0.4081309292572016,0.3726100442468132,-0.035520885010388414,0.30787542332185047,0.2588177035205762,-0.04905771980127427,0.15934276036703887
1110,0.40341652470214634,0.4210405005734828,0.01762397587133646,0.2633824036945314,0.26751514999209824,0.004132746297566825,-0.015691049362431774
1111,0.2888046772844517,0.2485775879065209,-0.04022708937793079,0.24801867664411908,0.17443621837792692,-0.07358245826619217,0.2966811179779631
1112,0.4199586038492681,0.3992121444673802,-0.020746459381887905,0.3064045850852346,0.26606620062384245,-0.04033838446139215,0.13165072072981857
1113,0.39383351392123084,0.36446426654442904,-0.0293692473768018,0.2845915675410466,0.22826962804744802,-0.056321939493598566,0.1979044564820961
1114,0.3915556161165281,0.3911105729741618,-0.00044504314236631926,0.2781786973609614,0.2579642539802133,-0.020214443380748126,0.07266711496070492
1115,0.4037415741857467,0.42446289961996486,0.020721325434218174,0.29243085265945623,0.2910920821987998,-0.0013387704606564466,0.0045780752902139284
1116,0.41120250524756385,0.3818162564988519,-0.02938624874871193,0.2908663675731327,0.2446004960309997,-0.04626587154213302,0.15906229354791376
1117,0.4094422831060292,0.42218507280290374,0.012742789696874535,0.3060748347420903,0.29673200910519865,-0.00934282563689165,0.03052464487896972
1118,0.35841867332112387,0.31854470313385297,-0.0398739701872709,0.26550462453689183,0.2062702806525693,-0.05923434388432253,0.22310098736563408
1119,0.45373829858936726,0.4287693325648667,-0.02496896602450055,0.3170910850625175,0.2778699367586158,-0.039221148303901665,0.12369047933393916
1120,0.3690587422968045,0.3248730469289449,-0.0441856953678596,0.26009853641462594,0.20269316581714775,-0.05740537059747819,0.2207062422910664
1121,0.46341494667866723,0.460860336792579,-0.002554609886088244,0.34459666699105174,0.3137105678084671,-0.030886099182584614,0.08962970957402396
1122,0.30161567370382875,0.337692392266632,0.036076718562803256,0.21680793833080086,0.24235535190528498,0.025547413574484118,-0.11783430888727159
1123,0.26626079039510475,0.21927175302899868,-0.04698903736610607,0.2153759157470037,0.16159011937414827,-0.05378579637285544,0.24972985575618475
1124,0.33746384534110224,0.30284360138024924,-0.034620243960853,0.26317298387275473,0.2147405350159175,-0.04843244885683723,0.18403275345411035
1125,0.4056479810396425,0.4296287550056988,0.0239807739660563,0.289058023869351,0.2991442100760429,0.010086186206691938,-0.03489329260498478
1126,0.38687257590184043,0.35365961155634285,-0.033212964345497586,0.28994925013996004,0.23983224042835763,-0.050117009711602406,0.17284752310071733
1127,0.4310482998610828,0.42442061120671737,-0.006627688654365416,0.3149779459128546,0.28546258259375124,-0.02951536331910337,0.09370612673710631
1128,0.3119156837386601,0.3140451382880928,0.0021294545494326966,0.23682257068044946,0.21958271729030643,-0.01723985339014303,0.0727964962993548
1129,0.3262215787243582,0.3561511520949025,0.029929573370544305,0.22756721566738766,0.23537502599570598,0.007807810328318315,-0.03430990841725732
1130,0.358038205914355,0.3857574038429561,0.027719197928601114,0.2546039546378913,0.28320987598675684,0.028605921348865526,-0.11235458376736566
1131,0.3732250870731831,0.30853908452070866,-0.06468600255247442,0.28449424778747606,0.19081526101989307,-0.09367898676758299,0.3292825338161614
1132,0.38086858444090255,0.3854750600455384,0.00460647560463584,0.264377325605348,0.26187636658275837,-0.0025009590225896217,0.009459809069719369
1133,0.3782517832712176,0.37252124899485634,-0.0057305342763612765,0.2892312588591042,0.26641402188031776,-0.02281723697878646,0.07888924962257148
1134,0.38386981521803215,0.3567108035926508,-0.02715901162538137,0.3026510863101004,0.262552704142731,-0.040098382167369384,0.13249046172688783
1135,0.4079722308809153,0.40251578096461227,-0.005456449916303008,0.29147882066247394,0.2461879550964161,-0.045290865566057825,0.1553830410838105
1136,0.28884558770421576,0.2874101555067085,-0.001435432197507247,0.23952329883673124,0.22251022571428206,-0.01701307312244918,0.07102888614625326
1137,0.30295253089659935,0.28846677010195815,-0.0144857607946412,0.24839672654421757,0.20213921277241303,-0.04625751377180454,0.18622432918241436
1138,0.43367714508642974,0.4048108193652218,-0.028866325721207953,0.3222868841522875,0.2541345120665987,-0.0681523720856888,0.2114649259306666
1139,0.2657330389183008,0.2965191753523909,0.030786136434090117,0.21804361781767742,0.21096373600062115,-0.007079881817056266,0.03247002543764562
1140,0.3255330455558722,0.33981804236925,0.014284996813377804,0.25141175667528665,0.24348285223090724,-0.007928904444379409,0.0315375245343839
1141,0.3084998636502885,0.3152272790049114,0.006727415354622901,0.23347855062311465,0.23074216675273956,-0.0027363838703750865,0.011720065346783
1142,0.36501572254009595,0.36246223753304274,-0.0025534850070532134,0.27755126570671873,0.24630214142593662,-0.03124912428078211,0.11258865709444198
1143,0.30029696755689705,0.297914279285728,-0.0023826882711690534,0.24457321055408973,0.22621003056953376,-0.018363179984555972,0.07508254866897933
1144,0.486465935909783,0.46557569587065595,-0.02089024003912704,0.35348226282971323,0.2900083631119153,-0.06347389971779793,0.17956742499517123
1145,0.3468912390034635,0.2964779232523485,-0.05041331575111502,0.2810850020185841,0.21126937753695854,-0.06981562448162557,0.24837904541420414
1146,0.44966231137583246,0.45855203745356965,0.008889726077737192,0.32280794473599306,0.3004043049393308,-0.022403639796662267,0.06940238046180981
1147,0.30541362691626267,0.3272155105798464,0.02180188366358371,0.20183077672501296,0.2280285990600405,0.026197822335027543,-0.12980092907595117
1148,0.3453707597384576,0.3389218508942805,-0.0064489088441770925,0.2631801374405104,0.22799989937168297,-0.03518023806882742,0.13367360626437705
1149,0.35606745579604715,0.3417192390927014,-0.01434821670334574,0.26690316203754105,0.22350987434305294,-0.04339328769448811,0.1625806429688707
1150,0.39045550515351024,0.3833888579600219,-0.007066647193488318,0.29583107987953755,0.26128130660652643,-0.03454977327301112,0.11678885561003188
1151,0.37371843789431136,0.40801030039772757,0.034291862503416204,0.273559615661802,0.27507320814803526,0.001513592486233284,-0.0055329529637317435
1152,0.39867027355227247,0.3939585112616796,-0.004711762290592891,0.28466306590577717,0.25236715972402074,-0.03229590618175643,0.11345309613311866
1153,0.37057458975096513,0.35451745805576756,-0.01605713169519757,0.2636763572039218,0.24667762030452836,-0.016998736899393435,0.0644681877421682
1154,0.39331844828187623,0.42350247218821574,0.030184023906339508,0.296043470825072,0.30490605202188864,0.008862581196816655,-0.02993675615313074
1155,0.4029298154430488,0.38794326874207574,-0.014986546700973047,0.27277530995190585,0.23314700244387873,-0.03962830750802712,0.14527820540287958
1156,0.32635793239799943,0.3201101859090284,-0.006247746488971029,0.24540908866956354,0.21150429490870964,-0.033904793760853896,0.1381562269949413
1157,0.40594594036920356,0.37205343548905573,-0.03389250488014783,0.299364579862623,0.2373059782375032,-0.06205860162511978,0.20730108302591504
1158,0.3394267486890674,0.3028589716776847,-0.036567777011382696,0.28455044539693364,0.23173753988360027,-0.05281290551333337,0.18560120487480528
1159,0.259419331570841,0.2582247157579005,-0.0011946158129405027,0.2115177891444989,0.20574555976223774,-0.005772229382261157,0.027289569381409542
1160,0.38583874257304107,0.3898612020316165,0.004022459458575434,0.3018103701262957,0.277361500894782,-0.02444886923151368,0.08100738626470257
1161,0.3904582566043214,0.35259983256132627,-0.03785842404299511,0.27869251847155896,0.22257983998496061,-0.056112678486598344,0.2013426079549557
1162,0.4054973797859976,0.4176465542100347,0.012149174424037124,0.30273594953559047,0.2768303343013349,-0.025905615234255552,0.08557165171165117
1163,0.34205207527749487,0.25934311384314446,-0.08270896143435041,0.2799592179482083,0.19832855998479856,-0.08163065796340976,0.2915805329135875
1164,0.39762680917766874,0.38735010844816753,-0.01027670072950121,0.29757020307817833,0.2707808211005111,-0.026789381977667226,0.09002709848146005
1165,0.3413370943623804,0.33612618288592333,-0.005210911476457081,0.24455810770577116,0.236132946154853,-0.008425161550918159,0.03445055095476329
1166,0.3869470685978578,0.3825566121045899,-0.0043904564932679135,0.2653552377332919,0.26143358661939853,-0.003921651113893365,0.014778872078775434
1167,0.2662014317268912,0.2775066352782907,0.011305203551399523,0.21246532068630644,0.20480500250181705,-0.007660318184489395,0.03605444013048812
1168,0.2686693545190527,0.31802754376785597,0.04935818924880325,0.19837649102860297,0.21717313988303064,0.018796648854427667,-0.09475240113868869
1169,0.3960524745484473,0.4182658765630101,0.022213402014562844,0.27822896384274654,0.29513328467942873,0.016904320836682196,-0.06075686946178768
1170,0.38474270559407153,0.3865086816958401,0.0017659761017685405,0.2676199928292403,0.2548845494365554,-0.012735443392684898,0.047587787661331316
1171,0.3165290279603665,0.3043953084907066,-0.01213371946965991,0.23614921627387953,0.205612425585516,-0.030536790688363513,0.12931142084735
1172,0.415701539033513,0.43511835227365137,0.019416813240138386,0.30330469848197217,0.3163098329349728,0.01300513445300061,-0.04287811734566192
1173,0.26381366602080336,0.2248375214059713,-0.038976144614832064,0.2059327483145667,0.15710663400006128,-0.048826114314505425,0.23709737627510552
1174,0.3552604423084829,0.368636611028857,0.01337616872037406,0.27319631953874823,0.2513002356594021,-0.021896083879346107,0.08014779963476236
1175,0.32315202289684586,0.3223271547610185,-0.0008248681358273835,0.21959789090133988,0.20151648874050887,-0.01808140216083101,0.08233868771059626
1176,0.3064899687095035,0.3108375641582561,0.0043475954487525725,0.24641605193094232,0.23900371517102043,-0.007412336759921895,0.030080575927737004
1177,0.45905015026114493,0.4565612946137596,-0.002488855647385324,0.34224020889798645,0.3061302794015949,-0.03610992949639158,0.1055104822798746
1178,0.3245881646017907,0.3518182766690711,0.027230112067280432,0.24977234019789205,0.27042717736169275,0.020654837163800704,-0.08269465364914341
1179,0.3305120043460876,0.2920365477737472,-0.03847545657234036,0.2644036442802996,0.21991212861332948,-0.04449151566697013,0.16827118925714873
1180,0.39279167171097085,0.3981818284890525,0.005390156778081634,0.2735418947114073,0.243642250643522,-0.029899644067885284,0.10930553836892176
1181,0.31071287357382577,0.33566522441815255,0.024952350844326787,0.2590453325273891,0.25969408234689595,0.0006487498195068553,-0.00250438721739278
1182,0.2956938794180764,0.2992501857241129,0.003556306306036483,0.239069284973106,0.21647461175086177,-0.022594673222244233,0.09451098339456702
1183,0.2588948576355551,0.24745607178800555,-0.011438785847549537,0.20302688603203736,0.1793963143973866,-0.023630571634650765,0.11639134154341457
1184,0.43892923341925555,0.44629196782016584,0.007362734400910287,0.3064699534255662,0.3015211868148399,-0.004948766610726296,0.01614764043068981
1185,0.46756454671343844,0.45625381835269263,-0.011310728360745814,0.3366241862682798,0.305069993781572,-0.031554192486707766,0.093737151915638
1186,0.45905188809442465,0.47046653352518497,0.011414645430760317,0.329962652114208,0.31898004684244996,-0.01098260527175804,0.03328438901005286
1187,0.3836181637002427,0.3725618878304618,-0.011056275869780918,0.2807019415400716,0.25460020518435644,-0.026101736355715166,0.09298737376915868
1188,0.3149938848303703,0.320677487051506,0.005683602221135731,0.2327034345239245,0.20794352093538626,-0.02475991358853824,0.10640115234737821
1189,0.3203519925123751,0.3546769841294027,0.03432499161702757,0.23492529000892595,0.24410927996383885,0.009183989954912902,-0.039093236639460814
1190,0.33531327964234947,0.32133609902570404,-0.013977180616645435,0.24830318679146185,0.22663320448579413,-0.021669982305667718,0.08727226817216532
1191,0.38764918549004934,0.4010733289364152,0.013424143446365833,0.2742594194257519,0.2753427579413982,0.0010833385156462927,-0.003950050349827918
1192,0.4063491386134741,0.40501252102363117,-0.0013366175898429367,0.3042993278968492,0.26814800894867347,-0.03615131894817575,0.11880183633014875
1193,0.3629805484300038,0.4166429435182962,0.0536623950882924,0.27289118255262085,0.29597670365887896,0.02308552110625811,-0.08459606825811089
1194,0.3821432662838163,0.3655155682539455,-0.016627698029870797,0.318579729897163,0.2819982289405492,-0.03658150095661378,0.11482683147613386
1195,0.3471164879376092,0.3174507163277795,-0.029665771609829694,0.295712403635363,0.22505441066681356,-0.07065799296854944,0.23894159358860168
1196,0.36173745956993153,0.34707502806140905,-0.014662431508522478,0.26567766020823436,0.23801000611064752,-0.02766765409758684,0.10413993436972205
1197,0.4503605618453025,0.43080602547309055,-0.01955453637221194,0.3158151996176728,0.26733479517348924,-0.048480404444183556,0.15350877507755845
1198,0.313686966798473,0.3094874757197658,-0.004199491078707207,0.2563240161945589,0.2297282311906268,-0.026595785003932115,0.10375845930778871
1199,0.29989678248151846,0.33346255810689185,0.033565775625373384,0.2457124756429855,0.2353869275022197,-0.010325548140765806,0.04202288920717476
1200,0.4093266817199769,0.3983432561542002,-0.010983425565776694,0.32058745049198817,0.2724830605159229,-0.048104389976065254,0.1500507580762817
1201,0.35841634444011994,0.3639898935439324,0.00557354910381247,0.26095487100365233,0.2503045959088506,-0.010650275094801709,0.04081270854933629
1202,0.3465354590854152,0.3677213073765741,0.021185848291158882,0.2506746653984789,0.2446378071920824,-0.006036858206396489,0.024082442463023317
1203,0.4726875988129086,0.4576187540294078,-0.01506884478350079,0.33450645641686283,0.2824350436578073,-0.052071412759055524,0.15566639076814706
1204,0.2647390575836903,0.25119233455792594,-0.013546723025764373,0.22094975653359597,0.18993998527430922,-0.03100977125928675,0.14034761452462446
1205,0.26957294268449783,0.30239030772210723,0.0328173650376094,0.22022409587039368,0.2218313639641028,0.0016072680937091188,-0.007298329855126427
1206,0.4830174576558283,0.4772021867395152,-0.00581527091631312,0.3657585699828438,0.34823705573573493,-0.01752151424710885,0.0479045897623963
1207,0.3437584624603475,0.36472630361518293,0.02096784115483541,0.27203712192268326,0.2763944509669655,0.004357329044282265,-0.016017406056518562
1208,0.433659215998496,0.4222170942804733,-0.011442121718022669,0.31121550145961546,0.2884061772982139,-0.02280932416140158,0.07329109268151736
1209,0.40511383279464047,0.35624913521395163,-0.04886469758068884,0.31398387085760177,0.24377227813670085,-0.07021159272090091,0.22361528485246088
1210,0.3454583810175125,0.3408754717929263,-0.004582909224586151,0.25708796746850715,0.2244717415997363,-0.03261622586877086,0.12686795959350486
1211,0.3957549344479219,0.3615626734534942,-0.03419226099442774,0.301531764706998,0.25140741625940954,-0.05012434844758845,0.1662323984217546
1212,0.29542142302544144,0.2818767013491855,-0.013544721676255922,0.23486743786246925,0.18835203283766944,-0.04651540502479981,0.19804961236064458
1213,0.480160370374854,0.4928047592762301,0.012644388901376091,0.3416470386903763,0.343718079985063,0.0020710412946866597,-0.0060619325214276995
1214,0.4460554337730761,0.45119792580608536,0.0051424920330092605,0.32059217271789525,0.3056109445161966,-0.01498122820169867,0.04672986266224718
1215,0.3748556838157293,0.36308517004291324,-0.011770513772816071,0.27840983247060525,0.27116323157236505,-0.007246600898240196,0.026028537979186847
1216,0.3437802491443309,0.3266632799545781,-0.017116969189752806,0.26206501641686536,0.22518797083443218,-0.03687704558243318,0.14071716281189195
1217,0.447937924826783,0.42907389619879066,-0.018864028627992357,0.35250946513999815,0.31438829840571436,-0.038121166734283785,0.10814225007871511
1218,0.3141674492043271,0.3522839727540801,0.03811652354975298,0.24790525501440838,0.26588354773625833,0.017978292721849948,-0.07252082139527474
1219,0.3468717156439666,0.3598587993223963,0.012987083678429656,0.2434629759179962,0.2376659602621385,-0.005797015655857718,0.02381066621731545
1220,0.42866412643248164,0.3794392557261843,-0.04922487070629733,0.2944450301738515,0.22625384916042002,-0.06819118101343147,0.23159222953489422
1221,0.4318509280489562,0.4687584971007187,0.03690756905176251,0.29479548168751574,0.31835736530313474,0.023561883615619006,-0.07992620334864795
1222,0.35923367941128376,0.39067829412513916,0.0314446147138554,0.25330715005377236,0.28657081226683284,0.033263662213060485,-0.1313175021155117
1223,0.3184155046589363,0.34530959173498454,0.026894087076048234,0.24803735657709639,0.2568078875832908,0.008770531006194432,-0.035359718097416205
1224,0.34873905087074314,0.3132779924196844,-0.035461058451058736,0.2697340704712097,0.20309672204751245,-0.06663734842369723,0.24704831802406596
1225,0.4222080638893203,0.4477510402990018,0.025542976409681506,0.3144965078691427,0.3216122263291063,0.007115718459963616,-0.022625747128881827
1226,0.38054293745040363,0.33868206218530345,-0.041860875265100184,0.2831710651632152,0.23158465405453763,-0.05158641110867759,0.18217401936509303
1227,0.3578920799678501,0.3290201420957347,-0.028871937872115394,0.2817299383700618,0.2347997283936705,-0.04693020997639133,0.16657871097372304
1228,0.3540136353777068,0.37790000687755887,0.023886371499852066,0.2644707679219167,0.2622419151547791,-0.002228852767137579,0.008427595929224336
1229,0.3647543029799428,0.33189114492586164,-0.03286315805408119,0.29060298059042483,0.2189002670527019,-0.07170271353772292,0.24673770858111246
1230,0.3730396391060577,0.3399081858054768,-0.03313145330058087,0.26715269780051104,0.20632208990246054,-0.060830607898050504,0.22769977020211152
1231,0.2833316623792056,0.2879250588186379,0.004593396439432296,0.22274628150552958,0.1918164304196337,-0.030929851085895882,0.13885686834744337
1232,0.3981097457110187,0.41232702620750195,0.014217280496483242,0.2962521604442787,0.27171111819120264,-0.024541042253076073,0.08283835708159142
1233,0.36840329555550927,0.3873268770660711,0.018923581510561838,0.2747485269805992,0.27801785733930373,0.0032693303587045253,-0.011899355365553543
1234,0.46930803213772215,0.45828897694028076,-0.011019055197441396,0.30131691417842266,0.27723029495270135,-0.024086619225721306,0.07993782656176608
1235,0.3120445844906683,0.27103801388272253,-0.04100657060794577,0.2793416908765366,0.20160766855157775,-0.07773402232495885,0.2782757635676936
1236,0.41131691680142635,0.37812150914001347,-0.03319540766141288,0.3115510618962759,0.24430797070769775,-0.06724309118857816,0.21583329159367548
1237,0.35287957998563585,0.3606534390978443,0.007773859112208459,0.24853779645441954,0.24723659355222763,-0.0013012029021919058,0.005235432681686865
1238,0.38705054516172477,0.37081969015109945,-0.016230855010625322,0.29370301740418253,0.2587263593643255,-0.034976658039857056,0.11908852128585236
1239,0.3700285485041915,0.36681211749387405,-0.003216431010317433,0.297606049159008,0.2740452533087274,-0.02356079585028059,0.0791677316938282
1240,0.419160128264128,0.35316728601618186,-0.06599284224794616,0.31678322142770216,0.23080068250102004,-0.08598253892668212,0.27142390477364814
1241,0.3710310184772471,0.37044064894691503,-0.000590369530332091,0.2977097803368207,0.2880386007489776,-0.009671179587843137,0.03248525989606868
1242,0.3437097777002794,0.35605152420953406,0.01234174650925468,0.2751549224378599,0.2565558137513282,-0.018599108686531696,0.06759504253728937
1243,0.4238548624666534,0.42053627491947954,-0.0033185875471738457,0.31151079664185277,0.29908832075967395,-0.012422475882178818,0.039878155158972126
1244,0.23551530273842233,0.23576009385494986,0.0002447911165275318,0.1802368708682047,0.1683587413776107,-0.011878129490593997,0.06590288342988204
1245,0.43663244450467137,0.46755344852073344,0.03092100401606207,0.29366066016266934,0.3178719070274913,0.024211246864821956,-0.08244634079147838
1246,0.3923970689626061,0.3752975321217246,-0.017099536840881502,0.26435683428931345,0.22426102330424222,-0.04009581098507123,0.15167306376951908
1247,0.3634743681649695,0.3793967812569434,0.015922413091973953,0.27088950229361314,0.2851207797051263,0.014231277411513144,-0.05253535958764497
1248,0.36989745085635234,0.345386075442317,-0.024511375414035363,0.26841294620625267,0.23005822472106247,-0.0383547214851902,0.14289445433722797
1249,0.31507429063375364,0.30104735996496357,-0.014026930668790072,0.2522959177098705,0.21983401721307672,-0.03246190049679376,0.12866597601521068
1250,0.3856425032751581,0.3857006451656241,5.8141890465990276e-05,0.281688828450294,0.26481598700509973,-0.016872841445194298,0.059898866199344605
1251,0.3690975952593932,0.3926482180915349,0.02355062283214171,0.262198970926524,0.27455772085360125,0.01235874992707725,-0.04713500546323861
1252,0.32956259370549135,0.3245421518650388,-0.0050204418404525275,0.2410660775427675,0.2073253102207001,-0.03374076732206738,0.13996480826333366
1253,0.45549554396388336,0.45524641480584505,-0.00024912915803831925,0.3049370028538831,0.2842446631795445,-0.02069233967433859,0.06785775252160445
1254,0.4337172963332217,0.4365922414645414,0.002874945131319695,0.3403615583000984,0.3147467353916739,-0.025614822908424484,0.07525768490529643
1255,0.3905507287976237,0.39820747334079265,0.007656744543168947,0.28556358229956885,0.27396010385091774,-0.011603478448651117,0.040633607252056926
1256,0.3370123438786632,0.35040391967018875,0.013391575791525556,0.2554399210875902,0.24808035150831056,-0.007359569579279662,0.028811352383545676
1257,0.338126425350906,0.31071554499782994,-0.02741088035307604,0.26252185400327277,0.23128886742086377,-0.031232986582409,0.11897290113614552
1258,0.3755330670581821,0.38951395650388937,0.013980889445707245,0.26331644406665033,0.2617585223521411,-0.0015579217145092472,0.005916537875298468
1259,0.39025404515908185,0.4070811169894054,0.01682707183032356,0.3016369162411007,0.28401954214549185,-0.017617374095608873,0.05840589512434602
1260,0.31709841915384573,0.3447403691275445,0.027641949973698787,0.2423813045220784,0.24585565620703465,0.003474351684956245,-0.014334239564420563
1261,0.341510182896719,0.31859761155413113,-0.02291257134258784,0.26401022063697366,0.21612278833087248,-0.04788743230610118,0.18138476681154184
1262,0.35721021492392674,0.40398485582298393,0.046774640899057196,0.2596159403708111,0.2850908344377936,0.0254748940669825,-0.09812530783200965
1263,0.40612641876427147,0.4110545709115586,0.004928152147287146,0.299531983791816,0.2796081995148744,-0.01992378427694158,0.06651638340828814
1264,0.36324952954586587,0.33345886939214314,-0.029790660153722726,0.2660340496707708,0.20928049505416726,-0.05675355461660356,0.21333192005624335
1265,0.3419397852866979,0.35374788624257725,0.011808100955879364,0.26758310255974554,0.2459070101785901,-0.02167609238115545,0.08100695512458841
1266,0.42442711328967103,0.4009284678674717,-0.023498645422199316,0.32602270388362764,0.2703194591107894,-0.05570324477283822,0.17085694986666097
1267,0.36656045255101116,0.3663885353258411,-0.0001719172251700707,0.28033260950367805,0.2426341269860596,-0.037698482517618453,0.13447769271067922
1268,0.3674163609413322,0.36186879023055335,-0.005547570710778826,0.26288981958858393,0.24237954823526728,-0.02051027135331665,0.07801850746983933
1269,0.40922737964449357,0.37287778764136376,-0.036349592003129816,0.3070695020110946,0.24751621632531579,-0.059553285685778834,0.1939407375064787
1270,0.3611719049822542,0.36485450284789556,0.003682597865641346,0.26522314184782564,0.2453257128124918,-0.01989742903533384,0.07502146644032362
1271,0.4008946704907371,0.3892245796390178,-0.011670090851719328,0.30946779364564314,0.2731982420369174,-0.03626955160872575,0.11719976150492832
1272,0.38215623440473656,0.36452888316509,-0.017627351239646538,0.2814405764293994,0.2447175385800706,-0.036723037849328816,0.13048238571434617
1273,0.2904290008459182,0.30563064278795954,0.015201641942041322,0.19897477557991008,0.19886445774561964,-0.00011031783429044095,0.0005544312537552595
1274,0.37034148141529355,0.3609173416024492,-0.009424139812844345,0.27931307919799353,0.2556028984303478,-0.02371018076764575,0.084887470489123
1275,0.34004594997504295,0.3415061265241743,0.0014601765491313312,0.2549935224616113,0.24498158564061123,-0.010011936821000045,0.039263494712918914
1276,0.30847091427216067,0.3440628440287585,0.03559192975659781,0.24981349993810525,0.2572518900466259,0.007438390108520654,-0.029775773168237978
1277,0.49448261121630793,0.47644900019967146,-0.018033611016636475,0.3601608748804906,0.3157228343022702,-0.04443804057822037,0.12338386448268682
1278,0.22923964321471593,0.2896024282815618,0.060362785066845864,0.18804813512761717,0.21554807061466644,0.027499935487049265,-0.14623880991101923
1279,0.2779706623557374,0.2708810678626242,-0.007089594493113194,0.2356343267867172,0.21649921585662574,-0.01913511093009146,0.08120680543888444
1280,0.4329124405224048,0.4177845153053855,-0.015127925217019278,0.30560467819152337,0.2769167481103801,-0.028687930081143287,0.0938726797341907
1281,0.350226371330686,0.3809874455449843,0.0307610742142983,0.27325357135423717,0.2900912294368403,0.016837658082603124,-0.06161916932743516
1282,0.2616336311955223,0.29295440424256686,0.03132077304704456,0.19713104028505335,0.19596883216779912,-0.001162208117254232,0.0058956119522002625
1283,0.44604977461638656,0.4579042826230882,0.011854508006701625,0.31749028324072615,0.3141362800455917,-0.0033540031951344584,0.010564112894728814
1284,0.26972322090585876,0.27464306880986616,0.004919847904007402,0.21263307112707858,0.1935795382846045,-0.019053532842474075,0.08960757017466428
1285,0.49674683103723954,0.4740177464195963,-0.022729084617643225,0.3586743338776993,0.3169929622549305,-0.041681371622768804,0.11620951845687767
1286,0.47766731602490753,0.455998599020329,-0.021668717004578508,0.33834863758770073,0.29967221661586224,-0.03867642097183849,0.11430937404562025
1287,0.28710916960135285,0.3076615199567473,0.020552350355394433,0.2298570482661611,0.23326878010981628,0.0034117318436551747,-0.014842841972392282
1288,0.45319382968255356,0.46308836656351093,0.009894536880957372,0.31567697719250776,0.30248810233212675,-0.013188874860381006,0.041779653928763066
1289,0.36072477627175675,0.3473419789609059,-0.013382797310850847,0.27568267693464404,0.22901428939197616,-0.04666838754266789,0.16928298891167376
1290,0.3615299492905993,0.3511596348923706,-0.010370314398228664,0.2825346620277639,0.2685107090285158,-0.01402395299924808,0.04963622126431335
1291,0.411425429611862,0.42553811358337573,0.014112683971513718,0.3003208417665269,0.2858756766083111,-0.014445165158215811,0.04809910984947778
1292,0.4098504731691898,0.3889719940686741,-0.020878479100515712,0.30610612391881004,0.2673543801947973,-0.038751743724012744,0.12659578066556765
1293,0.2798999561804882,0.3049109192708777,0.025010963090389526,0.22787406571776225,0.23883579575313413,0.010961730035371875,-0.04810433342137641
1294,0.44940976543342287,0.4508058902521835,0.0013961248187606135,0.31089964389496266,0.2954854473945634,-0.015414196500399269,0.04957933147587313
1295,0.3089589371802628,0.3767830367976446,0.06782409961738178,0.25843852882322277,0.3054412154480653,0.04700268662484253,-0.18187182398408297
1296,0.25419531459441913,0.270616824348105,0.016421509753685892,0.18060580047026062,0.1881613992587296,0.007555598788468981,-0.041834751535087714
1297,0.3359362779188905,0.35282628669576366,0.016890008776873133,0.25049488772658746,0.23649920414280962,-0.01399568358377784,0.05587213260437467
1298,0.4888371076635848,0.49716651998085504,0.008329412317270246,0.3542676610454378,0.34281933036195156,-0.011448330683486219,0.03231548329786126
1299,0.38999485260131633,0.3947336642798598,0.004738811678543453,0.2751498185507006,0.27284891958043755,-0.0023008989702630323,0.008362349582429604
1300,0.3935575684128524,0.36668683261310664,-0.02687073579974575,0.3092963460767462,0.2597453920473736,-0.049550954029372596,0.16020542970487414
1301,0.2681920519791127,0.23540326026526526,-0.032788791713847465,0.21078615959482852,0.17252256613054892,-0.0382635934642796,0.18152801653500197
1302,0.3829102113663721,0.3830908717885738,0.00018066042220171719,0.2947407586274068,0.2681659478866365,-0.026574810740770283,0.090163338333415
1303,0.39050883275406373,0.43068791544577967,0.04017908269171594,0.2896424364841332,0.311587904700836,0.021945468216702846,-0.07576744790263161
1304,0.30830481831779827,0.2960924572789922,-0.012212361038806074,0.26015414007804794,0.22749679725117855,-0.032657342826869384,0.1255307442621208
1305,0.32583852917131234,0.3113682847351157,-0.014470244436196655,0.2522979955409097,0.2250147056030431,-0.027283289937866606,0.1081391466443207
1306,0.3259071178585021,0.3031598813606483,-0.022747236497853818,0.2631056206047861,0.23342208388715163,-0.029683536717634462,0.1128198502540637
1307,0.4372744525140168,0.4079905113135735,-0.02928394120044331,0.2844677020055507,0.23601225109446627,-0.04845545091108444,0.17033726700593568
1308,0.414114694223294,0.412073491318684,-0.0020412029046100177,0.3176846105277026,0.28344068405500455,-0.03424392647269803,0.10779221069543092
1309,0.292330036938309,0.2869236667309643,-0.005406370207344691,0.25347478620119973,0.22230947725313382,-0.031165308948065906,0.12295230391605079
1310,0.35113951301247975,0.36757290893951494,0.016433395927035188,0.26346682548234773,0.24238587114250215,-0.02108095433984558,0.08001369546716615
1311,0.3395738625778061,0.32336024092234034,-0.01621362165546575,0.2689598672945192,0.23163298878386693,-0.03732687851065228,0.1387823353949614
1312,0.32772253089857356,0.33248020233330383,0.004757671434730271,0.23257456706602272,0.22384373530985266,-0.008730831756170065,0.03753992479191234
1313,0.25040227658756453,0.26598779837289244,0.015585521785327905,0.18663961839535492,0.18886759514468382,0.002227976749328897,-0.011937319463488288
1314,0.4130257849738622,0.4116899245299331,-0.0013358604439291377,0.32701482955820493,0.30441548377824834,-0.022599345779956592,0.0691080151028263
1315,0.3080629926392295,0.2492036384481283,-0.05885935419110119,0.24920752008182187,0.1701430318860293,-0.07906448819579256,0.31726365307850046
1316,0.3945628947075421,0.40196494233427776,0.007402047626735686,0.28777706063893965,0.2747287611739686,-0.013048299464971047,0.04534169414337766
1317,0.4480482330261164,0.4719847475397924,0.02393651451367601,0.3049795122159318,0.3216686826280632,0.016689170412131415,-0.05472226737747268
1318,0.45043637836881817,0.4572832557835563,0.006846877414738106,0.33214695306414804,0.3258626469795922,-0.006284306084555824,0.01892025811641911
1319,0.31801509689349505,0.3183999361839349,0.00038483929043986453,0.2491388087112017,0.23157077284533711,-0.017568035865864584,0.07051505125493801
1320,0.3119230962807946,0.3306336060528825,0.01871050977208788,0.2544146279328377,0.26020503644744497,0.00579040851460727,-0.0227597310801479
1321,0.29560929128945557,0.2873722068341259,-0.008237084455329668,0.23900012164587603,0.20217641500625053,-0.0368237066396255,0.15407400793789888
1322,0.4004987808991953,0.39693243908542564,-0.0035663418137696357,0.28434472872333766,0.2623783460779208,-0.021966382645416838,0.07725264591343887
1323,0.369464550902434,0.34948754342378296,-0.019977007478651054,0.27621218138193404,0.23976147387470198,-0.03645070750723206,0.131966328656699
1324,0.3517225723756179,0.37716085417610207,0.025438281800484186,0.2559520918086219,0.2658732162775948,0.00992112446897292,-0.03876164636462925
1325,0.4565654974162392,0.43139091258104306,-0.025174584835196134,0.3409501654995198,0.29393681219476836,-0.047013353304751426,0.13788922271345147
1326,0.38302249264493465,0.36858132517654474,-0.014441167468389915,0.26669125380062925,0.25110804823885785,-0.015583205561771396,0.058431633357653924
1327,0.3869190574525646,0.42127400714175056,0.034354949689185954,0.2908542183813535,0.31658502294990615,0.025730804568552645,-0.08846632760476487
1328,0.3960580639673969,0.40050147346394666,0.004443409496549755,0.2743270851297929,0.2625923083546769,-0.01173477677511603,0.04277658828170004
1329,0.3406839627981279,0.3487284080065552,0.008044445208427287,0.23904738199810346,0.22333914528633123,-0.01570823671177224,0.06571181236319444
1330,0.3614436462221692,0.42696985543647953,0.06552620921431035,0.24649711550005293,0.3115989929027433,0.06510187740269036,-0.26410806986776436
1331,0.2966109629623119,0.34177471845412577,0.045163755491813895,0.22704785639707079,0.2502539459133227,0.023206089516251888,-0.1022079216448012
1332,0.2999069973342481,0.2903845690809023,-0.00952242825334576,0.23867958681761461,0.22566750062249621,-0.0130120861951184,0.05451696296533937
1333,0.2969405303317542,0.31770021601211157,0.020759685680357354,0.2514123687002957,0.22735848538355852,-0.02405388331673719,0.09567501965430907
1334,0.38992689193061414,0.38400849708778223,-0.005918394842831909,0.29455149166358385,0.2658027741800283,-0.028748717483555564,0.09760166998709462
1335,0.40859540070904354,0.42483713463487444,0.016241733925830892,0.27962621006343147,0.29038650167070634,0.010760291607274874,-0.038480983613209827
1336,0.42790054355097434,0.4078432613175386,-0.020057282233435725,0.32788410190843037,0.2952013343881935,-0.032682767520236855,0.09967780484021245
1337,0.3651736874974292,0.31651124600940883,-0.04866244148802035,0.28360592070166285,0.21884459531756012,-0.06476132538410273,0.22834969461807508
1338,0.4172386231745641,0.4103033010170592,-0.0069353221575049195,0.3001577862020567,0.26847339179480323,-0.03168439440725346,0.1055591287774375
1339,0.38909126950027756,0.3667371530978433,-0.022354116402434232,0.29520428198935317,0.26360954972507,-0.031594732264283165,0.10702667336452341
1340,0.5162041130610084,0.5053465184396694,-0.010857594621339062,0.3690692527962366,0.33861819159138556,-0.030451061204851027,0.08250771630023344
1341,0.3458960273084334,0.32618544801240223,-0.01971057929603115,0.2816831182131906,0.2341392191121941,-0.04754389910099649,0.16878504967774854
1342,0.42585068543163274,0.43083455844635027,0.0049838730147175325,0.3232605054278527,0.30047714765268085,-0.02278335777517182,0.07047986807116081
1343,0.4102597865518786,0.4068383246877608,-0.003421461864117792,0.31507735271526005,0.2972895054871438,-0.01778784722811627,0.05645549283318819
1344,0.42807198447057065,0.43164989055130587,0.003577906080735216,0.3188351853958549,0.3067061417422128,-0.012129043653642146,0.03804173506943137
1345,0.29284464098558494,0.25329372429019115,-0.03955091669539379,0.23842450163301293,0.18196303694659471,-0.05646146468641822,0.23681066459069156
1346,0.2909726992142078,0.34292559431139574,0.05195289509718792,0.23199984976749047,0.25256179325687705,0.020561943489386586,-0.08862912415673416
1347,0.3401940315853357,0.3796106717813727,0.03941664019603702,0.26570770888255185,0.27576151380361846,0.010053804921066611,-0.0378378367844442
1348,0.4215917096410726,0.41203731627215506,-0.009554393368917558,0.31780439185942827,0.29046423968633556,-0.027340152173092713,0.0860282389841417
1349,0.34723184278781744,0.3541388966736341,0.006907053885816639,0.27553463688693774,0.25651046153109874,-0.019024175355839,0.06904458753635877
1350,0.4387724973059407,0.4760073511878181,0.03723485388187742,0.28766809209563404,0.32057796742493444,0.0329098753293004,-0.11440224423068669
1351,0.36538061655379794,0.3518441660774294,-0.013536450476368533,0.2569714219418987,0.2254843492569675,-0.0314870726849312,0.12253141787902949
1352,0.4035425690369791,0.4033814450155957,-0.00016112402138340753,0.2747924958416909,0.24835916635022445,-0.026433329491466456,0.09619378218644954
1353,0.4065304921565513,0.4022337320065297,-0.004296760150021617,0.30534391008746986,0.261400938959954,-0.043942971127515884,0.14391304255888984
1354,0.47051820093233243,0.4563042284679228,-0.014213972464409641,0.34822628488411356,0.2921662560658518,-0.056060028818261776,0.1609873557848111
1355,0.39805395758118606,0.40279332260739603,0.004739365026209974,0.29468655789189696,0.26896981365346295,-0.02571674423843401,0.08726812794721352
1356,0.42698460384079256,0.388279871005083,-0.03870473283570958,0.32638256797691295,0.26816931265504973,-0.05821325532186322,0.17835895980198613
1357,0.392950011876161,0.38424746548050914,-0.008702546395651878,0.3049231435147185,0.2869863693377818,-0.017936774176936676,0.05882391861171035
1358,0.36063593912693176,0.3424156570689949,-0.018220282057936854,0.26744037279074145,0.22498519868700145,-0.04245517410374,0.1587463166489041
1359,0.593488901738258,0.5667187803503093,-0.026770121387948653,0.42219660607575377,0.3605580601086644,-0.06163854596708934,0.14599488740567867
1360,0.35394461415292405,0.36619857159151137,0.012253957438587315,0.2710670866439528,0.24332848377607452,-0.02773860286787827,0.10233113585019263
1361,0.4367104998660679,0.42774376872355724,-0.008966731142510675,0.31417003805363497,0.2690101302419437,-0.04515990781169127,0.14374352211136565
1362,0.3699846837230028,0.3550583364465149,-0.014926347276487895,0.28315939784592037,0.2312204382117181,-0.05193895963420228,0.18342657891391823
1363,0.45705682159257954,0.4568322166894718,-0.00022460490310771686,0.30722367576386894,0.3035407360872858,-0.003682939676583119,0.011987812031172409
1364,0.3785925149484298,0.41265493142318027,0.034062416474750445,0.280529005903477,0.29901412276195594,0.018485116858478923,-0.06589378092630888
1365,0.32752830077886064,0.2699240554751713,-0.05760424530368935,0.2554675050025986,0.17960881645598284,-0.07585868854661579,0.29694065609574943
1366,0.3167016200496021,0.28562283845096753,-0.031078781598634586,0.2484813632122705,0.20418248395477806,-0.04429887925749243,0.17827847805088373
1367,0.27813116510649916,0.2768530393001208,-0.0012781258063783718,0.21311019099637407,0.19234411472252502,-0.02076607627384905,0.09744290583551854
1368,0.38004461902851727,0.3553685239584202,-0.02467609507009705,0.2698334408482314,0.22040463230613022,-0.04942880854210119,0.18318266404163952
1369,0.3962311258732688,0.36908255945469387,-0.027148566418574938,0.29230296511345827,0.22559728932823975,-0.06670567578521852,0.2282073182505231
1370,0.33670011363604135,0.3529823405959701,0.01628222695992876,0.24751007471916409,0.22971993634805576,-0.01779013837110832,0.0718764211569723
1371,0.36340258321448143,0.37164929543238845,0.008246712217907015,0.2967903298015898,0.29333299795703816,-0.0034573318445516588,0.011649071743216678
1372,0.3146739220967812,0.2308417424682719,-0.08383217962850928,0.2528373523658655,0.16378630983061118,-0.08905104253525434,0.35220683060465685
1373,0.3317129409724298,0.3215199177841068,-0.010193023188322992,0.29068579641934356,0.242155808017609,-0.04852998840173456,0.16694998173122005
1374,0.28674989510861254,0.2687037411973993,-0.018046153911213225,0.2304196460355823,0.1919893531073304,-0.0384302929282519,0.16678392484952148
1375,0.3698176135076038,0.36796147457833084,-0.0018561389292729435,0.25595800287077247,0.23132194541148543,-0.024636057459287042,0.0962503894505117
1376,0.3121855084162323,0.3257093433107255,0.013523834894493159,0.2490652984910362,0.24115509658203063,-0.00791020190900557,0.03175955043488428
1377,0.34580277064753834,0.34984203386701096,0.004039263219472622,0.26285561894999465,0.2500857835955168,-0.012769835354477843,0.048581177018350755
1378,0.3972064495681187,0.3849242772312633,-0.012282172336855357,0.2948572092546786,0.2601865528930213,-0.03467065636165734,0.11758456389550599
1379,0.42633897613588695,0.42582614459451174,-0.0005128315413752138,0.3193561482102396,0.2907340608000381,-0.028622087410201502,0.08962435065242243
1380,0.34376927876126345,0.3614019095684197,0.01763263080715627,0.24494265335166593,0.24441446771989947,-0.000528185631766459,0.002156364457308867
1381,0.443167489768562,0.42536976194876647,-0.01779772781979555,0.34954998069175186,0.3293292128811553,-0.020220767810596563,0.05784800150919791
1382,0.3250665145520528,0.2937977455310997,-0.0312687690209531,0.24683380995550488,0.20600818808767923,-0.04082562186782565,0.16539720338629874
1383,0.3805724613021009,0.37859921832261784,-0.0019732429794830364,0.25507504522533975,0.2402850367661923,-0.014790008459147436,0.05798296907516597
1384,0.22820415813881684,0.23450286105832813,0.00629870291951129,0.18169520711254103,0.17604080038725908,-0.005654406725281946,0.031120285532791392
1385,0.37847252961935246,0.39718905828206574,0.018716528662713283,0.27621728068297824,0.2805129337987856,0.004295653115807374,-0.015551717492786438
1386,0.3361545633693748,0.2979731007833611,-0.03818146258601374,0.26758584686297926,0.2128401548362034,-0.05474569202677587,0.20459113465298148
1387,0.2846967999090064,0.26982237315336105,-0.014874426755645376,0.2121342680114579,0.19135638077034997,-0.020777887241107934,0.09794686844270567
1388,0.27368102910305886,0.30425095423076015,0.030569925127701292,0.20232641645022126,0.22322380335697709,0.020897386906755827,-0.1032855089977697
1389,0.41066788451808195,0.3972169372092637,-0.01345094730881824,0.3012776833977109,0.2596568162578027,-0.0416208671399082,0.138147859710423
1390,0.2674311889676682,0.27095731489966296,0.0035261259319947502,0.2216740822723029,0.20178002435045614,-0.01989405792184676,0.08974462741841438
1391,0.39410877425515006,0.37159504046109026,-0.022513733794059798,0.31030209129831327,0.25846165513934066,-0.0518404361589726,0.1670644111422861
1392,0.4325934989396092,0.45782720531417076,0.02523370637456157,0.30705044785259367,0.31538860337716235,0.00833815552456868,-0.027155653355606227
1393,0.29228074049339403,0.31583600466672357,0.023555264173329538,0.22375425485509437,0.2347718862026924,0.011017631347598034,-0.04923987414108916
1394,0.3023555677888976,0.31729652565963057,0.014940957870732963,0.2584518499414329,0.23593568750894514,-0.022516162432487746,0.08711937034921621
1395,0.35857700235565243,0.3941936528748602,0.03561665051920776,0.2566145089404194,0.2797576731931599,0.023143164252740545,-0.090186499385013
1396,0.431432900438041,0.38632583807174226,-0.045107062366298745,0.2952165016931626,0.2265601714445816,-0.068656330248581,0.2325626442113318
1397,0.45418501010061013,0.45561854203174795,0.0014335319311378214,0.33516408266302383,0.3150352334715953,-0.020128849191428544,0.06005670127746421
1398,0.38579602787027534,0.3630833718111289,-0.022712656059146463,0.2953311053052876,0.2518909247732963,-0.043440180531991335,0.14708975706127078
1399,0.3376275566633263,0.36482363502203347,0.027196078358707187,0.24052088762030863,0.2504779061979254,0.0099570185776168,-0.041397729220653635
1400,0.36259233619330805,0.3495213780808239,-0.013070958112484155,0.26509085868694793,0.21452743880165678,-0.050563419885291144,0.19073996038845942
1401,0.3291031028925198,0.30480238706974316,-0.024300715822776653,0.24414059378737862,0.2255080812330937,-0.018632512554284913,0.07631878117947037
1402,0.42002717557792624,0.41445363755140613,-0.0055735380265201084,0.3020827468963138,0.27454554346537763,-0.027537203430936186,0.0911578159092548
1403,0.26959068236820927,0.2955491449698481,0.02595846260163881,0.21631306226625444,0.22187299098208985,0.0055599287158354105,-0.025703157532816167
1404,0.33418781222384936,0.31298000467621523,-0.021207807547634128,0.2605317673416781,0.23221822547725554,-0.02831354186442256,0.10867596743889724
1405,0.2630830676893528,0.2546276750080633,-0.008455392681289475,0.2238955156410986,0.18718903344431181,-0.036706482196786794,0.16394469577330337
1406,0.35453226333556936,0.3315475647460025,-0.022984698589566865,0.28546652671790174,0.2501322554867094,-0.035334271231192316,0.12377728358361845
1407,0.3958991300221412,0.41246867236198254,0.016569542339841314,0.28883886196791064,0.2969502954627109,0.008111433494800258,-0.02808290213974538
1408,0.3491902949132676,0.34560314131304853,-0.0035871536002190507,0.2591968949249783,0.22267477926224893,-0.03652211566272939,0.1409049119716512
1409,0.2991778990301777,0.33072977562603356,0.03155187659585584,0.23206076719907312,0.24340433285762433,0.011343565658551213,-0.04888187605111271
1410,0.2930232279884928,0.29350947808069366,0.00048625009220087945,0.24564009441139417,0.21827141417958074,-0.027368680231813436,0.11141780537657993
1411,0.41228414400231217,0.41101296041657726,-0.001271183585734914,0.2854312303476808,0.2784630729405378,-0.006968157407143016,0.024412736471251504
1412,0.31571721895760596,0.29247754679138155,-0.023239672166224412,0.2198945377721248,0.20726869977558343,-0.012625837996541378,0.0574176972491488
1413,0.45078460092451583,0.4259756359869505,-0.024808964937565348,0.35103511790329306,0.2766187264248518,-0.07441639147844126,0.21199130139151004
1414,0.37922342081997623,0.3695717600678585,-0.009651660752117708,0.2929082168747017,0.24956823784128573,-0.043339979033415965,0.14796436745902436
1415,0.3882578978998546,0.37430167057795055,-0.013956227321904047,0.29993709763915877,0.25584219079231285,-0.044094906846845916,0.1470138478831804
1416,0.30080803950552054,0.33751125018247435,0.03670321067695381,0.231223433715877,0.2480118485855596,0.016788414869682605,-0.07260689195677239
1417,0.29515076056300715,0.329668593024318,0.03451783246131085,0.2494911067805729,0.2677903211128405,0.01829921433226761,-0.07334615878056826
1418,0.5407809045568374,0.5165341379755864,-0.02424676658125091,0.40415463562871795,0.35144234549921755,-0.052712290129500405,0.13042604360457033
1419,0.39874591450376107,0.3925086666518786,-0.006237247851882455,0.2819906940340511,0.25562307518723726,-0.026367618846813823,0.0935052801552021
1420,0.30734091464134744,0.30733540832447387,-5.506316873571393e-06,0.24422465074839927,0.22247723382427648,-0.021747416924122798,0.08904677254110205
1421,0.4299188019846087,0.36699785928108225,-0.06292094270352644,0.3153329805393623,0.22070678329079246,-0.09462619724856985,0.30008341368770297
1422,0.5493068598893394,0.509310712836626,-0.03999614705271337,0.38304879440700235,0.3077017338759502,-0.07534706053105217,0.19670355743501794
1423,0.39601599064823023,0.39356951637815624,-0.002446474270073995,0.2646937818558661,0.24683532903054464,-0.017858452825321475,0.06746835040894897
1424,0.4440576872534387,0.4460461267589872,0.0019884395055485005,0.2915971615070034,0.28018670959583986,-0.011410451911163522,0.03913087443030365
1425,0.35889733511929234,0.3845140192256121,0.025616684106319787,0.26943500735669257,0.2838083516173657,0.014373344260673104,-0.05334623886362657
1426,0.4607637184657646,0.4532109639733022,-0.007552754492462399,0.31744903276526937,0.2897200496643783,-0.027728983100891058,0.0873494017585955
1427,0.34193910889717666,0.32833384184804104,-0.013605267049135616,0.24077561013811702,0.20657260748872855,-0.03420300264938847,0.14205343568548523
1428,0.3693642690359422,0.36390135735658885,-0.005462911679353366,0.28993881028474094,0.28277035656807253,-0.00716845371666841,0.024724022664052697
1429,0.4374055349482913,0.4187836890693032,-0.01862184587898813,0.3094507320291429,0.27469776559120235,-0.03475296643794057,0.11230532954327496
1430,0.40233388076893173,0.40459579250538485,0.002261911736453126,0.3162446312295956,0.26447115280222644,-0.05177347842736918,0.16371338297844906
1431,0.2769498702239219,0.3147388641706615,0.03778899394673957,0.21440388746629682,0.231504931099745,0.017101043633448165,-0.07976088416837293
1432,0.4002349543390521,0.3829314222967568,-0.01730353204229529,0.27323005795740846,0.23666164879606452,-0.036568409161343934,0.13383743148436575
1433,0.32131851285132446,0.301403898715407,-0.01991461413591744,0.26181420282660417,0.2199713856231317,-0.041842817203472465,0.15981874455903514
1434,0.4291869839522571,0.4218955118627118,-0.007291472089545281,0.3054500175614967,0.2740446477359763,-0.03140536982552039,0.10281672293306547
1435,0.37153050441658736,0.3811696727239849,0.009639168307397528,0.27621091429786593,0.27269628742766794,-0.00351462687019799,0.012724431542222895
1436,0.38376782514338265,0.31423145745568126,-0.06953636768770138,0.2826757832415746,0.18581421057724584,-0.09686157266432877,0.3426596065413602
1437,0.35918787845907274,0.36137952187897404,0.0021916434199013013,0.26659282011383734,0.24972064781823627,-0.016872172295601062,0.0632881721585619
1438,0.2256987488631483,0.252080132711799,0.026381383848650714,0.18282485785929972,0.17725434447381355,-0.00557051338548617,0.03046912466232127
1439,0.3051930915617582,0.2677724274604218,-0.03742066410133643,0.2278194169299587,0.17436404524235147,-0.05345537168760722,0.2346392261377864
1440,0.4594148929513727,0.4368477570070191,-0.02256713594435361,0.31306293402320984,0.2813671733143405,-0.031695760708869314,0.10124405435528007
1441,0.34863109515340074,0.3769784545088041,0.028347359355403334,0.25840049545694727,0.26663349959818616,0.008233004141238898,-0.03186141004366077
1442,0.3910605405504735,0.3970150616308914,0.005954521080417885,0.2903636167447228,0.2884806568890396,-0.0018829598556831528,0.006484834005007533
1443,0.4580193129070489,0.44204418309025517,-0.01597512981679372,0.3345607316022832,0.29736335632776895,-0.03719737527451428,0.11118272935490084
1444,0.37880438117364046,0.3263946256037536,-0.05240975556988686,0.2689941089930385,0.21940389958251605,-0.049590209410522446,0.18435425815145204
1445,0.35195913289980413,0.3452809016020236,-0.006678231297780501,0.2641115096572577,0.22273818781999313,-0.04137332183726458,0.15665096114499322
1446,0.35192540986765025,0.3618507008902354,0.009925291022585159,0.2592161009746524,0.24859398179268993,-0.010622119181962486,0.04097785261804079
1447,0.33113410133423193,0.32567390521941486,-0.005460196114817073,0.24094178118752183,0.2165626602681997,-0.024379120919322123,0.10118262095999105
1448,0.31516676992408316,0.3159405227945605,0.0007737528704773178,0.26210053938304667,0.2428268089181716,-0.019273730464875072,0.07353563830979946
1449,0.45459047532034874,0.4748114724488703,0.020220997128521545,0.30724288383895143,0.31808934092745444,0.010846457088503014,-0.03530254941295382
1450,0.3697428665373777,0.33771389843076877,-0.032028968106608935,0.24193678809906566,0.1954583698706099,-0.04647841822845575,0.19210975971717154
1451,0.30977238242972815,0.29374768730471806,-0.01602469512501009,0.24962211833108722,0.21506279580118381,-0.0345593225299034,0.13844655578182988
1452,0.3865283738456635,0.4017818104968795,0.01525343665121598,0.26596539202331115,0.25438245255048225,-0.011582939472828901,0.04355055138833133
1453,0.3556847951493078,0.37097023772125876,0.015285442571950969,0.2609796713630563,0.2682773548220873,0.007297683459031035,-0.027962650964024775
1454,0.3629757361229574,0.34478381737230257,-0.018191918750654845,0.25901954191464693,0.21313015670975424,-0.04588938520489269,0.17716572605172135
1455,0.4306952134042211,0.4365678944295377,0.005872681025316573,0.3186594806212203,0.30386205928719645,-0.014797421334023841,0.046436469755039345
1456,0.31113185146451783,0.36619895479402154,0.05506710332950371,0.2495819829109869,0.2831844231598608,0.033602440248873905,-0.13463487971749216
1457,0.46758229815888563,0.4706674190264792,0.0030851208675935493,0.35324971009327116,0.3272777908054451,-0.02597191928782605,0.07352283256217958
1458,0.49015477501305793,0.49325853269486364,0.0031037576818057078,0.3594757704348804,0.3412519184917169,-0.018223851943163505,0.05069563359198582
1459,0.36843043615475357,0.3527550984990036,-0.015675337655749966,0.25579361533773165,0.23031064244123345,-0.0254829728964982,0.09962317809556076
1460,0.303325429193506,0.25721481685580594,-0.046110612337700085,0.2246610319017269,0.18032656037488862,-0.04433447152683828,0.19733939237950013
1461,0.4182998432151994,0.41276493081143006,-0.005534912403769354,0.31464641655367515,0.30522080283235936,-0.009425613721315784,0.02995620870103849
1462,0.30369544834804646,0.26452308539299235,-0.03917236295505411,0.24987422445377327,0.1997101865836838,-0.05016403787008947,0.20075715284258866
1463,0.2657256719197356,0.26013831279003946,-0.005587359129696157,0.19460325366603837,0.17541421535292137,-0.019189038313116996,0.09860594800767103
1464,0.48131022980734955,0.4844503864587205,0.0031401566513709622,0.3333404066270333,0.3164972152480595,-0.016843191378973776,0.05052850192811826
1465,0.425511726898431,0.4092785652779424,-0.0162331616204886,0.30031059228543355,0.26119419654849463,-0.039116395736938925,0.13025313372816472
1466,0.32814296230224116,0.34273398873572114,0.014591026433479981,0.234325936962303,0.2372200786894982,0.0028941417271952097,-0.01235092352435916
1467,0.38229250395079434,0.4050766452959798,0.02278414134518547,0.27034240182392355,0.28333597060008575,0.012993568776162201,-0.048063376993391624
1468,0.3683652779281802,0.34324094449964715,-0.02512433342853304,0.2915767690124361,0.24644338477996025,-0.04513338423247587,0.15479074133835016
1469,0.3403112943602388,0.3325330887659829,-0.007778205594255905,0.29058794085725437,0.23989017355253642,-0.05069776730471795,0.17446617762304953
1470,0.3949138901897405,0.35757658632760736,-0.03733730386213313,0.31573639257571323,0.24143963055850123,-0.074296762017212,0.2353126334633589
1471,0.38171163825802945,0.398134073652792,0.01642243539476257,0.3000103025998052,0.3022393104414772,0.002229007841672015,-0.007429770985716349
1472,0.38835362040056604,0.37218502234299555,-0.016168598057570482,0.25374397108380553,0.22839947466325042,-0.025344496420555113,0.09988216197729653
1473,0.32954248034178407,0.30211765217134545,-0.02742482817043862,0.27087373438636203,0.21234426137408957,-0.05852947301227246,0.21607659061099171
1474,0.39336975501728155,0.40903526172248855,0.015665506705207,0.28891046589787756,0.277400625925866,-0.011509839972011549,0.03983877820500965
1475,0.31860622739230393,0.3177985627534975,-0.0008076646388064379,0.215188169876756,0.20733463696604343,-0.007853532910712585,0.036496118328486704
1476,0.3878915502758368,0.39091226829065184,0.003020718014815016,0.253742133264364,0.2359817555864466,-0.01776037767791741,0.06999380611107879
1477,0.33004072885945235,0.3608075991266191,0.030766870267166735,0.23216615681344752,0.2665396063222595,0.034373449508811965,-0.1480553840430415
1478,0.3384705398830541,0.38325040795309906,0.04477986807004497,0.23587227077601486,0.2737176648235588,0.037845394047543945,-0.16044867810460886
1479,0.3102229434217778,0.27373131125116335,-0.03649163217061446,0.23440248842391584,0.17226649320142692,-0.062135995222488916,0.2650824896965951
1480,0.4229381190869758,0.43272850483985376,0.00979038575287794,0.3201317661046647,0.31464170879773623,-0.005490057306928475,0.017149367504921527
1481,0.38427422710536985,0.4053630000469021,0.021088772941532274,0.2716005435733974,0.2803086943660609,0.00870815079266346,-0.03206234670259475
1482,0.4800421848483179,0.4769282855735836,-0.003113899274734322,0.3303174748986344,0.305684703970624,-0.02463277092801036,0.07457301777803158
1483,0.31022477822816547,0.30273664398376743,-0.007488134244398037,0.24946135876374745,0.2341421558113536,-0.015319202952393862,0.06140912175060316
1484,0.4031635286503774,0.39235081082474854,-0.01081271782562887,0.2933004188779909,0.27336453810981964,-0.019935880768171266,0.06797085679057392
1485,0.2676748355272412,0.27761855803443475,0.009943722507193553,0.20854319387946293,0.19038141218377003,-0.018161781695692908,0.0870888248992213
1486,0.4315384357856356,0.42041510394746917,-0.01112333183816644,0.3039704116569128,0.2550016539277928,-0.048968757729120016,0.16109711949329586
1487,0.2919123491836284,0.304272171558433,0.012359822374804597,0.21144778051114974,0.20922751693841035,-0.002220263572739384,0.010500292636660276
1488,0.3463994461854036,0.342522370447203,-0.003877075738200564,0.27604017950792004,0.24525804015044303,-0.030782139357477006,0.11151325655689126
1489,0.3930939787627384,0.4131364504027932,0.020042471640054793,0.2814759857268561,0.3052404176596716,0.023764431932815466,-0.08442791974401836
1490,0.3376511584523579,0.3049999009600607,-0.03265125749229719,0.26854797883661774,0.20693724112059061,-0.061610737716027125,0.22942171444719964
1491,0.32632467749120536,0.33486681665400686,0.008542139162801499,0.2596300360311333,0.23639530299820377,-0.023234733032929555,0.08949169898872325
1492,0.30391239237384116,0.28388644345753644,-0.020025948916304714,0.23260678748572702,0.20604414109525204,-0.02656264639047498,0.11419549135944664
1493,0.41986911592461945,0.4359707449389605,0.016101629014341035,0.31722851152844755,0.30092832098623895,-0.016300190542208604,0.05138311958049483
1494,0.3267790465153261,0.33031797807971813,0.003538931564392056,0.2269653432311982,0.22545011718086583,-0.0015152260503323856,0.006676023875543416
1495,0.44324460713307134,0.4486640227146045,0.005419415581533138,0.3196195702236667,0.29787264253095963,-0.021746927692707085,0.06804003796603816
1496,0.39667886056707335,0.40255604208085244,0.005877181513779084,0.2803278636733019,0.2607548951931533,-0.01957296848014861,0.0698217017162419
1497,0.34357704112463,0.3342874508136339,-0.009289590310996076,0.27166122403540355,0.2431533752222611,-0.028507848813142445,0.10493896916781628
1498,0.42744769789165427,0.4266854637515037,-0.0007622341401505861,0.338220685595191,0.2987903894266554,-0.03943029616853555,0.11658156300862337
1499,0.43934966665236674,0.4499099394407514,0.010560272788384673,0.3145399407988182,0.29630725091961624,-0.018232689879201958,0.0579662151423361
1500,0.34768945559749337,0.35480741428863155,0.007117958691138182,0.26380595418367164,0.24451931672142999,-0.019286637462241657,0.07310918179205907
1501,0.25812635810914436,0.2596644677891822,0.0015381096800378136,0.2152737231277424,0.21229304812842323,-0.0029806749993191717,0.013845976907968714
1502,0.30370058166306596,0.28983761406567127,-0.013862967597394693,0.22486852325807005,0.196806247324537,-0.028062275933533054,0.12479414871830426
1503,0.39235374123562944,0.37349066076740756,-0.018863080468221882,0.29265764239201286,0.26367972709452575,-0.02897791529748711,0.09901643114677797
1504,0.3819565866497688,0.35912991090991403,-0.02282667573985475,0.2948229274045593,0.25436492576062547,-0.040458001643933816,0.1372281389378408
1505,0.32823918089655485,0.3385381413306348,0.010298960434079962,0.22813516716858812,0.22810478079838697,-3.0386370201140878e-05,0.00013319459063795215
1506,0.3628535298741875,0.34466028203596727,-0.01819324783822024,0.2905283562717481,0.24323129018162434,-0.04729706609012377,0.1627967290252524
1507,0.3555115406120445,0.3662249913112669,0.010713450699222415,0.2720053312773344,0.2677624878609614,-0.004242843416372988,0.015598383298035506
1508,0.42460228239647135,0.3892080789556352,-0.03539420344083616,0.3225791188520025,0.26749705173951943,-0.05508206711248309,0.1707552159870411
1509,0.3638670303904879,0.3487603421932087,-0.015106688197279228,0.2726119260061085,0.23060903913996428,-0.04200288686614423,0.15407574966182166
1510,0.3453058706433352,0.3332068917364274,-0.012098978906907754,0.29633993744938286,0.24973610358778903,-0.046603833861593835,0.15726477592833443
1511,0.35757551453136294,0.32440656832617887,-0.03316894620518407,0.25580261651801994,0.22024272099610095,-0.03555989552191899,0.13901302498762355
1512,0.3905313328896713,0.3926043668703799,0.0020730339807086273,0.2886529127028102,0.28171534647453644,-0.006937566228273739,0.02403428450907919
1513,0.3803434034596927,0.3388707872117365,-0.04147261624795617,0.28622083409430626,0.23057628399170202,-0.055644550102604246,0.19441124989619046
1514,0.3512134850894519,0.34363806735643365,-0.00757541773301823,0.25592543113606614,0.2314793353393042,-0.024446095796761935,0.09552038532569608
1515,0.381433074635176,0.35771087311034416,-0.023722201524831843,0.31257044364596187,0.26171697574773567,-0.0508534678982262,0.1626944227517117
1516,0.40479098956598975,0.4096129146493643,0.004821925083374534,0.29740927242075815,0.2721000212826241,-0.025309251138134037,0.08509906544651342
1517,0.37459386690650753,0.3731303501264381,-0.0014635167800694515,0.2795103041488362,0.25007252153145126,-0.029437782617384944,0.10531913199775864
1518,0.3166261477618094,0.2832840706968886,-0.033342077064920816,0.21284535488495915,0.18804828339447677,-0.02479707149048238,0.1165027609077255
1519,0.43898077378864353,0.42543247384831084,-0.013548299940332686,0.3263380857537901,0.2748707649515189,-0.05146732080227118,0.15771165870324236
1520,0.27931122919907053,0.31862310958491435,0.03931188038584382,0.2301547175368715,0.2509214102270499,0.02076669269017839,-0.09022927234524968
1521,0.4945959262114814,0.5113217436369214,0.016725817425439993,0.3283654257847213,0.3387560313250401,0.010390605540318842,-0.03164342139702308
1522,0.3524165987526429,0.3429422338104302,-0.00947436494221271,0.2834711142755925,0.2489288371823098,-0.034542277093282725,0.1218546629752917
1523,0.296149501904282,0.2758301627263653,-0.02031933917791673,0.22327435473387883,0.1930872698516606,-0.030187084882218218,0.1352017562348272
1524,0.2779783696235677,0.27172236585530324,-0.006256003768264462,0.21644249540656785,0.19207166528251735,-0.024370830124050502,0.11259725165463501
1525,0.3278581097708009,0.335596545058702,0.007738435287901135,0.268655637122255,0.2594481705359407,-0.009207466586314272,0.034272374423039945
1526,0.3519719005675797,0.3665375340069327,0.014565633439352965,0.27150159927446144,0.2632819246698833,-0.00821967460457812,0.030274866249567968
1527,0.36292003674453005,0.34344804667885004,-0.01947199006568001,0.27045334974070334,0.2189884535763709,-0.051464896164332447,0.19029121367390836
1528,0.4456076900959835,0.44400443291981695,-0.0016032571761665504,0.3144613698000274,0.29786417066283155,-0.016597199137195873,0.052779771161559144
1529,0.27457430997254034,0.26145942555007445,-0.013114884422465889,0.23155181400002886,0.18995615271444447,-0.041595661285584395,0.1796386759707234
1530,0.3534503692218782,0.3706840999393765,0.017233730717498286,0.26885333928412586,0.25234688801027405,-0.016506451273851808,0.06139574579137992
1531,0.2950942435514596,0.27682054094900926,-0.018273702602450315,0.23300543105235566,0.20858088563669758,-0.024424545415658083,0.10482393180856783
1532,0.25733903395013424,0.17636255535720313,-0.08097647859293111,0.20715896885377197,0.1414593949200766,-0.06569957393369538,0.3171456891160284
1533,0.3499183556663449,0.37425339402754293,0.024335038361198047,0.2683811290270731,0.28030403332901516,0.011922904301942039,-0.044425270678175394
1534,0.41169732418669225,0.4227834270228461,0.011086102836153855,0.2989262189131682,0.30572334740747015,0.006797128494301974,-0.02273848215460952
1535,0.3470343535612735,0.35005152686479657,0.0030171733035230797,0.26113982354934234,0.2338714894360556,-0.027268334113286746,0.10442043554545942
1536,0.44422011329309335,0.42093694703457335,-0.023283166258520005,0.33602877794579306,0.28785425101317,-0.04817452693262303,0.14336428929427697
1537,0.29050144661383104,0.23760881055608657,-0.05289263605774447,0.25206197185479845,0.16688469495513997,-0.08517727689965848,0.3379219652725929
1538,0.28878664183263475,0.3176435662429652,0.028856924410330442,0.23467581986681893,0.23810691802622821,0.003431098159409285,-0.014620586651647666
1539,0.2982185226546663,0.3417179546064437,0.04349943195177741,0.21770721824890954,0.25351556647488943,0.03580834822597989,-0.16447937975597762
1540,0.269473296994813,0.21803485518595342,-0.051438441808859564,0.19990714577961943,0.15144063371944527,-0.04846651206017416,0.24244512056414608
1541,0.36222779427593493,0.35333537805379023,-0.008892416222144706,0.2967943258325668,0.2549592801045029,-0.0418350457280639,0.14095635289087255
1542,0.30178455824597555,0.2904801700898597,-0.011304388156115841,0.23580530783630865,0.2073086869627716,-0.02849662087353705,0.12084808919279644
1543,0.38138545692691317,0.36114149332967277,-0.0202439635972404,0.2617447016415715,0.22699540652913053,-0.03474929511244096,0.13276026179137723
1544,0.5159465296636495,0.49775626848114235,-0.01819026118250716,0.38360229564102716,0.33310267746168853,-0.05049961817933862,0.1316457663397194
1545,0.3071859269534558,0.3246021764948832,0.017416249541427398,0.2356453029350124,0.223871734490721,-0.011773568444291393,0.04996309409799004
1546,0.4142757216660323,0.39808317930398823,-0.016192542362044093,0.3021385184899404,0.265557846113836,-0.036580672376104406,0.12107252183181122
1547,0.42926450666684346,0.40908772411205163,-0.020176782554791828,0.35428937011411166,0.30923613623417684,-0.04505323387993482,0.12716507375150374
1548,0.3527033540429768,0.37513009325597263,0.022426739212995817,0.2633312694496802,0.2672332564600939,0.0039019870104136656,-0.014817788326347218
1549,0.3620790610093958,0.37744562186292724,0.015366560853531441,0.2632777731855295,0.2578738472490397,-0.005403925936489751,0.02052556838013687
1550,0.29746085391077615,0.31301515848922834,0.015554304578452194,0.2505006177666117,0.2505643836819819,6.376591537021747e-05,-0.0002545539246119839
1551,0.36558112638855994,0.3548666217223058,-0.010714504666254121,0.2810882760965886,0.239838378454536,-0.041249897642052585,0.14675068706130648
1552,0.31822250515337136,0.27630018858398164,-0.04192231656938972,0.2588674435427911,0.18634907391909278,-0.07251836962369834,0.280137079546316
1553,0.3288841622407768,0.3609584941499124,0.032074331909135556,0.2525249007802326,0.27804823671888235,0.02552333593864975,-0.10107255110204835
1554,0.3610304613892275,0.3717909871729445,0.010760525783717001,0.2690506239496752,0.2643689986341664,-0.004681625315508808,0.01740053692045883
1555,0.3266086887013595,0.3695186870901335,0.04290999838877402,0.24223412317653445,0.26175777909987336,0.019523655923338906,-0.08059828923900425
1556,0.3521200483770641,0.33789340716947674,-0.014226641207587376,0.2691154585087308,0.22941735951505576,-0.039698098993675046,0.1475132614590668
1557,0.3022700604212461,0.3227669474600631,0.020496887038817024,0.22237898801292477,0.23494242510323757,0.012563437090312796,-0.05649561229940754
1558,0.398606217646702,0.35388908989138035,-0.04471712775532166,0.29989650642804166,0.2260947348065488,-0.07380177162149287,0.24609080145853968
1559,0.38901001785199796,0.38461659228260436,-0.004393425569393594,0.30470676731104557,0.263896700727575,-0.04081006658347058,0.1339322619697893
1560,0.46599539680765384,0.45165652431727993,-0.01433887249037391,0.347942454615066,0.3200899304375744,-0.027852524177491622,0.08004922597992617
1561,0.2489924952855967,0.2519975757403278,0.0030050804547310794,0.18784033698369523,0.16910056987655325,-0.01873976710714198,0.09976433926845336
1562,0.2650360394147706,0.24221489694943682,-0.022821142465333788,0.21151023945446368,0.16773763865432045,-0.043772600800143224,0.20695263223682883
1563,0.28202758607244505,0.3303256901479965,0.04829810407555146,0.23558683002569758,0.2503019114639631,0.014715081438265498,-0.06246139241595293
1564,0.43371969953244693,0.40005634354148106,-0.03366335599096587,0.3042209756260177,0.25455253279685097,-0.049668442829166715,0.16326435981924106
1565,0.4114751347709021,0.4106269811028473,-0.0008481536680547963,0.30840276756490687,0.26952074295446743,-0.038882024610439436,0.12607547240073413
1566,0.3170813990084103,0.30678213654375347,-0.010299262464656844,0.27648487428258806,0.2368460433313758,-0.03963883095121226,0.1433670867314732
1567,0.37476474353238065,0.36261232762524737,-0.012152415907133285,0.25770941315374574,0.2392293887313533,-0.018480024422392438,0.07170876762412835
1568,0.44061320284129635,0.45885741465676594,0.01824421181546959,0.3350614202289266,0.32753122413164304,-0.007530196097283559,0.022474076818926648
1569,0.3091496700891699,0.30846969731546936,-0.0006799727737005212,0.2549204394115008,0.2278450048307333,-0.02707543458076747,0.10621131300131424
1570,0.4321483897970865,0.445881938578241,0.013733548781154514,0.3077209640233831,0.3031398322018345,-0.004581131821548623,0.014887291920743208
1571,0.4135366226269275,0.4284376164555604,0.014900993828632914,0.26265149570402546,0.2648019239944403,0.002150428290414841,-0.008187382617604043
1572,0.41454887574928023,0.3944909297361438,-0.02005794601313643,0.29369059563078254,0.2665980491560788,-0.027092546474703716,0.09224860066259497
1573,0.33265923552915083,0.33182212230346875,-0.0008371132256820846,0.28582574927644916,0.255154557635097,-0.03067119164135218,0.1073073077530435
1574,0.3219430610053024,0.35111663655054487,0.02917357554524247,0.21776736022893858,0.23431971003160773,0.016552349802669147,-0.07600932382735263
1575,0.4598913039246657,0.4809397152911508,0.02104841136648511,0.34201029566586144,0.3488832639428437,0.00687296827698225,-0.020095793501190472
1576,0.37696787516601077,0.3579054466395215,-0.01906242852648926,0.2855178074735566,0.2351318758264172,-0.05038593164713939,0.17647211602311677
1577,0.3797135843698157,0.37012665204873674,-0.00958693232107899,0.2890565508875592,0.25622699545521577,-0.03282955543234345,0.11357485354176905
1578,0.3672951635772619,0.3204848595685535,-0.04681030400870839,0.3004941796030912,0.23115321995795463,-0.06934095964513659,0.23075641510503078
1579,0.3296956574118698,0.3186004081676198,-0.011095249244249983,0.23617759176961983,0.19880179919767185,-0.03737579257194798,0.15825291591763843
1580,0.28512871924768307,0.3202806989118723,0.035151979664189204,0.22352759756307072,0.23419270427521627,0.010665106712145545,-0.04771270674591432
1581,0.330186997427371,0.31882037402833885,-0.01136662339903216,0.24590114632278012,0.2175851726270414,-0.02831597369573871,0.1151518572368507
1582,0.38605021467636463,0.40839860972821357,0.022348395051848935,0.271463521278948,0.3062179664982812,0.034754445219333185,-0.12802620792508076
1583,0.32638597634600536,0.30229444199088157,-0.02409153435512379,0.2837458715005296,0.225268729303659,-0.05847714219687061,0.20608984330812183
1584,0.3726103317998362,0.38618973103789933,0.013579399238063117,0.2848825589845127,0.2693966844302599,-0.015485874554252821,0.05435880177941919
1585,0.3291179215354934,0.31445732647047914,-0.01466059506501427,0.23599105924169198,0.1923060109567734,-0.043685048284918565,0.18511314973241508
1586,0.41832706412592374,0.40245366112439585,-0.015873403001527897,0.3323349469023471,0.31197321630358543,-0.020361730598761674,0.061268701316400345
1587,0.3129788434605511,0.3017729511847005,-0.011205892275850615,0.25601843215027104,0.21306602838541597,-0.04295240376485507,0.16777074761415608
1588,0.25988853301849785,0.2647942908616568,0.004905757843158942,0.20647713896197303,0.17842470456662798,-0.02805243439534505,0.13586218085146692
1589,0.4659051876928738,0.41076394478548905,-0.05514124290738476,0.333404995191697,0.25154246707557465,-0.08186252811612232,0.24553479790863375
1590,0.46850575417117907,0.4562522809471867,-0.012253473223992395,0.3401247559225985,0.3037367549660012,-0.03638800095659728,0.10698427657197061
1591,0.38979123705298807,0.3840789560645463,-0.005712280988441787,0.2642175373220996,0.23781116557724266,-0.026406371744856966,0.0999417828675988
1592,0.3030636821242338,0.29525656795863864,-0.007807114165595153,0.2470348912733273,0.22026740291827004,-0.026767488355057267,0.10835509193493183
1593,0.3308057439183937,0.3586191445537427,0.02781340063534904,0.2547899207009722,0.26448880554226756,0.009698884841295385,-0.03806620299033822
1594,0.47580621687250685,0.46996194141592,-0.005844275456586834,0.31822443574287934,0.2887018576951587,-0.029522578047720627,0.09277281921736028
1595,0.281266944253763,0.28219510220930616,0.0009281579555431851,0.21080682528737904,0.19071542234007505,-0.020091402947303993,0.09530717480287798
1596,0.3485038377637684,0.38391774424775543,0.03541390648398701,0.2536521487740595,0.2566832997560918,0.0030311509820322713,-0.01195003076726256
1597,0.3024656242422512,0.28479638862468876,-0.01766923561756245,0.2369172429998208,0.2040287893376412,-0.0328884536621796,0.13881832004184042
1598,0.47109622010193114,0.47896305493607516,0.00786683483414402,0.3448751234679306,0.3367689535401559,-0.008106169927774687,0.023504652484824605
1599,0.37282209525668164,0.3425614786536552,-0.030260616603026425,0.3153738325343541,0.26485019967668894,-0.050523632857665146,0.16020236191333834
1600,0.36893259700491315,0.34739034410287645,-0.021542252902036707,0.2875219911312651,0.23337666955781872,-0.05414532157344637,0.18831714875237804
1601,0.3699609580068063,0.3382235886099868,-0.03173736939681948,0.2666217570724879,0.22370969301377802,-0.0429120640587099,0.16094734552005507
1602,0.2756232458092849,0.23308686508815996,-0.04253638072112492,0.2225696916019791,0.1593738486729182,-0.06319584292906089,0.2839373253123515
1603,0.27128828248682557,0.31754637970602617,0.0462580972192006,0.19589795188834203,0.21647948375141818,0.020581531863076152,-0.10506251680878838
1604,0.3515033648261254,0.3322398293976005,-0.01926353542852488,0.2717576422573886,0.2359078655452774,-0.035849776712111175,0.13191819157069717
1605,0.35881981789379985,0.3370537872512415,-0.02176603064255833,0.2722847062008205,0.22670763382264553,-0.04557707237817499,0.16738755919901036
1606,0.4739884607704109,0.4527749063152175,-0.021213554455193406,0.3438045209651421,0.29321308910478616,-0.05059143186035592,0.14715173528938358
1607,0.340609482193977,0.3387538984799922,-0.0018555837139848097,0.2742010373996205,0.2523681237353765,-0.021832913664244002,0.07962374566958594
1608,0.31945782421818353,0.3236440195720549,0.00418619535387138,0.26680731948830955,0.24417214328421535,-0.022635176204094193,0.08483716356621909
1609,0.4699578231857808,0.44607027910690944,-0.023887544078871337,0.3448869530777316,0.29134404640977163,-0.053542906667959966,0.15524770128341828
1610,0.3278337451370274,0.32759917720113557,-0.00023456793589182734,0.2331742078219289,0.21291132763824008,-0.020262880183688825,0.08690017808128776
1611,0.4487484647567347,0.44225983202628494,-0.00648863273044975,0.30989997455143403,0.3087480127770289,-0.0011519617744051303,0.0037172051274690873
1612,0.2891665190803668,0.29990057974557743,0.010734060665210654,0.22961567746012745,0.23751358249193683,0.007897905031809371,-0.0343961924515404
1613,0.3305071987312327,0.29848866186551504,-0.03201853686571765,0.2391632538846072,0.17055782751825105,-0.06860542636635616,0.2868560502168836
1614,0.39068432152483334,0.39082323743755354,0.00013891591272019443,0.29185056990997477,0.27319752168001515,-0.018653048229959612,0.06391300944080183
1615,0.3553168733168903,0.3735822605295536,0.018265387212663298,0.25301820952522613,0.2635917481007866,0.010573538575560482,-0.04178963480692203
1616,0.28610964084842044,0.3078221098609996,0.021712469012579172,0.24051210776269136,0.22444487125016907,-0.016067236512522287,0.06680427302385757
1617,0.4443829685561257,0.46712922682543545,0.02274625826930976,0.313751434073898,0.34031826687887134,0.02656683280497335,-0.08467477729110891
1618,0.3706198298273878,0.3674276864647665,-0.0031921433626213025,0.2795598411145005,0.23861290776503724,-0.040946933349463255,0.14646929682826815
1619,0.389703307364013,0.3843557333929334,-0.0053475739710796,0.26379969394933567,0.23272067949904304,-0.031079014450292625,0.11781292838141631
1620,0.304271986586635,0.3450721177420979,0.04080013115546288,0.2106742506013701,0.21275145781968266,0.00207720721831256,-0.009859805896464175
1621,0.3261599559183955,0.27968925304303094,-0.04647070287536459,0.2629521479527377,0.18785234124240277,-0.07509980671033492,0.28560256037092024
1622,0.2404931228708358,0.22928670774366222,-0.011206415127173575,0.18570125946541044,0.15760953057498414,-0.0280917288904263,0.15127376610851037
1623,0.39049098031883045,0.40638372305363296,0.015892742734802512,0.3014079099267426,0.2949346909764508,-0.0064732189502917925,0.02147660607800609
1624,0.3944109254124102,0.3823586552381203,-0.012052270174289892,0.29151727818752227,0.2503678662943314,-0.04114941189319088,0.14115599647826357
1625,0.5060824155749073,0.5317672424803954,0.025684826905488123,0.3604313860001736,0.3642900572030968,0.003858671202923214,-0.010705702535353998
1626,0.40302373050940676,0.4294747518736252,0.026451021364218452,0.2916398643200869,0.29990578300450443,0.008265918684417561,-0.02834289716767037
1627,0.2751839654160933,0.2771414303878077,0.0019574649717143955,0.21290453963371575,0.19288838167042976,-0.020016157963285985,0.0940147072379109
1628,0.3492894365812301,0.3618662488142979,0.012576812233067836,0.24516761210170274,0.2503072403819332,0.005139628280230457,-0.020963732673214552
1629,0.3756884736231923,0.3638251526252541,-0.011863320997938187,0.24631152085727012,0.20016695024741443,-0.04614457060985569,0.18734231533000453
1630,0.25335249003927807,0.2518967179856891,-0.0014557720535889884,0.20360415383702077,0.1869774257767625,-0.016626728060258278,0.08166202774805613
1631,0.31871773586847,0.31988734650486206,0.0011696106363920378,0.21418338129686346,0.19713125699134845,-0.017052124305515004,0.07961460035912095
1632,0.4020385004662947,0.40020508986390485,-0.00183341060238984,0.28280399353246805,0.27256321461263283,-0.010240778919835214,0.03621157817440614
1633,0.3834936392874075,0.36557992213596613,-0.017913717151441355,0.278444322546885,0.24153782597692555,-0.03690649656995945,0.1325453370080658
1634,0.4403431442620821,0.42201541081370525,-0.01832773344837685,0.3190222390737968,0.28470250251267315,-0.03431973656112364,0.1075778812811377
1635,0.3466002279907326,0.3345994808511112,-0.012000747139621404,0.26020735379005183,0.21014962731408163,-0.050057726475970205,0.19237629431626
1636,0.385638389032873,0.39483837211058936,0.009199983077716356,0.2885582672563409,0.27644331732872396,-0.012114949927616914,0.04198441459608084
1637,0.35845103054500255,0.35938136047397246,0.0009303299289699085,0.2642119373429419,0.2585732466895389,-0.005638690653403,0.021341543876134902
1638,0.3363563515488166,0.344614502981701,0.008258151432884386,0.26635742146797825,0.2593899446043087,-0.006967476863669553,0.026158373306325124
1639,0.3433175289940926,0.3486697980047813,0.005352269010688693,0.25570329275264425,0.2151721555143545,-0.040531137238289744,0.15850846816234676
1640,0.34220670485669236,0.33563849207861635,-0.00656821277807601,0.24512700539159388,0.22899870308702427,-0.016128302304569603,0.06579569753566895
1641,0.32815481093642435,0.35872956080118173,0.03057474986475739,0.2661177592490592,0.26054193410432086,-0.005575825144738367,0.020952472922034338
1642,0.4286390207990235,0.4203075256860863,-0.008331495112937182,0.3452243034112586,0.28932694726020786,-0.05589735615105074,0.1619160516762963
1643,0.3471505384469904,0.3551490983776623,0.007998559930671889,0.24144178822569845,0.23402902113811108,-0.007412767087587369,0.030702088242727705
1644,0.2439264386546516,0.21584301546057988,-0.028083423194071727,0.19076392949466234,0.14857198055897575,-0.04219194893568659,0.22117362043995398
1645,0.3887474885229646,0.3608260792038479,-0.027921409319116686,0.2994480706037279,0.25241106330792834,-0.04703700729579957,0.1570790127348845
1646,0.4072140597153973,0.4502880315421162,0.043073971826718904,0.27450731282326163,0.30957009224072674,0.035062779417465106,-0.12772985556140676
1647,0.2549033308367864,0.29164246202717514,0.03673913119038874,0.2009252349402201,0.22166826076576568,0.020743025825545575,-0.10323753425853703
1648,0.33979467657792906,0.3183033577408667,-0.021491318837062345,0.24088025849551498,0.21972288329131376,-0.021157375204201218,0.08783357895887992
1649,0.3919900788731466,0.3801519486215069,-0.011838130251639656,0.32462761071917606,0.2873103226704538,-0.03731728804872225,0.11495414073390119
1650,0.3443066236600611,0.3375185220310497,-0.006788101629011389,0.2574619302192687,0.2277349974881327,-0.029726932731136024,0.1154614692192315
1651,0.39557070278712514,0.351725417206794,-0.04384528558033113,0.29337155613900234,0.22622845302121472,-0.06714310311778762,0.22886711991251993
1652,0.3198434479879918,0.3154154291806084,-0.004428018807383416,0.2455738107769844,0.22179638373246968,-0.023777427044514715,0.09682395272233638
1653,0.43734429739438785,0.42858413715185173,-0.00876016024253612,0.2992167627371202,0.28902632903614955,-0.01019043370097067,0.03405702811484387
1654,0.3770943769021131,0.36404471184985293,-0.013049665052260184,0.27949173414780143,0.2490982957011592,-0.030393438446642218,0.10874539291587598
1655,0.3496400314710684,0.3205595960793509,-0.029080435391717507,0.2562748380642183,0.21336506567415342,-0.04290977239006488,0.16743654084101847
1656,0.31053707490227667,0.35182934947762645,0.041292274575349786,0.26033084497145587,0.26396296848096185,0.00363212350950598,-0.013951952216435307
1657,0.4332627455271987,0.43066349627182315,-0.002599249255375524,0.309520665477873,0.2873139521562509,-0.022206713321622107,0.07174549488428139
1658,0.40713639382072003,0.42823908071852634,0.02110268689780631,0.300192451248688,0.30712694871652535,0.006934497467837364,-0.02310017270251952
1659,0.2879424873227943,0.2843262809618363,-0.0036162063609579964,0.2373776858366222,0.20669390147511552,-0.030683784361506677,0.12926145207526005
1660,0.3758414916401768,0.35761008810844674,-0.018231403531730028,0.2989801773436688,0.25222645375405844,-0.04675372358961033,0.15637733579864835
1661,0.28575892418791726,0.2823864034663816,-0.0033725207215356545,0.2338418343403571,0.21005180311717764,-0.023790031223179464,0.10173556536745705
1662,0.3211803805730158,0.3343071920949541,0.013126811521938286,0.27624624919376556,0.24794352377950485,-0.02830272541426071,0.10245469575374586
1663,0.4677614917054333,0.44805753513495133,-0.019703956570481962,0.3164817695456802,0.2776497688058927,-0.03883200073978749,0.12269901294956762
1664,0.5346607755009692,0.531204834221617,-0.003455941279352226,0.35689015893956144,0.34228838412976814,-0.0146017748097933,0.04091391831363464
1665,0.40343601249672784,0.3876908917332435,-0.015745120763484333,0.29355466319025075,0.268576953059966,-0.02497771013028477,0.08508708347139043
1666,0.35674765332460473,0.3731988995217326,0.016451246197127845,0.2866084155647666,0.26590979273447485,-0.02069862283029178,0.07221917329086378
1667,0.33872422863460255,0.3540182309815647,0.015294002346962154,0.22122755210337994,0.21926166434708774,-0.001965887756292195,0.008886269985817739
1668,0.3748907017165716,0.3496456552029079,-0.02524504651366366,0.28402321948924214,0.2474056697218149,-0.03661754976742723,0.12892449368497558
1669,0.5426199679945445,0.5200283331193696,-0.022591634875174904,0.39284843280282467,0.34809270828426253,-0.044755724518562134,0.11392618827380067
1670,0.4350080469314211,0.4143172520550303,-0.020690794876390806,0.3090328003749844,0.27295236917635674,-0.03608043119862764,0.11675275619561153
1671,0.4654137114143812,0.4532797842290691,-0.012133927185312088,0.3416856708084278,0.3061430677625608,-0.03554260304586704,0.10402134500335729
1672,0.3158214030106151,0.32859675100244456,0.012775347991829444,0.2539359979345283,0.23029097511941246,-0.02364502281511585,0.0931141035829516
1673,0.40068748320934167,0.41912090990841927,0.018433426699077604,0.3179438191476739,0.3148302165476847,-0.0031136025999891626,0.009792933255742903
1674,0.3895401353566065,0.3494499966586223,-0.04009013869798417,0.29793261995628156,0.23525499379036727,-0.0626776261659143,0.2103751719939615
1675,0.3205311532795483,0.32408835441102873,0.0035572011314804475,0.27935465159068606,0.2563165686548531,-0.023038082935832982,0.08246894334728555
1676,0.352050455831898,0.3285389195424501,-0.023511536289447854,0.2594537879907247,0.22974711144293428,-0.02970667654779044,0.11449698529301269
1677,0.3207348308654278,0.3190463021818383,-0.0016885286835894853,0.22478781562924305,0.20910057589623196,-0.015687239733011088,0.06978687741191923
1678,0.4381924158823447,0.4771768416297186,0.038984425747373874,0.32943706070818496,0.36651404253477127,0.03707698182658631,-0.11254648079630926
1679,0.2610595167742413,0.22474762184099348,-0.036311894933247796,0.21077672840527883,0.1696294785716873,-0.041147249833591526,0.19521723363346885
1680,0.3799461981868879,0.3582866583268878,-0.021659539860000132,0.2832084042652907,0.25329917947134883,-0.02990922479394187,0.10560853542299863
1681,0.39817306880715836,0.4044247161522623,0.006251647345103917,0.2664168903589996,0.2574739420043115,-0.008942948354688118,0.0335674977012058
1682,0.28925996844840035,0.2751048491012661,-0.01415511934713426,0.20349710792689152,0.19287460562838324,-0.01062250229850828,0.052199770339362885
1683,0.4708355883767159,0.42234931706378465,-0.04848627131293126,0.3290319389939371,0.2416599266690113,-0.08737201232492584,0.2655426479024451
1684,0.38449705538993084,0.42533443285570977,0.04083737746577892,0.27449922309848557,0.2730210186633845,-0.0014782044351010493,0.005385095150417585
1685,0.3853493342508656,0.3654962559874817,-0.019853078263383894,0.2878638795138203,0.24608697424186063,-0.04177690527195968,0.14512729190795878
1686,0.44375057916440086,0.4536891288745426,0.009938549710141742,0.33364609525736505,0.3083341939865005,-0.025311901270864523,0.07586452121173379
1687,0.32842627140773545,0.2942177611665387,-0.034208510241196755,0.2553582907491941,0.21578545865985302,-0.039572832089341065,0.15496983463211075
1688,0.32997893016878516,0.32819984375699945,-0.001779086411785702,0.2603304671397411,0.23586628488930397,-0.024464182250437144,0.09397356567299199
1689,0.339488641275641,0.34360832005564707,0.004119678780006075,0.24782006382311286,0.23835287128294957,-0.009467192540163288,0.038201880808652805
1690,0.2553923859071561,0.22046086969024967,-0.03493151621690646,0.19374181920789976,0.16002521425246677,-0.033716604955432994,0.17402853495069384
1691,0.3900782332539383,0.38611402620843105,-0.003964207045507262,0.2803830270647672,0.2699402376170757,-0.010442789447691503,0.03724472753223848
1692,0.34405904731126224,0.29113082375433236,-0.05292822355692989,0.2559100714474103,0.1970322000189185,-0.058877871428491796,0.2300725059216407
1693,0.4041819016977952,0.42463473942535435,0.020452837727559126,0.3080566949277703,0.318200894088713,0.010144199160942668,-0.03292965005458221
1694,0.3520608953302214,0.3414086349734441,-0.010652260356777299,0.2689988431770075,0.2299950889450878,-0.03900375423191971,0.14499599244095757
1695,0.3270230621684707,0.3468722696029015,0.019849207434430804,0.25443980376775954,0.2621786194032727,0.007738815635513152,-0.030415113991271475
1696,0.3504156838186103,0.3725144935709082,0.022098809752297888,0.2593892141409326,0.25139249002776787,-0.00799672411316471,0.0308290540901978
1697,0.4015626179305323,0.41542823850876276,0.013865620578230486,0.2985478363617342,0.28801844502718776,-0.010529391334546445,0.035268690816397524
1698,0.4799349895925644,0.46682712241560365,-0.013107867176960775,0.32792025454128637,0.2989948919119669,-0.028925362629319495,0.08820852700843974
1699,0.3824935030397861,0.3775340184767913,-0.004959484562994776,0.29416723767341435,0.26041629520076737,-0.03375094247264698,0.11473385935016127
1700,0.450533151172444,0.4539359467769946,0.0034027956045505903,0.316293273058762,0.317133758771101,0.000840485712339023,-0.002657298728521725
1701,0.3509349886059486,0.3698243491053826,0.018889360499434016,0.2645107497112503,0.26008000461319397,-0.0044307450980563545,0.016750718459998766
1702,0.40456637800732265,0.40485673599589583,0.0002903579885731866,0.2546065023960376,0.26011251272435754,0.005506010328319932,-0.021625568382992018
1703,0.3985127634274605,0.4119700566132697,0.013457293185809183,0.30952309268108125,0.2900000158661433,-0.019523076814937923,0.0630747019417179
1704,0.41272612727937197,0.43174339541287593,0.01901726813350396,0.30517791561717544,0.3038242277827802,-0.0013536878343952674,0.004435733272696492
1705,0.359343950137876,0.35918306337186123,-0.00016088676601477836,0.2620063955644935,0.24194386894061296,-0.020062526623880556,0.07657265991792218
1706,0.4168052564304394,0.41394838389847644,-0.002856872531962984,0.2885953559918929,0.2674163593006391,-0.021178996691253782,0.07338647781930605
1707,0.2802232321368615,0.271247666204121,-0.008975565932740515,0.2331680514457107,0.2094977556643824,-0.023670295781328315,0.10151603375576328
1708,0.3920314278882632,0.3777419582611341,-0.01428946962712907,0.3042129909111012,0.2754942782971124,-0.028718712613988784,0.09440330778767145
1709,0.2897650394441686,0.26935781851315527,-0.020407220931013326,0.22505968862840953,0.19451422143215116,-0.030545467196258363,0.13572162737100035
1710,0.36542028271345456,0.3580596515015713,-0.0073606312118832395,0.24752232703018687,0.24241671219838318,-0.00510561483180369,0.020626886039177502
1711,0.4521515289041426,0.47796530130618803,0.02581377240204541,0.31398593511053197,0.33639983988284533,0.022413904772313364,-0.07138505985761125
1712,0.4480699883305375,0.41841495818098307,-0.02965503014955445,0.3334394045304011,0.26818397017115286,-0.06525543435924824,0.19570402739637396
1713,0.38028746050901724,0.3549921285635808,-0.025295331945436428,0.2671506111094881,0.22106427554209745,-0.04608633556739067,0.1725106874208227
1714,0.44336971317316143,0.44673781779121924,0.00336810461805781,0.3155635588268898,0.29600050385598137,-0.019563054970908433,0.06199402441661596
1715,0.39395141362804237,0.36856791823742363,-0.025383495390618738,0.3012517887065405,0.24016741823757487,-0.06108437046896564,0.2027684905415449
1716,0.32674396164307634,0.31161707837421604,-0.015126883268860303,0.23316274100501388,0.2007738532253785,-0.03238888777963539,0.13891107833107394
1717,0.34287314296768007,0.32599537608352575,-0.01687776688415432,0.282630219789053,0.25128479762448436,-0.03134542216456865,0.11090612386730606
1718,0.35988613685562476,0.36743255259971247,0.007546415744087709,0.24619477680570837,0.23161650877087317,-0.014578268034835196,0.05921436768067607
1719,0.4148743746419513,0.4091096589906081,-0.005764715651343233,0.3128367512048975,0.27897742105969126,-0.03385933014520626,0.10823322392524636
1720,0.38418252329158675,0.3777386695731605,-0.006443853718426262,0.27731244393092014,0.26576966128613233,-0.011542782644787808,0.04162374569697698
1721,0.4599520436717494,0.4343252145615205,-0.0256268291102289,0.3555417860755392,0.29607466680776073,-0.05946711926777848,0.16725775027508008
1722,0.3201787793005257,0.33536398448753263,0.015185205187006945,0.2323840099594455,0.23658056315167014,0.004196553192224645,-0.01805870030798163
1723,0.3348093360132198,0.33938926808695213,0.004579932073732307,0.26452776632059644,0.24065784845260896,-0.023869917867987478,0.0902359635058429
1724,0.3868238719832164,0.36394679173629396,-0.02287708024692242,0.28414300809112214,0.24379328181629675,-0.04034972627482539,0.14200499440720213
1725,0.3779849941540681,0.408070097645125,0.030085103491056864,0.28255587275850363,0.28844466746802094,0.005888794709517309,-0.020841169047476762
1726,0.4046303766505691,0.4317317949169587,0.027101418266389565,0.2827993195179042,0.2893826961240221,0.006583376606117908,-0.023279322656577714
1727,0.4578427192783663,0.4703528396390082,0.012510120360641919,0.2995782241775675,0.2923851857441242,-0.007193038433443322,0.024010551678748944
1728,0.30299350332567776,0.29716006505890113,-0.005833438266776625,0.243704562205043,0.21408539222558043,-0.029619169979462567,0.1215371994330669
1729,0.4026997555968467,0.3744478513813311,-0.0282519042155156,0.3026554944075005,0.25457022682614183,-0.04808526758135867,0.1588778940738999
1730,0.40684582367148925,0.4195122573097161,0.012666433638226837,0.3157045296763345,0.28310976895088646,-0.032594760725448035,0.10324451397281098
1731,0.35958062247326833,0.35482416774734427,-0.004756454725924064,0.2766120691849439,0.2529778609032026,-0.023634208281741287,0.08544171030346244
1732,0.3794446312451034,0.383394935035164,0.003950303790060561,0.29701464411441075,0.26781998776321864,-0.029194656351192116,0.09829365968886795
1733,0.4250561839085082,0.43492971325994556,0.009873529351437371,0.3157691470624446,0.297860604643935,-0.017908542418509588,0.05671403487361007
1734,0.36796540557041596,0.35131983828188074,-0.016645567288535223,0.2928098034963677,0.24956423435135874,-0.04324556914500896,0.1476916709366441
1735,0.3192303820191691,0.2808138016837941,-0.038416580335374984,0.26797378210658557,0.2062366194933437,-0.06173716261324186,0.2303850851673472
1736,0.363694010525884,0.3408177811733267,-0.022876229352557342,0.24918111801853673,0.2270502404655943,-0.022130877552942435,0.0888144243389104
1737,0.38112117944906876,0.3921799894164394,0.01105880996737063,0.276768963800816,0.27842503049102557,0.0016560666902095678,-0.005983570800233943
1738,0.38241001281443526,0.38295312087958483,0.0005431080651495668,0.2882840497829112,0.26819796078890895,-0.02008608899400227,0.06967464557656886
1739,0.35225003241019925,0.33600128990606937,-0.016248742504129887,0.2600148852709039,0.20502941726138801,-0.05498546800951587,0.21147046236305933
1740,0.3916940165192477,0.41125551440389735,0.01956149788464967,0.28041257836679473,0.28564766217261756,0.005235083805822827,-0.01866921889279537
1741,0.34123148674210063,0.28781228177786095,-0.053419204964239686,0.2514136062198059,0.17117206532511042,-0.08024154089469548,0.31916148891536883
1742,0.31410174979979005,0.3596849214221671,0.04558317162237707,0.2433863497907511,0.25129712081376,0.007910771023008883,-0.03250293629782478
1743,0.43449025242762235,0.42243144453728987,-0.012058807890332479,0.3124799978945934,0.2725791598480976,-0.0399008380464958,0.12769085482378703
1744,0.4402537482876738,0.4291160750976237,-0.011137673190050101,0.32928463857161516,0.29695540529801745,-0.03232923327359771,0.09818020486420755
1745,0.2890708244439196,0.2949402233649019,0.005869398920982261,0.24314754475326247,0.21723727533087062,-0.025910269422391857,0.10656192086448861
1746,0.31063616216185636,0.32224899015439545,0.011612827992539099,0.21991940568404753,0.203195270601117,-0.016724135082930525,0.07604665459562789
1747,0.3723682266974241,0.40430104280947576,0.031932816112051676,0.2812781783521319,0.30215818898601454,0.020880010633882617,-0.07423260046765146
1748,0.36828382769680346,0.3587552933741809,-0.009528534322622573,0.26765114147144126,0.2487566676272434,-0.018894473844197845,0.07059366061479663
1749,0.3177669957842874,0.32682904116424627,0.00906204537995886,0.26269332672129475,0.23446453239418605,-0.028228794327108703,0.10745912231359468
1750,0.27859611643203963,0.27665770172977394,-0.0019384147022656895,0.22852212243438452,0.2123898130202578,-0.016132309414126716,0.07059408184325253
1751,0.3463963882403646,0.33633803523547096,-0.010058353004893661,0.2546227707092057,0.22100576866944976,-0.03361700203975593,0.13202669166674233
1752,0.4394402413889725,0.46102143214003344,0.021581190751060964,0.3157332799660705,0.31465582543875587,-0.001077454527314614,0.0034125465881531406
1753,0.30504365580187875,0.31046167024178534,0.005418014439906582,0.2500793545788883,0.2213702000073332,-0.028709154571555096,0.11480017860690177
1754,0.3366857494105132,0.36482892527984245,0.02814317586932924,0.2493663452167371,0.26477598797957996,0.015409642762842873,-0.06179519834342346
1755,0.315953830288329,0.33786359188335946,0.02190976159503044,0.25408362011259145,0.2512402856038344,-0.002843334508757067,0.011190546275659593
1756,0.38250964235628454,0.369837652090976,-0.01267199026530852,0.26740173651768007,0.23352800739741372,-0.033873729120266344,0.12667729671989875
1757,0.3939014313213878,0.3877279657538115,-0.006173465567576253,0.27811891680586104,0.23893143350784793,-0.03918748329801311,0.1409018981810851
1758,0.27978182619376485,0.26754957822924913,-0.012232247964515719,0.2180642321071276,0.19042353595388548,-0.027640696153242134,0.12675483680268662
1759,0.5157644005837482,0.49228495908725073,-0.023479441496497444,0.3820975757437434,0.33728649733246685,-0.04481107841127657,0.11727653158765251
1760,0.35232893314741864,0.38084676316815047,0.028517830020731827,0.24399039017470092,0.26332109713102503,0.019330706956324106,-0.07922732916850954
1761,0.289514616628729,0.2774042171337691,-0.0121103994949599,0.23268048874920969,0.20784485838050273,-0.02483563036870695,0.10673705604716849
1762,0.36809995288492536,0.4043953909846081,0.03629543809968272,0.2457631303383486,0.27692830766328624,0.03116517732493765,-0.1268098159477043
1763,0.40673189602707227,0.3889118014008091,-0.01782009462626316,0.2848666835290222,0.255476860687393,-0.02938982284162922,0.10317044618043228
1764,0.374430497671879,0.37220472700194585,-0.0022257706699331803,0.27023799850674624,0.25572456678807604,-0.0145134317186702,0.05370611016536184
1765,0.29690965628622096,0.3072172916879462,0.010307635401725246,0.2328842175158464,0.20941884029046018,-0.02346537722538622,0.10075984313445173
1766,0.33617448052461707,0.3428747876573399,0.006700307132722849,0.26433805358914375,0.24844817428908023,-0.015889879300063525,0.06011196301218477
1767,0.4040173262736559,0.41701390404427946,0.012996577770623574,0.31813414517507865,0.3024952988107567,-0.015638846364321946,0.04915802532203962
1768,0.4368130094219329,0.44644330231933754,0.009630292897404635,0.30343403055035784,0.30169597500525797,-0.0017380555450998703,0.005727951943779829
1769,0.2855788288763741,0.300950272722487,0.015371443846112887,0.24016997881391636,0.23037634144369723,-0.009793637370219127,0.04077794160029982
1770,0.3731825827554921,0.35265431970511235,-0.020528263050379747,0.27001198353360945,0.222499308545626,-0.04751267498798345,0.17596506038803036
1771,0.2983660483536165,0.295509760217111,-0.0028562881365055137,0.2525437122670771,0.21478452326061465,-0.03775918900646247,0.14951545879918923
1772,0.44465575861812817,0.4090717022320087,-0.035584056386119445,0.33484389667323117,0.2868161912741349,-0.04802770539909629,0.14343312175095657
1773,0.34582519358604574,0.3973444999104351,0.051519306324389336,0.26368018016232064,0.29912814695179835,0.0354479667894777,-0.13443546180701202
1774,0.42505089812948227,0.40659413689685225,-0.018456761232630015,0.3054452084448759,0.25796133995396475,-0.04748386849091113,0.15545789286617867
1775,0.29568038558539733,0.2771433906498652,-0.018536994935532125,0.22152768105850357,0.17256104117296198,-0.04896663988554159,0.2210407279648719
1776,0.28324555703524346,0.30532558710246616,0.0220800300672227,0.21598098750071215,0.22022634387197149,0.0042453563712593345,-0.019656157796043676
1777,0.33397483561024816,0.34034092050831494,0.006366084898066782,0.22585871897100848,0.2236708834110792,-0.0021878355599292687,0.009686743863140843
1778,0.3293017213002816,0.31935550162447723,-0.00994621967580439,0.28206091491112784,0.24822085518782444,-0.033840059723303395,0.11997429609829412
1779,0.3392191747953289,0.3172463406422178,-0.02197283415311113,0.2569835406332762,0.2171682331387582,-0.03981530749451803,0.15493329804859277
1780,0.26770911156228305,0.3107898708521003,0.04308075928981725,0.19969876640732045,0.23115938521982135,0.031460618812500896,-0.15754037633027476
1781,0.41816955634586245,0.41734717373965396,-0.0008223826062084827,0.2876965397883036,0.2780443248445379,-0.009652214943765725,0.03354998621418295
1782,0.33499963457512383,0.34048647252581715,0.005486837950693324,0.21811351817551916,0.2224116966976351,0.004298178522115947,-0.019706153740810965
1783,0.3329488649011294,0.32737925573130033,-0.005569609169829071,0.26908492466319317,0.24454733218379562,-0.024537592479397546,0.09118902707058239
1784,0.4619103390623872,0.42032765343020734,-0.04158268563217987,0.352849223837859,0.28120418247209883,-0.07164504136576016,0.2030471842519411
1785,0.39369188716384373,0.39902567233675956,0.005333785172915828,0.28942219240893174,0.28406368898321877,-0.005358503425712979,0.01851448702365511
1786,0.41177237293562297,0.38936557033871566,-0.022406802596907305,0.3280730161849943,0.2735647168332057,-0.05450829935178858,0.1661468534829221
1787,0.29395669566307037,0.32414005084069425,0.030183355177623883,0.23347981464450013,0.2234769989566413,-0.010002815687858824,0.04284231466899724
1788,0.38592479211254344,0.40702240384255456,0.021097611730011123,0.29840398571157567,0.28924033980450764,-0.00916364590706803,0.030708858949106705
1789,0.43165727793304376,0.41450273058501796,-0.017154547348025795,0.3493810078317424,0.3016505687877097,-0.047730439044032735,0.13661429205968495
1790,0.2584723693387244,0.2906884317873548,0.0322160624486304,0.2175613744213928,0.21148947415813812,-0.006071900263254687,0.027908907449233494
1791,0.4233033445421621,0.4491161225954596,0.025812778053297458,0.3047473251734655,0.32556017767350376,0.02081285250003828,-0.06829543947003106
1792,0.34277211389045853,0.3480554437580105,0.005283329867551978,0.2849265964559939,0.2711907539895443,-0.0137358424664496,0.04820835484402054
1793,0.3071199721951299,0.29689086488292,-0.010229107312209884,0.2639335862646458,0.21535347691395976,-0.048580109350686046,0.18406186964767282
1794,0.3740380385664377,0.37698113029334324,0.0029430917269055445,0.28318172888470916,0.2523158741631589,-0.030865854721550234,0.10899663210304274
1795,0.3858947362829021,0.37223055814719497,-0.013664178135707139,0.2875883566398315,0.24919894405906973,-0.038389412580761784,0.1334873672540218
1796,0.327916289351617,0.3607036565835877,0.03278736723197073,0.2565398141534661,0.2682454574838022,0.01170564333033608,-0.045628953809616395
1797,0.41344452396047554,0.4167033942440254,0.003258870283549875,0.30461778415365,0.28278006241651193,-0.02183772173713805,0.07168892583803659
1798,0.36330755223106664,0.3398458758461537,-0.02346167638491292,0.2589041939062976,0.2127058776573134,-0.046198316248984184,0.17843788295567062
1799,0.4638816033479733,0.4499155202745716,-0.013966083073401692,0.31641164333967936,0.2932884285759976,-0.023123214763681788,0.07307953183902964
1800,0.33773050963261686,0.3916756687000458,0.053945159067428916,0.25974507296500904,0.2826451190332816,0.02290004606827256,-0.08816354361169149
1801,0.29916901674497853,0.25900350667072813,-0.0401655100742504,0.22874677679002228,0.1912670566946314,-0.037479720095390884,0.16384807961598222
1802,0.2721863097290233,0.2811164387075077,0.008930128978484386,0.23089940538968387,0.20275048321793554,-0.02814892217174833,0.12190989458912642
1803,0.346754035951978,0.2964632079184122,-0.050290828033565826,0.24133820243399662,0.17939529438613028,-0.06194290804786634,0.2566643300693642
1804,0.23483030875039057,0.25637620506031567,0.021545896309925094,0.1795203545308972,0.18625736250360983,0.006737007972712622,-0.03752782234815115
1805,0.46532015639387403,0.4159369485596301,-0.049383207834243936,0.3520698683271092,0.2821460904801332,-0.06992377784697595,0.19860767460511436
1806,0.3931303084909414,0.3753020790753661,-0.01782822941557527,0.2700774402946744,0.23866449025465988,-0.031412950040014515,0.11631089959139375
1807,0.40063001206801047,0.37463586693177064,-0.02599414513623982,0.28739649666538164,0.23875411899558857,-0.04864237766979307,0.1692518114666785
1808,0.3543961789357063,0.3833154339700114,0.02891925503430509,0.22214435897336648,0.22001888317435797,-0.002125475799008514,0.009567993573329239
1809,0.2821609838997093,0.29939068998409224,0.017229706084382956,0.20921385935657555,0.21175869432177177,0.0025448349651962243,-0.012163797240884084
1810,0.45121073672028544,0.4180870403119011,-0.03312369640838436,0.3433180596782079,0.28111062557573574,-0.06220743410247215,0.18119476196731157
1811,0.4290565284992789,0.424441908255596,-0.004614620243682865,0.30488890635221133,0.2685620485812976,-0.03632685777091371,0.11914785029583362
1812,0.41544192348863246,0.4230466616188283,0.007604738130195854,0.3253322947571671,0.3247522532520525,-0.0005800415051145924,0.00178292015413823
1813,0.4358279627414512,0.43163311558830464,-0.0041948471531465525,0.3255619740769005,0.2928277790332132,-0.0327341950436873,0.10054673963844193
1814,0.2782781761617861,0.23024506492454194,-0.04803311123724413,0.21932679391302504,0.1799335835246203,-0.03939321038840474,0.17960965774216478
1815,0.387909973827902,0.3880846063097393,0.00017463248183730018,0.28673454807180504,0.2601619947330822,-0.026572553338722826,0.09267300894647838
1816,0.3138555103062223,0.3028857764424578,-0.010969733863764486,0.24130879633644864,0.21334432037894896,-0.02796447595749968,0.11588668288125628
1817,0.3245695574689204,0.3318349651896674,0.007265407720746964,0.25965332208714287,0.24799201481881336,-0.011661307268329507,0.044911065164095335
1818,0.41429075086830214,0.41036769451926663,-0.003923056349035503,0.2742560841007274,0.24215947863008425,-0.032096605470643136,0.11703151664214259
1819,0.39297838552367637,0.4204944103758598,0.027516024852183407,0.27183757847598844,0.28065210317991185,0.00881452470392341,-0.03242570344152033
1820,0.34136635563880735,0.3359993782927117,-0.005366977346095647,0.25513256319564415,0.21207797751948687,-0.043054585676157275,0.16875378484376996
1821,0.28765436042007564,0.292709440480108,0.0050550800600323575,0.2304229565123864,0.2202668294264474,-0.010156127085938993,0.044076021068643174
1822,0.37146488906163944,0.35416193380416033,-0.017302955257479102,0.2676428132344998,0.22590838524569548,-0.04173442798880431,0.1559333033621866
1823,0.35583410821797895,0.37023190108087756,0.014397792862898606,0.27292983273939964,0.2559865259637653,-0.016943306775634326,0.06207935059928838
1824,0.36423107288955914,0.3588507614847051,-0.00538031140485401,0.29293030223564537,0.27316475852750266,-0.019765543708142708,0.06747524430655344
1825,0.410677584795855,0.42209648083862655,0.011418896042771576,0.2815434524069724,0.2862456124141493,0.004702160007176881,-0.01670136516042961
1826,0.3689896906972186,0.3847800337021618,0.015790343004943197,0.24683728610866656,0.24991875931329652,0.003081473204629953,-0.012483823871217652
1827,0.44264961603309816,0.43822954779552326,-0.004420068237574903,0.3198028906961432,0.2912252171820445,-0.028577673514098678,0.08936027267261759
1828,0.437964847714063,0.4146027775661895,-0.023362070147873504,0.31988661715579436,0.2653150437254745,-0.054571573430319875,0.17059661299847967
1829,0.340655521275489,0.3147370609729323,-0.02591846030255668,0.25129277391389027,0.20925551106198187,-0.0420372628519084,0.16728400979135666
1830,0.3979468442076002,0.41459268377486846,0.016645839567268284,0.32273028503235196,0.317815550142787,-0.004914734889564953,0.015228613853429584
1831,0.35245816834067406,0.3419527454542008,-0.01050542288647327,0.27551064275556886,0.25872810257176465,-0.016782540183804207,0.06091430812236738
1832,0.3139681098172028,0.31423846451193266,0.0002703546947298574,0.2474621602991507,0.23872456083302945,-0.008737599466121238,0.03530883047152977
1833,0.36914943830682023,0.3703957723304541,0.0012463340236338882,0.26635913292996116,0.23102923998753125,-0.035329892942429914,0.1326400658907381
1834,0.3462581395582138,0.3552976359654263,0.009039496407212522,0.26279996053374416,0.23655974579562555,-0.026240214738118606,0.09984862510947484
1835,0.2598636149047251,0.2607788535985842,0.0009152386938591217,0.21135268331134294,0.1895716685658114,-0.02178101474553154,0.10305530265469116
1836,0.2788487785765786,0.296890756645139,0.018041978068560394,0.2330221681193988,0.2123419575677735,-0.020680210551625305,0.08874782480364238
1837,0.34357627553862335,0.35186856721007925,0.008292291671455898,0.274027057474725,0.24711036647016177,-0.02691669100456323,0.09822639870898844
1838,0.38719244272229375,0.36096372497397716,-0.026228717748316588,0.2691397783334569,0.2099379548809418,-0.05920182345251512,0.21996682846028676
1839,0.377785854979644,0.3696763784109049,-0.008109476568739116,0.26909557213219043,0.24217527984599424,-0.02692029228619619,0.10003989316097656
1840,0.37382720530493374,0.3479230236152479,-0.025904181689685835,0.27528832510754053,0.24544730875445397,-0.029841016353086558,0.10839913513015584
1841,0.32232895069244577,0.3883005825467362,0.06597163185429045,0.23309028827749786,0.2820275841815128,0.04893729590401494,-0.2099499565840095
1842,0.39537513870080193,0.3674232030712416,-0.02795193562956033,0.2726087203530444,0.23172082666211208,-0.04088789369093232,0.1499874752281588
1843,0.4418414991275719,0.4737885047671725,0.03194700563960057,0.3114363977633387,0.33490689254767897,0.023470494784340268,-0.07536208019646938
1844,0.4268093872129882,0.4544914878882231,0.027682100675234855,0.3172598350628037,0.3329696286942044,0.01570979363140068,-0.04951712096897114
1845,0.3448455157423408,0.33688513039344187,-0.007960385348898924,0.279314813357156,0.2547361667748274,-0.02457864658232861,0.08799621576425391
1846,0.4758082388954896,0.481245858553694,0.0054376196582043845,0.33680381178413044,0.3337031202171496,-0.00310069156698084,0.009206224687766253
1847,0.4077548993138956,0.41090830046385923,0.0031534011499636527,0.24832687158699945,0.24102361008028372,-0.00730326150671573,0.029409871996704504
1848,0.3750065251886142,0.36841598295181577,-0.006590542236798447,0.28595142041137644,0.2593340352181288,-0.026617385193247634,0.09308359145394429
1849,0.37890453820922027,0.37566806400586383,-0.003236474203356432,0.2612007184664323,0.2447974605138399,-0.01640325795259237,0.06279943657467545
1850,0.36005241488183654,0.3756344413570208,0.015582026475184252,0.259375126003217,0.2509551689804394,-0.008419957022777591,0.032462469136971754
1851,0.3083384570526691,0.30856140434614265,0.00022294729347355213,0.23099579928837832,0.21360532773900137,-0.01739047154937695,0.07528479566706946
1852,0.3624203144955258,0.35676715325304936,-0.0056531612424764455,0.27572610379051693,0.25028403105231534,-0.025442072738201593,0.0922729926127387
1853,0.36423815142991145,0.3559050468677762,-0.008333104562135263,0.253196954916028,0.21634454552420657,-0.03685240939182144,0.14554839099089256
1854,0.3666850731917346,0.36436051166636985,-0.0023245615253647545,0.2792061870714627,0.2600165644824708,-0.019189622588991928,0.06872921689260543
1855,0.4202561504906241,0.4361599764532844,0.015903825962660323,0.27291286608970255,0.2837683282345368,0.010855462144834238,-0.03977629307247905
1856,0.27873701836543563,0.28268436350266346,0.003947345137227831,0.2238070702601197,0.20140281451111686,-0.022404255749002844,0.10010521885194916
1857,0.39645383766846093,0.40730161287000805,0.010847775201547116,0.3009062632833614,0.298347764753643,-0.0025584985297184004,0.008502642988554477
1858,0.3641962162095256,0.3405346000644673,-0.023661616145058295,0.2723508983823019,0.21226102427933397,-0.060089874102967955,0.2206340219910681
1859,0.2890597434940745,0.28949451301483525,0.00043476952076076936,0.23356767354972688,0.21441350773090082,-0.019154165818826063,0.08200692128205882
1860,0.39864658163678823,0.38650443269548224,-0.012142148941305997,0.30367029786751876,0.2724884509707536,-0.031181846896765175,0.10268322952799545
1861,0.44487304798800736,0.46216363092358753,0.017290582935580168,0.30717705922068167,0.3102156779207352,0.003038618700053508,-0.009892075624926496
1862,0.40081215735053966,0.3995204524476989,-0.0012917049028407512,0.2956989496353442,0.26162909945310464,-0.03406985018223957,0.11521802909430179
1863,0.38165931249524604,0.39849707015896746,0.01683775766372142,0.28613296851689074,0.2836758910536333,-0.002457077463257462,0.008587187544284742
1864,0.3512004697643261,0.3252199734608687,-0.02598049630345739,0.2557479185414847,0.21404402132916217,-0.04170389721232254,0.1630664188790173
1865,0.2639231160454099,0.243194511766707,-0.020728604278702906,0.21381853150914046,0.16342588857508783,-0.05039264293405263,0.23567949222351856
1866,0.4504319460454232,0.43941662313321517,-0.011015322912208025,0.33426736112340355,0.30267320145749965,-0.0315941596659039,0.0945176327109008
1867,0.39637050152896197,0.4003162412143541,0.003945739685392136,0.27569267662294733,0.26200860644705304,-0.013684070175894292,0.04963523276539329
1868,0.3181905217043747,0.32065897756178596,0.002468455857411289,0.21953252637412207,0.19946262661962447,-0.020069899754497605,0.09142107589239402
1869,0.39114938081210265,0.4163797011921627,0.025230320380060067,0.29350106818491667,0.2752251184443594,-0.018275949740557296,0.06226876737989506
1870,0.2575383276724564,0.24326483793316106,-0.01427348973929532,0.20611270807042148,0.17246726665579645,-0.03364544141462503,0.16323807362294984
1871,0.2817947413814996,0.24204642092176226,-0.03974832045973736,0.2196416909439512,0.17836967559908687,-0.04127201534486433,0.1879061082050959
1872,0.32916332279069493,0.3487043257645706,0.019541002973875676,0.22847929898510647,0.2353273638558155,0.0068480648707090475,-0.02997236467867245
1873,0.3327002771529047,0.29733178820750006,-0.03536848894540462,0.26340612946601644,0.2002444410653991,-0.06316168840061734,0.23978822561441646
1874,0.38923109115474974,0.3776094945252414,-0.011621596629508346,0.3019555697100352,0.2619646441878826,-0.039990925522152554,0.13243976774647817
1875,0.30454411157251776,0.3515179901193123,0.04697387854679452,0.2582716890703978,0.26299451242655636,0.004722823356158534,-0.018286260384006787
1876,0.2991723768669685,0.32848315663423955,0.029310779767271034,0.2349432727960665,0.23671903096327815,0.0017757581672116496,-0.007558242234724586
1877,0.40051173077335195,0.42519515604007774,0.02468342526672579,0.3041474334876854,0.3111435621125676,0.006996128624882192,-0.023002425319382014
1878,0.35494505639068,0.38425974013402087,0.02931468374334084,0.25594763415847144,0.2604436729127642,0.004496038754292775,-0.01756624463076313
1879,0.33864432046712023,0.30869235109540305,-0.02995196937171718,0.2561090464992801,0.21159342781049997,-0.04451561868878015,0.17381509672250206
1880,0.4191332979356184,0.40250589745793336,-0.016627400477685017,0.32366592967039676,0.2676308890378792,-0.056035040632517574,0.1731261634166454
1881,0.29127593143669916,0.29324703058533297,0.0019710991486338036,0.23194101214620502,0.21200858168060063,-0.01993243046560439,0.08593749885440655
1882,0.3011718208669297,0.30394876523217446,0.0027769443652447823,0.24393674127851458,0.2198704517183566,-0.024066289560157994,0.0986579120226925
1883,0.41657037535089364,0.4135334351309889,-0.003036940219904749,0.3077372397036613,0.29008938320999816,-0.017647856493663128,0.0573471592539704
1884,0.38078351315929865,0.3406528854772802,-0.04013062768201847,0.2715553819310581,0.2393101324081154,-0.03224524952294269,0.11874281147971888
1885,0.3615798023600418,0.34017933983856385,-0.021400462521477925,0.30578453337358863,0.25229892378164825,-0.053485609591940375,0.17491273676224484
1886,0.280732276216974,0.2718892135103408,-0.008843062706633209,0.22847420038252014,0.20355967147089096,-0.02491452891162918,0.10904744986487024
1887,0.3598162386502545,0.4399675066450582,0.08015126799480365,0.2890203537308058,0.322844109714608,0.03382375598380216,-0.11702897580460954
1888,0.3966894931951528,0.38882986962401944,-0.007859623571133345,0.3358745142084965,0.2908543596863143,-0.04502015452218222,0.13403861447563015
1889,0.2881244432662802,0.3281697122899246,0.040045269023644414,0.22137713603335407,0.2364400479735974,0.01506291194024334,-0.06804185929107813
1890,0.3283009575416369,0.3452228426270744,0.016921885085437516,0.2598454759008577,0.2607686195141969,0.0009231436133391724,-0.0035526637904267056
1891,0.3288048463988269,0.3128619825046006,-0.015942863894226278,0.24053841113335322,0.22221724241584467,-0.01832116871750855,0.07616733074432504
1892,0.32789584445763476,0.3134371849629806,-0.014458659494654136,0.29028693378934456,0.24027228511326879,-0.050014648676075774,0.1722938336327959
1893,0.35785450102031274,0.35970534749890953,0.0018508464785967904,0.2738336536920379,0.25337052241355373,-0.020463131278484148,0.07472832868635512
1894,0.3674843233127597,0.34633005510824416,-0.021154268204515547,0.23498340632199483,0.20915875494637368,-0.02582465137562115,0.10989989369817013
1895,0.41127521229173025,0.3980164306423798,-0.01325878164935046,0.28497078367689427,0.24689458577007167,-0.038076197906822595,0.1336143916774085
1896,0.5153308138632086,0.4966032620939728,-0.01872755176923574,0.3835276577625321,0.3309122169644888,-0.05261544079804331,0.13718812641830666
1897,0.3698957750601534,0.3644598870366342,-0.005435888023519242,0.2633391385608324,0.24508767172040682,-0.018251466840425584,0.06930783984549801
1898,0.3573260161847893,0.3431945064784791,-0.014131509706310219,0.2455602052140287,0.21562296811496853,-0.029937237099060154,0.12191404170299928
1899,0.3938168462684691,0.3802395705366195,-0.01357727573184958,0.267159358549804,0.23129239672920274,-0.035866961820601256,0.13425306160074088
1900,0.4322602896092956,0.3948649653975679,-0.0373953242117277,0.3286011514835707,0.2528916235496671,-0.07570952793390362,0.23039946023344632
1901,0.3103182486775429,0.3646007923329463,0.054282543655403415,0.25313538286029963,0.28467941200424096,0.03154402914394133,-0.12461327526602574
1902,0.37037561835630406,0.3487164845410961,-0.021659133815207954,0.2888165916575623,0.23833585165521495,-0.05048074000234734,0.1747847646585354
1903,0.34243304632232024,0.34270496138944817,0.0002719150671279258,0.25436083334414444,0.22261758370584878,-0.03174324963829567,0.12479613791541472
1904,0.30756996723708047,0.24791554576987485,-0.05965442146720562,0.2357800211066201,0.17308801522967127,-0.06269200587694884,0.2658919342814013
1905,0.3548963545283786,0.3260547189087789,-0.02884163561959968,0.28684210119955306,0.2267804579074954,-0.060061643292057654,0.20938921811297637
1906,0.45476401390908194,0.42935529798689703,-0.02540871592218491,0.3302846982333955,0.2861358767618241,-0.0441488214715714,0.13366898832344226
1907,0.4771619619824635,0.4673707324896939,-0.009791229492769615,0.3017521720845554,0.27304369223872327,-0.028708479845832136,0.09513926493887043
1908,0.36075482219866634,0.3585930750264497,-0.0021617471722166215,0.2662778669590063,0.2562373354319309,-0.010040531527075403,0.037706969947378884
1909,0.3351886975349268,0.316352906192022,-0.018835791342904806,0.26844922127270365,0.22496757828408442,-0.04348164298861923,0.16197343684766544
1910,0.3565525502800172,0.33643992613372037,-0.02011262414629683,0.26894901916626357,0.21046753297558568,-0.05848148619067789,0.21744450443422064
1911,0.44155177997268563,0.4507770012334469,0.009225221260761252,0.31168842864436386,0.29183142820568025,-0.019857000438683603,0.06370785250209085
1912,0.3564107586683783,0.3507492372442657,-0.005661521424112581,0.2642254761437056,0.235990684064904,-0.028234792078801613,0.10685870450828676
1913,0.40545336888228517,0.41379865197215654,0.00834528308987137,0.26653131648662653,0.26558304895308527,-0.0009482675335412694,0.0035578090636446827
1914,0.3161635168669438,0.31238186589258393,-0.0037816509743598403,0.25182562912244383,0.23247734956795196,-0.019348279554491865,0.07683205089933183
1915,0.33596530080908626,0.30515551140926295,-0.030809789399823317,0.2794233732653384,0.2271070499451919,-0.05231632332014649,0.18722958895234326
1916,0.3370021643456496,0.32555473448205735,-0.011447429863592262,0.2695024852467249,0.21966049772256577,-0.04984198752415911,0.1849407343258064
1917,0.442460470514261,0.4246481483499669,-0.017812322164294125,0.33246248781725013,0.2974698316246351,-0.034992656192615046,0.10525294574541597
1918,0.3065902155067302,0.28420186969553873,-0.02238834581119148,0.24232192854259146,0.20664457937423286,-0.0356773491683586,0.147231203477682
1919,0.3581197263112279,0.3368484177810548,-0.021271308530173116,0.26579582017616643,0.21839413552946083,-0.047401684646705605,0.17833871358582054
1920,0.31975572703407507,0.31415363235132887,-0.005602094682746195,0.21804884316319076,0.21195445475831934,-0.00609438840487142,0.027949647961719733
1921,0.35621453791399194,0.3756558326342586,0.019441294720266677,0.2764339707252533,0.26363710713682253,-0.01279686358843074,0.04629265916506874
1922,0.367560526558483,0.3839717185818363,0.016411192023353338,0.233266330685083,0.2550546914494663,0.021788360764383286,-0.09340551077557038
1923,0.4197926179032903,0.42183316197720105,0.002040544073910744,0.3018623415734555,0.27424097273636516,-0.02762136883709032,0.09150319544039219
1924,0.3587436428304429,0.3393563389000847,-0.019387303930358202,0.2589838078916919,0.215534117225017,-0.043449690666674895,0.16776991202803587
1925,0.3520628035973272,0.33505224887244456,-0.017010554724882665,0.2614096763792421,0.22850174564158446,-0.03290793073765766,0.1258864292763066
1926,0.40049067581429676,0.40486951623886513,0.004378840424568375,0.30169478570141295,0.28423348435791773,-0.017461301343495217,0.057877372003295575
1927,0.4420349720586989,0.4103013514071094,-0.03173362065158952,0.31082434515513063,0.2631587470146083,-0.04766559814052235,0.15335220320896267
1928,0.38610728563948066,0.379468029052573,-0.006639256586907671,0.301285174132835,0.27276708793929877,-0.02851808619353624,0.094654794334363
1929,0.41108098538453386,0.41128045303525196,0.00019946765071809924,0.30338533286069547,0.2754397647327461,-0.02794556812794935,0.09211245601243694
1930,0.33738622505523075,0.3519593806169211,0.014573155561690365,0.2781704080002742,0.258352459651665,-0.019817948348609227,0.07124391300669801
1931,0.46073589642593243,0.44573279320729997,-0.015003103218632463,0.33732792376723236,0.2954075330228109,-0.04192039074442144,0.12427192589412765
1932,0.2550182432874917,0.23943690802300407,-0.0155813352644876,0.20744761541128917,0.16100236586038272,-0.04644524955090645,0.22388905005643622
1933,0.37168157058499623,0.379805517955501,0.008123947370504758,0.3134994611893062,0.2803654844765085,-0.03313397671279772,0.10569069748030543
1934,0.4007038794845299,0.3830579073315399,-0.01764597215299002,0.2970772022687602,0.25811315366752163,-0.03896404860123859,0.13115798958544297
1935,0.3439174021353066,0.31686503782182535,-0.027052364313481236,0.25400675441912984,0.2216618021238947,-0.03234495229523515,0.1273389456481287
1936,0.2820980269962197,0.2680791056859162,-0.014018921310303523,0.22652871602673866,0.20686024567887784,-0.019668470347860817,0.08682550580271342
1937,0.34786215567394285,0.3631094775862463,0.015247321912303435,0.26591699707300526,0.2421716296817623,-0.023745367391242944,0.08929616253422061
1938,0.4305786978190507,0.4405085000471506,0.00992980222809986,0.3230217147943684,0.30572063916734166,-0.017301075627026763,0.05356010086826643
1939,0.3251477363559379,0.32418803287359615,-0.0009597034823417561,0.23791844341824755,0.20794206535624318,-0.029976378062004372,0.12599434340324572
1940,0.2959992064097508,0.3069064394709738,0.010907233061222987,0.2385296522648697,0.21456804300798873,-0.023961609256880956,0.1004554738975318
1941,0.3018725852625164,0.37098803383949375,0.06911544857697732,0.24849418385674146,0.28260222261017004,0.03410803875342858,-0.13725890169361907
1942,0.4016772774751853,0.40503545579681094,0.00335817832162566,0.28874789721857813,0.266300665201862,-0.022447232016716112,0.0777398977895374
1943,0.3801086427033275,0.3867209899288443,0.00661234722551679,0.27861010722797985,0.26663448146199464,-0.01197562576598521,0.04298345772569495
1944,0.3542237363716917,0.37820977320250737,0.023986036830815682,0.2523931727719206,0.2570408630433366,0.004647690271416038,-0.018414484910081158
1945,0.46138293319347035,0.4499556142204736,-0.011427318972996758,0.3124043646289992,0.27850541523809147,-0.03389894939090771,0.10850984566481633
1946,0.2858660258713761,0.2323487860981844,-0.0535172397731917,0.22093885540056277,0.15879321121258302,-0.06214564418797974,0.28127983226539993
1947,0.3411335868471586,0.343638568128132,0.002504981280973373,0.2624726960663162,0.24736083571655013,-0.015111860349766054,0.057574980469389095
1948,0.32830413626161936,0.3031292293938149,-0.025174906867804436,0.23872916171222452,0.18896511386880058,-0.04976404784342395,0.20845399651430893
1949,0.43475291637748487,0.42581590308790124,-0.008937013289583629,0.3099192755807815,0.2727071297783938,-0.037212145802387686,0.12007044651434795
1950,0.38498590609609024,0.38640185676410155,0.001415950668011312,0.2739166561987765,0.24429409073797034,-0.029622565460806133,0.10814444755527959
1951,0.3442884441377838,0.35360800337083276,0.009319559233048946,0.2537576608562664,0.2588369757441054,0.005079314887839026,-0.020016400177632687
1952,0.2669724607477009,0.2025418002581479,-0.06443066048955301,0.21078179525682755,0.14583215012087183,-0.06494964513595572,0.30813688182519594
1953,0.3380762646840341,0.3000933197914886,-0.0379829448925455,0.2830732638303714,0.23033260187678692,-0.05274066195358448,0.1863145294611389
1954,0.45432152211071053,0.4379668056100538,-0.01635471650065673,0.3431695532355162,0.2976158210487944,-0.04555373218672176,0.13274409619742222
1955,0.3027217955211564,0.2529237393148675,-0.04979805620628891,0.22317966382564838,0.18316664816374376,-0.04001301566190463,0.17928611852898682
1956,0.3192094690608409,0.3595986544043793,0.040389185343538414,0.24639826563305772,0.27435867684908805,0.027960411216030323,-0.11347649361164598
1957,0.30400774993331425,0.3191230583528738,0.015115308419559548,0.24291111218715625,0.2343957089310305,-0.008515403256125736,0.03505563487587532
1958,0.4230513718176577,0.4471538358481042,0.024102464030446524,0.3034928941606367,0.3256970823160724,0.022204188155435733,-0.07316213520202951
1959,0.37199933470471597,0.39678423983688654,0.024784905132170576,0.2828244247601558,0.2728940957794691,-0.009930328980686687,0.03511128499282877
1960,0.44844544179301327,0.43155259310716976,-0.01689284868584351,0.35927062608354926,0.31256897794176486,-0.0467016481417844,0.12999016549414152
1961,0.32203007191582284,0.2986037134718829,-0.02342635844393992,0.21493847928265578,0.18845180006861395,-0.026486679214041825,0.12322911794314131
1962,0.27290609176482666,0.2622958784856078,-0.01061021327921885,0.2206283908087506,0.17455076331868,-0.046077627490070605,0.20884722642070355
1963,0.4442049038011399,0.4381383197974984,-0.0060665840036415175,0.3065997043178837,0.2828664579785265,-0.023733246339357195,0.0774079231164244
1964,0.31630753320447885,0.32897392447833756,0.012666391273858713,0.25657576455127434,0.2461071330939192,-0.010468631457355132,0.04080132617226625
1965,0.4036564249014699,0.3920613065478143,-0.01159511835365562,0.32181450163220393,0.26609935592798606,-0.05571514570421787,0.17312813879311667
1966,0.461272305130778,0.4760773550892608,0.014805049958482808,0.3393516863338398,0.3174464914803644,-0.021905194853475363,0.06455012818744611
1967,0.4194983063093764,0.42372379579866354,0.0042254894892871375,0.25996402686045844,0.2566408487543597,-0.003323178106098723,0.012783222918309824
1968,0.2763436372176766,0.28811908218077226,0.011775444963095683,0.2209846540363492,0.2247082866159805,0.003723632579631292,-0.01685018625328979
1969,0.3482272294875562,0.3513438248366529,0.0031165953490966958,0.3062234700439188,0.26529657159159775,-0.04092689845232106,0.13365043001586813
1970,0.3301251735873669,0.3273928556954322,-0.0027323178919347324,0.24440285879449272,0.2343377340181103,-0.010065124776382411,0.041182516546771325
1971,0.4085041744825295,0.4056243059201255,-0.00287986856240402,0.2890087186687669,0.27209844586853854,-0.016910272800228332,0.058511289479848565
1972,0.35746021810746054,0.35195726106678565,-0.005502957040674883,0.26902482977510933,0.23999432484303912,-0.02903050493207021,0.1079101321477954
1973,0.40457815219121906,0.415426174169144,0.010848021977924949,0.29870797733338206,0.28642283031932586,-0.012285147014056197,0.04112761608755091
1974,0.3151138204898787,0.32854834875406835,0.013434528264189671,0.21716036505786734,0.21975338062905583,0.0025930155711884895,-0.011940556328027544
1975,0.4149463392455515,0.38709448711147176,-0.027851852134079758,0.31492505812091565,0.256928519542602,-0.05799653857831366,0.18415980908081903
1976,0.40921090188090886,0.41460865387071794,0.005397751989809074,0.2628803373796182,0.24967989900224735,-0.013200438377370838,0.05021462810399719
1977,0.3643497323312577,0.3964572436273877,0.03210751129612999,0.26186775014595015,0.2896493132719358,0.027781563125985675,-0.1060900516023902
1978,0.3729217045604328,0.34409924550818494,-0.02882245905224784,0.27959002187740084,0.23761142951405365,-0.041978592363347195,0.15014338523767007
1979,0.4324824685887656,0.4415093972264755,0.009026928637709875,0.31197368393465463,0.29638121549984964,-0.015592468434804996,0.049980076005612585
1980,0.45095561327411304,0.4359971307308865,-0.01495848254322657,0.345807937428298,0.29565321095820096,-0.050154726470097055,0.14503636568636152
1981,0.43393078656009343,0.4346639640869235,0.0007331775268300533,0.30704805739492186,0.2945876742975149,-0.012460383097406935,0.04058121456010558
1982,0.31962676306307125,0.33671115171224847,0.017084388649177218,0.23103786750725153,0.2248973577022526,-0.006140509804998917,0.02657793664411392
1983,0.42041039813681297,0.4180427108053613,-0.002367687331451651,0.2898668536433133,0.26256063089923953,-0.027306222744073794,0.0942026395942277
1984,0.3781022739614282,0.3443105162523049,-0.03379175770912329,0.2806660550901752,0.22439326616625604,-0.05627278892391918,0.20049730953691317
1985,0.4253701259174014,0.41919626621846895,-0.006173859698932471,0.3041990177828714,0.2873561496835171,-0.016842868099354313,0.05536792400617241
1986,0.4266466507919788,0.42250172562830357,-0.004144925163675206,0.30194865463208775,0.2614156574634453,-0.04053299716864245,0.13423804526643865
1987,0.39177260459968366,0.3778453937022031,-0.013927210897480558,0.26145879346046763,0.22439878450758352,-0.03706000895288411,0.14174321109030727
1988,0.31989197482130544,0.35169029453043205,0.03179831970912661,0.260293435152209,0.2542631050717222,-0.006030330080486812,0.023167430546070133
1989,0.35987789886393134,0.3873565061125505,0.02747860724861917,0.2741151771949534,0.2661249113027057,-0.007990265892247661,0.029149301304702682
1990,0.3878709457684637,0.38048443273901006,-0.007386513029453645,0.2898591706288218,0.2556952744192402,-0.0341638962095816,0.11786377548609653
1991,0.43084114900623677,0.4628303810408223,0.031989232034585535,0.269011893972939,0.3035489421579761,0.03453704818503711,-0.1283848370976167
1992,0.3909426131541838,0.40830807110289774,0.017365457948713914,0.29154721682727935,0.28667066405519315,-0.004876552772086207,0.01672645969717904
1993,0.395211023336923,0.40490927869482496,0.009698255357901975,0.30338324336830846,0.29832988503748714,-0.005053358330821323,0.016656682401824434
1994,0.4483691498225107,0.48095079875054914,0.03258164892803844,0.2703347887851472,0.29262287017570077,0.02228808139055355,-0.08244621970673316
1995,0.3769943751868921,0.3952620137901609,0.0182676386032688,0.29669362328824406,0.27461981632142074,-0.022073806966823317,0.07439933060299767
1996,0.4296314509890176,0.43674259247820096,0.007111141489183348,0.34150865695358235,0.32259423970021267,-0.018914417253369675,0.055384883715965394
1997,0.4318709944872734,0.39091823035543544,-0.04095276413183796,0.332174542877466,0.2656425566060154,-0.06653198627145063,0.20029224905411622
1998,0.44350100540461446,0.4446100956054845,0.001109090200870022,0.31285963675690925,0.3008210200009594,-0.01203861675594986,0.03847929020420048
1999,0.3966575915994552,0.33567512860159443,-0.060982462997860754,0.32209255072409687,0.23868259973160302,-0.08340995099249385,0.25896268263572003
2000,0.27467126461035896,0.2717459285234151,-0.0029253360869438416,0.22537774147971984,0.2136171335470695,-0.011760607932650352,0.05218176318316069
