feature_model,repeat,delta_mae_log_ablated_minus_full
drop_C1,1,-0.013561027033272444
drop_C1,2,-0.03578939672038989
drop_C1,3,-0.014497880214788594
drop_C1,4,-0.011990866053923077
drop_C1,5,-0.014233179255296935
drop_C1,6,-0.012592906301483908
drop_C1,7,-0.018974446532730782
drop_C1,8,-0.0142940722833515
drop_C1,9,-0.011486318010335062
drop_C1,10,-0.010304494563037114
drop_C1,11,-0.013750666623656094
drop_C1,12,-0.016203491046875074
drop_C1,13,-0.027244126911622035
drop_C1,14,-0.016660826210351032
drop_C1,15,-0.03424330783322804
drop_C1,16,-0.02753661367863036
drop_C1,17,0.0012718325632160576
drop_C1,18,-0.0048018560409418265
drop_C1,19,-0.01796113062382837
drop_C1,20,-0.019462202711465953
drop_C1,21,-0.009081767225803394
drop_C1,22,-0.013027528766294677
drop_C1,23,-0.03394051120749064
drop_C1,24,-0.011774752707869207
drop_C1,25,-0.009100484544693005
drop_C1,26,-0.018449593874625997
drop_C1,27,-0.01700771317803823
drop_C1,28,-0.03084017757844751
drop_C1,29,-0.008518494843063384
drop_C1,30,-0.024425379328066987
drop_C1,31,-0.006486973759476655
drop_C1,32,-0.01985503721641871
drop_C1,33,-0.013103378613144812
drop_C1,34,-0.009415767246716722
drop_C1,35,-0.046163959597182114
drop_C1,36,-0.0007886627180207495
drop_C1,37,-0.009229409300635927
drop_C1,38,-0.014136357258031279
drop_C1,39,-0.01026250361787473
drop_C1,40,-0.00855007685020115
drop_C1,41,-0.017290899958244732
drop_C1,42,-0.00689037725674202
drop_C1,43,-0.017700859778464417
drop_C1,44,-0.011382850600366479
drop_C1,45,-0.0068325903582228675
drop_C1,46,-0.007953283401256617
drop_C1,47,-0.027631537355150615
drop_C1,48,-0.020257103745411453
drop_C1,49,-0.02019784814110409
drop_C1,50,-0.012211702473816477
drop_C1,51,-0.014140577775081098
drop_C1,52,-0.012702181713260485
drop_C1,53,-0.005973179039323373
drop_C1,54,-0.01304044844272051
drop_C1,55,-0.014124520565450549
drop_C1,56,-0.01220255298494749
drop_C1,57,-0.024154129896123144
drop_C1,58,-0.013894947408192637
drop_C1,59,-0.010051577100056247
drop_C1,60,-0.01699736281644279
drop_C1,61,-0.019795063648300526
drop_C1,62,0.003410001637309479
drop_C1,63,-0.015633285590334556
drop_C1,64,-0.012351645436512848
drop_C1,65,-0.00977106761298474
drop_C1,66,-0.018329283894778003
drop_C1,67,-0.02978606966859132
drop_C1,68,-0.01365392312697572
drop_C1,69,-0.0234778060564953
drop_C1,70,0.001554209745832591
drop_C1,71,-0.013159096179994556
drop_C1,72,-0.017840651738340985
drop_C1,73,-0.02142321741202835
drop_C1,74,-0.005164968008787463
drop_C1,75,-0.004925865062668733
drop_C1,76,-0.03071737514980899
drop_C1,77,-0.0164157046911812
drop_C1,78,-0.006644198891872566
drop_C1,79,-0.01950154896680728
drop_C1,80,-0.021962905542334987
drop_C1,81,-0.028217233096722194
drop_C1,82,-0.0041848573601835914
drop_C1,83,-0.025392991185836322
drop_C1,84,-0.01446336288690353
drop_C1,85,-0.012447692833608692
drop_C1,86,-0.023490556274668506
drop_C1,87,-0.013251030580203077
drop_C1,88,-0.004254437295002161
drop_C1,89,-0.00850520752542594
drop_C1,90,-0.012149426111787043
drop_C1,91,-0.023678876535159488
drop_C1,92,-0.01100061794599011
drop_C1,93,-0.018732305224617163
drop_C1,94,-0.015762272373294334
drop_C1,95,-0.025434813472458767
drop_C1,96,-0.010787253833769495
drop_C1,97,-0.014156200997827606
drop_C1,98,-0.027982759677777413
drop_C1,99,-0.013909230392755434
drop_C1,100,-0.016210409669357884
drop_C1,101,-0.015879684581309395
drop_C1,102,-0.023034693868567685
drop_C1,103,-0.027803439375375938
drop_C1,104,-0.03655711328786437
drop_C1,105,-0.005429958836464854
drop_C1,106,-0.012501901138779192
drop_C1,107,-0.03436184961263644
drop_C1,108,-0.012855959586794807
drop_C1,109,-0.024188769246368758
drop_C1,110,-0.01712265431540355
drop_C1,111,-0.02988604501653841
drop_C1,112,-0.018331826841046894
drop_C1,113,-0.01841291684082147
drop_C1,114,-0.020391388328599158
drop_C1,115,-0.009842467116364384
drop_C1,116,-0.011760997107508386
drop_C1,117,-0.02104640808931388
drop_C1,118,-0.013389384738582033
drop_C1,119,-0.007884593236476889
drop_C1,120,-0.020363905593079046
drop_C1,121,-0.004940112603382396
drop_C1,122,-0.028700927936161413
drop_C1,123,-0.010622803483447435
drop_C1,124,-0.0031003861711976777
drop_C1,125,-0.020923958581195612
drop_C1,126,-0.01206995409822248
drop_C1,127,-0.018306028143302566
drop_C1,128,-0.011811606766402527
drop_C1,129,-0.022463785408985387
drop_C1,130,-0.01321523213898601
drop_C1,131,-0.024270818872563965
drop_C1,132,-0.036764317085242915
drop_C1,133,-0.025598806926719037
drop_C1,134,-0.02979442457095549
drop_C1,135,-0.032193204540912373
drop_C1,136,-0.010268562695609412
drop_C1,137,0.00909029487228441
drop_C1,138,-0.028379402474379978
drop_C1,139,-0.015689188531421205
drop_C1,140,-0.006277479394752317
drop_C1,141,-0.012017847606299648
drop_C1,142,-0.016369466662738863
drop_C1,143,-0.013741011376639217
drop_C1,144,0.008275851069179996
drop_C1,145,-0.00629912783827985
drop_C1,146,-0.029546667409021676
drop_C1,147,-0.00929926041821555
drop_C1,148,-0.014145611464897734
drop_C1,149,-0.025034676077172247
drop_C1,150,-0.01243858848343668
drop_C1,151,-0.01266477923662862
drop_C1,152,-0.007329493019790356
drop_C1,153,-0.000456999423661425
drop_C1,154,-0.0018241736232504913
drop_C1,155,-0.013922486761500708
drop_C1,156,-0.008318410223513262
drop_C1,157,-0.021129957551035194
drop_C1,158,-0.019091172438011283
drop_C1,159,-0.01871185384587587
drop_C1,160,-0.004516266049024803
drop_C1,161,-0.027084408110347097
drop_C1,162,-0.01601408310573621
drop_C1,163,-0.010952523063555708
drop_C1,164,-0.028739845827730842
drop_C1,165,-0.020915090638236877
drop_C1,166,-0.012761131224517441
drop_C1,167,-0.005924633675106039
drop_C1,168,-0.0046911905130865295
drop_C1,169,-0.017571221400037473
drop_C1,170,-0.0039221259137471876
drop_C1,171,-0.018777273387918264
drop_C1,172,-0.012732568829961433
drop_C1,173,-0.013531359191343295
drop_C1,174,-0.020652405906592453
drop_C1,175,-0.028529353054267792
drop_C1,176,-0.0154347700876869
drop_C1,177,-0.007755954272927135
drop_C1,178,-0.01542621330459909
drop_C1,179,-0.008603682002193802
drop_C1,180,-0.018597648209953466
drop_C1,181,0.0019068748395809354
drop_C1,182,-0.016320840571887096
drop_C1,183,-0.023734255176252217
drop_C1,184,-0.034414503524690776
drop_C1,185,-0.012607879177901293
drop_C1,186,-0.02880092011003768
drop_C1,187,-0.005657514549810949
drop_C1,188,-0.02685542322365675
drop_C1,189,-0.005518838048282154
drop_C1,190,-0.017694729912998836
drop_C1,191,-0.02250454606136837
drop_C1,192,-0.024584960156285085
drop_C1,193,-0.01723656941886012
drop_C1,194,-0.009193631972188143
drop_C1,195,-0.0239021357904049
drop_C1,196,-0.006185935050246533
drop_C1,197,-0.0082112497163781
drop_C1,198,-0.025503255130582936
drop_C1,199,-0.012620788343364886
drop_C1,200,-0.01168299185660393
drop_C1,201,-0.010159981239056481
drop_C1,202,-0.023948767409112254
drop_C1,203,-0.0022637269893689693
drop_C1,204,-0.009230277914507062
drop_C1,205,-0.011005211709449514
drop_C1,206,-0.003960076470269802
drop_C1,207,-0.0032967506696455207
drop_C1,208,-0.020362130757832886
drop_C1,209,-0.013392159045093138
drop_C1,210,-0.025450341935031207
drop_C1,211,-0.024055648956129883
drop_C1,212,-0.025129983027779718
drop_C1,213,-0.015953238915895757
drop_C1,214,-0.015718467848520545
drop_C1,215,-0.019545159894332254
drop_C1,216,-0.018295458596786773
drop_C1,217,-0.014302071910377662
drop_C1,218,-0.03254753393561299
drop_C1,219,-0.012236276625859188
drop_C1,220,-0.0062150846499609
drop_C1,221,-0.021191550074706522
drop_C1,222,-0.0071701438281917
drop_C1,223,-0.02487833477443538
drop_C1,224,-0.012045086658425963
drop_C1,225,-0.019898436444984485
drop_C1,226,-0.016430059225944482
drop_C1,227,-0.017845970804320155
drop_C1,228,-0.01997044572289336
drop_C1,229,-0.006800892554556126
drop_C1,230,-0.018569652244002366
drop_C1,231,-0.022018695571948133
drop_C1,232,-0.009621795594539129
drop_C1,233,-0.01256085947839014
drop_C1,234,-0.01178678379507661
drop_C1,235,-0.03739915894980614
drop_C1,236,-0.024889860473857883
drop_C1,237,-0.029109679605979738
drop_C1,238,-0.010093410344805348
drop_C1,239,-0.012070696024864214
drop_C1,240,-0.01736788221238081
drop_C1,241,-0.008824601111647179
drop_C1,242,-0.027480166660216965
drop_C1,243,-0.0181401380199544
drop_C1,244,-0.01618851107883912
drop_C1,245,-0.01778436866509836
drop_C1,246,-0.0204673753860245
drop_C1,247,-0.0220400163377672
drop_C1,248,-0.02341787902661513
drop_C1,249,-0.023691464510810945
drop_C1,250,-0.006687850621104191
drop_C1,251,0.0029967781614729516
drop_C1,252,-0.01745001563142251
drop_C1,253,-0.01973246021792907
drop_C1,254,-0.011748347079672122
drop_C1,255,-0.012280037799372368
drop_C1,256,-0.013939766768907402
drop_C1,257,-0.026151301420939382
drop_C1,258,-0.0038790220019687682
drop_C1,259,-0.02504284400179141
drop_C1,260,-0.01934158501581501
drop_C1,261,-0.01631463651162346
drop_C1,262,-0.018365306522827807
drop_C1,263,-0.01466504369931737
drop_C1,264,-0.007141354804421046
drop_C1,265,-0.0101623063507926
drop_C1,266,-0.011441554839379642
drop_C1,267,-0.00934730859080568
drop_C1,268,-0.009166407764684581
drop_C1,269,-0.01949957902908156
drop_C1,270,-0.015522543574884529
drop_C1,271,-0.02525407338632188
drop_C1,272,-0.024326288771506666
drop_C1,273,-0.016456884899433033
drop_C1,274,-0.007157702614288164
drop_C1,275,-0.027672359948437197
drop_C1,276,-0.015924667856109742
drop_C1,277,-0.020829636989634276
drop_C1,278,-0.017637477173954197
drop_C1,279,-0.018026730089291065
drop_C1,280,-0.01460283737304996
drop_C1,281,-0.04259799759148547
drop_C1,282,-0.001548983637910839
drop_C1,283,-0.028744413167478555
drop_C1,284,-0.018885839456937892
drop_C1,285,-0.01399583062913054
drop_C1,286,-0.0017662661956589498
drop_C1,287,-0.011837307528660856
drop_C1,288,-0.0222236194398302
drop_C1,289,-0.0019345189564937693
drop_C1,290,-0.013677192644477365
drop_C1,291,-0.0069077477618292304
drop_C1,292,-0.016603207054847413
drop_C1,293,-0.00979015237684433
drop_C1,294,-0.0005473801879905538
drop_C1,295,-0.01582962386260217
drop_C1,296,-0.027764199502712056
drop_C1,297,-0.03992729371280679
drop_C1,298,0.001960446993397591
drop_C1,299,-0.018792083901974177
drop_C1,300,-0.016863079579475693
drop_C1,301,-0.015883174964086116
drop_C1,302,-0.012227406381566663
drop_C1,303,-0.01194246910680169
drop_C1,304,-0.011715090564765163
drop_C1,305,-0.007362158929840601
drop_C1,306,-0.011698016555453161
drop_C1,307,-0.008416370594032663
drop_C1,308,-0.03434509120087309
drop_C1,309,-0.0257621729600781
drop_C1,310,-0.013169572517003958
drop_C1,311,-0.022289530912779187
drop_C1,312,-0.022411232701735728
drop_C1,313,-0.019510525268051915
drop_C1,314,-0.008996456251865598
drop_C1,315,-0.004690253786750642
drop_C1,316,-0.0034990084834929935
drop_C1,317,-0.007129939984853173
drop_C1,318,-0.041030810888621816
drop_C1,319,-0.015977930464658452
drop_C1,320,0.001940900597635714
drop_C1,321,-0.021630963804637415
drop_C1,322,-0.007244513739445901
drop_C1,323,-0.02489673819621241
drop_C1,324,-0.009724093660324729
drop_C1,325,-0.019693191621041245
drop_C1,326,-0.025007668294289742
drop_C1,327,-0.01050564701491763
drop_C1,328,-0.01037744889802289
drop_C1,329,-0.020809384777770112
drop_C1,330,-0.01819131561184323
drop_C1,331,-0.02043935598252694
drop_C1,332,-0.012591255699071768
drop_C1,333,-0.00650795837664897
drop_C1,334,-0.025698594638520145
drop_C1,335,-0.020136085842432427
drop_C1,336,-0.010409155939156117
drop_C1,337,-0.01355769720966582
drop_C1,338,-0.02527770705671223
drop_C1,339,-0.013086130183805389
drop_C1,340,-0.025884951425418468
drop_C1,341,-0.015871185406910765
drop_C1,342,-0.018450559280202394
drop_C1,343,-0.013624908759990395
drop_C1,344,-0.031838866132637894
drop_C1,345,-0.006282660677544349
drop_C1,346,-0.0009456285258455932
drop_C1,347,-0.01615109367167686
drop_C1,348,-0.02935676740282059
drop_C1,349,-0.01966203329630134
drop_C1,350,-0.005215140926493167
drop_C1,351,-0.024673057353242323
drop_C1,352,-0.00977620512364169
drop_C1,353,-0.02468633794164221
drop_C1,354,0.0042001305225530805
drop_C1,355,-0.0041117541019602966
drop_C1,356,-0.006963115789559715
drop_C1,357,-0.03088866343924479
drop_C1,358,-0.015606253768766676
drop_C1,359,-0.016910179110707857
drop_C1,360,-0.014432320460611658
drop_C1,361,-0.016021437170411712
drop_C1,362,-0.021428661302551222
drop_C1,363,-0.01743881265635694
drop_C1,364,-0.013907700794251077
drop_C1,365,-0.02582150590455834
drop_C1,366,-0.02088341650415615
drop_C1,367,-0.011713984549963419
drop_C1,368,-0.0051975045790269014
drop_C1,369,-0.015924982083697692
drop_C1,370,-0.011971275987187585
drop_C1,371,-0.025342360481776155
drop_C1,372,-0.014708373097490401
drop_C1,373,-0.015042050008576446
drop_C1,374,-0.0038949115002270274
drop_C1,375,-0.016184273097969437
drop_C1,376,-0.002605027783440711
drop_C1,377,-0.01328790022030607
drop_C1,378,-0.023806569753261564
drop_C1,379,-0.022879929952358963
drop_C1,380,-0.024678220418661467
drop_C1,381,-0.01275841019585744
drop_C1,382,-0.01243387472997387
drop_C1,383,-0.00892667468259839
drop_C1,384,-0.024885045377717352
drop_C1,385,-0.00807048742936789
drop_C1,386,-0.01863671747891915
drop_C1,387,-0.022279842626897195
drop_C1,388,-0.02077418800439873
drop_C1,389,-0.01580345018101212
drop_C1,390,-0.01676519869401316
drop_C1,391,-0.003596381741417909
drop_C1,392,-0.0246041894616284
drop_C1,393,-0.020451238145712924
drop_C1,394,-0.023756667150241495
drop_C1,395,0.006882593025365369
drop_C1,396,-0.01606503319714253
drop_C1,397,-0.014009570607044497
drop_C1,398,-0.005542042855792517
drop_C1,399,-0.01837061443408189
drop_C1,400,-0.0004952537715292582
drop_C1,401,-0.018107263990839256
drop_C1,402,-0.003980435102724222
drop_C1,403,-0.029501915631145736
drop_C1,404,-0.02552138945405119
drop_C1,405,-0.008270844422046786
drop_C1,406,-0.004642316573810867
drop_C1,407,-0.020677452390786333
drop_C1,408,-0.006715549102113444
drop_C1,409,-0.0072030486673127225
drop_C1,410,-0.00679000868665125
drop_C1,411,0.0027230524498529918
drop_C1,412,-0.005514260361148576
drop_C1,413,-0.02071676665871794
drop_C1,414,-0.015809417600678194
drop_C1,415,-0.009237474387070843
drop_C1,416,-0.0055683659612078
drop_C1,417,-0.015951784637527056
drop_C1,418,-0.025011639950681674
drop_C1,419,-0.01895428926919296
drop_C1,420,-0.0003710928912482314
drop_C1,421,-0.012512706557533892
drop_C1,422,-0.019684707162237525
drop_C1,423,-0.02425629539342411
drop_C1,424,-0.009344910855533906
drop_C1,425,-0.01648387129310691
drop_C1,426,-0.014857136008850413
drop_C1,427,0.0022041646742507193
drop_C1,428,-0.01790361738552801
drop_C1,429,-0.01619503948357895
drop_C1,430,-0.013047496499507594
drop_C1,431,-0.014901380852172186
drop_C1,432,-0.020924001220560123
drop_C1,433,-0.029033230484001138
drop_C1,434,-0.024725354514701203
drop_C1,435,0.006003999874024446
drop_C1,436,-0.03077344441778468
drop_C1,437,-0.017069649641378387
drop_C1,438,-0.012449132078702685
drop_C1,439,-0.013592986188019435
drop_C1,440,-0.013920893023463582
drop_C1,441,-0.023135814091907403
drop_C1,442,-0.00641442428865735
drop_C1,443,-0.0058509780238591436
drop_C1,444,-0.013459219619117835
drop_C1,445,-0.016074375875500452
drop_C1,446,-0.03338641818634047
drop_C1,447,-0.014491945678802687
drop_C1,448,-0.004859914836672141
drop_C1,449,-0.005822238132851432
drop_C1,450,-0.0029917507469423565
drop_C1,451,-0.026146031639437795
drop_C1,452,-0.018381683830851536
drop_C1,453,-0.03621003392238717
drop_C1,454,-0.017435701614652188
drop_C1,455,-0.03563188431483283
drop_C1,456,-0.005310332430309789
drop_C1,457,-0.005794143164826737
drop_C1,458,-0.014543083325057216
drop_C1,459,-0.024584317491397722
drop_C1,460,-0.007501936298050016
drop_C1,461,-0.010313694167910725
drop_C1,462,-0.018215642866419385
drop_C1,463,-0.019948333464586798
drop_C1,464,-0.010719045145911488
drop_C1,465,-0.040757394980342476
drop_C1,466,-0.02586035198894565
drop_C1,467,-0.006464976649063869
drop_C1,468,-0.0013760582482441608
drop_C1,469,-0.0316290567197815
drop_C1,470,-0.010005837987742655
drop_C1,471,-0.018683691998741703
drop_C1,472,-0.013145522710867219
drop_C1,473,-0.029743481688926432
drop_C1,474,0.00031910237825560905
drop_C1,475,-0.0005067388826923702
drop_C1,476,-0.017957923713881996
drop_C1,477,-0.012765069692470876
drop_C1,478,-0.0185319866075504
drop_C1,479,-0.010364252307710708
drop_C1,480,-0.011445162800811037
drop_C1,481,-0.006716385456055407
drop_C1,482,-0.019912265456776795
drop_C1,483,-0.012210837632817384
drop_C1,484,-0.01883098281712839
drop_C1,485,-0.005017374009184061
drop_C1,486,-0.016823210294737462
drop_C1,487,-0.017179665019913803
drop_C1,488,-0.01568754099393574
drop_C1,489,-0.020911335787072383
drop_C1,490,0.0010412879232691852
drop_C1,491,-0.01757038976570502
drop_C1,492,-0.020675821874305944
drop_C1,493,-0.021323120704982768
drop_C1,494,-0.007489305066622265
drop_C1,495,-0.009984088881554332
drop_C1,496,-0.020418355161113844
drop_C1,497,-0.010600133681408663
drop_C1,498,-0.012338678078679888
drop_C1,499,-0.01711539218665345
drop_C1,500,-0.010023009287713325
drop_C1,501,-0.019147997113742016
drop_C1,502,-0.022201883006340184
drop_C1,503,0.0008976550160664509
drop_C1,504,-0.015221827227094309
drop_C1,505,-0.022089387363528556
drop_C1,506,-0.01918624466016114
drop_C1,507,-0.015090931142628106
drop_C1,508,-0.02217307427055437
drop_C1,509,-0.01738671425618471
drop_C1,510,0.003757537162926594
drop_C1,511,-0.021064387875058044
drop_C1,512,-0.013270043189642255
drop_C1,513,-0.02898518488435728
drop_C1,514,-0.008712049159278118
drop_C1,515,-0.01733754608802887
drop_C1,516,-0.019084611525904682
drop_C1,517,-0.01557835892959425
drop_C1,518,-0.004538851518765874
drop_C1,519,-0.0036237787266850674
drop_C1,520,-0.007073315895544857
drop_C1,521,-0.030420618489993445
drop_C1,522,-0.017240725509972188
drop_C1,523,0.00017857017234751416
drop_C1,524,-0.031223169922239002
drop_C1,525,-0.01967965695961099
drop_C1,526,-0.014346489510797505
drop_C1,527,-0.028464711180256508
drop_C1,528,-0.010576699744925089
drop_C1,529,0.00523260257088029
drop_C1,530,-0.009789451509351399
drop_C1,531,-0.024288061966034502
drop_C1,532,-0.0009004887413881502
drop_C1,533,-0.026181124302628866
drop_C1,534,-0.009400977342860495
drop_C1,535,-0.029502212300754116
drop_C1,536,-0.03189990667056425
drop_C1,537,-0.004092299394672316
drop_C1,538,-0.014148354960176635
drop_C1,539,-0.00906573296705765
drop_C1,540,-0.018467849876717596
drop_C1,541,-0.016111839627928948
drop_C1,542,-0.010873677628646355
drop_C1,543,-0.012827272706232795
drop_C1,544,-0.004591050596880503
drop_C1,545,-0.01012104146772791
drop_C1,546,-0.018737216119493583
drop_C1,547,-0.014950640530393633
drop_C1,548,-0.0032552190976949946
drop_C1,549,-0.01939191575895477
drop_C1,550,-0.01667745059450243
drop_C1,551,-0.006969054072580888
drop_C1,552,-0.021415410965742065
drop_C1,553,-0.021459769314877947
drop_C1,554,-0.028496494343598522
drop_C1,555,-0.029605048484575847
drop_C1,556,-0.017651524287622566
drop_C1,557,-0.018566684914022025
drop_C1,558,-0.004866672350301304
drop_C1,559,-0.029812925505489918
drop_C1,560,0.000813692256709464
drop_C1,561,-0.01158696567219128
drop_C1,562,-0.015669147207965084
drop_C1,563,-0.01444950613640611
drop_C1,564,-0.02326417366767153
drop_C1,565,-0.024229223045032
drop_C1,566,-0.022595657921063828
drop_C1,567,-0.003478924777789827
drop_C1,568,-0.01577348142798246
drop_C1,569,-0.00659166506631409
drop_C1,570,-0.025102585092054874
drop_C1,571,-0.034196385152490016
drop_C1,572,-0.03960450581931202
drop_C1,573,-0.03484455372033465
drop_C1,574,-0.0002825889034963336
drop_C1,575,-0.03215151519974102
drop_C1,576,-0.01530726994210807
drop_C1,577,-0.023413556699596133
drop_C1,578,-0.02400360807509455
drop_C1,579,-0.006719081305467389
drop_C1,580,-0.014319530011045356
drop_C1,581,-0.02947394535451331
drop_C1,582,-0.007846860907371744
drop_C1,583,0.0022057074588781034
drop_C1,584,-0.013555466435239694
drop_C1,585,-0.015275216869494929
drop_C1,586,-0.023274705386625766
drop_C1,587,-0.015791113585145344
drop_C1,588,-0.009136888906418339
drop_C1,589,-0.005785632878765157
drop_C1,590,-0.0261776608807619
drop_C1,591,-0.013026590826065387
drop_C1,592,-0.023360674905177847
drop_C1,593,-0.025918581713038735
drop_C1,594,-0.022849216711749665
drop_C1,595,-0.0067020028246888574
drop_C1,596,-0.005195448812555348
drop_C1,597,-0.021563895942845468
drop_C1,598,-0.01606786015335565
drop_C1,599,-0.026295749592995438
drop_C1,600,-0.008138002217105256
drop_C1,601,-0.009074504116286686
drop_C1,602,-0.024752284078161352
drop_C1,603,-0.0012721835370256007
drop_C1,604,-0.0356590333527988
drop_C1,605,-0.0024598375239150427
drop_C1,606,-0.002505836380973958
drop_C1,607,-0.01371198907564275
drop_C1,608,-0.011559173107719561
drop_C1,609,-0.002400976397522958
drop_C1,610,-0.020236728353184574
drop_C1,611,-0.017573183298091655
drop_C1,612,-0.008556119207542567
drop_C1,613,-0.026485355671150068
drop_C1,614,-0.00939054617374016
drop_C1,615,-0.011037263488738125
drop_C1,616,-0.02567821316198521
drop_C1,617,-0.00265658504950661
drop_C1,618,-0.019059524580260223
drop_C1,619,-0.01520175041455779
drop_C1,620,-0.03320423577469417
drop_C1,621,-0.012824489134700134
drop_C1,622,-0.011508474795568935
drop_C1,623,-0.009160508511452226
drop_C1,624,-0.017084717845487263
drop_C1,625,-0.010691443667702416
drop_C1,626,0.0042741491715445334
drop_C1,627,-0.014237390460914379
drop_C1,628,-0.005342869466393535
drop_C1,629,-0.019216533785362228
drop_C1,630,-0.01773305471109754
drop_C1,631,-0.034188386234175305
drop_C1,632,-0.03410696138168273
drop_C1,633,-0.010296453644698916
drop_C1,634,-0.013226519729668762
drop_C1,635,0.001344123306542211
drop_C1,636,-0.018868057889307482
drop_C1,637,-0.011000387542232759
drop_C1,638,-0.021799344439038998
drop_C1,639,-0.001833638984199304
drop_C1,640,-0.020035275787064905
drop_C1,641,-0.01221042585648563
drop_C1,642,-0.015256904085641454
drop_C1,643,-0.019551502236703266
drop_C1,644,-0.013689992868697876
drop_C1,645,-0.018425178045785084
drop_C1,646,-0.01227317933864
drop_C1,647,-0.010976484488512517
drop_C1,648,-0.01633468636472063
drop_C1,649,-0.03092675893644037
drop_C1,650,-0.014024604233270677
drop_C1,651,-0.026676437132559266
drop_C1,652,-0.002293832417828323
drop_C1,653,-0.013199580509620557
drop_C1,654,-0.018303537601726594
drop_C1,655,0.0005998918114005769
drop_C1,656,-0.016901694207348605
drop_C1,657,-0.010566026168183446
drop_C1,658,-0.011215859172128473
drop_C1,659,-0.011741244941819606
drop_C1,660,-0.01850071330796707
drop_C1,661,-0.01747255741537096
drop_C1,662,-0.009346401766685442
drop_C1,663,-0.02000490611486641
drop_C1,664,-0.00831626851592654
drop_C1,665,-0.008506960439927491
drop_C1,666,-0.01993917353938779
drop_C1,667,-0.011344913131340784
drop_C1,668,-0.02076278713104368
drop_C1,669,-0.024681067577000282
drop_C1,670,-0.018464816635456932
drop_C1,671,-0.008907612285635247
drop_C1,672,-0.023941438231055656
drop_C1,673,-0.008395892988008635
drop_C1,674,-0.009961857485907055
drop_C1,675,-0.03021560574512086
drop_C1,676,-0.0021693465103242437
drop_C1,677,-0.016764986253011233
drop_C1,678,-0.010486589361221155
drop_C1,679,-0.020195264667936308
drop_C1,680,-0.01072192587721621
drop_C1,681,-0.027520601724122462
drop_C1,682,-0.008438464948679114
drop_C1,683,-0.018128636193289638
drop_C1,684,0.005206229430952336
drop_C1,685,-0.018981958734813287
drop_C1,686,-0.0057873476370868815
drop_C1,687,-0.01899616859935399
drop_C1,688,-0.007616404393602061
drop_C1,689,-0.030309013199308232
drop_C1,690,-0.016287133675292775
drop_C1,691,-0.02120295681426626
drop_C1,692,-0.029661608670149553
drop_C1,693,-0.03668658683039333
drop_C1,694,-0.01685342558751618
drop_C1,695,0.0011275518805854423
drop_C1,696,-0.04519206413301968
drop_C1,697,-0.031871137122419346
drop_C1,698,-0.014464231541256756
drop_C1,699,-0.02485786536724144
drop_C1,700,-0.02157437445224436
drop_C1,701,-0.001774325220318812
drop_C1,702,-0.012504813364445977
drop_C1,703,-0.01788525830705784
drop_C1,704,-0.022824886014955692
drop_C1,705,-0.018857861839317647
drop_C1,706,-0.02348549013101245
drop_C1,707,-0.015262762144294229
drop_C1,708,-0.006625809904153068
drop_C1,709,-0.021995569039120227
drop_C1,710,-0.0032327077372687474
drop_C1,711,-0.029138781957815635
drop_C1,712,-0.017589133920607708
drop_C1,713,-0.009158972067913496
drop_C1,714,-0.01860611341956253
drop_C1,715,-0.018575407805904692
drop_C1,716,-0.02939467593006273
drop_C1,717,0.0014802999291713692
drop_C1,718,-0.0028443458588736648
drop_C1,719,-0.023746144204219777
drop_C1,720,-0.009660230391577262
drop_C1,721,-0.012378502991441137
drop_C1,722,-0.016743440630974327
drop_C1,723,-0.014492770734555321
drop_C1,724,-0.01863028439965525
drop_C1,725,-0.013952249349195367
drop_C1,726,-0.01950456962138647
drop_C1,727,-0.02154789354001435
drop_C1,728,-0.012877646316356073
drop_C1,729,-0.02244243516039729
drop_C1,730,-0.008171251328554119
drop_C1,731,-0.013931367675370815
drop_C1,732,-0.02545053954043275
drop_C1,733,-0.011708143090759238
drop_C1,734,-0.028412872488149443
drop_C1,735,-0.007990485739328423
drop_C1,736,-0.011511155074346496
drop_C1,737,-0.005095777059502732
drop_C1,738,-0.010515737473280051
drop_C1,739,-0.017138406849333432
drop_C1,740,-0.01487695609944667
drop_C1,741,-0.016762934285360576
drop_C1,742,-0.014832084394866052
drop_C1,743,-0.014983498478909452
drop_C1,744,-0.01935933193421363
drop_C1,745,-0.018259998691581736
drop_C1,746,-0.013141143444655834
drop_C1,747,0.001588186818987647
drop_C1,748,-0.01705645517595883
drop_C1,749,-0.009827894330638687
drop_C1,750,-0.020571145140526548
drop_C1,751,-0.02371274685098268
drop_C1,752,-0.01002810591401404
drop_C1,753,-0.0030211578123909566
drop_C1,754,-0.023900172577730083
drop_C1,755,-0.01619939678400001
drop_C1,756,-0.012585992174967198
drop_C1,757,-0.018756511801306885
drop_C1,758,-0.03128601057620481
drop_C1,759,-0.011540904829706017
drop_C1,760,-0.01003739924697955
drop_C1,761,-0.015300739063171559
drop_C1,762,-0.02024021889590341
drop_C1,763,-0.0018776276941714631
drop_C1,764,-0.021095459817338458
drop_C1,765,-0.018062463412988256
drop_C1,766,-0.014968714465031285
drop_C1,767,-0.01621923867394781
drop_C1,768,-0.0075742045937619296
drop_C1,769,-0.017838982290844768
drop_C1,770,-0.011503089817084755
drop_C1,771,-0.02032814350113113
drop_C1,772,-0.033726486547656614
drop_C1,773,-0.006650197377613187
drop_C1,774,-0.009391804078007993
drop_C1,775,-0.01879514468731136
drop_C1,776,-0.029224803595577054
drop_C1,777,-0.015682724779151697
drop_C1,778,-0.029305040086158918
drop_C1,779,-0.02499446383211862
drop_C1,780,-0.012366164057981077
drop_C1,781,-0.027297432562073454
drop_C1,782,-0.027211577821502853
drop_C1,783,-0.0065831122245135765
drop_C1,784,-0.014369615469866481
drop_C1,785,-0.014065430059147399
drop_C1,786,-0.02433549281959249
drop_C1,787,-0.017901708811580597
drop_C1,788,-0.020105270475440473
drop_C1,789,-0.011994330377541579
drop_C1,790,-0.023691390482001556
drop_C1,791,-0.02663856632250905
drop_C1,792,-0.007555436294778783
drop_C1,793,-0.013251024168267789
drop_C1,794,-0.0197208254939141
drop_C1,795,-0.023555904513184678
drop_C1,796,-0.019577049125123702
drop_C1,797,-0.01894033506828885
drop_C1,798,-0.012791687197181434
drop_C1,799,-0.01270083003378325
drop_C1,800,-0.02713882644335469
drop_C1,801,-0.013899003146366884
drop_C1,802,-0.014690122142641426
drop_C1,803,0.0032062977261768655
drop_C1,804,-0.013339505478353053
drop_C1,805,0.003786624620218504
drop_C1,806,-0.0037739326596963607
drop_C1,807,-0.014185527605062254
drop_C1,808,0.005069078582435105
drop_C1,809,-0.021383983989444577
drop_C1,810,-0.004427418958413976
drop_C1,811,-0.017664489507602715
drop_C1,812,-0.006963376534948051
drop_C1,813,-0.011523084112544907
drop_C1,814,-0.006658019066250409
drop_C1,815,-0.002976739907236098
drop_C1,816,-0.0124467344060874
drop_C1,817,-0.019246084454026813
drop_C1,818,-0.017301679335953918
drop_C1,819,-0.017501795143934296
drop_C1,820,-0.021446227663278694
drop_C1,821,-0.027254423487822033
drop_C1,822,-0.025851021849057965
drop_C1,823,-0.013861342622553174
drop_C1,824,-0.02391723686754718
drop_C1,825,-0.002309819469719615
drop_C1,826,-0.005060517207095522
drop_C1,827,-0.018365499905209137
drop_C1,828,-0.022672654394091857
drop_C1,829,-0.022930075538327543
drop_C1,830,-0.01250586407632992
drop_C1,831,-0.02255690170284841
drop_C1,832,-0.0361169027418784
drop_C1,833,-0.015945091592008076
drop_C1,834,-0.006934280300472939
drop_C1,835,-0.02931857675686697
drop_C1,836,-0.0213065785551719
drop_C1,837,-0.020377544651319246
drop_C1,838,-0.024023099472197496
drop_C1,839,-0.0020253344562404796
drop_C1,840,-0.002927194985351822
drop_C1,841,-0.0074813260778009705
drop_C1,842,-0.03334564613522106
drop_C1,843,-0.006069712600226318
drop_C1,844,-0.024447761587995387
drop_C1,845,-0.008796972126515729
drop_C1,846,0.0019937362261593927
drop_C1,847,-0.02574864446825126
drop_C1,848,-0.021872165772743035
drop_C1,849,-0.010311853525385606
drop_C1,850,-0.01678053872365398
drop_C1,851,-0.01229944242740122
drop_C1,852,-0.02636092799817502
drop_C1,853,-0.04123246713442397
drop_C1,854,-0.01263018576030353
drop_C1,855,-0.024013505199736884
drop_C1,856,-0.02501037075674606
drop_C1,857,-0.01728714722368918
drop_C1,858,-0.008474894970536356
drop_C1,859,-0.00928388942872635
drop_C1,860,-0.007109510162161603
drop_C1,861,-0.020008974246472355
drop_C1,862,-0.010800720078890935
drop_C1,863,-0.005226895974510148
drop_C1,864,-0.011185453648309002
drop_C1,865,-0.018682480825373465
drop_C1,866,-0.022272392136045177
drop_C1,867,-0.022551300896674453
drop_C1,868,-0.03237853439382404
drop_C1,869,-0.005871459689914371
drop_C1,870,-0.01890506349363147
drop_C1,871,-0.007570120024566973
drop_C1,872,-0.01527747010829722
drop_C1,873,-0.022051068939082652
drop_C1,874,-0.016416759650156487
drop_C1,875,-0.012254691395070016
drop_C1,876,-0.013217328346997903
drop_C1,877,-0.022355980239979256
drop_C1,878,-0.02133124631939526
drop_C1,879,-0.027975808549478065
drop_C1,880,-0.019172024565206447
drop_C1,881,-0.004164281950961246
drop_C1,882,-0.017151970240019965
drop_C1,883,-0.005545533035509781
drop_C1,884,-0.019277005493168076
drop_C1,885,-0.021062973663371815
drop_C1,886,-0.012943887999714937
drop_C1,887,-0.011309021013004156
drop_C1,888,-0.025215083943350036
drop_C1,889,-0.024161690825908688
drop_C1,890,-0.026276255066360582
drop_C1,891,-2.4356140881975907e-05
drop_C1,892,-0.01564096735370507
drop_C1,893,-0.003961286235370204
drop_C1,894,-0.015551921100000782
drop_C1,895,-0.001858052391824433
drop_C1,896,-0.02469888279151028
drop_C1,897,-0.01760828251148633
drop_C1,898,-0.017806126286626367
drop_C1,899,-0.0075323813836634945
drop_C1,900,-0.019894472238574323
drop_C1,901,-0.01815729134472105
drop_C1,902,-0.005909631532204029
drop_C1,903,-0.01727569960632519
drop_C1,904,-0.01163002850547018
drop_C1,905,-0.008639537096105876
drop_C1,906,-0.0038863652807289983
drop_C1,907,-0.027750641348442406
drop_C1,908,-0.010615272066789416
drop_C1,909,-0.025490989527226504
drop_C1,910,-0.017429648407595644
drop_C1,911,-0.018753375680997497
drop_C1,912,-0.010980814882792178
drop_C1,913,-0.01280445565913052
drop_C1,914,-0.0019639339000486755
drop_C1,915,-0.017656178658553345
drop_C1,916,-0.01986707864981735
drop_C1,917,-0.005475867597007966
drop_C1,918,-0.030644889276619403
drop_C1,919,-0.015457956261166195
drop_C1,920,-0.012031963127256573
drop_C1,921,-0.019612520173120068
drop_C1,922,-0.02948417015259336
drop_C1,923,-0.0019327250655774009
drop_C1,924,-0.011786525111286972
drop_C1,925,-0.01509551295227246
drop_C1,926,-0.0307349002131648
drop_C1,927,-0.00854944205503183
drop_C1,928,-0.0042942912313087556
drop_C1,929,-0.02158600229463692
drop_C1,930,-0.025477616665248004
drop_C1,931,-0.029185835420135697
drop_C1,932,-0.025843813099873214
drop_C1,933,-0.022343911760051266
drop_C1,934,-0.017805293734516614
drop_C1,935,-0.02213022072867965
drop_C1,936,-0.021799118106871906
drop_C1,937,-0.009508865656031262
drop_C1,938,0.0062247320837972575
drop_C1,939,-0.01721018716045908
drop_C1,940,-0.008452497646778079
drop_C1,941,0.0077632925948137865
drop_C1,942,-0.01882310939782328
drop_C1,943,0.0006318309672882494
drop_C1,944,-0.0038594967630841137
drop_C1,945,-0.01620793554452385
drop_C1,946,-0.0060519002275184475
drop_C1,947,-0.001488642052846878
drop_C1,948,-0.01788454215602936
drop_C1,949,-0.02173216809763856
drop_C1,950,-0.007102780063330566
drop_C1,951,-0.016460727522495583
drop_C1,952,-0.015141564569390198
drop_C1,953,-0.018371797789557998
drop_C1,954,-0.014242546703074288
drop_C1,955,-0.012778439362787386
drop_C1,956,-0.012481898951372555
drop_C1,957,-0.036806721896671946
drop_C1,958,-0.02291148734448617
drop_C1,959,-0.014863176223130992
drop_C1,960,-0.027742375295720212
drop_C1,961,-0.011943476678206999
drop_C1,962,-0.029672387563135783
drop_C1,963,-0.00451767656158264
drop_C1,964,-0.028802706651530313
drop_C1,965,-0.019130797072618888
drop_C1,966,-0.02144829858570041
drop_C1,967,-0.009620735857022028
drop_C1,968,-0.01681336773122588
drop_C1,969,-0.019948936790748217
drop_C1,970,-0.014828337752137044
drop_C1,971,-0.023823703086470638
drop_C1,972,-0.01260574450013241
drop_C1,973,-0.020933155371070877
drop_C1,974,-0.016969336849789796
drop_C1,975,-0.0122815144218964
drop_C1,976,-0.01520989462661379
drop_C1,977,-0.005629591960060881
drop_C1,978,-0.004110108872008744
drop_C1,979,-0.007848218689085834
drop_C1,980,-0.01612155964643075
drop_C1,981,-0.020502113663572658
drop_C1,982,0.001652684503876567
drop_C1,983,-0.03703013697123009
drop_C1,984,0.0036184797643682987
drop_C1,985,-0.012336205575469272
drop_C1,986,-0.04230922843117074
drop_C1,987,-0.021371194353342615
drop_C1,988,-0.008401720155745862
drop_C1,989,-0.018373504825057674
drop_C1,990,-0.027788857143713264
drop_C1,991,-0.014230273355010148
drop_C1,992,-0.006947933538253348
drop_C1,993,-0.015434940922180729
drop_C1,994,0.005260691552408936
drop_C1,995,-0.01022111062257719
drop_C1,996,-0.019894591167044617
drop_C1,997,-0.025876221246349584
drop_C1,998,-0.024754284600796123
drop_C1,999,-0.0029379324762039416
drop_C1,1000,-0.016357130494846328
drop_C1,1001,-0.022858905419473302
drop_C1,1002,-0.0009571017828314266
drop_C1,1003,-0.015916352573019432
drop_C1,1004,-0.0018695170103613101
drop_C1,1005,-0.018838024490967803
drop_C1,1006,-0.01511782264926348
drop_C1,1007,-0.024913793398954887
drop_C1,1008,-0.010805781601560982
drop_C1,1009,-0.002766376069899351
drop_C1,1010,-0.02893758189043627
drop_C1,1011,-0.02346246427171278
drop_C1,1012,-0.019238567132588896
drop_C1,1013,-0.01203756045921961
drop_C1,1014,-0.024713814258994105
drop_C1,1015,-0.014684283372416729
drop_C1,1016,-0.01916845558377689
drop_C1,1017,-0.012788602672841098
drop_C1,1018,-0.01420929955088207
drop_C1,1019,-0.0298222760400203
drop_C1,1020,-0.011644536212012474
drop_C1,1021,0.0008310010194636508
drop_C1,1022,-0.02878509950208047
drop_C1,1023,-0.014516076218880292
drop_C1,1024,-0.012502813129665447
drop_C1,1025,-0.019498843989761427
drop_C1,1026,-0.019546539833519505
drop_C1,1027,-0.021399705626538423
drop_C1,1028,-0.027696904790265153
drop_C1,1029,-0.017971245979761075
drop_C1,1030,-0.01892323579241595
drop_C1,1031,-0.016002011746866274
drop_C1,1032,-0.027428428865542864
drop_C1,1033,-0.005025078213606371
drop_C1,1034,-0.033648846169370916
drop_C1,1035,-0.03931253413889313
drop_C1,1036,-0.019892398773935976
drop_C1,1037,-0.011239525404329265
drop_C1,1038,-0.011356379950002271
drop_C1,1039,-0.00476742713592071
drop_C1,1040,-0.013108169754129095
drop_C1,1041,-0.028700353546386448
drop_C1,1042,0.006676272872576716
drop_C1,1043,-0.026081942451094686
drop_C1,1044,-0.00875328839016426
drop_C1,1045,-0.03004035566322316
drop_C1,1046,-0.012520109872648955
drop_C1,1047,-0.010941162855418629
drop_C1,1048,-0.015401964648532218
drop_C1,1049,-0.024718717402151646
drop_C1,1050,-0.012274493988880975
drop_C1,1051,-0.018285358568025933
drop_C1,1052,-0.012224850152285194
drop_C1,1053,-0.018906891036541196
drop_C1,1054,-0.018514239261126025
drop_C1,1055,-0.01120271162960046
drop_C1,1056,-0.003910856256815809
drop_C1,1057,-0.013509880340306979
drop_C1,1058,-0.016109332898303685
drop_C1,1059,-0.022463296201741395
drop_C1,1060,-0.024825962520065248
drop_C1,1061,-0.01617625810199147
drop_C1,1062,-0.015431864706005244
drop_C1,1063,-0.015310167280436437
drop_C1,1064,-0.010925131165060387
drop_C1,1065,0.006484882482873988
drop_C1,1066,-0.007273528851512501
drop_C1,1067,-0.02369712055411366
drop_C1,1068,-0.008690719850594775
drop_C1,1069,-0.03366591613160774
drop_C1,1070,-0.024728506751477308
drop_C1,1071,-0.023318587204651686
drop_C1,1072,-0.01045081578054674
drop_C1,1073,-0.0031614569932147396
drop_C1,1074,-0.008179533766517089
drop_C1,1075,-0.02477781813167823
drop_C1,1076,-0.0035941930317691106
drop_C1,1077,0.0022911165829862523
drop_C1,1078,-0.00023727313236204806
drop_C1,1079,-0.008988913788606168
drop_C1,1080,0.00026757393038329136
drop_C1,1081,-0.011259629249337877
drop_C1,1082,-0.013782618813895975
drop_C1,1083,-0.017550943255003948
drop_C1,1084,-0.01620826445870216
drop_C1,1085,-0.020723071518240183
drop_C1,1086,-0.009417340899372156
drop_C1,1087,-0.011493227668795458
drop_C1,1088,-0.020014356784819554
drop_C1,1089,-0.010241694450354277
drop_C1,1090,-0.013369814856237783
drop_C1,1091,-0.010774693053240358
drop_C1,1092,-0.007834960286131704
drop_C1,1093,-0.005188864793534281
drop_C1,1094,-0.005937653242281404
drop_C1,1095,-0.01236537432959195
drop_C1,1096,-0.019872303314708906
drop_C1,1097,-0.002868560139568821
drop_C1,1098,-0.012971190179652592
drop_C1,1099,-0.018431723287474888
drop_C1,1100,-0.012275864673725323
drop_C1,1101,-0.01936383086110921
drop_C1,1102,-0.014682120308636137
drop_C1,1103,-0.009515905560590177
drop_C1,1104,-0.013442750891218602
drop_C1,1105,-0.016379918172431507
drop_C1,1106,-0.015471041463429813
drop_C1,1107,-0.024200132597186036
drop_C1,1108,-0.008532721839705076
drop_C1,1109,-0.01109866483064284
drop_C1,1110,-0.009719996515380136
drop_C1,1111,-0.014853540715766833
drop_C1,1112,-0.01133553593074127
drop_C1,1113,-0.008840974175046812
drop_C1,1114,-0.022497463056912248
drop_C1,1115,-0.007483574034841067
drop_C1,1116,-0.006843949196152999
drop_C1,1117,-0.004382855985651968
drop_C1,1118,-0.030172582726002456
drop_C1,1119,-0.021275561398885035
drop_C1,1120,-0.010080922534725284
drop_C1,1121,-0.014248126429337427
drop_C1,1122,-0.006862785517573328
drop_C1,1123,-0.034774917493232915
drop_C1,1124,-0.01976330428590095
drop_C1,1125,-0.0012248712093062275
drop_C1,1126,-0.021478915349235378
drop_C1,1127,-0.025792812014600625
drop_C1,1128,-0.022891455344343337
drop_C1,1129,0.007363073799730252
drop_C1,1130,-0.008964010771485814
drop_C1,1131,-0.03053739754841253
drop_C1,1132,-0.020809435427738665
drop_C1,1133,-0.012967672212479242
drop_C1,1134,-0.006633102681886549
drop_C1,1135,-0.0022985988201039698
drop_C1,1136,-0.012726034585118284
drop_C1,1137,-0.02328309552366814
drop_C1,1138,-0.024135352372826824
drop_C1,1139,-0.008298424972347479
drop_C1,1140,-0.028799201766690707
drop_C1,1141,-0.005295036566107358
drop_C1,1142,-0.02409931180840691
drop_C1,1143,-0.03373084940758839
drop_C1,1144,-0.009227692742635296
drop_C1,1145,-0.017602714387008667
drop_C1,1146,-0.014867680547416745
drop_C1,1147,-0.018007055953949774
drop_C1,1148,-0.0059482656111766175
drop_C1,1149,-0.021200938730494195
drop_C1,1150,-0.023949563109220834
drop_C1,1151,-0.007195889070119255
drop_C1,1152,-0.007212494531559088
drop_C1,1153,0.0019227837327568942
drop_C1,1154,-0.019113031836150818
drop_C1,1155,-0.011124050737100266
drop_C1,1156,-0.025241332091795965
drop_C1,1157,-0.008678266228194842
drop_C1,1158,-0.01916549345707247
drop_C1,1159,-0.011190747279835545
drop_C1,1160,-0.023164306241212185
drop_C1,1161,-0.008597254921900388
drop_C1,1162,-0.007586569890220496
drop_C1,1163,-0.009219634655415254
drop_C1,1164,-0.010683775726571199
drop_C1,1165,-0.025653119997923912
drop_C1,1166,-0.020220424221169986
drop_C1,1167,-0.020155245576850445
drop_C1,1168,-0.002284455865694701
drop_C1,1169,-0.00668565083806294
drop_C1,1170,-0.015509452892042724
drop_C1,1171,-0.008433968956738591
drop_C1,1172,-0.014489045440352566
drop_C1,1173,-0.02219578631432878
drop_C1,1174,-0.005362004579835433
drop_C1,1175,-0.02397548719041423
drop_C1,1176,-0.018076937166202456
drop_C1,1177,-0.028041364337626967
drop_C1,1178,-0.017414541157000613
drop_C1,1179,-0.02015596725329455
drop_C1,1180,-0.02452670442826113
drop_C1,1181,-0.006320649082976443
drop_C1,1182,-0.02164332316292958
drop_C1,1183,0.0007083554486568278
drop_C1,1184,-0.008413106385789126
drop_C1,1185,-0.016391698193147147
drop_C1,1186,-0.01749141163731785
drop_C1,1187,-0.018540246910595887
drop_C1,1188,-0.027649890232398278
drop_C1,1189,-0.030641729305139198
drop_C1,1190,-0.004029688754374761
drop_C1,1191,-0.02083819126780373
drop_C1,1192,-0.01703107273235338
drop_C1,1193,-0.01685482699194818
drop_C1,1194,-0.018476760455142238
drop_C1,1195,-0.02891856251011904
drop_C1,1196,-0.003258775333943642
drop_C1,1197,-0.016301078644067046
drop_C1,1198,-0.027804250705855238
drop_C1,1199,-0.024208701773955232
drop_C1,1200,-0.004095307448079122
drop_C1,1201,-0.026341659533001133
drop_C1,1202,0.004165105576822814
drop_C1,1203,-0.015069405844060052
drop_C1,1204,-0.009089928261776348
drop_C1,1205,-0.0002863878412880383
drop_C1,1206,-0.016266892224435225
drop_C1,1207,-0.02771177059126856
drop_C1,1208,-0.01707104509218771
drop_C1,1209,-0.015146303772133052
drop_C1,1210,-0.02781897971792302
drop_C1,1211,-0.02084647880935364
drop_C1,1212,-0.011849156047628373
drop_C1,1213,-0.012199659769173421
drop_C1,1214,-0.017386984707185055
drop_C1,1215,-0.01453085172830243
drop_C1,1216,-0.005415255455606505
drop_C1,1217,-0.013378049099889877
drop_C1,1218,-0.011060841256617188
drop_C1,1219,-0.005450906363577618
drop_C1,1220,-0.009620514176430284
drop_C1,1221,-0.015371067606493677
drop_C1,1222,-0.02407971119256172
drop_C1,1223,-0.04024627895068855
drop_C1,1224,-0.01615030372355558
drop_C1,1225,-0.019624240069132937
drop_C1,1226,-0.0006765082850305193
drop_C1,1227,-0.02702164728088935
drop_C1,1228,-0.01638733673443621
drop_C1,1229,-0.013545298964220354
drop_C1,1230,-0.005909154731771671
drop_C1,1231,-0.013808227122185768
drop_C1,1232,-0.026362584637718123
drop_C1,1233,-0.01225267911058181
drop_C1,1234,-0.020898868757252664
drop_C1,1235,-0.01328070371449197
drop_C1,1236,-0.01947656957326288
drop_C1,1237,-0.003638776401857363
drop_C1,1238,-0.0044074317256289075
drop_C1,1239,-0.0018215783110959727
drop_C1,1240,-0.02007645187634821
drop_C1,1241,-0.023702610426198367
drop_C1,1242,-0.015461746060556836
drop_C1,1243,-0.02078025359323965
drop_C1,1244,-0.00876704263686201
drop_C1,1245,-0.02607628477570867
drop_C1,1246,-0.014895113911991859
drop_C1,1247,-0.024819177005863086
drop_C1,1248,-0.028838128274485536
drop_C1,1249,-0.01457961521823975
drop_C1,1250,-0.01851453139195719
drop_C1,1251,-0.016438791278636317
drop_C1,1252,-0.02250008486567673
drop_C1,1253,-0.01296883886011424
drop_C1,1254,-0.015462113896555413
drop_C1,1255,-0.005896708057850031
drop_C1,1256,-0.011620812007347325
drop_C1,1257,-0.02247498094841438
drop_C1,1258,-0.018065929746639786
drop_C1,1259,-0.04400702176830895
drop_C1,1260,0.0009549848623134904
drop_C1,1261,-0.00902751460876522
drop_C1,1262,-0.02112940067463817
drop_C1,1263,-0.006615433610720534
drop_C1,1264,-0.01754760309111217
drop_C1,1265,-0.02669498239174828
drop_C1,1266,-0.03086830262525181
drop_C1,1267,-0.016478885054019343
drop_C1,1268,-0.01998697951828593
drop_C1,1269,-0.00606377875070685
drop_C1,1270,-0.01997247795143986
drop_C1,1271,-0.031193730462755337
drop_C1,1272,-0.0218149318017945
drop_C1,1273,-0.008338020985721395
drop_C1,1274,-0.012773070814364906
drop_C1,1275,-0.015724436984129064
drop_C1,1276,-0.021628495620083565
drop_C1,1277,-0.024793336380406178
drop_C1,1278,-0.027902436609259784
drop_C1,1279,-0.009981557498475013
drop_C1,1280,-0.016664219994279
drop_C1,1281,0.005192971740534735
drop_C1,1282,-0.017298407538254068
drop_C1,1283,-0.021980983594790365
drop_C1,1284,-0.01468311824695584
drop_C1,1285,-0.008967316191477726
drop_C1,1286,-0.010750779573816427
drop_C1,1287,-0.013954884924453181
drop_C1,1288,-0.02432321128933268
drop_C1,1289,-0.015261136795808178
drop_C1,1290,-0.007784475342664965
drop_C1,1291,-0.013389396213061178
drop_C1,1292,-0.022482631305750733
drop_C1,1293,-0.02158236434084118
drop_C1,1294,-0.020321867682746686
drop_C1,1295,-0.012264772384750072
drop_C1,1296,-0.02434372171015725
drop_C1,1297,-0.02969173681455456
drop_C1,1298,-0.007984074532422225
drop_C1,1299,-0.0035311328002099462
drop_C1,1300,-0.001162460031166046
drop_C1,1301,-0.008286046187774954
drop_C1,1302,-0.024361755139747587
drop_C1,1303,-0.019020384592042083
drop_C1,1304,-0.0174409842300213
drop_C1,1305,-0.006693938803935984
drop_C1,1306,-0.009882663989764118
drop_C1,1307,-0.013648393230665912
drop_C1,1308,-0.01898546383746183
drop_C1,1309,-0.025234004514730596
drop_C1,1310,-0.004123412946615446
drop_C1,1311,-0.00823924401901377
drop_C1,1312,-0.01539781334492063
drop_C1,1313,-0.01845787912779709
drop_C1,1314,-0.025015857692204713
drop_C1,1315,-0.012826306445333113
drop_C1,1316,-0.016810528287883486
drop_C1,1317,-0.004394448107426396
drop_C1,1318,-0.018038105614309907
drop_C1,1319,-0.008794642718751577
drop_C1,1320,-0.013378967959868593
drop_C1,1321,-0.01799892169752626
drop_C1,1322,-0.02120085906618341
drop_C1,1323,0.0009505298181154143
drop_C1,1324,-0.012709809384958415
drop_C1,1325,-0.011869618790882552
drop_C1,1326,-0.009263256461709002
drop_C1,1327,-0.03030050661782671
drop_C1,1328,-0.0008049003436294555
drop_C1,1329,-0.005979667132730904
drop_C1,1330,-0.00997917766821782
drop_C1,1331,-0.012385407115776875
drop_C1,1332,-0.02435740138407913
drop_C1,1333,-0.025198312455026406
drop_C1,1334,-0.016006766578909315
drop_C1,1335,-0.005252235204040223
drop_C1,1336,-0.013960489783204633
drop_C1,1337,-0.02659418689586604
drop_C1,1338,-0.014732687231455321
drop_C1,1339,-0.014244981885106145
drop_C1,1340,-0.01906039551409361
drop_C1,1341,-0.008025945162633052
drop_C1,1342,-0.013171882491273379
drop_C1,1343,-0.01634423059460699
drop_C1,1344,-0.007746699283586095
drop_C1,1345,-0.0180714847352271
drop_C1,1346,-0.0335601320693088
drop_C1,1347,-0.015663631292415964
drop_C1,1348,-0.01020151538138453
drop_C1,1349,-0.020840023694524423
drop_C1,1350,-0.01171371815523678
drop_C1,1351,-0.013708709831722232
drop_C1,1352,-0.028932743632004293
drop_C1,1353,-0.021244758707021055
drop_C1,1354,-0.010220203538487876
drop_C1,1355,-0.02993581817140717
drop_C1,1356,-0.023748253623499416
drop_C1,1357,-0.02835694894962365
drop_C1,1358,-0.03411981764848915
drop_C1,1359,-0.013559495714416947
drop_C1,1360,-0.013922445232361746
drop_C1,1361,-0.02217639113959574
drop_C1,1362,-0.029966284602141235
drop_C1,1363,-0.01624270950853146
drop_C1,1364,-0.023022801057079045
drop_C1,1365,-0.015748625814439532
drop_C1,1366,-0.010229675095887847
drop_C1,1367,-0.009276602625594654
drop_C1,1368,0.002770753278589222
drop_C1,1369,-0.01595891821283757
drop_C1,1370,-0.040154139011968015
drop_C1,1371,-0.0239376019876425
drop_C1,1372,-0.00286006459549637
drop_C1,1373,-0.009292922836295903
drop_C1,1374,-0.01585524148488593
drop_C1,1375,-0.007374148174396938
drop_C1,1376,-0.028328963749932795
drop_C1,1377,-0.01930711903976423
drop_C1,1378,-0.02470584820348587
drop_C1,1379,-0.027701641322010973
drop_C1,1380,-0.01248536735047412
drop_C1,1381,-0.005403554239419378
drop_C1,1382,-0.0076180837801181345
drop_C1,1383,-0.006899334656210482
drop_C1,1384,-0.003289717216846094
drop_C1,1385,-0.011628074007085099
drop_C1,1386,-0.015576660122240071
drop_C1,1387,-0.01775920661461025
drop_C1,1388,-0.01418920050775152
drop_C1,1389,-0.02607171024725749
drop_C1,1390,-0.034371874063933605
drop_C1,1391,-0.020722825607973838
drop_C1,1392,-0.02791921750887244
drop_C1,1393,-0.009881810820614845
drop_C1,1394,-0.015845238465213074
drop_C1,1395,-0.02204338745575643
drop_C1,1396,-0.021738837487944473
drop_C1,1397,-0.017725472974820855
drop_C1,1398,-0.017582020165151202
drop_C1,1399,-0.0049577342764579035
drop_C1,1400,-0.03816988580853026
drop_C1,1401,-0.004033310209249408
drop_C1,1402,-0.01417682216426891
drop_C1,1403,-0.006597805777774135
drop_C1,1404,-0.010293207130903259
drop_C1,1405,-0.02245666695878218
drop_C1,1406,0.0012471198178848897
drop_C1,1407,-0.024433629578307164
drop_C1,1408,-0.01597126901727622
drop_C1,1409,-0.0015111488214676894
drop_C1,1410,-0.025991830410192235
drop_C1,1411,-0.019394678933686738
drop_C1,1412,-0.010035111752078607
drop_C1,1413,-0.021448696501214892
drop_C1,1414,-0.024451026350525817
drop_C1,1415,-0.012995255886402435
drop_C1,1416,-0.01573390605521502
drop_C1,1417,-0.015432580063425794
drop_C1,1418,-0.008954052306433868
drop_C1,1419,-0.019806391029876358
drop_C1,1420,-0.013744437470264492
drop_C1,1421,-0.018815341055122836
drop_C1,1422,-0.02628973557450659
drop_C1,1423,-0.019693631708705417
drop_C1,1424,-0.01642450565588699
drop_C1,1425,-0.017902766355516908
drop_C1,1426,-0.0144424095422086
drop_C1,1427,-0.012306006503750744
drop_C1,1428,-0.004842778314081836
drop_C1,1429,-0.012080644478129537
drop_C1,1430,-0.019242274430231215
drop_C1,1431,-0.006289967927106677
drop_C1,1432,-0.03204551188295829
drop_C1,1433,-0.015196341584142903
drop_C1,1434,-0.01623191290414927
drop_C1,1435,-0.01976093921478611
drop_C1,1436,-0.012326531964556547
drop_C1,1437,-0.0011846427006865223
drop_C1,1438,-0.006148851699691704
drop_C1,1439,-0.024557503202600972
drop_C1,1440,-0.009926386115567232
drop_C1,1441,-0.01883350961368485
drop_C1,1442,-0.01696525012256528
drop_C1,1443,-0.007702768354328371
drop_C1,1444,-0.022823604384860474
drop_C1,1445,-0.01505995170509955
drop_C1,1446,-0.010781044833680364
drop_C1,1447,-0.002450341271829415
drop_C1,1448,-0.003312837311971739
drop_C1,1449,-0.011249833651669205
drop_C1,1450,-0.009727941116744632
drop_C1,1451,-0.020457217309173104
drop_C1,1452,-0.008020211003069266
drop_C1,1453,-0.019025002033604466
drop_C1,1454,-0.016249770393119367
drop_C1,1455,-0.0019063567379608015
drop_C1,1456,-0.02876529918884757
drop_C1,1457,-0.019719538329010466
drop_C1,1458,0.00485096611288699
drop_C1,1459,-0.01460146539541124
drop_C1,1460,-0.005755155976224058
drop_C1,1461,-0.01657185684116924
drop_C1,1462,-0.008935002909007617
drop_C1,1463,-0.0031639846786787884
drop_C1,1464,-0.025137750727800723
drop_C1,1465,-0.020773207611666844
drop_C1,1466,-0.011003396919137487
drop_C1,1467,-0.0002519699198886838
drop_C1,1468,-0.012824985890851348
drop_C1,1469,-0.020651995911190213
drop_C1,1470,-0.010613548399925204
drop_C1,1471,-0.03020293272301916
drop_C1,1472,-0.006473083806373847
drop_C1,1473,-0.022732919830528886
drop_C1,1474,-0.027238209682585834
drop_C1,1475,-0.01658800862941856
drop_C1,1476,0.00786002837445271
drop_C1,1477,-0.015743469339457916
drop_C1,1478,-0.03173905198313437
drop_C1,1479,-0.03241654248804804
drop_C1,1480,-0.01704103715852967
drop_C1,1481,-0.0040836185517491574
drop_C1,1482,-0.01833934781846308
drop_C1,1483,-0.008391939427677825
drop_C1,1484,-0.009923571926254315
drop_C1,1485,-0.00953293869705052
drop_C1,1486,-0.016623564453151496
drop_C1,1487,-0.011203851400434284
drop_C1,1488,-0.005028130472856218
drop_C1,1489,-0.011075403406921008
drop_C1,1490,-0.02989013235522897
drop_C1,1491,-0.022559316876346436
drop_C1,1492,-0.017160409583640984
drop_C1,1493,-0.012000259758976173
drop_C1,1494,-0.019853534760572722
drop_C1,1495,-0.02632059883305432
drop_C1,1496,-0.008804158743479895
drop_C1,1497,-0.0016663963426384598
drop_C1,1498,-0.01784926004452858
drop_C1,1499,-0.009620806212008226
drop_C1,1500,-0.008563516716182273
drop_C1,1501,-0.006739200754594887
drop_C1,1502,-0.019791970966551026
drop_C1,1503,-0.021376312521527163
drop_C1,1504,-0.022254758675754938
drop_C1,1505,-0.022630936274389946
drop_C1,1506,-0.01452266321198678
drop_C1,1507,-0.02405690631025828
drop_C1,1508,-0.02807828426831821
drop_C1,1509,-0.0037862267886967227
drop_C1,1510,-0.014264759362985713
drop_C1,1511,-0.0026677708715906467
drop_C1,1512,-0.005742903545698952
drop_C1,1513,-0.003060025927490273
drop_C1,1514,-0.021261902304355762
drop_C1,1515,-0.020029603080511826
drop_C1,1516,-0.019739853210582192
drop_C1,1517,-0.006140211308928806
drop_C1,1518,-0.020727033358188596
drop_C1,1519,-0.02787146228558704
drop_C1,1520,-0.009387206546944138
drop_C1,1521,-0.013652655464810148
drop_C1,1522,-0.02611645201270818
drop_C1,1523,-0.017590204586158037
drop_C1,1524,-0.021075785197816332
drop_C1,1525,-0.014757240912095515
drop_C1,1526,-0.03189303671750637
drop_C1,1527,-0.015538065231808451
drop_C1,1528,-0.01114596699960102
drop_C1,1529,-0.015170341271999177
drop_C1,1530,-0.022173990281276312
drop_C1,1531,-0.017824692282317672
drop_C1,1532,-0.005802895257253637
drop_C1,1533,-0.015889289076354007
drop_C1,1534,-0.012904236016971715
drop_C1,1535,-0.030790450766757238
drop_C1,1536,-0.003965122615833816
drop_C1,1537,-0.007668496112068157
drop_C1,1538,-0.016675911809291066
drop_C1,1539,-0.025049191064681064
drop_C1,1540,-0.03403853882630237
drop_C1,1541,-0.016866021990423363
drop_C1,1542,-0.023624252629004333
drop_C1,1543,-0.028603491362233113
drop_C1,1544,-0.00925060196793559
drop_C1,1545,-0.019400775301671558
drop_C1,1546,-0.02479909241602285
drop_C1,1547,-0.011554065590531404
drop_C1,1548,-0.01520121397732116
drop_C1,1549,-0.0074941916963048305
drop_C1,1550,0.0009327932120173632
drop_C1,1551,-0.007539095489672132
drop_C1,1552,-0.022626442994171325
drop_C1,1553,-0.02105376255737429
drop_C1,1554,-0.021417673459913744
drop_C1,1555,-0.013322451351292813
drop_C1,1556,-0.014164470899518583
drop_C1,1557,-0.032421393912169805
drop_C1,1558,-0.0064629389921876945
drop_C1,1559,-0.0065753547415611235
drop_C1,1560,-0.011085168505264226
drop_C1,1561,-0.01926357756634553
drop_C1,1562,-0.033331635889326694
drop_C1,1563,-0.013936024961357762
drop_C1,1564,-0.0229881244234649
drop_C1,1565,-0.032072949741069084
drop_C1,1566,-0.0057923738954100135
drop_C1,1567,-0.018682771452104924
drop_C1,1568,-0.005600703339822821
drop_C1,1569,-0.020853041819971135
drop_C1,1570,-0.02957384426001175
drop_C1,1571,-0.014052096469021058
drop_C1,1572,0.003089582014659309
drop_C1,1573,-0.017660344083601176
drop_C1,1574,-0.028961570289393668
drop_C1,1575,-0.017835502415277427
drop_C1,1576,-0.02114025635382591
drop_C1,1577,-0.0160479803694632
drop_C1,1578,-0.028037029606930997
drop_C1,1579,-0.023072245976580863
drop_C1,1580,-0.0054681586732749365
drop_C1,1581,-0.011124640779685807
drop_C1,1582,-0.022900387576216708
drop_C1,1583,-0.02205864593306417
drop_C1,1584,-0.011693672052513593
drop_C1,1585,-0.01128342973530605
drop_C1,1586,0.008280825060746094
drop_C1,1587,-0.0029252542832207407
drop_C1,1588,-0.014810244333627598
drop_C1,1589,-0.024312134444467365
drop_C1,1590,-0.00557359041230876
drop_C1,1591,-0.023926431848954044
drop_C1,1592,-0.01604474138867218
drop_C1,1593,-0.013161614012292155
drop_C1,1594,-0.024820195900572717
drop_C1,1595,-0.013620243410001898
drop_C1,1596,-0.023442164480205196
drop_C1,1597,-0.021049930708838482
drop_C1,1598,-0.00646377082630617
drop_C1,1599,-0.006921268750197551
drop_C1,1600,-0.014886246092451538
drop_C1,1601,-0.02337467746117941
drop_C1,1602,-0.0157366949100905
drop_C1,1603,-0.021372759973694144
drop_C1,1604,-0.009285860690343983
drop_C1,1605,-0.016327941374221444
drop_C1,1606,-0.007700423315725818
drop_C1,1607,-0.0314085436728081
drop_C1,1608,-0.006912461028668493
drop_C1,1609,-0.012572659335573277
drop_C1,1610,-0.03364441780977068
drop_C1,1611,-0.016483368280919952
drop_C1,1612,-0.021809190391990918
drop_C1,1613,0.0002253847808743603
drop_C1,1614,-0.0184672163188756
drop_C1,1615,-0.0262237087983635
drop_C1,1616,-0.022085307203084964
drop_C1,1617,-0.013477632786922489
drop_C1,1618,-0.02657315090936435
drop_C1,1619,-0.019796090848581194
drop_C1,1620,-0.020851140424129944
drop_C1,1621,-0.03529013433098327
drop_C1,1622,-0.011947084882387882
drop_C1,1623,-0.018621245813697673
drop_C1,1624,-0.020876270777492073
drop_C1,1625,-0.02120163230919811
drop_C1,1626,-0.006108117440964428
drop_C1,1627,-0.021610073298934218
drop_C1,1628,0.0011162823783544273
drop_C1,1629,-0.01395991423665921
drop_C1,1630,-0.005264159743356034
drop_C1,1631,-0.008514901674708891
drop_C1,1632,-0.02739043594711732
drop_C1,1633,-0.0135126489598765
drop_C1,1634,-0.020543198325721268
drop_C1,1635,-0.020700568153091015
drop_C1,1636,-0.013253951122401464
drop_C1,1637,-0.018094155018886338
drop_C1,1638,-0.021178801780388
drop_C1,1639,-0.010938638883661422
drop_C1,1640,-0.014411748402075153
drop_C1,1641,-0.020769168296753737
drop_C1,1642,-0.02120926297279943
drop_C1,1643,-0.0137240717402769
drop_C1,1644,-0.025084926108847078
drop_C1,1645,-0.028806193128414204
drop_C1,1646,-0.001112306518795847
drop_C1,1647,-0.020817093570864476
drop_C1,1648,-0.011482879680142666
drop_C1,1649,-0.0021195056490963537
drop_C1,1650,-0.014003894854289739
drop_C1,1651,-0.022666557285800526
drop_C1,1652,-0.029769319479771794
drop_C1,1653,-0.0016638396469255134
drop_C1,1654,-0.010675814167675574
drop_C1,1655,-0.027307969398464305
drop_C1,1656,-0.02925404178722682
drop_C1,1657,-0.009923858198120833
drop_C1,1658,-0.01180351279703551
drop_C1,1659,-0.013146613747116898
drop_C1,1660,-0.021515362078890488
drop_C1,1661,-0.029911893998172512
drop_C1,1662,-0.01125852117660936
drop_C1,1663,-0.015602525305762505
drop_C1,1664,-0.010600580469048576
drop_C1,1665,-0.013499650980007827
drop_C1,1666,-0.005224932087809053
drop_C1,1667,-0.022659669705043572
drop_C1,1668,-0.015138928791543993
drop_C1,1669,-0.00427797726366369
drop_C1,1670,-0.008540490996373024
drop_C1,1671,-0.0034123541848674055
drop_C1,1672,-0.014529726384770292
drop_C1,1673,-0.007763908442037559
drop_C1,1674,-0.009557307387909358
drop_C1,1675,-0.009387869710931057
drop_C1,1676,-0.010964597569575463
drop_C1,1677,-0.01875498024412553
drop_C1,1678,-0.018299387779508125
drop_C1,1679,-0.012861842273943963
drop_C1,1680,-0.007615235889398636
drop_C1,1681,-0.0039348331656880176
drop_C1,1682,-0.013544329699375607
drop_C1,1683,-0.024443917802944526
drop_C1,1684,-0.005430131575704433
drop_C1,1685,-0.01725549854153796
drop_C1,1686,-0.015137530139366251
drop_C1,1687,-0.030365778635853213
drop_C1,1688,-0.0022869623671648853
drop_C1,1689,-0.005368764049703795
drop_C1,1690,-0.024577426864756002
drop_C1,1691,-0.011111964725970036
drop_C1,1692,-0.015530360227296425
drop_C1,1693,-0.0198134978605215
drop_C1,1694,-0.015504610647848693
drop_C1,1695,-0.01749223080600662
drop_C1,1696,-0.0215487189617862
drop_C1,1697,-0.014997015680172865
drop_C1,1698,-0.007268403795647138
drop_C1,1699,-0.01023418702042228
drop_C1,1700,-0.021913832709246128
drop_C1,1701,-0.006393794084101068
drop_C1,1702,-0.016391610855202188
drop_C1,1703,0.004881916062075331
drop_C1,1704,-0.017317831660252192
drop_C1,1705,-0.0079410047266609
drop_C1,1706,-0.013335505620354848
drop_C1,1707,-0.013248317658897724
drop_C1,1708,-0.016023671086708213
drop_C1,1709,-0.012842750556866622
drop_C1,1710,-0.005039283693951679
drop_C1,1711,-0.015173611001504772
drop_C1,1712,-0.017789434081269456
drop_C1,1713,-0.0232027058363104
drop_C1,1714,-0.01892623045941072
drop_C1,1715,-0.013402030454301272
drop_C1,1716,-0.0031309383575546523
drop_C1,1717,-0.016200354652933957
drop_C1,1718,-0.009117553178313031
drop_C1,1719,-0.0005481643727622276
drop_C1,1720,-0.016558894422670112
drop_C1,1721,-0.004970577486045402
drop_C1,1722,-0.009500680402026063
drop_C1,1723,-0.009519939202553673
drop_C1,1724,-0.0067143832619167565
drop_C1,1725,-0.015518212377235996
drop_C1,1726,-0.0063563114269115095
drop_C1,1727,-0.012995863107780059
drop_C1,1728,-0.017156150889612864
drop_C1,1729,-0.011310371832504551
drop_C1,1730,-0.0082737698263049
drop_C1,1731,-0.022106199081987854
drop_C1,1732,-0.019886357116533387
drop_C1,1733,-0.01594144065540226
drop_C1,1734,-0.01316890160695472
drop_C1,1735,-0.03282191958727604
drop_C1,1736,-0.023264109119811693
drop_C1,1737,-0.011830362446915182
drop_C1,1738,-0.019796421564981487
drop_C1,1739,-0.022060178226300853
drop_C1,1740,-0.015632216649485886
drop_C1,1741,-0.01875899397172029
drop_C1,1742,-0.03241589951312973
drop_C1,1743,-0.014717157887535498
drop_C1,1744,-0.029680296136036455
drop_C1,1745,-0.01197457557529752
drop_C1,1746,-0.009544376848000025
drop_C1,1747,-0.015047026673431663
drop_C1,1748,-0.0018213664028121634
drop_C1,1749,-0.024657804037058917
drop_C1,1750,-0.02139603235318055
drop_C1,1751,-0.0001722935966284589
drop_C1,1752,-0.010565897181289668
drop_C1,1753,-0.004283722680554103
drop_C1,1754,-0.012764344357397817
drop_C1,1755,-0.017093743111330995
drop_C1,1756,-0.024529512062986147
drop_C1,1757,-0.00304037146196523
drop_C1,1758,-0.006031184339920392
drop_C1,1759,-0.02287949308549167
drop_C1,1760,-0.029308660076648674
drop_C1,1761,-0.023566545669738093
drop_C1,1762,0.0019408824706679262
drop_C1,1763,-0.02838484415517778
drop_C1,1764,-0.01340931592214814
drop_C1,1765,-0.02221301967621675
drop_C1,1766,-0.022540289073209763
drop_C1,1767,-9.990776160256898e-05
drop_C1,1768,-0.021005602007565377
drop_C1,1769,-0.013978087339576395
drop_C1,1770,-0.020400911297540236
drop_C1,1771,-0.018947914361302887
drop_C1,1772,-0.017263707850709964
drop_C1,1773,-0.026833900672797006
drop_C1,1774,-0.01714875536117974
drop_C1,1775,-0.011413879312512365
drop_C1,1776,-0.0243299956660179
drop_C1,1777,-0.013289444407503265
drop_C1,1778,-0.018066952159568855
drop_C1,1779,-0.017504272494892947
drop_C1,1780,-0.015592992842802217
drop_C1,1781,-0.004902897803091222
drop_C1,1782,-0.016605953835600984
drop_C1,1783,-0.005605560840734852
drop_C1,1784,-0.0030016653163257856
drop_C1,1785,-0.012837448730562306
drop_C1,1786,-0.007108133593262567
drop_C1,1787,-0.004343319794855471
drop_C1,1788,-0.0020385635673286773
drop_C1,1789,-0.008127659540037857
drop_C1,1790,-0.011105394353382037
drop_C1,1791,-0.022231629659645757
drop_C1,1792,-0.0009228031466707587
drop_C1,1793,-0.018233239496694587
drop_C1,1794,-0.010614553471030158
drop_C1,1795,-0.01229053919378642
drop_C1,1796,-0.019730464245370838
drop_C1,1797,-0.01682713194004609
drop_C1,1798,-0.01133129601265953
drop_C1,1799,-0.0016272394539657564
drop_C1,1800,-0.02731154289021881
drop_C1,1801,-0.015261099572664194
drop_C1,1802,-0.012081189934901704
drop_C1,1803,-0.017176415021677938
drop_C1,1804,-0.01921841291856896
drop_C1,1805,-0.03480569625173274
drop_C1,1806,-0.025290776443341434
drop_C1,1807,-0.0034266632918589224
drop_C1,1808,-0.022998258361991458
drop_C1,1809,-0.0033331613161349805
drop_C1,1810,-0.02115167875681953
drop_C1,1811,-0.015750858478621788
drop_C1,1812,-0.030153862857674824
drop_C1,1813,-0.0006071896029725687
drop_C1,1814,-0.020795116276326187
drop_C1,1815,-0.030613589444378475
drop_C1,1816,-0.03337103142352371
drop_C1,1817,-0.007103175038146781
drop_C1,1818,-0.02676733661101649
drop_C1,1819,-0.01906440023327388
drop_C1,1820,-0.0171375041135734
drop_C1,1821,-0.018524553367244956
drop_C1,1822,-0.0062279182948788425
drop_C1,1823,-0.015728595023594055
drop_C1,1824,-0.011206322334243596
drop_C1,1825,-0.020546648421775726
drop_C1,1826,-0.02260011599954498
drop_C1,1827,-0.01802854535158782
drop_C1,1828,-0.03201345801396316
drop_C1,1829,-0.007744870452155106
drop_C1,1830,-0.032286025054865386
drop_C1,1831,-0.022035674739906724
drop_C1,1832,-0.011308184187802134
drop_C1,1833,-0.008911754966664354
drop_C1,1834,-0.019001188340138753
drop_C1,1835,-0.016742846347654994
drop_C1,1836,-0.01769242468799298
drop_C1,1837,-0.021567890120104627
drop_C1,1838,-0.007763920429628063
drop_C1,1839,-0.012048159750654125
drop_C1,1840,-0.014892085887124484
drop_C1,1841,-0.016328258338237367
drop_C1,1842,-0.00505150368337226
drop_C1,1843,-0.015196671351408675
drop_C1,1844,-0.003391318798202425
drop_C1,1845,-0.018499167259122734
drop_C1,1846,-0.019230313149831813
drop_C1,1847,-0.02476787496311783
drop_C1,1848,-0.007941056738373808
drop_C1,1849,-0.0067155541585551815
drop_C1,1850,-0.027339798736046028
drop_C1,1851,-0.011669262995356755
drop_C1,1852,-0.007041730141942371
drop_C1,1853,-0.018425961102799704
drop_C1,1854,-0.011495934716454853
drop_C1,1855,-0.01808463690389922
drop_C1,1856,-0.021321695765994575
drop_C1,1857,-0.03193323190234282
drop_C1,1858,-0.018430495106545708
drop_C1,1859,-0.013858216756607089
drop_C1,1860,-0.016969533506774825
drop_C1,1861,-0.013135480198438909
drop_C1,1862,-0.01352396096081579
drop_C1,1863,-0.024903565144602402
drop_C1,1864,-0.025506305135442664
drop_C1,1865,-0.0009145415516811917
drop_C1,1866,-0.02271959715897154
drop_C1,1867,-0.021794418837562057
drop_C1,1868,0.005882642907408253
drop_C1,1869,-0.013983995839765673
drop_C1,1870,-0.013144353900382155
drop_C1,1871,-0.0222572101058712
drop_C1,1872,-0.007020068906498228
drop_C1,1873,-0.014268938223506333
drop_C1,1874,-0.01936931442247114
drop_C1,1875,-0.01629305131533848
drop_C1,1876,-0.011530537126845875
drop_C1,1877,-0.02657259250938271
drop_C1,1878,-0.022762908918263658
drop_C1,1879,-0.009566517276505482
drop_C1,1880,0.002752115480124384
drop_C1,1881,-0.022856088788380635
drop_C1,1882,-0.01773714564137671
drop_C1,1883,-0.031002746671966175
drop_C1,1884,-0.01633940666750966
drop_C1,1885,-0.005855305588752996
drop_C1,1886,-0.017135519281804873
drop_C1,1887,-0.014261410206438202
drop_C1,1888,-0.015046576946735085
drop_C1,1889,0.0026399688469896376
drop_C1,1890,-0.02766068480491779
drop_C1,1891,-0.000735677433635229
drop_C1,1892,-0.018855221279751172
drop_C1,1893,-0.017177102002579325
drop_C1,1894,-0.0008553756631842768
drop_C1,1895,-0.014496866561535482
drop_C1,1896,-0.025977990197134954
drop_C1,1897,-0.0076862495758892035
drop_C1,1898,-0.01664533689562997
drop_C1,1899,-0.024738232051465858
drop_C1,1900,-0.017741725481255383
drop_C1,1901,-0.017000551182300705
drop_C1,1902,-0.016220562091389862
drop_C1,1903,-0.03365820960132654
drop_C1,1904,-0.017368624407256533
drop_C1,1905,-0.009635206321440881
drop_C1,1906,-0.01471821321714989
drop_C1,1907,-0.000939944225560263
drop_C1,1908,-0.02259333306141742
drop_C1,1909,-0.014652479884604191
drop_C1,1910,-0.010871684739992338
drop_C1,1911,-0.02108955788613781
drop_C1,1912,-0.023955040667894806
drop_C1,1913,-0.01934315036288453
drop_C1,1914,-0.017468961516933446
drop_C1,1915,-0.02284258997636529
drop_C1,1916,-0.027581955789774515
drop_C1,1917,-0.024670322154233926
drop_C1,1918,0.0034027921802249617
drop_C1,1919,-0.016567603075303083
drop_C1,1920,-0.01805859344409555
drop_C1,1921,-0.027629865859066904
drop_C1,1922,-0.005301187018444259
drop_C1,1923,-0.02739394195664238
drop_C1,1924,-0.01619154898598643
drop_C1,1925,-0.02537097639080066
drop_C1,1926,-0.008424515922924924
drop_C1,1927,-0.02344901945792477
drop_C1,1928,-0.012082310031196364
drop_C1,1929,-0.03293896490778858
drop_C1,1930,-0.01585219060811796
drop_C1,1931,-0.021325893252856165
drop_C1,1932,-0.02522865450754913
drop_C1,1933,-0.017424469191593628
drop_C1,1934,-0.025978654327867
drop_C1,1935,-0.025623055788257854
drop_C1,1936,-0.007541204376997068
drop_C1,1937,-0.014426387041656497
drop_C1,1938,-0.008563850581845722
drop_C1,1939,-0.020779484675290782
drop_C1,1940,-0.012095698873239136
drop_C1,1941,-0.005179224952126582
drop_C1,1942,-0.015042449262323898
drop_C1,1943,-0.01640453294724359
drop_C1,1944,-0.013085485956521203
drop_C1,1945,-0.013653177632098557
drop_C1,1946,-0.02599963776590103
drop_C1,1947,-0.017562075864390986
drop_C1,1948,-0.008397013614930338
drop_C1,1949,-0.012115739513532509
drop_C1,1950,-0.0070392205648338035
drop_C1,1951,-0.010279220634506953
drop_C1,1952,-0.012571820255080274
drop_C1,1953,-0.00999898271752625
drop_C1,1954,-0.010933492221492452
drop_C1,1955,-0.016011680775318282
drop_C1,1956,-0.023996501675799697
drop_C1,1957,-0.0165440190862349
drop_C1,1958,-0.01297543255000344
drop_C1,1959,-0.006539498691429169
drop_C1,1960,-0.0030772984517987156
drop_C1,1961,-0.012425624685379527
drop_C1,1962,-0.022457842194264055
drop_C1,1963,-0.0024688617680420633
drop_C1,1964,-0.0127531323237563
drop_C1,1965,-0.02303502549656089
drop_C1,1966,-0.012853624296069344
drop_C1,1967,-0.012058003045120558
drop_C1,1968,-0.030159607751586714
drop_C1,1969,-0.02343865611345794
drop_C1,1970,-0.03561949503166861
drop_C1,1971,0.0013560106928904303
drop_C1,1972,-0.029494310743022445
drop_C1,1973,-0.00917152418229944
drop_C1,1974,-0.01877705148339165
drop_C1,1975,-0.012165080956920232
drop_C1,1976,-0.02106247451178561
drop_C1,1977,-0.020303589664330046
drop_C1,1978,-0.021435169325714987
drop_C1,1979,-0.016035396712617833
drop_C1,1980,-0.009078282818521605
drop_C1,1981,-0.017114144496357925
drop_C1,1982,-0.005694350354128325
drop_C1,1983,-0.0011287273851043333
drop_C1,1984,-0.01797741518500784
drop_C1,1985,-0.00010087276923098631
drop_C1,1986,-0.011216022886248955
drop_C1,1987,-0.014306766040682622
drop_C1,1988,-0.008995126281784865
drop_C1,1989,-0.0024478290197779695
drop_C1,1990,0.012897067619240143
drop_C1,1991,-0.012106879025129469
drop_C1,1992,-0.015707417390051215
drop_C1,1993,-0.016046515601945865
drop_C1,1994,-0.013501539387437062
drop_C1,1995,-0.029224396793056828
drop_C1,1996,-0.022876568261902208
drop_C1,1997,-0.005667118118145575
drop_C1,1998,-0.01847540460270286
drop_C1,1999,-0.014519553432952997
drop_C1,2000,-0.03273771320995128
drop_Q1_percent,1,0.009054084886553293
drop_Q1_percent,2,0.026339280240111562
drop_Q1_percent,3,0.023906190484503875
drop_Q1_percent,4,0.01643782103725916
drop_Q1_percent,5,0.014487215850913504
drop_Q1_percent,6,0.0041475028581692275
drop_Q1_percent,7,0.010736346646136874
drop_Q1_percent,8,0.014849056126318205
drop_Q1_percent,9,0.01385986806672354
drop_Q1_percent,10,0.029047744730253455
drop_Q1_percent,11,0.00565232324162826
drop_Q1_percent,12,0.044702001322244944
drop_Q1_percent,13,0.006247066321056538
drop_Q1_percent,14,0.02519583349958815
drop_Q1_percent,15,0.024468647646619435
drop_Q1_percent,16,0.024555706128585486
drop_Q1_percent,17,0.025546105120042184
drop_Q1_percent,18,0.022880264655675858
drop_Q1_percent,19,0.012294692808727054
drop_Q1_percent,20,0.0021133489448960097
drop_Q1_percent,21,0.017039368861142934
drop_Q1_percent,22,0.037849849179661554
drop_Q1_percent,23,0.006493037166714066
drop_Q1_percent,24,0.020745745651761405
drop_Q1_percent,25,0.012726234975427131
drop_Q1_percent,26,0.03328883924497045
drop_Q1_percent,27,0.00950856974301223
drop_Q1_percent,28,0.006526494683512851
drop_Q1_percent,29,0.018331214979808275
drop_Q1_percent,30,0.023035304909403476
drop_Q1_percent,31,0.014724145563741214
drop_Q1_percent,32,0.032217343609012516
drop_Q1_percent,33,0.03798528314880967
drop_Q1_percent,34,0.013600588943924297
drop_Q1_percent,35,0.040399952858707344
drop_Q1_percent,36,0.030803093867430076
drop_Q1_percent,37,0.030152806122332676
drop_Q1_percent,38,0.019753272224503293
drop_Q1_percent,39,0.02015264464144012
drop_Q1_percent,40,0.017154848995748817
drop_Q1_percent,41,0.04017767184543064
drop_Q1_percent,42,0.0262761030021601
drop_Q1_percent,43,0.022070024446115444
drop_Q1_percent,44,0.013496211500414468
drop_Q1_percent,45,0.01662991895462257
drop_Q1_percent,46,0.001778398840257489
drop_Q1_percent,47,0.00758155595404536
drop_Q1_percent,48,0.01668896563345021
drop_Q1_percent,49,0.009111808964149537
drop_Q1_percent,50,0.029105756536062732
drop_Q1_percent,51,0.010923386235702215
drop_Q1_percent,52,0.016193573535569106
drop_Q1_percent,53,0.011977882114943217
drop_Q1_percent,54,0.022840027826372178
drop_Q1_percent,55,0.012539607823333132
drop_Q1_percent,56,0.009811433382340307
drop_Q1_percent,57,0.014512845601124952
drop_Q1_percent,58,0.014193992976743397
drop_Q1_percent,59,0.0200807680877223
drop_Q1_percent,60,0.003054316467894058
drop_Q1_percent,61,0.012320135242132435
drop_Q1_percent,62,0.03233687328127369
drop_Q1_percent,63,0.02358541140914555
drop_Q1_percent,64,0.004102616931179248
drop_Q1_percent,65,0.01792738768393176
drop_Q1_percent,66,0.005794598754079311
drop_Q1_percent,67,0.009613199547492346
drop_Q1_percent,68,0.009224548907281693
drop_Q1_percent,69,0.03842471966340366
drop_Q1_percent,70,0.02542305531557776
drop_Q1_percent,71,0.02463231311981051
drop_Q1_percent,72,0.018153012591173523
drop_Q1_percent,73,0.020484804452977068
drop_Q1_percent,74,0.004635996821349242
drop_Q1_percent,75,0.014105782969917269
drop_Q1_percent,76,0.020215834782342512
drop_Q1_percent,77,0.025459695516033942
drop_Q1_percent,78,0.01565322316624501
drop_Q1_percent,79,0.018776223060904096
drop_Q1_percent,80,0.030648937928083042
drop_Q1_percent,81,0.043681519168377286
drop_Q1_percent,82,0.004980195579659397
drop_Q1_percent,83,0.001054729981983138
drop_Q1_percent,84,0.011531166601004283
drop_Q1_percent,85,0.027467127099598865
drop_Q1_percent,86,0.01672927159549531
drop_Q1_percent,87,0.029407088977675216
drop_Q1_percent,88,0.01902828883029839
drop_Q1_percent,89,0.012199058794526763
drop_Q1_percent,90,0.005433709176800139
drop_Q1_percent,91,0.030508536714375534
drop_Q1_percent,92,0.024402055871476147
drop_Q1_percent,93,0.022722115960177758
drop_Q1_percent,94,0.0005121200147718552
drop_Q1_percent,95,0.02505396502426982
drop_Q1_percent,96,0.048624064515487064
drop_Q1_percent,97,0.0364093319921
drop_Q1_percent,98,0.017729591394045674
drop_Q1_percent,99,0.02320128402948407
drop_Q1_percent,100,0.03538443713209061
drop_Q1_percent,101,0.007251733748577294
drop_Q1_percent,102,0.025945474251792444
drop_Q1_percent,103,0.037229284164779164
drop_Q1_percent,104,0.01135063230956046
drop_Q1_percent,105,0.020904238978905143
drop_Q1_percent,106,0.01564304642623421
drop_Q1_percent,107,0.018788402691332695
drop_Q1_percent,108,0.0160080095935336
drop_Q1_percent,109,0.014450714021030708
drop_Q1_percent,110,0.021658766132518326
drop_Q1_percent,111,0.02106512469410915
drop_Q1_percent,112,0.02388937227848187
drop_Q1_percent,113,0.013896497406980735
drop_Q1_percent,114,0.010475303649448736
drop_Q1_percent,115,0.02669423659191733
drop_Q1_percent,116,0.01829934014176038
drop_Q1_percent,117,0.015241172743572312
drop_Q1_percent,118,0.02463285275759214
drop_Q1_percent,119,0.012498818895846253
drop_Q1_percent,120,0.04922221445726796
drop_Q1_percent,121,0.017297687769585623
drop_Q1_percent,122,0.026399311904869716
drop_Q1_percent,123,0.01954763611393362
drop_Q1_percent,124,0.01517970548378933
drop_Q1_percent,125,0.010667721663919494
drop_Q1_percent,126,0.01899658816967134
drop_Q1_percent,127,0.025240695838420146
drop_Q1_percent,128,0.027293887597337085
drop_Q1_percent,129,0.03150311304105935
drop_Q1_percent,130,0.02104138299398406
drop_Q1_percent,131,0.03270103539324276
drop_Q1_percent,132,0.01980834386380581
drop_Q1_percent,133,0.02003928063594912
drop_Q1_percent,134,0.03156320920213568
drop_Q1_percent,135,0.022242364235778078
drop_Q1_percent,136,0.019504040869772588
drop_Q1_percent,137,0.040897701378843576
drop_Q1_percent,138,0.003640872646269333
drop_Q1_percent,139,0.023812142979202505
drop_Q1_percent,140,0.030411237866059482
drop_Q1_percent,141,0.02192915148633784
drop_Q1_percent,142,0.0013678082708031003
drop_Q1_percent,143,0.014498102387460965
drop_Q1_percent,144,0.01715710086150332
drop_Q1_percent,145,0.0408470743358319
drop_Q1_percent,146,0.02238244906207376
drop_Q1_percent,147,0.03562752719661216
drop_Q1_percent,148,0.03340736538366457
drop_Q1_percent,149,0.010586001833766623
drop_Q1_percent,150,0.015048867442063962
drop_Q1_percent,151,0.012609173447452326
drop_Q1_percent,152,0.028214356559115195
drop_Q1_percent,153,0.014308517147247513
drop_Q1_percent,154,0.011520962236235222
drop_Q1_percent,155,0.018785335481770332
drop_Q1_percent,156,0.033432045792804566
drop_Q1_percent,157,0.004605604705478855
drop_Q1_percent,158,0.02300871276406885
drop_Q1_percent,159,0.003552519407560517
drop_Q1_percent,160,0.021791204975199263
drop_Q1_percent,161,0.02318636430682991
drop_Q1_percent,162,0.024356983825486567
drop_Q1_percent,163,0.021531558650403404
drop_Q1_percent,164,7.691692922362492e-05
drop_Q1_percent,165,0.02685702720404659
drop_Q1_percent,166,0.02166198432982419
drop_Q1_percent,167,0.0323371977415966
drop_Q1_percent,168,0.043548687939026776
drop_Q1_percent,169,0.0019456764545564553
drop_Q1_percent,170,0.027028223388648853
drop_Q1_percent,171,0.02183098482793716
drop_Q1_percent,172,0.01730399554612383
drop_Q1_percent,173,0.02451351369373722
drop_Q1_percent,174,0.03210532316551318
drop_Q1_percent,175,0.01841042925311681
drop_Q1_percent,176,0.009211748518331397
drop_Q1_percent,177,0.02650884781997348
drop_Q1_percent,178,0.0066038989085492605
drop_Q1_percent,179,0.04152543508885781
drop_Q1_percent,180,0.02068948723858438
drop_Q1_percent,181,0.025109114007193067
drop_Q1_percent,182,0.02019558296984153
drop_Q1_percent,183,0.019692378796590304
drop_Q1_percent,184,0.011008739561019942
drop_Q1_percent,185,0.022179612738387505
drop_Q1_percent,186,0.03365653351891418
drop_Q1_percent,187,0.029900319226888072
drop_Q1_percent,188,0.016066659200176636
drop_Q1_percent,189,0.017078818579130017
drop_Q1_percent,190,0.0067243939326675495
drop_Q1_percent,191,0.014113165067896394
drop_Q1_percent,192,0.03344163291311186
drop_Q1_percent,193,0.01104632527171559
drop_Q1_percent,194,0.017451306259538724
drop_Q1_percent,195,0.03500000499357586
drop_Q1_percent,196,0.02894026389419474
drop_Q1_percent,197,0.0052313650881196105
drop_Q1_percent,198,0.0055612871351695126
drop_Q1_percent,199,0.013682559162843028
drop_Q1_percent,200,0.02528661212855049
drop_Q1_percent,201,0.021940606328896495
drop_Q1_percent,202,0.02665693891807397
drop_Q1_percent,203,0.024834407993516994
drop_Q1_percent,204,0.02270134799846335
drop_Q1_percent,205,0.03790420800617933
drop_Q1_percent,206,0.007625765322255812
drop_Q1_percent,207,0.02565219784461753
drop_Q1_percent,208,0.004355760283338228
drop_Q1_percent,209,0.0278927552852547
drop_Q1_percent,210,0.022484512915376953
drop_Q1_percent,211,0.014018201712024614
drop_Q1_percent,212,0.02020782503206156
drop_Q1_percent,213,0.013673303964768735
drop_Q1_percent,214,0.021897767948767632
drop_Q1_percent,215,0.01662480280520212
drop_Q1_percent,216,0.008279237407927797
drop_Q1_percent,217,0.04131616001699459
drop_Q1_percent,218,0.027904546285942466
drop_Q1_percent,219,0.052816827235042996
drop_Q1_percent,220,0.009545643163506312
drop_Q1_percent,221,0.029673653007232598
drop_Q1_percent,222,0.040480518603778326
drop_Q1_percent,223,0.025134974268640226
drop_Q1_percent,224,0.040255378666456454
drop_Q1_percent,225,0.008716068309337188
drop_Q1_percent,226,0.02338061077768061
drop_Q1_percent,227,-0.00030592710958543545
drop_Q1_percent,228,0.02617466481407177
drop_Q1_percent,229,0.013140582217954055
drop_Q1_percent,230,-0.004095419189051291
drop_Q1_percent,231,0.01635519811106173
drop_Q1_percent,232,0.005915390204968174
drop_Q1_percent,233,0.028309433042423504
drop_Q1_percent,234,0.025026170784588186
drop_Q1_percent,235,0.0100771991833139
drop_Q1_percent,236,0.040865917613850555
drop_Q1_percent,237,0.02331799129307427
drop_Q1_percent,238,0.002680730920374297
drop_Q1_percent,239,0.009621589816580678
drop_Q1_percent,240,0.02674720637466438
drop_Q1_percent,241,0.021158632284737466
drop_Q1_percent,242,0.015242317479766204
drop_Q1_percent,243,0.022329027287846304
drop_Q1_percent,244,0.02204720363827789
drop_Q1_percent,245,0.022295444725724756
drop_Q1_percent,246,-0.005381037739898925
drop_Q1_percent,247,0.014993497799923816
drop_Q1_percent,248,0.010632262041514018
drop_Q1_percent,249,0.007951359704523542
drop_Q1_percent,250,0.016796047812795867
drop_Q1_percent,251,0.011558938961407916
drop_Q1_percent,252,0.02004768387945044
drop_Q1_percent,253,0.02216664496527654
drop_Q1_percent,254,0.02112296213640033
drop_Q1_percent,255,0.020804159133418876
drop_Q1_percent,256,0.023089899591518637
drop_Q1_percent,257,0.004544438983501986
drop_Q1_percent,258,0.03487203949063511
drop_Q1_percent,259,0.025904064518522618
drop_Q1_percent,260,0.01023077165781383
drop_Q1_percent,261,0.03142998781783285
drop_Q1_percent,262,0.012384016430253802
drop_Q1_percent,263,0.02928103049108194
drop_Q1_percent,264,0.012575081717949466
drop_Q1_percent,265,0.00228423886932283
drop_Q1_percent,266,0.018824822998791402
drop_Q1_percent,267,0.002919034587762659
drop_Q1_percent,268,0.020868914415763273
drop_Q1_percent,269,0.01992612467588764
drop_Q1_percent,270,0.00213488966716302
drop_Q1_percent,271,0.020709229483072855
drop_Q1_percent,272,0.0104372369930949
drop_Q1_percent,273,0.007174001425493237
drop_Q1_percent,274,0.01658855677407728
drop_Q1_percent,275,0.019238570759319507
drop_Q1_percent,276,0.011800674232776587
drop_Q1_percent,277,0.017817009167510944
drop_Q1_percent,278,0.007208271957774459
drop_Q1_percent,279,0.009623075477405818
drop_Q1_percent,280,0.010164249695460592
drop_Q1_percent,281,0.0214660703681806
drop_Q1_percent,282,0.02915581179648674
drop_Q1_percent,283,0.002122517044016725
drop_Q1_percent,284,0.01897423899359385
drop_Q1_percent,285,0.023653929979510935
drop_Q1_percent,286,0.021555212687810965
drop_Q1_percent,287,0.02550469170758385
drop_Q1_percent,288,0.017514876184789696
drop_Q1_percent,289,0.01590969911159351
drop_Q1_percent,290,0.006781693092955454
drop_Q1_percent,291,0.031000258737971853
drop_Q1_percent,292,0.019912568442318535
drop_Q1_percent,293,0.016668198038579357
drop_Q1_percent,294,0.03497479492020966
drop_Q1_percent,295,0.01756024124502259
drop_Q1_percent,296,-8.119620496865876e-05
drop_Q1_percent,297,-0.0049467509204710325
drop_Q1_percent,298,0.022429710191174457
drop_Q1_percent,299,0.02258662193265515
drop_Q1_percent,300,0.010243952713014481
drop_Q1_percent,301,0.0005093068818284863
drop_Q1_percent,302,0.027961311519969057
drop_Q1_percent,303,0.010725075901627024
drop_Q1_percent,304,0.029108784656793257
drop_Q1_percent,305,0.02020377190951489
drop_Q1_percent,306,0.024732213538154413
drop_Q1_percent,307,0.030115707106450507
drop_Q1_percent,308,0.009822625274471752
drop_Q1_percent,309,0.004726178021825178
drop_Q1_percent,310,0.021152714828733377
drop_Q1_percent,311,0.02741330901202199
drop_Q1_percent,312,0.022666345965539514
drop_Q1_percent,313,0.023185859532004194
drop_Q1_percent,314,0.0229978060899379
drop_Q1_percent,315,0.016993491729112686
drop_Q1_percent,316,0.006485520503561659
drop_Q1_percent,317,0.028535040862695232
drop_Q1_percent,318,0.02371845492630581
drop_Q1_percent,319,0.005672937069558792
drop_Q1_percent,320,0.031798920158185806
drop_Q1_percent,321,0.003781343987022401
drop_Q1_percent,322,0.05159132796243743
drop_Q1_percent,323,0.02941126714873954
drop_Q1_percent,324,0.017866042529948056
drop_Q1_percent,325,0.01590113790790132
drop_Q1_percent,326,0.018393491489656633
drop_Q1_percent,327,0.02560133445010776
drop_Q1_percent,328,0.0021353826156461087
drop_Q1_percent,329,0.021992724186059187
drop_Q1_percent,330,0.02403245823257741
drop_Q1_percent,331,0.02114442590996335
drop_Q1_percent,332,0.01802280072722845
drop_Q1_percent,333,0.005583365252788297
drop_Q1_percent,334,0.023172854030768686
drop_Q1_percent,335,0.024573831898492327
drop_Q1_percent,336,0.018474024681536444
drop_Q1_percent,337,0.01575322263326165
drop_Q1_percent,338,0.03066886253023915
drop_Q1_percent,339,0.021965584896755264
drop_Q1_percent,340,0.022675494249683126
drop_Q1_percent,341,0.04758240147453202
drop_Q1_percent,342,0.03042582998064286
drop_Q1_percent,343,0.025512431812898917
drop_Q1_percent,344,0.03441362488780558
drop_Q1_percent,345,0.014113689302226062
drop_Q1_percent,346,0.02654076746702172
drop_Q1_percent,347,0.0038012771915766908
drop_Q1_percent,348,0.03641334671080257
drop_Q1_percent,349,0.007810786282477777
drop_Q1_percent,350,0.014921852923957535
drop_Q1_percent,351,0.001895421020144894
drop_Q1_percent,352,0.006330261219533784
drop_Q1_percent,353,0.01232899522159392
drop_Q1_percent,354,-0.005699066821721721
drop_Q1_percent,355,0.022068288893795918
drop_Q1_percent,356,0.024457657014584022
drop_Q1_percent,357,0.015796507453567143
drop_Q1_percent,358,0.002127004743588734
drop_Q1_percent,359,0.014362022793199702
drop_Q1_percent,360,0.011383566494945818
drop_Q1_percent,361,0.037242781328808316
drop_Q1_percent,362,0.03315644905651377
drop_Q1_percent,363,0.03334093954325512
drop_Q1_percent,364,0.02869513970733617
drop_Q1_percent,365,0.01214058596037354
drop_Q1_percent,366,0.026483515776541344
drop_Q1_percent,367,0.014815275743507217
drop_Q1_percent,368,0.023734992860810572
drop_Q1_percent,369,0.015933937843076895
drop_Q1_percent,370,0.025745154774440393
drop_Q1_percent,371,0.03436578651363237
drop_Q1_percent,372,0.028695891108509175
drop_Q1_percent,373,0.012804365455762634
drop_Q1_percent,374,0.005491735497282935
drop_Q1_percent,375,0.021874302871395745
drop_Q1_percent,376,0.030728227889753157
drop_Q1_percent,377,0.03807680967758137
drop_Q1_percent,378,0.019351941659415894
drop_Q1_percent,379,0.006011716213297158
drop_Q1_percent,380,0.0100619275328096
drop_Q1_percent,381,0.029422957595629073
drop_Q1_percent,382,0.02957252532527166
drop_Q1_percent,383,0.03165341080224271
drop_Q1_percent,384,0.018078848987615304
drop_Q1_percent,385,0.020631607895618354
drop_Q1_percent,386,0.03418072658982624
drop_Q1_percent,387,0.013544547664245454
drop_Q1_percent,388,0.03335642464799066
drop_Q1_percent,389,0.0229101876949373
drop_Q1_percent,390,0.024711239015168945
drop_Q1_percent,391,0.009068457333792579
drop_Q1_percent,392,0.01512217889781009
drop_Q1_percent,393,0.013974730744916453
drop_Q1_percent,394,0.0062591989738203235
drop_Q1_percent,395,0.016283015700780945
drop_Q1_percent,396,0.025907332332347988
drop_Q1_percent,397,0.03522136840905532
drop_Q1_percent,398,0.015476911548590655
drop_Q1_percent,399,0.021140035713645672
drop_Q1_percent,400,0.014481480155108195
drop_Q1_percent,401,0.015295741561723586
drop_Q1_percent,402,0.021085081683454132
drop_Q1_percent,403,0.008283724247196533
drop_Q1_percent,404,0.010160145757869332
drop_Q1_percent,405,0.020685881476822376
drop_Q1_percent,406,0.0051108866647726625
drop_Q1_percent,407,0.019925400523353065
drop_Q1_percent,408,0.007679557237841195
drop_Q1_percent,409,0.018117950573377783
drop_Q1_percent,410,0.011338622719897662
drop_Q1_percent,411,0.020025682787756738
drop_Q1_percent,412,0.003446571414932209
drop_Q1_percent,413,0.027671475587788597
drop_Q1_percent,414,0.04064577712597611
drop_Q1_percent,415,0.007943213414933592
drop_Q1_percent,416,0.0336231895378197
drop_Q1_percent,417,-0.01077781050049531
drop_Q1_percent,418,0.033571398328444246
drop_Q1_percent,419,0.012419472356656747
drop_Q1_percent,420,0.03156701104978932
drop_Q1_percent,421,0.029023149660215963
drop_Q1_percent,422,0.01122690486906136
drop_Q1_percent,423,0.01854201701109559
drop_Q1_percent,424,0.039677483822406934
drop_Q1_percent,425,0.027545203917725636
drop_Q1_percent,426,0.036155088642451816
drop_Q1_percent,427,0.03460350797096151
drop_Q1_percent,428,0.02553441264863382
drop_Q1_percent,429,0.023372440198208277
drop_Q1_percent,430,0.015471996301230917
drop_Q1_percent,431,0.033808463579826975
drop_Q1_percent,432,0.019926975462743912
drop_Q1_percent,433,0.030930479526645183
drop_Q1_percent,434,0.021277142985153707
drop_Q1_percent,435,0.027035859294602005
drop_Q1_percent,436,0.024455198747234647
drop_Q1_percent,437,0.02749201809670543
drop_Q1_percent,438,0.015832772126969985
drop_Q1_percent,439,0.0017786571945421215
drop_Q1_percent,440,0.013811447330848187
drop_Q1_percent,441,0.016923010673593475
drop_Q1_percent,442,0.009877335950168598
drop_Q1_percent,443,0.02218604200854174
drop_Q1_percent,444,0.03990083147594803
drop_Q1_percent,445,0.0006723642612933844
drop_Q1_percent,446,0.017129092154266834
drop_Q1_percent,447,0.021658544905715227
drop_Q1_percent,448,0.014159103345038948
drop_Q1_percent,449,0.011114943235529251
drop_Q1_percent,450,0.0020365716309450055
drop_Q1_percent,451,0.02937562983692682
drop_Q1_percent,452,0.0016636891061866943
drop_Q1_percent,453,0.01506950944959179
drop_Q1_percent,454,0.022199536172587353
drop_Q1_percent,455,0.0170647245538032
drop_Q1_percent,456,-0.008764746311646698
drop_Q1_percent,457,0.002115817931811481
drop_Q1_percent,458,0.023446516228062042
drop_Q1_percent,459,0.0019306350063064415
drop_Q1_percent,460,0.02017143342043315
drop_Q1_percent,461,0.027066957204644332
drop_Q1_percent,462,0.0194973680033102
drop_Q1_percent,463,0.014644920719321886
drop_Q1_percent,464,0.028971485409141462
drop_Q1_percent,465,0.03793533628983903
drop_Q1_percent,466,0.04029889210095333
drop_Q1_percent,467,0.02428613818806752
drop_Q1_percent,468,0.036553521221056096
drop_Q1_percent,469,0.026992716245202525
drop_Q1_percent,470,0.012123352648144237
drop_Q1_percent,471,0.015001640889863999
drop_Q1_percent,472,0.018353620105937385
drop_Q1_percent,473,0.013142082657393361
drop_Q1_percent,474,0.009407531366915911
drop_Q1_percent,475,0.003115703739592579
drop_Q1_percent,476,0.017269519618413
drop_Q1_percent,477,0.02377128005900736
drop_Q1_percent,478,0.01507950613682607
drop_Q1_percent,479,0.009260356347991994
drop_Q1_percent,480,0.022568393032395107
drop_Q1_percent,481,0.010089141163115656
drop_Q1_percent,482,0.0436597862612767
drop_Q1_percent,483,0.03799912925905352
drop_Q1_percent,484,0.018275980664340608
drop_Q1_percent,485,0.016484858459349494
drop_Q1_percent,486,0.008454307530306904
drop_Q1_percent,487,0.02722188838958478
drop_Q1_percent,488,0.011515328410981296
drop_Q1_percent,489,0.037912491258361214
drop_Q1_percent,490,0.03853497211471402
drop_Q1_percent,491,0.01988940907041989
drop_Q1_percent,492,0.026636620265840127
drop_Q1_percent,493,0.026100883760423965
drop_Q1_percent,494,0.022411997509210524
drop_Q1_percent,495,0.041125364799007524
drop_Q1_percent,496,0.013541635454493217
drop_Q1_percent,497,0.02763319209475587
drop_Q1_percent,498,0.023817072120495386
drop_Q1_percent,499,0.021528786057031013
drop_Q1_percent,500,0.007413413165517524
drop_Q1_percent,501,0.028228663290434775
drop_Q1_percent,502,0.016872005936085732
drop_Q1_percent,503,0.014273992096366928
drop_Q1_percent,504,0.004286594640466435
drop_Q1_percent,505,0.014350417720463748
drop_Q1_percent,506,0.028685984829115996
drop_Q1_percent,507,0.012926515581313636
drop_Q1_percent,508,0.00990926686723137
drop_Q1_percent,509,0.006336533755095075
drop_Q1_percent,510,0.004409042984960421
drop_Q1_percent,511,0.011492080039523067
drop_Q1_percent,512,0.0320103815895173
drop_Q1_percent,513,0.03039369329048927
drop_Q1_percent,514,-0.004542797068379789
drop_Q1_percent,515,0.016705114708054913
drop_Q1_percent,516,0.02978571727161794
drop_Q1_percent,517,0.005150612066197602
drop_Q1_percent,518,0.01199972039979813
drop_Q1_percent,519,0.02353198976875609
drop_Q1_percent,520,0.027345974094458825
drop_Q1_percent,521,-0.00032109287738879555
drop_Q1_percent,522,0.02428243727135826
drop_Q1_percent,523,0.028393328212237556
drop_Q1_percent,524,0.04447336846023209
drop_Q1_percent,525,0.01946654406804116
drop_Q1_percent,526,0.012541089606451117
drop_Q1_percent,527,0.04172390320012059
drop_Q1_percent,528,0.00938613963628565
drop_Q1_percent,529,0.024824624209100532
drop_Q1_percent,530,0.016323703013477298
drop_Q1_percent,531,0.017341951708182812
drop_Q1_percent,532,0.02875766128321028
drop_Q1_percent,533,-0.0007158465965911853
drop_Q1_percent,534,0.030559156821659605
drop_Q1_percent,535,0.03058245744482352
drop_Q1_percent,536,0.019115204684300335
drop_Q1_percent,537,0.014317261836033879
drop_Q1_percent,538,0.014537520624965161
drop_Q1_percent,539,0.040270562501550894
drop_Q1_percent,540,0.016502319823075984
drop_Q1_percent,541,0.011907143232512352
drop_Q1_percent,542,0.02271540743827377
drop_Q1_percent,543,0.0063447629787661275
drop_Q1_percent,544,0.02678156574165197
drop_Q1_percent,545,0.01831116243923364
drop_Q1_percent,546,0.009299349980699978
drop_Q1_percent,547,0.01101940004291152
drop_Q1_percent,548,0.0282088972926704
drop_Q1_percent,549,0.02724049820051977
drop_Q1_percent,550,0.025840075857253203
drop_Q1_percent,551,0.02009492493507814
drop_Q1_percent,552,0.022719917271947943
drop_Q1_percent,553,0.01984444923810369
drop_Q1_percent,554,0.012947664400066394
drop_Q1_percent,555,0.012188282135535744
drop_Q1_percent,556,0.04116023271044478
drop_Q1_percent,557,0.042079731888512606
drop_Q1_percent,558,0.008931914514803851
drop_Q1_percent,559,0.007575432141437494
drop_Q1_percent,560,0.035252875838132885
drop_Q1_percent,561,0.02062475470928332
drop_Q1_percent,562,0.0020578696697942656
drop_Q1_percent,563,0.037034280865624214
drop_Q1_percent,564,0.013826478029004718
drop_Q1_percent,565,0.00745644066094836
drop_Q1_percent,566,0.023409198214418947
drop_Q1_percent,567,0.010930751719069376
drop_Q1_percent,568,0.008797101385240425
drop_Q1_percent,569,0.029898850998323512
drop_Q1_percent,570,0.034329025649884326
drop_Q1_percent,571,0.032048248315302896
drop_Q1_percent,572,0.030732466106103085
drop_Q1_percent,573,0.00438701438487904
drop_Q1_percent,574,0.01726543268821834
drop_Q1_percent,575,0.014503885860623011
drop_Q1_percent,576,0.008916907229533422
drop_Q1_percent,577,0.014242002962030098
drop_Q1_percent,578,0.025953362487446896
drop_Q1_percent,579,0.018308028953233024
drop_Q1_percent,580,0.029939305185856913
drop_Q1_percent,581,0.019944204730111825
drop_Q1_percent,582,0.01874849586003502
drop_Q1_percent,583,0.032553626363347854
drop_Q1_percent,584,0.03911242918819263
drop_Q1_percent,585,0.02017275487261172
drop_Q1_percent,586,0.036460547929017983
drop_Q1_percent,587,0.00843688308992424
drop_Q1_percent,588,0.02614885432749714
drop_Q1_percent,589,0.012778146188064332
drop_Q1_percent,590,0.025850387980939638
drop_Q1_percent,591,0.019709654207315408
drop_Q1_percent,592,0.01214689760626031
drop_Q1_percent,593,0.004965035310805527
drop_Q1_percent,594,0.026713928982899204
drop_Q1_percent,595,0.01969082659709953
drop_Q1_percent,596,0.01288884362545839
drop_Q1_percent,597,0.019437579578837128
drop_Q1_percent,598,0.010296132826712184
drop_Q1_percent,599,0.022719057935016385
drop_Q1_percent,600,0.03380743438027428
drop_Q1_percent,601,0.032236710574375216
drop_Q1_percent,602,0.018384770580041565
drop_Q1_percent,603,0.033964992090389945
drop_Q1_percent,604,0.01937263409298884
drop_Q1_percent,605,0.040497558812551904
drop_Q1_percent,606,0.002501786089364355
drop_Q1_percent,607,0.017001484535411893
drop_Q1_percent,608,0.02139021964478105
drop_Q1_percent,609,0.005117240404602541
drop_Q1_percent,610,0.0025584876760814113
drop_Q1_percent,611,0.010962854141450429
drop_Q1_percent,612,0.016967223951004362
drop_Q1_percent,613,0.01749242452562544
drop_Q1_percent,614,0.02072570123284176
drop_Q1_percent,615,-0.00503507092187494
drop_Q1_percent,616,0.0006905863293606984
drop_Q1_percent,617,0.021087502974396655
drop_Q1_percent,618,-0.00014200288647009396
drop_Q1_percent,619,0.02132531848039554
drop_Q1_percent,620,0.03144685072289877
drop_Q1_percent,621,0.0019594065501075675
drop_Q1_percent,622,0.018210303850878212
drop_Q1_percent,623,0.0158000581803589
drop_Q1_percent,624,0.02082306811704926
drop_Q1_percent,625,-0.00038044750937665794
drop_Q1_percent,626,0.014900917226571442
drop_Q1_percent,627,0.009862443706651292
drop_Q1_percent,628,0.014011787251607177
drop_Q1_percent,629,0.023178884926430388
drop_Q1_percent,630,0.008734547266081916
drop_Q1_percent,631,0.022930930840210806
drop_Q1_percent,632,0.028349806195645477
drop_Q1_percent,633,0.022286871484117343
drop_Q1_percent,634,0.0255710930603828
drop_Q1_percent,635,0.019482659447714934
drop_Q1_percent,636,0.022190196133918594
drop_Q1_percent,637,0.014745029979123525
drop_Q1_percent,638,0.013535866039477318
drop_Q1_percent,639,0.012635265822307007
drop_Q1_percent,640,0.03359500846251534
drop_Q1_percent,641,0.006299509121162672
drop_Q1_percent,642,0.002916287720986982
drop_Q1_percent,643,0.019891977734521116
drop_Q1_percent,644,0.014799898271455364
drop_Q1_percent,645,0.019438459487849002
drop_Q1_percent,646,0.05027630302122288
drop_Q1_percent,647,0.02003754655285267
drop_Q1_percent,648,0.016892055598333983
drop_Q1_percent,649,0.012105652218747431
drop_Q1_percent,650,0.033153457392375574
drop_Q1_percent,651,0.022358469358648103
drop_Q1_percent,652,0.005903961504489852
drop_Q1_percent,653,0.003153499196249021
drop_Q1_percent,654,0.022909061162106115
drop_Q1_percent,655,0.028260624364456505
drop_Q1_percent,656,0.027623642283622685
drop_Q1_percent,657,0.02629987300960851
drop_Q1_percent,658,0.02341342998725504
drop_Q1_percent,659,0.007939909040231452
drop_Q1_percent,660,0.018660897697522216
drop_Q1_percent,661,-0.008713435428079785
drop_Q1_percent,662,0.009234816007257396
drop_Q1_percent,663,0.0242319506100937
drop_Q1_percent,664,0.008867418458650023
drop_Q1_percent,665,0.01040821300971978
drop_Q1_percent,666,0.007207796221748386
drop_Q1_percent,667,0.012303203241795208
drop_Q1_percent,668,0.02974746206834067
drop_Q1_percent,669,0.02360628669449033
drop_Q1_percent,670,0.020007647088260028
drop_Q1_percent,671,0.01726418068434593
drop_Q1_percent,672,0.010897213211654988
drop_Q1_percent,673,0.01903893577914967
drop_Q1_percent,674,0.016159807178569352
drop_Q1_percent,675,0.02400567325836986
drop_Q1_percent,676,0.01132537296448713
drop_Q1_percent,677,0.03211707046941403
drop_Q1_percent,678,0.04105640504255109
drop_Q1_percent,679,0.03224975594978419
drop_Q1_percent,680,0.017908117118015765
drop_Q1_percent,681,0.013872325048251866
drop_Q1_percent,682,0.007149199992703137
drop_Q1_percent,683,0.0021508586453180267
drop_Q1_percent,684,0.013682925796153489
drop_Q1_percent,685,0.016720684795328733
drop_Q1_percent,686,0.003472501650260418
drop_Q1_percent,687,0.01826253620143528
drop_Q1_percent,688,0.045113779475228766
drop_Q1_percent,689,0.02163794914490441
drop_Q1_percent,690,0.013146294100218586
drop_Q1_percent,691,0.01678278285190668
drop_Q1_percent,692,0.0030822280429284032
drop_Q1_percent,693,0.032802913168751086
drop_Q1_percent,694,0.016525396548611626
drop_Q1_percent,695,0.02735580124581044
drop_Q1_percent,696,0.00924345213444358
drop_Q1_percent,697,0.014620785228830091
drop_Q1_percent,698,0.03323221412164756
drop_Q1_percent,699,0.0011728877622551315
drop_Q1_percent,700,-0.00392204315093353
drop_Q1_percent,701,0.013095163440122182
drop_Q1_percent,702,0.017981249427216295
drop_Q1_percent,703,0.024278857651664182
drop_Q1_percent,704,0.008830432097332419
drop_Q1_percent,705,0.023274698249214132
drop_Q1_percent,706,0.020410962034861424
drop_Q1_percent,707,0.028848921096144953
drop_Q1_percent,708,0.03358944342384651
drop_Q1_percent,709,0.019413033833066973
drop_Q1_percent,710,0.018391141492607233
drop_Q1_percent,711,0.029355600834125972
drop_Q1_percent,712,0.018984602284219027
drop_Q1_percent,713,0.009738775631246671
drop_Q1_percent,714,0.007857138279807052
drop_Q1_percent,715,-0.00043673983090367074
drop_Q1_percent,716,0.007708723185647415
drop_Q1_percent,717,0.020738885787024985
drop_Q1_percent,718,0.030845842250245115
drop_Q1_percent,719,0.023886643402817265
drop_Q1_percent,720,0.0034966796757239793
drop_Q1_percent,721,0.02974750472759713
drop_Q1_percent,722,0.0027943420227547755
drop_Q1_percent,723,0.012553083269104093
drop_Q1_percent,724,0.027123605963417535
drop_Q1_percent,725,0.023911891210526615
drop_Q1_percent,726,0.016821767828062578
drop_Q1_percent,727,0.027911378993263236
drop_Q1_percent,728,0.024218784441325497
drop_Q1_percent,729,0.016711167270598237
drop_Q1_percent,730,0.03561082444875732
drop_Q1_percent,731,0.018853459761732416
drop_Q1_percent,732,-0.009933690683408491
drop_Q1_percent,733,0.021919511161361982
drop_Q1_percent,734,0.026130348838563466
drop_Q1_percent,735,0.004206652614603568
drop_Q1_percent,736,0.015389006858793075
drop_Q1_percent,737,0.010448058124719772
drop_Q1_percent,738,0.03609603948199652
drop_Q1_percent,739,0.014591600344847966
drop_Q1_percent,740,0.018961691559306104
drop_Q1_percent,741,0.01309909958115335
drop_Q1_percent,742,0.030757036993410897
drop_Q1_percent,743,0.02837179713465529
drop_Q1_percent,744,0.0336226177454807
drop_Q1_percent,745,0.023088748744313603
drop_Q1_percent,746,0.01966228380821
drop_Q1_percent,747,0.02209909728975884
drop_Q1_percent,748,0.02126216040580753
drop_Q1_percent,749,0.012136411835373173
drop_Q1_percent,750,0.007687348509896608
drop_Q1_percent,751,0.007168964566115321
drop_Q1_percent,752,0.00803935684555418
drop_Q1_percent,753,0.026211242373650023
drop_Q1_percent,754,0.013334837943154237
drop_Q1_percent,755,0.011854448290251451
drop_Q1_percent,756,0.029348564015316325
drop_Q1_percent,757,0.014184092552617766
drop_Q1_percent,758,0.015610148554394854
drop_Q1_percent,759,0.011418747864067935
drop_Q1_percent,760,0.021752900144607124
drop_Q1_percent,761,0.022118546139503842
drop_Q1_percent,762,0.028816784698708187
drop_Q1_percent,763,0.0226419423217962
drop_Q1_percent,764,0.0073529342340987736
drop_Q1_percent,765,0.028134322200076278
drop_Q1_percent,766,0.011327210106662489
drop_Q1_percent,767,0.03377756144916105
drop_Q1_percent,768,0.02221094087286518
drop_Q1_percent,769,0.013367011446730415
drop_Q1_percent,770,0.017168014060868764
drop_Q1_percent,771,0.008983532755760526
drop_Q1_percent,772,0.006233584897666011
drop_Q1_percent,773,0.016288025302237996
drop_Q1_percent,774,0.01078786443894475
drop_Q1_percent,775,0.012866206523300533
drop_Q1_percent,776,0.021803192489775802
drop_Q1_percent,777,0.021143132053310976
drop_Q1_percent,778,0.0007448400274235323
drop_Q1_percent,779,0.024862258401295995
drop_Q1_percent,780,0.011370972469490148
drop_Q1_percent,781,0.0003886382658186416
drop_Q1_percent,782,0.035575517103207555
drop_Q1_percent,783,0.008051693151373662
drop_Q1_percent,784,0.01865201569817615
drop_Q1_percent,785,0.013325352129034462
drop_Q1_percent,786,-0.0016572370745615017
drop_Q1_percent,787,0.04277222314715362
drop_Q1_percent,788,0.019287075116480257
drop_Q1_percent,789,0.004913703820235593
drop_Q1_percent,790,0.034312074340212384
drop_Q1_percent,791,-0.00039340132209791934
drop_Q1_percent,792,0.024458179144931258
drop_Q1_percent,793,0.02236544211242031
drop_Q1_percent,794,0.020038892556737575
drop_Q1_percent,795,0.032719246268272884
drop_Q1_percent,796,0.010812639459769902
drop_Q1_percent,797,0.022326765020406203
drop_Q1_percent,798,0.023137482165162815
drop_Q1_percent,799,0.022721880997386146
drop_Q1_percent,800,0.002027818390949565
drop_Q1_percent,801,0.017388744114559707
drop_Q1_percent,802,0.012633064461914534
drop_Q1_percent,803,0.020791062375647984
drop_Q1_percent,804,0.015464314863777417
drop_Q1_percent,805,-0.007674156591414905
drop_Q1_percent,806,0.030354997909567638
drop_Q1_percent,807,0.03469000852779319
drop_Q1_percent,808,0.022532310820941842
drop_Q1_percent,809,0.01677637532536219
drop_Q1_percent,810,0.02110815895878032
drop_Q1_percent,811,0.0041255761151660075
drop_Q1_percent,812,0.014341480230104675
drop_Q1_percent,813,0.014445072887194765
drop_Q1_percent,814,0.02450344581214159
drop_Q1_percent,815,0.026237665962622142
drop_Q1_percent,816,0.023836506632005705
drop_Q1_percent,817,0.01578962521784985
drop_Q1_percent,818,0.033184934776622654
drop_Q1_percent,819,0.02597688663450365
drop_Q1_percent,820,0.016751949955625345
drop_Q1_percent,821,0.02456924619100237
drop_Q1_percent,822,0.009512887858239172
drop_Q1_percent,823,0.024007693018865794
drop_Q1_percent,824,0.008526436149475236
drop_Q1_percent,825,0.027879626206628205
drop_Q1_percent,826,-4.683986185344269e-05
drop_Q1_percent,827,0.01753502535194243
drop_Q1_percent,828,0.018226063588496877
drop_Q1_percent,829,0.0028589966327780547
drop_Q1_percent,830,0.020642871542809305
drop_Q1_percent,831,0.034892588068192565
drop_Q1_percent,832,0.019602476735557095
drop_Q1_percent,833,0.015249751993653748
drop_Q1_percent,834,0.004206343984830663
drop_Q1_percent,835,0.0067324675259625155
drop_Q1_percent,836,0.06089216439826217
drop_Q1_percent,837,0.019292624792103086
drop_Q1_percent,838,0.02716802061940901
drop_Q1_percent,839,0.027143633900395092
drop_Q1_percent,840,0.00028338658519311277
drop_Q1_percent,841,0.013487913168971077
drop_Q1_percent,842,0.0030734276200870825
drop_Q1_percent,843,0.03276027055007985
drop_Q1_percent,844,0.023867363811863995
drop_Q1_percent,845,0.022876243526800122
drop_Q1_percent,846,0.03000579236701445
drop_Q1_percent,847,0.017121186500035634
drop_Q1_percent,848,0.025250425330987813
drop_Q1_percent,849,0.02985048044853994
drop_Q1_percent,850,0.027033732435364444
drop_Q1_percent,851,0.014740959571244994
drop_Q1_percent,852,0.024584006596286706
drop_Q1_percent,853,0.026312208154723238
drop_Q1_percent,854,0.019515402868833687
drop_Q1_percent,855,0.008744254419301212
drop_Q1_percent,856,0.03358995655491109
drop_Q1_percent,857,0.02280855627345585
drop_Q1_percent,858,0.016258394856704828
drop_Q1_percent,859,0.027459904692880954
drop_Q1_percent,860,0.03268077727957225
drop_Q1_percent,861,0.015268590920726466
drop_Q1_percent,862,0.03861475120971497
drop_Q1_percent,863,-0.0003383140149683106
drop_Q1_percent,864,0.01715053597570415
drop_Q1_percent,865,0.02350351843724824
drop_Q1_percent,866,0.016849995125184092
drop_Q1_percent,867,-0.006042423640541084
drop_Q1_percent,868,0.013843773297943285
drop_Q1_percent,869,0.010295212097010564
drop_Q1_percent,870,0.04082929894308257
drop_Q1_percent,871,0.018252876703835907
drop_Q1_percent,872,0.027862246792815015
drop_Q1_percent,873,0.022995123875087203
drop_Q1_percent,874,0.025001022890902724
drop_Q1_percent,875,0.013314123603595851
drop_Q1_percent,876,0.021891030364360853
drop_Q1_percent,877,-0.0009112445447566619
drop_Q1_percent,878,0.008689273618226856
drop_Q1_percent,879,0.004017683249322446
drop_Q1_percent,880,0.028170212647782328
drop_Q1_percent,881,0.0017970122950084488
drop_Q1_percent,882,0.03081138246954057
drop_Q1_percent,883,0.027367401819220205
drop_Q1_percent,884,0.017089617704866666
drop_Q1_percent,885,0.01983029237767847
drop_Q1_percent,886,0.015436258257206514
drop_Q1_percent,887,0.009045061787656072
drop_Q1_percent,888,0.019017636700532636
drop_Q1_percent,889,0.022756024871377623
drop_Q1_percent,890,0.029313188986816285
drop_Q1_percent,891,0.0016571298651760769
drop_Q1_percent,892,0.02727719081149793
drop_Q1_percent,893,0.01197266209303649
drop_Q1_percent,894,0.04964252479064202
drop_Q1_percent,895,0.03652158646137482
drop_Q1_percent,896,0.02981378481215602
drop_Q1_percent,897,0.015179200758205752
drop_Q1_percent,898,0.002995909299218724
drop_Q1_percent,899,0.020298631674816103
drop_Q1_percent,900,0.01770625474633236
drop_Q1_percent,901,0.03384578592798726
drop_Q1_percent,902,0.0158812994632071
drop_Q1_percent,903,0.04531392725130001
drop_Q1_percent,904,0.01971661035408734
drop_Q1_percent,905,0.013291356015855932
drop_Q1_percent,906,0.02410903424525282
drop_Q1_percent,907,0.017599766926641114
drop_Q1_percent,908,0.00976583165549555
drop_Q1_percent,909,0.02835258083896619
drop_Q1_percent,910,0.020416008097719762
drop_Q1_percent,911,0.02214214037855855
drop_Q1_percent,912,0.01722097621515767
drop_Q1_percent,913,0.013270354526521755
drop_Q1_percent,914,0.02311948234233513
drop_Q1_percent,915,0.019315158815865485
drop_Q1_percent,916,0.022797474396881956
drop_Q1_percent,917,0.024107710336936428
drop_Q1_percent,918,0.011781003134141155
drop_Q1_percent,919,0.026268714364409
drop_Q1_percent,920,0.020366720362524765
drop_Q1_percent,921,0.021620232865816935
drop_Q1_percent,922,0.010496598510588595
drop_Q1_percent,923,0.012771506083159079
drop_Q1_percent,924,0.033356536999558206
drop_Q1_percent,925,0.027652257106801137
drop_Q1_percent,926,0.03589465186136731
drop_Q1_percent,927,-0.0051731327299346375
drop_Q1_percent,928,0.015091536050591936
drop_Q1_percent,929,0.014839569249624096
drop_Q1_percent,930,0.018090848008408683
drop_Q1_percent,931,0.004154519227804021
drop_Q1_percent,932,0.03255224353617209
drop_Q1_percent,933,0.010191534734213692
drop_Q1_percent,934,0.011420091579873226
drop_Q1_percent,935,0.022480889297221168
drop_Q1_percent,936,0.017868442734343903
drop_Q1_percent,937,-0.0025025939386109364
drop_Q1_percent,938,0.04420309980761461
drop_Q1_percent,939,0.015656251584559577
drop_Q1_percent,940,0.025543620519803467
drop_Q1_percent,941,-0.002553469785954693
drop_Q1_percent,942,0.014639214711826054
drop_Q1_percent,943,0.014979615863182916
drop_Q1_percent,944,0.012168493850474416
drop_Q1_percent,945,0.016358935027146804
drop_Q1_percent,946,0.0213399911768134
drop_Q1_percent,947,0.009789072589030168
drop_Q1_percent,948,0.019872115564733228
drop_Q1_percent,949,0.023303450982564866
drop_Q1_percent,950,0.013842082861311888
drop_Q1_percent,951,1.7734330099827833e-05
drop_Q1_percent,952,0.022119616614986626
drop_Q1_percent,953,0.019054449286244113
drop_Q1_percent,954,0.028134927115674613
drop_Q1_percent,955,0.0046714643385182275
drop_Q1_percent,956,0.025372649740750486
drop_Q1_percent,957,0.019069478717670924
drop_Q1_percent,958,0.010256480771279775
drop_Q1_percent,959,0.021782628039647367
drop_Q1_percent,960,0.020390231970541517
drop_Q1_percent,961,0.01847945719124977
drop_Q1_percent,962,0.014352334416210338
drop_Q1_percent,963,0.03795062453913228
drop_Q1_percent,964,0.027543298784341308
drop_Q1_percent,965,0.01234794838138964
drop_Q1_percent,966,0.012317517862427574
drop_Q1_percent,967,0.01420749496738416
drop_Q1_percent,968,0.023470482332940412
drop_Q1_percent,969,0.01715565875799424
drop_Q1_percent,970,0.034181559907249415
drop_Q1_percent,971,0.013724783497511162
drop_Q1_percent,972,0.03090921873193908
drop_Q1_percent,973,0.035159739723407135
drop_Q1_percent,974,0.022317576875980905
drop_Q1_percent,975,0.006382818878280072
drop_Q1_percent,976,0.020812570842731026
drop_Q1_percent,977,0.02921509231389874
drop_Q1_percent,978,0.029707758370907777
drop_Q1_percent,979,0.01015827811338077
drop_Q1_percent,980,0.014123209227152766
drop_Q1_percent,981,0.03767913715324106
drop_Q1_percent,982,0.027495401647114226
drop_Q1_percent,983,0.029709723415871747
drop_Q1_percent,984,0.017514192171380616
drop_Q1_percent,985,0.011301701700325628
drop_Q1_percent,986,0.02822602133801655
drop_Q1_percent,987,0.016049632898605892
drop_Q1_percent,988,0.049690689680728206
drop_Q1_percent,989,0.01454771575452779
drop_Q1_percent,990,0.03099492981545282
drop_Q1_percent,991,0.03592273449564998
drop_Q1_percent,992,0.03348091134268838
drop_Q1_percent,993,0.031311207181831946
drop_Q1_percent,994,0.01638344878876935
drop_Q1_percent,995,0.021444010522415763
drop_Q1_percent,996,0.00923365818130334
drop_Q1_percent,997,0.00795080453076713
drop_Q1_percent,998,0.02624545864979727
drop_Q1_percent,999,0.028206285007033705
drop_Q1_percent,1000,0.016679187417027175
drop_Q1_percent,1001,0.03451848999519036
drop_Q1_percent,1002,0.022218064527996878
drop_Q1_percent,1003,0.01046806831363084
drop_Q1_percent,1004,0.003441136195954375
drop_Q1_percent,1005,0.013403066957592358
drop_Q1_percent,1006,0.03148520046326089
drop_Q1_percent,1007,0.018811575679030634
drop_Q1_percent,1008,0.04133196721183641
drop_Q1_percent,1009,0.02437878389760542
drop_Q1_percent,1010,0.011767465476685113
drop_Q1_percent,1011,0.0016743510008640494
drop_Q1_percent,1012,0.03308312233908722
drop_Q1_percent,1013,0.013858439202332595
drop_Q1_percent,1014,0.008824032067451082
drop_Q1_percent,1015,0.03701566483754695
drop_Q1_percent,1016,0.028837085360257753
drop_Q1_percent,1017,0.025054951394758884
drop_Q1_percent,1018,0.03618904842843357
drop_Q1_percent,1019,-0.009262332455254152
drop_Q1_percent,1020,0.033736404938670916
drop_Q1_percent,1021,0.013549356030658682
drop_Q1_percent,1022,0.006728332697757244
drop_Q1_percent,1023,0.03390736154606716
drop_Q1_percent,1024,0.012083654304946234
drop_Q1_percent,1025,0.02294172094909752
drop_Q1_percent,1026,0.033466049929608
drop_Q1_percent,1027,0.009150991832294342
drop_Q1_percent,1028,0.026760757560295056
drop_Q1_percent,1029,0.038891519899369675
drop_Q1_percent,1030,0.014679702316651333
drop_Q1_percent,1031,0.010049525694799277
drop_Q1_percent,1032,0.012928402327524624
drop_Q1_percent,1033,0.008791147204528005
drop_Q1_percent,1034,0.003515080430844808
drop_Q1_percent,1035,0.012743023549619203
drop_Q1_percent,1036,0.01671441435486376
drop_Q1_percent,1037,0.02493836165718083
drop_Q1_percent,1038,0.013385903288785361
drop_Q1_percent,1039,0.023520148256298334
drop_Q1_percent,1040,0.00775173576030086
drop_Q1_percent,1041,0.03370102234964384
drop_Q1_percent,1042,0.012578463182615629
drop_Q1_percent,1043,0.02711766139151861
drop_Q1_percent,1044,0.032641339796556756
drop_Q1_percent,1045,0.014499914620470566
drop_Q1_percent,1046,0.008551673086798883
drop_Q1_percent,1047,0.00603181062331315
drop_Q1_percent,1048,0.014979344652554794
drop_Q1_percent,1049,0.03675721472693949
drop_Q1_percent,1050,0.007028687610701745
drop_Q1_percent,1051,0.015798499668589372
drop_Q1_percent,1052,0.03699518838739557
drop_Q1_percent,1053,0.029519884125744522
drop_Q1_percent,1054,0.027536266039103863
drop_Q1_percent,1055,0.013880903382831267
drop_Q1_percent,1056,0.015624881798432189
drop_Q1_percent,1057,0.03154223451026866
drop_Q1_percent,1058,0.03331635429222041
drop_Q1_percent,1059,0.011959916727079523
drop_Q1_percent,1060,0.02739896798713304
drop_Q1_percent,1061,0.025223346657108847
drop_Q1_percent,1062,0.016414573579350444
drop_Q1_percent,1063,0.014109286965618306
drop_Q1_percent,1064,0.009686363976663226
drop_Q1_percent,1065,0.04568153554350102
drop_Q1_percent,1066,0.051461912137679144
drop_Q1_percent,1067,0.03846377803487899
drop_Q1_percent,1068,0.023795857770217504
drop_Q1_percent,1069,0.025349596881496517
drop_Q1_percent,1070,0.020986873148701568
drop_Q1_percent,1071,0.015486124345093916
drop_Q1_percent,1072,0.03433482148154171
drop_Q1_percent,1073,0.0058021282496057425
drop_Q1_percent,1074,0.029776071976736734
drop_Q1_percent,1075,0.02144438608883184
drop_Q1_percent,1076,0.00838017629053292
drop_Q1_percent,1077,0.029605461122285764
drop_Q1_percent,1078,0.017725335313124424
drop_Q1_percent,1079,0.02326212810769379
drop_Q1_percent,1080,0.02394466130391193
drop_Q1_percent,1081,0.025137394299166005
drop_Q1_percent,1082,0.015142669154607047
drop_Q1_percent,1083,0.017815219507283486
drop_Q1_percent,1084,0.007517245486926671
drop_Q1_percent,1085,0.005269981922643663
drop_Q1_percent,1086,0.0009677504093246747
drop_Q1_percent,1087,0.011498821312388108
drop_Q1_percent,1088,0.015946760531850346
drop_Q1_percent,1089,0.008918506545819271
drop_Q1_percent,1090,0.023868895450782357
drop_Q1_percent,1091,0.02139697181579242
drop_Q1_percent,1092,0.030217724149235126
drop_Q1_percent,1093,0.017686357412329434
drop_Q1_percent,1094,0.03345383007378161
drop_Q1_percent,1095,0.02378747300243017
drop_Q1_percent,1096,0.018883901543949755
drop_Q1_percent,1097,0.01679953872562223
drop_Q1_percent,1098,0.020191264624176364
drop_Q1_percent,1099,0.025758312162506902
drop_Q1_percent,1100,0.0267337401697606
drop_Q1_percent,1101,0.02172142434890878
drop_Q1_percent,1102,0.023512522637659683
drop_Q1_percent,1103,0.014231128552292638
drop_Q1_percent,1104,0.005008789319835311
drop_Q1_percent,1105,0.03799490444371978
drop_Q1_percent,1106,0.02505426514980924
drop_Q1_percent,1107,0.03363288570165629
drop_Q1_percent,1108,0.02672289722716814
drop_Q1_percent,1109,0.028127223072078267
drop_Q1_percent,1110,-0.0011645559108706682
drop_Q1_percent,1111,0.030283971483918815
drop_Q1_percent,1112,9.431025492451228e-05
drop_Q1_percent,1113,0.02741086120907199
drop_Q1_percent,1114,-0.003545535933484556
drop_Q1_percent,1115,0.02438884959315818
drop_Q1_percent,1116,0.01435632366156675
drop_Q1_percent,1117,0.014577447446137204
drop_Q1_percent,1118,0.017894732419375503
drop_Q1_percent,1119,0.019857074771742977
drop_Q1_percent,1120,0.026144040048561024
drop_Q1_percent,1121,0.017896710856310533
drop_Q1_percent,1122,0.018324470088154854
drop_Q1_percent,1123,0.021330407067638446
drop_Q1_percent,1124,0.019886293655966614
drop_Q1_percent,1125,0.024529101561113653
drop_Q1_percent,1126,0.0019315876190634795
drop_Q1_percent,1127,0.013551918449438649
drop_Q1_percent,1128,0.042663703898872585
drop_Q1_percent,1129,0.026884451096521655
drop_Q1_percent,1130,0.012598248653338584
drop_Q1_percent,1131,0.023028321382962735
drop_Q1_percent,1132,0.020047159448646434
drop_Q1_percent,1133,0.010092343084513178
drop_Q1_percent,1134,0.02526215826466094
drop_Q1_percent,1135,0.022845273932645127
drop_Q1_percent,1136,0.010597644631803627
drop_Q1_percent,1137,0.03303743731297254
drop_Q1_percent,1138,0.034819982360442814
drop_Q1_percent,1139,0.017905938518895326
drop_Q1_percent,1140,0.011657779421433506
drop_Q1_percent,1141,0.03869531868610243
drop_Q1_percent,1142,0.018192939685794274
drop_Q1_percent,1143,0.012204792051349611
drop_Q1_percent,1144,0.01726612731720023
drop_Q1_percent,1145,0.01417813858590894
drop_Q1_percent,1146,0.014175696240435631
drop_Q1_percent,1147,0.01791022152188604
drop_Q1_percent,1148,0.020769752121960694
drop_Q1_percent,1149,0.017499304427705087
drop_Q1_percent,1150,0.021214558944226414
drop_Q1_percent,1151,0.022862711213106207
drop_Q1_percent,1152,0.020669579945427785
drop_Q1_percent,1153,0.016482603989123157
drop_Q1_percent,1154,0.01715979752351715
drop_Q1_percent,1155,0.033409081246699196
drop_Q1_percent,1156,0.01833462994461682
drop_Q1_percent,1157,-0.0013931324847417104
drop_Q1_percent,1158,0.021631435798390553
drop_Q1_percent,1159,0.00362303388180385
drop_Q1_percent,1160,0.019308566315926368
drop_Q1_percent,1161,0.019328001549874713
drop_Q1_percent,1162,0.03485312487184003
drop_Q1_percent,1163,0.03363951513430957
drop_Q1_percent,1164,0.022088075036280852
drop_Q1_percent,1165,0.023643580036300904
drop_Q1_percent,1166,0.025641634628702947
drop_Q1_percent,1167,0.030820440877963817
drop_Q1_percent,1168,-0.0010748044885549035
drop_Q1_percent,1169,0.02721405523837772
drop_Q1_percent,1170,0.033866706845679884
drop_Q1_percent,1171,0.016677941118496104
drop_Q1_percent,1172,-0.016687788364449035
drop_Q1_percent,1173,0.018022096428211176
drop_Q1_percent,1174,0.007023213006044027
drop_Q1_percent,1175,0.009801939560148798
drop_Q1_percent,1176,-0.008787236584812785
drop_Q1_percent,1177,0.018389353766309957
drop_Q1_percent,1178,0.02051640958866327
drop_Q1_percent,1179,0.024044314710801068
drop_Q1_percent,1180,0.021326284768577453
drop_Q1_percent,1181,0.02039708759300779
drop_Q1_percent,1182,0.022735618410652247
drop_Q1_percent,1183,0.020256836415409596
drop_Q1_percent,1184,0.02547433948938832
drop_Q1_percent,1185,0.020428938956098375
drop_Q1_percent,1186,0.034928296734995534
drop_Q1_percent,1187,0.019264641205841815
drop_Q1_percent,1188,0.016812852864124456
drop_Q1_percent,1189,0.01686655033033624
drop_Q1_percent,1190,0.018579340288613244
drop_Q1_percent,1191,0.033629467272494495
drop_Q1_percent,1192,0.009800422852701718
drop_Q1_percent,1193,0.02789411145582793
drop_Q1_percent,1194,0.0060216743952028196
drop_Q1_percent,1195,0.028364514102977134
drop_Q1_percent,1196,0.025128151180605574
drop_Q1_percent,1197,0.029188073033991735
drop_Q1_percent,1198,0.0034785544389555056
drop_Q1_percent,1199,0.04145894070036871
drop_Q1_percent,1200,0.019901446747799145
drop_Q1_percent,1201,0.03282351670624045
drop_Q1_percent,1202,0.021283640223126093
drop_Q1_percent,1203,0.0048681741034019566
drop_Q1_percent,1204,0.0212865870811777
drop_Q1_percent,1205,0.00578666327293742
drop_Q1_percent,1206,0.017718762283161327
drop_Q1_percent,1207,0.022292605778572366
drop_Q1_percent,1208,0.018631849011483737
drop_Q1_percent,1209,0.013888394823597328
drop_Q1_percent,1210,0.016508575302405237
drop_Q1_percent,1211,0.0367110602575102
drop_Q1_percent,1212,0.03076604163269825
drop_Q1_percent,1213,0.014207789543476568
drop_Q1_percent,1214,0.016310122471757005
drop_Q1_percent,1215,0.03399454018303055
drop_Q1_percent,1216,0.022200541540351282
drop_Q1_percent,1217,0.013226371451206254
drop_Q1_percent,1218,0.016073773473991304
drop_Q1_percent,1219,0.015217911756447211
drop_Q1_percent,1220,0.01450694006397757
drop_Q1_percent,1221,0.02865875221074793
drop_Q1_percent,1222,0.014024962904658156
drop_Q1_percent,1223,0.02541520150774801
drop_Q1_percent,1224,0.023656715385350136
drop_Q1_percent,1225,0.023141292824270104
drop_Q1_percent,1226,0.023202038413543735
drop_Q1_percent,1227,0.021566334934568387
drop_Q1_percent,1228,0.00921029165840953
drop_Q1_percent,1229,0.0063644587715411816
drop_Q1_percent,1230,0.004220557461212082
drop_Q1_percent,1231,0.014318910113403971
drop_Q1_percent,1232,0.03734461010256457
drop_Q1_percent,1233,0.006576231623099504
drop_Q1_percent,1234,0.028886023880347722
drop_Q1_percent,1235,0.00483119970329382
drop_Q1_percent,1236,0.03941156039303387
drop_Q1_percent,1237,0.006395353263494219
drop_Q1_percent,1238,0.02660533955158234
drop_Q1_percent,1239,0.029975954532067195
drop_Q1_percent,1240,0.016889077549380238
drop_Q1_percent,1241,0.012101712998515646
drop_Q1_percent,1242,0.02819663634307437
drop_Q1_percent,1243,0.03229536146346046
drop_Q1_percent,1244,0.013105026415552501
drop_Q1_percent,1245,0.028437555156719474
drop_Q1_percent,1246,0.013818414913076033
drop_Q1_percent,1247,0.011824438160836559
drop_Q1_percent,1248,0.012498456336579533
drop_Q1_percent,1249,0.01780213960706037
drop_Q1_percent,1250,0.011262199830866182
drop_Q1_percent,1251,0.03169550928001058
drop_Q1_percent,1252,0.02530426296152838
drop_Q1_percent,1253,0.022224546892899988
drop_Q1_percent,1254,0.029144467450415407
drop_Q1_percent,1255,0.0007933190128833201
drop_Q1_percent,1256,0.027303380278478506
drop_Q1_percent,1257,0.020452669254590106
drop_Q1_percent,1258,0.022204098160365393
drop_Q1_percent,1259,0.023116512363115127
drop_Q1_percent,1260,0.009578046559226394
drop_Q1_percent,1261,0.019945457514602444
drop_Q1_percent,1262,0.007524823382931423
drop_Q1_percent,1263,0.02473981978438758
drop_Q1_percent,1264,0.03114708148008305
drop_Q1_percent,1265,0.01715325401515208
drop_Q1_percent,1266,0.01939042134626834
drop_Q1_percent,1267,0.027515072122015316
drop_Q1_percent,1268,0.024449641734410887
drop_Q1_percent,1269,0.02314574905195166
drop_Q1_percent,1270,0.026832004045065583
drop_Q1_percent,1271,0.0032924036243390797
drop_Q1_percent,1272,0.0023648886563730764
drop_Q1_percent,1273,0.03692587957993032
drop_Q1_percent,1274,0.01916324401747016
drop_Q1_percent,1275,0.011638717513229091
drop_Q1_percent,1276,0.019620181996217234
drop_Q1_percent,1277,0.034703107755862855
drop_Q1_percent,1278,0.02303558785441373
drop_Q1_percent,1279,0.02330430908565362
drop_Q1_percent,1280,0.026449687687434942
drop_Q1_percent,1281,0.005688141471442532
drop_Q1_percent,1282,0.02105877629994174
drop_Q1_percent,1283,0.023313539032222802
drop_Q1_percent,1284,0.02481187851380018
drop_Q1_percent,1285,0.03823188726056706
drop_Q1_percent,1286,0.031336399014730454
drop_Q1_percent,1287,0.010532482975030955
drop_Q1_percent,1288,0.015875462650274147
drop_Q1_percent,1289,0.0210429150387339
drop_Q1_percent,1290,0.008841620565971264
drop_Q1_percent,1291,0.016036932435578327
drop_Q1_percent,1292,0.012924221755604953
drop_Q1_percent,1293,0.03351914719094379
drop_Q1_percent,1294,0.0224981413565829
drop_Q1_percent,1295,0.012392137464524111
drop_Q1_percent,1296,0.007629992409564912
drop_Q1_percent,1297,0.010856565991181455
drop_Q1_percent,1298,0.01898914903487564
drop_Q1_percent,1299,0.02074305494236567
drop_Q1_percent,1300,0.03172119622490227
drop_Q1_percent,1301,0.01719625777751682
drop_Q1_percent,1302,0.022576262311575224
drop_Q1_percent,1303,0.007035811127738656
drop_Q1_percent,1304,0.01692882656647232
drop_Q1_percent,1305,0.016171387126260373
drop_Q1_percent,1306,0.03337038367399936
drop_Q1_percent,1307,0.03435244379546848
drop_Q1_percent,1308,0.02176985521453445
drop_Q1_percent,1309,-0.004637812664805341
drop_Q1_percent,1310,-0.0011074609705670757
drop_Q1_percent,1311,0.026856160016600128
drop_Q1_percent,1312,0.01850839490562728
drop_Q1_percent,1313,0.024512950591057847
drop_Q1_percent,1314,0.01701285069877778
drop_Q1_percent,1315,0.023276538370742478
drop_Q1_percent,1316,0.012464367938627263
drop_Q1_percent,1317,0.01563292430238944
drop_Q1_percent,1318,0.021923449763864927
drop_Q1_percent,1319,0.030745018843040928
drop_Q1_percent,1320,0.00537688454410587
drop_Q1_percent,1321,0.03467008506003538
drop_Q1_percent,1322,0.031975164304393455
drop_Q1_percent,1323,0.0058118645637271205
drop_Q1_percent,1324,0.021182978171606137
drop_Q1_percent,1325,0.027567144903674845
drop_Q1_percent,1326,0.02193100058212144
drop_Q1_percent,1327,0.014943936446210032
drop_Q1_percent,1328,0.01761852103550532
drop_Q1_percent,1329,0.017206298284226318
drop_Q1_percent,1330,0.005234135050299515
drop_Q1_percent,1331,0.04546469357113908
drop_Q1_percent,1332,0.02448650583673423
drop_Q1_percent,1333,0.035515617134701694
drop_Q1_percent,1334,0.021285190504685858
drop_Q1_percent,1335,0.019655113766293364
drop_Q1_percent,1336,0.023259535680597132
drop_Q1_percent,1337,0.01601365681843503
drop_Q1_percent,1338,0.011554181028569532
drop_Q1_percent,1339,0.02606856917294975
drop_Q1_percent,1340,0.005747938401784836
drop_Q1_percent,1341,-0.0013687101280694947
drop_Q1_percent,1342,0.006178451768566073
drop_Q1_percent,1343,0.02390102839213709
drop_Q1_percent,1344,0.022300390150993776
drop_Q1_percent,1345,0.02328416829097102
drop_Q1_percent,1346,0.03051088421400494
drop_Q1_percent,1347,0.01950603408724122
drop_Q1_percent,1348,0.024427704833761443
drop_Q1_percent,1349,0.011793835848240453
drop_Q1_percent,1350,0.03785412206277983
drop_Q1_percent,1351,0.03359212506586945
drop_Q1_percent,1352,0.0332777317362436
drop_Q1_percent,1353,0.026762262828528782
drop_Q1_percent,1354,0.004423056575431961
drop_Q1_percent,1355,0.02586006332259977
drop_Q1_percent,1356,0.008016093647890854
drop_Q1_percent,1357,0.03660019533151648
drop_Q1_percent,1358,0.03340397695177455
drop_Q1_percent,1359,0.017754509907346117
drop_Q1_percent,1360,0.02154550780493053
drop_Q1_percent,1361,0.038000165233426864
drop_Q1_percent,1362,0.025937631633289326
drop_Q1_percent,1363,0.0036503444249652572
drop_Q1_percent,1364,0.014007635632067528
drop_Q1_percent,1365,0.033949074208135754
drop_Q1_percent,1366,0.008928426547646834
drop_Q1_percent,1367,0.007252862465820964
drop_Q1_percent,1368,0.030321752765863852
drop_Q1_percent,1369,0.02701491972535497
drop_Q1_percent,1370,0.03481577552985016
drop_Q1_percent,1371,0.02961313751685829
drop_Q1_percent,1372,0.018845310681693123
drop_Q1_percent,1373,0.025874449740756644
drop_Q1_percent,1374,0.01458061281001738
drop_Q1_percent,1375,0.026469022353300842
drop_Q1_percent,1376,0.03217520149573827
drop_Q1_percent,1377,0.031108297280592
drop_Q1_percent,1378,0.008107705294002676
drop_Q1_percent,1379,0.012300106818791734
drop_Q1_percent,1380,0.024814432298858102
drop_Q1_percent,1381,0.02340154123809729
drop_Q1_percent,1382,0.00814112666724659
drop_Q1_percent,1383,0.0069746609884627775
drop_Q1_percent,1384,0.018987886369080553
drop_Q1_percent,1385,0.020382969703627074
drop_Q1_percent,1386,0.010317394860544782
drop_Q1_percent,1387,0.027963666045264568
drop_Q1_percent,1388,0.028525337989531163
drop_Q1_percent,1389,0.013637346636408476
drop_Q1_percent,1390,0.01873046547666174
drop_Q1_percent,1391,0.034390271938582295
drop_Q1_percent,1392,0.00401496785837735
drop_Q1_percent,1393,0.013490396957492545
drop_Q1_percent,1394,0.01811542832945967
drop_Q1_percent,1395,0.01683620447831763
drop_Q1_percent,1396,0.01582079988188173
drop_Q1_percent,1397,0.01885732806555135
drop_Q1_percent,1398,0.01024395654165522
drop_Q1_percent,1399,0.018028713168966704
drop_Q1_percent,1400,0.028429529139716303
drop_Q1_percent,1401,0.02115555664758778
drop_Q1_percent,1402,0.020003633094542783
drop_Q1_percent,1403,0.01595281887920108
drop_Q1_percent,1404,0.03979865670405447
drop_Q1_percent,1405,0.022310033899197
drop_Q1_percent,1406,0.020841221254788322
drop_Q1_percent,1407,0.004176999431103723
drop_Q1_percent,1408,0.027657756760758434
drop_Q1_percent,1409,-0.0004659634062735285
drop_Q1_percent,1410,0.0302551222432087
drop_Q1_percent,1411,0.014523294163354739
drop_Q1_percent,1412,0.027972705469726716
drop_Q1_percent,1413,0.04043244855655398
drop_Q1_percent,1414,0.0028089657607679452
drop_Q1_percent,1415,0.017492266329944828
drop_Q1_percent,1416,0.010085816434899697
drop_Q1_percent,1417,0.008474373677819003
drop_Q1_percent,1418,0.015686921350756278
drop_Q1_percent,1419,0.03324567937770467
drop_Q1_percent,1420,0.01410846092398349
drop_Q1_percent,1421,0.01004103562747724
drop_Q1_percent,1422,0.019819837031521292
drop_Q1_percent,1423,0.011358099290105617
drop_Q1_percent,1424,0.02435415053200285
drop_Q1_percent,1425,0.021789219999092363
drop_Q1_percent,1426,0.02293738479032037
drop_Q1_percent,1427,0.03289015472842041
drop_Q1_percent,1428,0.02767261317920916
drop_Q1_percent,1429,0.005129624512014763
drop_Q1_percent,1430,0.03236348174324588
drop_Q1_percent,1431,0.02527184745662009
drop_Q1_percent,1432,0.03794808588957432
drop_Q1_percent,1433,0.03209830836477098
drop_Q1_percent,1434,0.04482967392660059
drop_Q1_percent,1435,0.022761711961967357
drop_Q1_percent,1436,0.02035873309683872
drop_Q1_percent,1437,0.025057346314180662
drop_Q1_percent,1438,0.026207750921886902
drop_Q1_percent,1439,0.017939354924320805
drop_Q1_percent,1440,0.002138908272382889
drop_Q1_percent,1441,0.0150497466269508
drop_Q1_percent,1442,0.027532284104849092
drop_Q1_percent,1443,-0.004340634443353808
drop_Q1_percent,1444,0.015019679478444736
drop_Q1_percent,1445,0.02571248674957438
drop_Q1_percent,1446,0.02802795194332769
drop_Q1_percent,1447,0.02394952837390829
drop_Q1_percent,1448,-0.002294615816546719
drop_Q1_percent,1449,0.008496275100469297
drop_Q1_percent,1450,0.02312410142775545
drop_Q1_percent,1451,-0.000778514124111368
drop_Q1_percent,1452,0.02158682235241849
drop_Q1_percent,1453,-0.002440342306989862
drop_Q1_percent,1454,0.027645717191368768
drop_Q1_percent,1455,0.03211464756541049
drop_Q1_percent,1456,0.010104913778660907
drop_Q1_percent,1457,0.027735189311634545
drop_Q1_percent,1458,0.025189688666938798
drop_Q1_percent,1459,0.03061841525605352
drop_Q1_percent,1460,0.02115964783929991
drop_Q1_percent,1461,0.017485095009076468
drop_Q1_percent,1462,0.0181758361847143
drop_Q1_percent,1463,0.015610422751486497
drop_Q1_percent,1464,0.015409852947678826
drop_Q1_percent,1465,0.01234727463841867
drop_Q1_percent,1466,0.0002805677384469796
drop_Q1_percent,1467,0.02916941092418157
drop_Q1_percent,1468,0.02577541026657515
drop_Q1_percent,1469,0.013016982108126851
drop_Q1_percent,1470,0.022951521355260907
drop_Q1_percent,1471,0.010197767337540409
drop_Q1_percent,1472,0.02008607239354948
drop_Q1_percent,1473,0.018592592443738176
drop_Q1_percent,1474,0.020619081656287508
drop_Q1_percent,1475,0.005079007282498049
drop_Q1_percent,1476,0.010703251186950924
drop_Q1_percent,1477,0.010313301955437337
drop_Q1_percent,1478,0.033852866501169754
drop_Q1_percent,1479,0.011278252996378302
drop_Q1_percent,1480,0.02361652033958661
drop_Q1_percent,1481,0.03662526579981695
drop_Q1_percent,1482,0.006403629402979394
drop_Q1_percent,1483,0.003355495152308152
drop_Q1_percent,1484,0.025751424753566732
drop_Q1_percent,1485,0.029605959164142548
drop_Q1_percent,1486,0.022036162393165526
drop_Q1_percent,1487,0.014207453560991568
drop_Q1_percent,1488,0.023228201285998062
drop_Q1_percent,1489,0.030137425411454588
drop_Q1_percent,1490,0.014026474730493899
drop_Q1_percent,1491,0.018124737707532923
drop_Q1_percent,1492,0.036559049324829285
drop_Q1_percent,1493,0.018668989764031474
drop_Q1_percent,1494,0.023440383903946538
drop_Q1_percent,1495,0.0068591712436608665
drop_Q1_percent,1496,0.01136102124322902
drop_Q1_percent,1497,0.0057475601286044176
drop_Q1_percent,1498,0.019434970402145424
drop_Q1_percent,1499,0.006423920394495186
drop_Q1_percent,1500,0.005842538560661303
drop_Q1_percent,1501,0.0027010507067927736
drop_Q1_percent,1502,0.0045686901686186054
drop_Q1_percent,1503,0.030662255116581827
drop_Q1_percent,1504,0.008971574134421012
drop_Q1_percent,1505,0.009466726097383582
drop_Q1_percent,1506,0.008365425150673067
drop_Q1_percent,1507,0.009720822163125531
drop_Q1_percent,1508,0.009880622907384812
drop_Q1_percent,1509,0.02934677831780569
drop_Q1_percent,1510,0.016817863515590642
drop_Q1_percent,1511,0.020571341254340847
drop_Q1_percent,1512,0.023649065183599494
drop_Q1_percent,1513,0.016530065637387126
drop_Q1_percent,1514,0.025164584444998805
drop_Q1_percent,1515,0.0063038662280471836
drop_Q1_percent,1516,0.03465243513470856
drop_Q1_percent,1517,0.012728439298641148
drop_Q1_percent,1518,0.016977233850742457
drop_Q1_percent,1519,0.006523634070758733
drop_Q1_percent,1520,0.04270271909944379
drop_Q1_percent,1521,0.013445897156589004
drop_Q1_percent,1522,0.013033036736202874
drop_Q1_percent,1523,0.03521957037956697
drop_Q1_percent,1524,0.010769217927458913
drop_Q1_percent,1525,0.02842310286385752
drop_Q1_percent,1526,0.027334637404573314
drop_Q1_percent,1527,0.018811336295957493
drop_Q1_percent,1528,0.01869765621775024
drop_Q1_percent,1529,0.024652358402868058
drop_Q1_percent,1530,0.01740037133607958
drop_Q1_percent,1531,0.03476262878396236
drop_Q1_percent,1532,0.03101107530568248
drop_Q1_percent,1533,0.011829349504985875
drop_Q1_percent,1534,0.0240934997977095
drop_Q1_percent,1535,0.021256045697305548
drop_Q1_percent,1536,0.008114206729112117
drop_Q1_percent,1537,0.011539522941279912
drop_Q1_percent,1538,0.021506257532056428
drop_Q1_percent,1539,0.008415206000321418
drop_Q1_percent,1540,0.0061796967496821065
drop_Q1_percent,1541,0.025724860831525365
drop_Q1_percent,1542,0.02705213858264327
drop_Q1_percent,1543,0.02361012867008977
drop_Q1_percent,1544,0.014630813368420287
drop_Q1_percent,1545,0.01609622231854413
drop_Q1_percent,1546,0.016160155190361153
drop_Q1_percent,1547,0.026733208827145416
drop_Q1_percent,1548,0.0002942484056788208
drop_Q1_percent,1549,0.008745786840447245
drop_Q1_percent,1550,0.02410372327228777
drop_Q1_percent,1551,0.006640240948021098
drop_Q1_percent,1552,0.02149755336091047
drop_Q1_percent,1553,0.017934485958679636
drop_Q1_percent,1554,0.004232815515680499
drop_Q1_percent,1555,0.012554470700414766
drop_Q1_percent,1556,0.009040080440046783
drop_Q1_percent,1557,0.012151604872002786
drop_Q1_percent,1558,0.015142527090672486
drop_Q1_percent,1559,0.019039935914122008
drop_Q1_percent,1560,0.0239519293269832
drop_Q1_percent,1561,0.011095622047993192
drop_Q1_percent,1562,0.007382998014537567
drop_Q1_percent,1563,0.01315475556806861
drop_Q1_percent,1564,0.014913796029721205
drop_Q1_percent,1565,-0.0018441357848447693
drop_Q1_percent,1566,0.016039528981862616
drop_Q1_percent,1567,0.050486589752544775
drop_Q1_percent,1568,0.02056551379057725
drop_Q1_percent,1569,0.039827639375224544
drop_Q1_percent,1570,0.02128806311282977
drop_Q1_percent,1571,0.03652764889108914
drop_Q1_percent,1572,0.007114748193136067
drop_Q1_percent,1573,0.030719175049998215
drop_Q1_percent,1574,0.028744357353416516
drop_Q1_percent,1575,0.022569191860308535
drop_Q1_percent,1576,0.01797352541389352
drop_Q1_percent,1577,0.02633335765404493
drop_Q1_percent,1578,0.03120557163077292
drop_Q1_percent,1579,0.008672385552597361
drop_Q1_percent,1580,0.009984527709169688
drop_Q1_percent,1581,0.022595260635735692
drop_Q1_percent,1582,-0.0017353323399935394
drop_Q1_percent,1583,0.021174383333636138
drop_Q1_percent,1584,0.031348411074655524
drop_Q1_percent,1585,0.021408504135011608
drop_Q1_percent,1586,0.011048425156946068
drop_Q1_percent,1587,0.0331390035188589
drop_Q1_percent,1588,0.014568355666399191
drop_Q1_percent,1589,0.019358016830425595
drop_Q1_percent,1590,0.03536525083546843
drop_Q1_percent,1591,0.029409229909638374
drop_Q1_percent,1592,0.0325994542024336
drop_Q1_percent,1593,0.01158341499555221
drop_Q1_percent,1594,0.02077547321135592
drop_Q1_percent,1595,0.028309808683934234
drop_Q1_percent,1596,0.012134432884511631
drop_Q1_percent,1597,0.045055784737324744
drop_Q1_percent,1598,-0.00336127413370102
drop_Q1_percent,1599,0.023666283796931226
drop_Q1_percent,1600,0.009858079969857436
drop_Q1_percent,1601,0.02544688052678612
drop_Q1_percent,1602,0.03238219024748207
drop_Q1_percent,1603,0.0017868051190577106
drop_Q1_percent,1604,0.027906041288343814
drop_Q1_percent,1605,0.01696005247191132
drop_Q1_percent,1606,0.023933793032199946
drop_Q1_percent,1607,0.0009091524596597234
drop_Q1_percent,1608,0.027141747765208057
drop_Q1_percent,1609,0.029529768900537656
drop_Q1_percent,1610,0.03607834711076477
drop_Q1_percent,1611,0.028192765470752834
drop_Q1_percent,1612,0.0196160330643253
drop_Q1_percent,1613,0.014844068924043913
drop_Q1_percent,1614,0.014258664582663394
drop_Q1_percent,1615,0.0142485936332169
drop_Q1_percent,1616,0.021411401488032167
drop_Q1_percent,1617,0.02040249244438208
drop_Q1_percent,1618,0.01948504601643264
drop_Q1_percent,1619,0.006872221227126996
drop_Q1_percent,1620,0.01719335802330474
drop_Q1_percent,1621,0.027154935338214337
drop_Q1_percent,1622,0.010297286973389885
drop_Q1_percent,1623,0.016942940145041607
drop_Q1_percent,1624,0.01196404911214416
drop_Q1_percent,1625,0.02460029709785838
drop_Q1_percent,1626,0.01801361680279273
drop_Q1_percent,1627,0.02878257508805604
drop_Q1_percent,1628,0.023174276664733096
drop_Q1_percent,1629,0.02384607046568371
drop_Q1_percent,1630,0.027722322620122863
drop_Q1_percent,1631,0.01844032983348587
drop_Q1_percent,1632,0.014653389718850302
drop_Q1_percent,1633,0.006403770527575459
drop_Q1_percent,1634,0.004540332551857429
drop_Q1_percent,1635,0.014957483304757602
drop_Q1_percent,1636,0.00808407415082818
drop_Q1_percent,1637,0.021306498581997957
drop_Q1_percent,1638,0.025024339059155187
drop_Q1_percent,1639,0.0010802919693880253
drop_Q1_percent,1640,0.01364212893146971
drop_Q1_percent,1641,0.02656171247040459
drop_Q1_percent,1642,0.012687351260681101
drop_Q1_percent,1643,0.041511782577921486
drop_Q1_percent,1644,0.02050282598283701
drop_Q1_percent,1645,0.023836211197504176
drop_Q1_percent,1646,0.007589757963116506
drop_Q1_percent,1647,0.02933226467626804
drop_Q1_percent,1648,0.02630813668359494
drop_Q1_percent,1649,0.013272546532130225
drop_Q1_percent,1650,0.010415111539551991
drop_Q1_percent,1651,0.023110544127613764
drop_Q1_percent,1652,-0.00021728428838063696
drop_Q1_percent,1653,0.013072832547533636
drop_Q1_percent,1654,0.014570941588134823
drop_Q1_percent,1655,0.018273125461373052
drop_Q1_percent,1656,0.015520504349808284
drop_Q1_percent,1657,0.02118546563989071
drop_Q1_percent,1658,0.029228980853182374
drop_Q1_percent,1659,-0.002447413596098902
drop_Q1_percent,1660,0.00962304111408352
drop_Q1_percent,1661,0.026416271929568913
drop_Q1_percent,1662,0.02965519023363375
drop_Q1_percent,1663,0.04023694515026671
drop_Q1_percent,1664,0.02760750445218807
drop_Q1_percent,1665,0.017270682054675246
drop_Q1_percent,1666,0.006902716605973219
drop_Q1_percent,1667,0.02336267539190351
drop_Q1_percent,1668,0.02393475285734259
drop_Q1_percent,1669,0.026539770438463617
drop_Q1_percent,1670,0.024936163632111374
drop_Q1_percent,1671,0.025899882472851465
drop_Q1_percent,1672,0.0074243337627876715
drop_Q1_percent,1673,0.00860008092044473
drop_Q1_percent,1674,0.02052761219839294
drop_Q1_percent,1675,0.008798838820227639
drop_Q1_percent,1676,0.025528776140431697
drop_Q1_percent,1677,0.0030454889677262176
drop_Q1_percent,1678,0.021920275950609802
drop_Q1_percent,1679,0.0032971574223656375
drop_Q1_percent,1680,0.027860293115069934
drop_Q1_percent,1681,0.020486328843768886
drop_Q1_percent,1682,0.02637282970080862
drop_Q1_percent,1683,0.005401164899451805
drop_Q1_percent,1684,0.013679136776927059
drop_Q1_percent,1685,0.017787325011475952
drop_Q1_percent,1686,0.004063908510080094
drop_Q1_percent,1687,0.023107783849623476
drop_Q1_percent,1688,0.030788038881523705
drop_Q1_percent,1689,-0.0010108742554471029
drop_Q1_percent,1690,0.015807415298495275
drop_Q1_percent,1691,0.022478317908964762
drop_Q1_percent,1692,0.00792261469907235
drop_Q1_percent,1693,0.02672215496477595
drop_Q1_percent,1694,0.03327251187768082
drop_Q1_percent,1695,0.031091910745905782
drop_Q1_percent,1696,0.03177465113339761
drop_Q1_percent,1697,0.027305928856782513
drop_Q1_percent,1698,0.009646560354640787
drop_Q1_percent,1699,0.004830859815988631
drop_Q1_percent,1700,0.023572644296333434
drop_Q1_percent,1701,0.015468316636940704
drop_Q1_percent,1702,0.024113121450452468
drop_Q1_percent,1703,0.010333253144686638
drop_Q1_percent,1704,0.03193086114427465
drop_Q1_percent,1705,0.015355602906373722
drop_Q1_percent,1706,0.02961088528398531
drop_Q1_percent,1707,0.02845318779169348
drop_Q1_percent,1708,0.035428886775820456
drop_Q1_percent,1709,0.02817133577787212
drop_Q1_percent,1710,0.014636348355942352
drop_Q1_percent,1711,0.019743587293263587
drop_Q1_percent,1712,0.010915634411192754
drop_Q1_percent,1713,0.014116175513076507
drop_Q1_percent,1714,0.04122518505025985
drop_Q1_percent,1715,0.012212321762306966
drop_Q1_percent,1716,0.003177723914126185
drop_Q1_percent,1717,0.028031210592002087
drop_Q1_percent,1718,0.005704381877698783
drop_Q1_percent,1719,-0.004361985911346539
drop_Q1_percent,1720,0.02690893127504046
drop_Q1_percent,1721,0.013291525470436716
drop_Q1_percent,1722,0.029602093300343912
drop_Q1_percent,1723,0.007732499319223485
drop_Q1_percent,1724,0.006373385703324241
drop_Q1_percent,1725,0.042438657913415445
drop_Q1_percent,1726,0.021848426136054422
drop_Q1_percent,1727,0.017372907376954627
drop_Q1_percent,1728,0.024254917460368758
drop_Q1_percent,1729,0.010637580634919819
drop_Q1_percent,1730,0.025635302040466768
drop_Q1_percent,1731,0.025991909536956403
drop_Q1_percent,1732,0.027039704398023334
drop_Q1_percent,1733,0.014112270232559954
drop_Q1_percent,1734,0.036835143447221164
drop_Q1_percent,1735,0.0007181160808884535
drop_Q1_percent,1736,0.013253158624644601
drop_Q1_percent,1737,0.02959808833962757
drop_Q1_percent,1738,0.018189426722711843
drop_Q1_percent,1739,0.02272384083701645
drop_Q1_percent,1740,0.021474343788291883
drop_Q1_percent,1741,0.019289327885755048
drop_Q1_percent,1742,0.011616907688616646
drop_Q1_percent,1743,0.0060761560351364485
drop_Q1_percent,1744,0.024722420213323937
drop_Q1_percent,1745,0.02906563694311365
drop_Q1_percent,1746,0.012179907007052126
drop_Q1_percent,1747,0.016295370592452257
drop_Q1_percent,1748,0.021040268961969477
drop_Q1_percent,1749,0.0399517699092416
drop_Q1_percent,1750,0.029437970789666257
drop_Q1_percent,1751,0.013163469851614651
drop_Q1_percent,1752,0.008401099558875913
drop_Q1_percent,1753,0.0235277103396061
drop_Q1_percent,1754,0.019655154064575908
drop_Q1_percent,1755,0.021442689775044682
drop_Q1_percent,1756,0.014523804853567968
drop_Q1_percent,1757,0.025139675841713838
drop_Q1_percent,1758,0.029058251322998496
drop_Q1_percent,1759,0.01611491195829079
drop_Q1_percent,1760,0.021159546627687043
drop_Q1_percent,1761,0.028361816932607198
drop_Q1_percent,1762,0.02781194451774438
drop_Q1_percent,1763,0.035719579518011246
drop_Q1_percent,1764,0.021734886441125867
drop_Q1_percent,1765,0.024752385608199645
drop_Q1_percent,1766,0.03090319801715463
drop_Q1_percent,1767,0.005901893237012457
drop_Q1_percent,1768,0.02764482647450983
drop_Q1_percent,1769,0.011678565291435294
drop_Q1_percent,1770,0.014560294429700527
drop_Q1_percent,1771,0.02418874730452114
drop_Q1_percent,1772,0.02204987409158904
drop_Q1_percent,1773,0.008349053622234925
drop_Q1_percent,1774,0.021801418656862165
drop_Q1_percent,1775,0.0021481409891457304
drop_Q1_percent,1776,0.019249350752348238
drop_Q1_percent,1777,0.032703890127394775
drop_Q1_percent,1778,0.014517563283027057
drop_Q1_percent,1779,0.01744037297450396
drop_Q1_percent,1780,0.019727668160592182
drop_Q1_percent,1781,0.03679335288433566
drop_Q1_percent,1782,0.017400951562823175
drop_Q1_percent,1783,0.02310166016225529
drop_Q1_percent,1784,0.01464384483631559
drop_Q1_percent,1785,0.0076119850482812
drop_Q1_percent,1786,0.026337952467136078
drop_Q1_percent,1787,0.022333148829631055
drop_Q1_percent,1788,0.02842293339124624
drop_Q1_percent,1789,0.02002649489240449
drop_Q1_percent,1790,0.01637720905894202
drop_Q1_percent,1791,0.00793987948479763
drop_Q1_percent,1792,0.019860869218610466
drop_Q1_percent,1793,0.025153805112611782
drop_Q1_percent,1794,0.024885575634872426
drop_Q1_percent,1795,0.012205456850496177
drop_Q1_percent,1796,0.019381616369301802
drop_Q1_percent,1797,0.026090236085135887
drop_Q1_percent,1798,0.0161256350147036
drop_Q1_percent,1799,0.018489918364852476
drop_Q1_percent,1800,0.004357854491842894
drop_Q1_percent,1801,0.015681264956562524
drop_Q1_percent,1802,0.014916500530113952
drop_Q1_percent,1803,0.015815644225058545
drop_Q1_percent,1804,0.009243559759452402
drop_Q1_percent,1805,0.01892043707360419
drop_Q1_percent,1806,0.01694710713507741
drop_Q1_percent,1807,0.002106243459102708
drop_Q1_percent,1808,0.03017513065135824
drop_Q1_percent,1809,0.023046869258522173
drop_Q1_percent,1810,0.004194634012462339
drop_Q1_percent,1811,0.0038586823606733267
drop_Q1_percent,1812,0.00896296290112189
drop_Q1_percent,1813,0.006711765856168228
drop_Q1_percent,1814,0.02429380527333172
drop_Q1_percent,1815,0.010305986879012158
drop_Q1_percent,1816,0.006639166304105715
drop_Q1_percent,1817,0.0167285799717887
drop_Q1_percent,1818,0.018077894018588003
drop_Q1_percent,1819,0.022010213452862387
drop_Q1_percent,1820,0.027911879964247516
drop_Q1_percent,1821,0.02110814812293138
drop_Q1_percent,1822,0.032937143858223994
drop_Q1_percent,1823,0.018334689005786803
drop_Q1_percent,1824,0.019795441410833003
drop_Q1_percent,1825,0.016642507220826608
drop_Q1_percent,1826,0.0016340356683734458
drop_Q1_percent,1827,0.019434231360400345
drop_Q1_percent,1828,0.02189277203611778
drop_Q1_percent,1829,-0.004274216477690274
drop_Q1_percent,1830,0.02538912812252775
drop_Q1_percent,1831,0.02271817653527347
drop_Q1_percent,1832,0.012876130357866944
drop_Q1_percent,1833,0.024245701904192507
drop_Q1_percent,1834,0.023847124656227486
drop_Q1_percent,1835,0.013325069368230552
drop_Q1_percent,1836,0.008495984003200896
drop_Q1_percent,1837,0.020762521866780403
drop_Q1_percent,1838,0.01388146746443572
drop_Q1_percent,1839,0.010220252504558824
drop_Q1_percent,1840,0.03208712921539933
drop_Q1_percent,1841,0.02987994780424008
drop_Q1_percent,1842,0.025293091687563163
drop_Q1_percent,1843,0.016057013405268827
drop_Q1_percent,1844,0.0407270098750625
drop_Q1_percent,1845,0.0327365530251017
drop_Q1_percent,1846,0.02033398936229469
drop_Q1_percent,1847,0.02003777597970441
drop_Q1_percent,1848,0.010665535049982328
drop_Q1_percent,1849,0.013379801239412903
drop_Q1_percent,1850,0.024988480936330437
drop_Q1_percent,1851,0.05168750649278642
drop_Q1_percent,1852,0.014111858982611941
drop_Q1_percent,1853,0.025273870141632793
drop_Q1_percent,1854,0.036347095000496266
drop_Q1_percent,1855,0.019490627830613116
drop_Q1_percent,1856,0.0066544173860659805
drop_Q1_percent,1857,0.027199434189893096
drop_Q1_percent,1858,0.018944693575496274
drop_Q1_percent,1859,0.019974886887960452
drop_Q1_percent,1860,0.02420960488438445
drop_Q1_percent,1861,0.01664350912247703
drop_Q1_percent,1862,0.02675913982177608
drop_Q1_percent,1863,0.010190924669141677
drop_Q1_percent,1864,0.0267318338441751
drop_Q1_percent,1865,0.018094103993666066
drop_Q1_percent,1866,0.018394709739671833
drop_Q1_percent,1867,0.017399339849152873
drop_Q1_percent,1868,0.023165498745089885
drop_Q1_percent,1869,0.025286508906657623
drop_Q1_percent,1870,0.02022599232468819
drop_Q1_percent,1871,0.024926892770609943
drop_Q1_percent,1872,0.013671286269509919
drop_Q1_percent,1873,0.027000239504886114
drop_Q1_percent,1874,0.023579100746108583
drop_Q1_percent,1875,0.018959970387017244
drop_Q1_percent,1876,0.011483184956015524
drop_Q1_percent,1877,0.02038206649717389
drop_Q1_percent,1878,0.01935967600284988
drop_Q1_percent,1879,0.02000604535271766
drop_Q1_percent,1880,0.01690136556335975
drop_Q1_percent,1881,0.02240870348567417
drop_Q1_percent,1882,0.0394682391241199
drop_Q1_percent,1883,0.012256534327105884
drop_Q1_percent,1884,0.025374885320274043
drop_Q1_percent,1885,-0.010099896722073981
drop_Q1_percent,1886,0.009639430258554071
drop_Q1_percent,1887,0.0373986584662494
drop_Q1_percent,1888,0.028778199767627965
drop_Q1_percent,1889,0.03001592013748433
drop_Q1_percent,1890,0.014051744492463547
drop_Q1_percent,1891,0.01885688039762906
drop_Q1_percent,1892,0.019719083836256007
drop_Q1_percent,1893,0.018259682838589808
drop_Q1_percent,1894,0.013051484078298092
drop_Q1_percent,1895,0.02856284421528038
drop_Q1_percent,1896,0.016182877639931093
drop_Q1_percent,1897,0.003217991457002828
drop_Q1_percent,1898,0.011298143592559373
drop_Q1_percent,1899,0.008960219940011893
drop_Q1_percent,1900,0.023555094256640263
drop_Q1_percent,1901,-0.001923515148127164
drop_Q1_percent,1902,0.020745908971012944
drop_Q1_percent,1903,0.031385502508879504
drop_Q1_percent,1904,0.01860868426108181
drop_Q1_percent,1905,0.03051792935924197
drop_Q1_percent,1906,0.015101380070580206
drop_Q1_percent,1907,0.009880150471768545
drop_Q1_percent,1908,0.032796578396274034
drop_Q1_percent,1909,0.020042396952780483
drop_Q1_percent,1910,0.01802681548290197
drop_Q1_percent,1911,0.011059295370943079
drop_Q1_percent,1912,0.0055170999652431885
drop_Q1_percent,1913,0.019292057486733682
drop_Q1_percent,1914,0.02378170319363654
drop_Q1_percent,1915,0.01247451935198396
drop_Q1_percent,1916,0.013619455185121698
drop_Q1_percent,1917,0.015099739582836724
drop_Q1_percent,1918,0.011901967013070225
drop_Q1_percent,1919,0.02193356061150109
drop_Q1_percent,1920,0.015261705273880433
drop_Q1_percent,1921,0.00039956412347369463
drop_Q1_percent,1922,0.023066064783430706
drop_Q1_percent,1923,0.004806672284536628
drop_Q1_percent,1924,0.03506664821291197
drop_Q1_percent,1925,0.01539006803797649
drop_Q1_percent,1926,0.011049151404924906
drop_Q1_percent,1927,0.0281011569654111
drop_Q1_percent,1928,0.021248345073791253
drop_Q1_percent,1929,0.009688737895117872
drop_Q1_percent,1930,0.006480099215804169
drop_Q1_percent,1931,0.03996465164686791
drop_Q1_percent,1932,0.022228842593803616
drop_Q1_percent,1933,0.015440819462946509
drop_Q1_percent,1934,0.021815829502803474
drop_Q1_percent,1935,0.013120252212504846
drop_Q1_percent,1936,0.010228031662700532
drop_Q1_percent,1937,0.00793326168686942
drop_Q1_percent,1938,0.03256308102071284
drop_Q1_percent,1939,0.031371675204093286
drop_Q1_percent,1940,0.005811156379807669
drop_Q1_percent,1941,0.022989598124584065
drop_Q1_percent,1942,0.006844528067143696
drop_Q1_percent,1943,0.02076902210377915
drop_Q1_percent,1944,0.04351172381497531
drop_Q1_percent,1945,0.032502052899979816
drop_Q1_percent,1946,0.02008715182198806
drop_Q1_percent,1947,0.015992487198352667
drop_Q1_percent,1948,0.024995522638191825
drop_Q1_percent,1949,0.02721393454750423
drop_Q1_percent,1950,0.02315452496050019
drop_Q1_percent,1951,0.013821217030133504
drop_Q1_percent,1952,0.027731255138370603
drop_Q1_percent,1953,0.022894718222001398
drop_Q1_percent,1954,0.030873304180062594
drop_Q1_percent,1955,0.008093642436118098
drop_Q1_percent,1956,0.01603992386535913
drop_Q1_percent,1957,0.04936048034490864
drop_Q1_percent,1958,0.025418588913793838
drop_Q1_percent,1959,0.03269103457134043
drop_Q1_percent,1960,0.03514497868114283
drop_Q1_percent,1961,0.030680098870240813
drop_Q1_percent,1962,-0.002713791611889227
drop_Q1_percent,1963,0.02160586278053045
drop_Q1_percent,1964,0.030849893354197855
drop_Q1_percent,1965,0.014702522061717654
drop_Q1_percent,1966,0.02292366215522934
drop_Q1_percent,1967,0.03337004022414447
drop_Q1_percent,1968,0.03629940519349706
drop_Q1_percent,1969,0.013123544451758562
drop_Q1_percent,1970,0.04464540952240975
drop_Q1_percent,1971,0.0280998605683013
drop_Q1_percent,1972,0.009519228019388815
drop_Q1_percent,1973,0.03429745996052225
drop_Q1_percent,1974,0.008614284763384439
drop_Q1_percent,1975,0.020706711353981
drop_Q1_percent,1976,0.01831556403187437
drop_Q1_percent,1977,0.041987527707010586
drop_Q1_percent,1978,0.022223554978727023
drop_Q1_percent,1979,-0.00035429789681690194
drop_Q1_percent,1980,0.0013650662073802222
drop_Q1_percent,1981,0.028303986885096888
drop_Q1_percent,1982,0.026123813602475288
drop_Q1_percent,1983,0.02930625909927903
drop_Q1_percent,1984,0.016370453935665996
drop_Q1_percent,1985,0.013602242605874837
drop_Q1_percent,1986,0.022810857834586418
drop_Q1_percent,1987,0.011893005630451536
drop_Q1_percent,1988,-0.0014523047988423965
drop_Q1_percent,1989,0.03917776091233802
drop_Q1_percent,1990,0.025311458272271742
drop_Q1_percent,1991,0.021456957689238443
drop_Q1_percent,1992,0.016686920249045722
drop_Q1_percent,1993,0.04350265994168395
drop_Q1_percent,1994,0.00248608973044262
drop_Q1_percent,1995,0.013878376271049042
drop_Q1_percent,1996,0.02662139124275026
drop_Q1_percent,1997,0.037153768651983665
drop_Q1_percent,1998,0.03608190274436379
drop_Q1_percent,1999,0.018904094574934582
drop_Q1_percent,2000,0.02496681663289313
drop_C2,1,0.016257243182296433
drop_C2,2,0.018393147787184094
drop_C2,3,0.0176793831771766
drop_C2,4,0.021574357765860253
drop_C2,5,0.018507913128767872
drop_C2,6,0.027518398874093353
drop_C2,7,0.03031540317900866
drop_C2,8,0.024539061195636258
drop_C2,9,0.030265228423331292
drop_C2,10,0.011353724937030324
drop_C2,11,0.025154866337787518
drop_C2,12,0.020503675551427403
drop_C2,13,0.027811858039249793
drop_C2,14,0.02295210689524252
drop_C2,15,-0.0034502334835003756
drop_C2,16,0.02243277779509739
drop_C2,17,0.01303963445193268
drop_C2,18,0.0038483080460911534
drop_C2,19,0.033515207421951965
drop_C2,20,0.02508061483799534
drop_C2,21,0.024382089622419556
drop_C2,22,0.013872936723692775
drop_C2,23,0.02185660387354732
drop_C2,24,0.018371447037813904
drop_C2,25,0.020140854958217824
drop_C2,26,0.022335076154414157
drop_C2,27,0.01715785352582122
drop_C2,28,0.02537018374484279
drop_C2,29,0.04198478616716844
drop_C2,30,0.02321608337152886
drop_C2,31,0.03240330480286982
drop_C2,32,0.020519299256232304
drop_C2,33,0.014807938537486909
drop_C2,34,0.017533558189121112
drop_C2,35,0.030374788763973704
drop_C2,36,0.020405635195642313
drop_C2,37,0.02003770456750331
drop_C2,38,0.028214832926179434
drop_C2,39,0.017011261937260436
drop_C2,40,0.02977411091086382
drop_C2,41,0.031211512187640178
drop_C2,42,0.017805712170030463
drop_C2,43,0.029663869935149745
drop_C2,44,0.01929436326898623
drop_C2,45,0.026648225305540563
drop_C2,46,0.017770897231722316
drop_C2,47,0.017722759520694742
drop_C2,48,0.019658256547044395
drop_C2,49,0.03115340249065862
drop_C2,50,0.01231236676812586
drop_C2,51,0.015091688130226155
drop_C2,52,0.02472662006827747
drop_C2,53,0.028027287365538944
drop_C2,54,0.02054495874382639
drop_C2,55,0.03750807291491315
drop_C2,56,0.027693048955615696
drop_C2,57,0.035535033242115016
drop_C2,58,0.03323886282156546
drop_C2,59,0.022139163876060713
drop_C2,60,0.025744121632976014
drop_C2,61,0.021845658897998887
drop_C2,62,0.028449113820120053
drop_C2,63,0.02723418849760012
drop_C2,64,0.022936898815473006
drop_C2,65,0.03964138483966187
drop_C2,66,0.011166533182611793
drop_C2,67,0.020214836795164615
drop_C2,68,0.01446474430642708
drop_C2,69,0.013370146545869432
drop_C2,70,0.0073658828082709404
drop_C2,71,0.02274552196716445
drop_C2,72,0.017091047331008524
drop_C2,73,0.012061532290944144
drop_C2,74,0.015518271559216146
drop_C2,75,0.018787980305955132
drop_C2,76,0.01064306348850308
drop_C2,77,0.021474431471839583
drop_C2,78,0.011911624191337455
drop_C2,79,0.023768426229813566
drop_C2,80,0.01815412341191619
drop_C2,81,0.019597644010246662
drop_C2,82,0.021904261836249383
drop_C2,83,0.014379184800493494
drop_C2,84,0.022512968552242052
drop_C2,85,0.01840593469411672
drop_C2,86,0.010041087093041412
drop_C2,87,0.02540709748830622
drop_C2,88,0.02223893302608837
drop_C2,89,0.02887070527770108
drop_C2,90,0.006800273187447137
drop_C2,91,0.02130459107417776
drop_C2,92,0.027661638374330666
drop_C2,93,0.023997285864876594
drop_C2,94,0.028635690646626355
drop_C2,95,0.012242030700815643
drop_C2,96,0.031112261769215777
drop_C2,97,0.025825430729517485
drop_C2,98,0.020167728513514754
drop_C2,99,0.021047325419413787
drop_C2,100,0.02211058142604755
drop_C2,101,0.014721093941390817
drop_C2,102,0.011000971463564602
drop_C2,103,0.03053399614572777
drop_C2,104,0.025012111940804826
drop_C2,105,0.03235956861117939
drop_C2,106,0.03329088240969902
drop_C2,107,0.022070715679807285
drop_C2,108,0.02256384448894766
drop_C2,109,0.01569693393712096
drop_C2,110,0.02100379072883246
drop_C2,111,0.03363715330900652
drop_C2,112,0.028265005232979257
drop_C2,113,0.022989725163373553
drop_C2,114,0.013402180947793552
drop_C2,115,0.01764670834193599
drop_C2,116,0.02514844164848823
drop_C2,117,0.03600274763944966
drop_C2,118,0.04479494874353743
drop_C2,119,0.018633190516088194
drop_C2,120,0.03179191605444989
drop_C2,121,0.022548654595468343
drop_C2,122,0.013137044648237589
drop_C2,123,0.02902061099012937
drop_C2,124,0.0275877237912579
drop_C2,125,0.02578076354794334
drop_C2,126,0.031331830360921686
drop_C2,127,0.024022015507890793
drop_C2,128,0.014153488292551808
drop_C2,129,0.01577497662272842
drop_C2,130,0.0014681004131822384
drop_C2,131,0.025839805726414422
drop_C2,132,0.01987617600313879
drop_C2,133,0.02782002518972576
drop_C2,134,0.024995420020152925
drop_C2,135,0.031042761950575093
drop_C2,136,0.01581314426735575
drop_C2,137,0.025773850649408625
drop_C2,138,0.0064825746399364
drop_C2,139,0.022416566624705647
drop_C2,140,0.013922759970857235
drop_C2,141,0.027310303534891833
drop_C2,142,0.030483577934032502
drop_C2,143,0.018975221392271313
drop_C2,144,0.009449888672208029
drop_C2,145,0.017886726103173378
drop_C2,146,0.022203404867482346
drop_C2,147,0.0242975405161793
drop_C2,148,0.02615458843151447
drop_C2,149,0.01302685246641766
drop_C2,150,0.023700626477798192
drop_C2,151,0.03747441965945453
drop_C2,152,0.007046701375491626
drop_C2,153,0.024623753600563736
drop_C2,154,0.01795705090849714
drop_C2,155,0.0203976514967546
drop_C2,156,0.009795064178540647
drop_C2,157,0.02877208406814058
drop_C2,158,0.017576150112444566
drop_C2,159,0.02097863515308168
drop_C2,160,0.031717480941518494
drop_C2,161,0.03160046996605784
drop_C2,162,0.03628176268835975
drop_C2,163,0.025302204798076045
drop_C2,164,0.024587886016746163
drop_C2,165,0.006099156422533447
drop_C2,166,0.01596579911416407
drop_C2,167,0.021228393203981177
drop_C2,168,0.02396764020551928
drop_C2,169,0.012231380890715016
drop_C2,170,0.020199602640152553
drop_C2,171,0.020663763935929585
drop_C2,172,0.020883730154943603
drop_C2,173,0.024498198406955884
drop_C2,174,0.04624118774762076
drop_C2,175,0.029085224936264975
drop_C2,176,0.01578104597381469
drop_C2,177,0.034304638670147714
drop_C2,178,0.014103169940466287
drop_C2,179,0.024201457135243243
drop_C2,180,0.025195544983918794
drop_C2,181,0.01765813630649543
drop_C2,182,0.02613442439693825
drop_C2,183,0.03007476995272662
drop_C2,184,0.017754993453044876
drop_C2,185,0.03179660263985265
drop_C2,186,0.01823543884443557
drop_C2,187,0.03950512903355452
drop_C2,188,0.034316363607120315
drop_C2,189,0.01758604448797746
drop_C2,190,0.021162095568290795
drop_C2,191,0.02887674134571866
drop_C2,192,0.010486664948588298
drop_C2,193,0.0244176693198756
drop_C2,194,0.02444233334316931
drop_C2,195,0.014129268936856565
drop_C2,196,0.020652086023214444
drop_C2,197,0.02675264604090072
drop_C2,198,0.021927027009650102
drop_C2,199,0.030352218095037353
drop_C2,200,0.009515762400271466
drop_C2,201,0.010251095991548387
drop_C2,202,0.01804694601381504
drop_C2,203,0.020250950175383475
drop_C2,204,0.02053424203214327
drop_C2,205,0.028054607352327343
drop_C2,206,0.027758014493253547
drop_C2,207,0.03443846847994361
drop_C2,208,0.01628204027889213
drop_C2,209,0.022553814753531964
drop_C2,210,0.03205289290661312
drop_C2,211,0.01214827438026439
drop_C2,212,0.011945442380130622
drop_C2,213,0.016506926746988088
drop_C2,214,0.014346311902329933
drop_C2,215,0.03235184636352123
drop_C2,216,0.012409238095523856
drop_C2,217,0.020523913244392622
drop_C2,218,0.022249363435550673
drop_C2,219,0.028614443142360668
drop_C2,220,0.014081971223481843
drop_C2,221,0.014869447209979514
drop_C2,222,0.021652137153011286
drop_C2,223,0.033506273621242394
drop_C2,224,0.014779557430049495
drop_C2,225,0.02344409607371939
drop_C2,226,0.018303711355422858
drop_C2,227,0.025062683935584473
drop_C2,228,0.020372410504044147
drop_C2,229,0.02241962522768015
drop_C2,230,0.024304098447174072
drop_C2,231,0.04392869007641015
drop_C2,232,0.018048873791043474
drop_C2,233,0.019600306445671067
drop_C2,234,0.020684869927387828
drop_C2,235,0.013505757044508071
drop_C2,236,0.0277347578218195
drop_C2,237,0.023063213265056642
drop_C2,238,0.025590820057939723
drop_C2,239,0.03289121407814327
drop_C2,240,0.017567290767311006
drop_C2,241,0.03423267329702534
drop_C2,242,0.012841147753465343
drop_C2,243,0.01847546289658636
drop_C2,244,0.017501244263311122
drop_C2,245,0.02033293229610364
drop_C2,246,0.022459256661022053
drop_C2,247,0.02068956825749832
drop_C2,248,0.01851556463200782
drop_C2,249,0.03226622513012267
drop_C2,250,0.029309271591215047
drop_C2,251,0.0212561356450226
drop_C2,252,0.029004115031710326
drop_C2,253,0.010696821068402473
drop_C2,254,0.014642515397282618
drop_C2,255,0.019876804234535916
drop_C2,256,0.015630091937070822
drop_C2,257,0.02749323963562439
drop_C2,258,0.016930901086876504
drop_C2,259,0.029237481463344317
drop_C2,260,0.011272189282028722
drop_C2,261,0.03835770901992969
drop_C2,262,0.02896064429283607
drop_C2,263,0.023113680145259052
drop_C2,264,0.02717354971441155
drop_C2,265,0.026949298873247568
drop_C2,266,0.0156256092778978
drop_C2,267,0.02985429582505078
drop_C2,268,0.018078262353086294
drop_C2,269,0.02051156567625509
drop_C2,270,0.030581807696627217
drop_C2,271,0.013380512785213572
drop_C2,272,0.011240475893156188
drop_C2,273,0.03436091613356343
drop_C2,274,0.022181563756786093
drop_C2,275,0.005894134563235731
drop_C2,276,0.03445681020144492
drop_C2,277,0.01500346039801781
drop_C2,278,0.019291623230848598
drop_C2,279,0.02970307105266229
drop_C2,280,0.020675224889058263
drop_C2,281,0.013079578237734202
drop_C2,282,0.032961914401974546
drop_C2,283,0.01585545476813527
drop_C2,284,0.015599578998581387
drop_C2,285,0.005765291843239373
drop_C2,286,0.01125752377507655
drop_C2,287,0.02951922824459649
drop_C2,288,0.016749404361750042
drop_C2,289,0.020108120001189334
drop_C2,290,0.025699720153313677
drop_C2,291,0.0075133334377709415
drop_C2,292,0.018617306317102233
drop_C2,293,0.026407092023252005
drop_C2,294,0.0321330915181266
drop_C2,295,0.025824597825351486
drop_C2,296,0.03921748960745186
drop_C2,297,0.03232104049132356
drop_C2,298,0.026942165636411997
drop_C2,299,0.02971523534078946
drop_C2,300,0.022168276552768318
drop_C2,301,0.01670397475162616
drop_C2,302,0.02454001060159855
drop_C2,303,0.019141215584517313
drop_C2,304,0.03983147538655046
drop_C2,305,0.030015685524891977
drop_C2,306,0.022204176592617475
drop_C2,307,0.02899353143732497
drop_C2,308,0.04417833779510566
drop_C2,309,0.02431997306332867
drop_C2,310,0.02483945318020986
drop_C2,311,0.012991586567577651
drop_C2,312,0.010929947503175441
drop_C2,313,0.03303823047698745
drop_C2,314,0.013277377326880502
drop_C2,315,0.03252406162296895
drop_C2,316,0.018933136913153237
drop_C2,317,0.026751357535463732
drop_C2,318,0.021454583897854818
drop_C2,319,0.017993208639202174
drop_C2,320,0.039696314297939794
drop_C2,321,0.01268184619275503
drop_C2,322,0.018875204972394644
drop_C2,323,0.026462413123715667
drop_C2,324,0.015976041969262278
drop_C2,325,0.021939551916721034
drop_C2,326,0.021358743854132778
drop_C2,327,0.02067889376765758
drop_C2,328,0.017442240043521517
drop_C2,329,0.03652776993312931
drop_C2,330,0.02131984211024579
drop_C2,331,0.033946065334675535
drop_C2,332,0.030862344690230553
drop_C2,333,0.02387196351652604
drop_C2,334,0.03659178657444828
drop_C2,335,0.02013629191521532
drop_C2,336,0.015510935798412506
drop_C2,337,0.01953078849513451
drop_C2,338,0.01370583284221183
drop_C2,339,0.02355062910496525
drop_C2,340,0.007524776016500978
drop_C2,341,0.008230789495711155
drop_C2,342,0.03265502369431944
drop_C2,343,0.024443787775997095
drop_C2,344,0.01270434098834533
drop_C2,345,0.0052012598757340545
drop_C2,346,0.01791713092123476
drop_C2,347,0.02674872105347048
drop_C2,348,0.039789199360533545
drop_C2,349,0.003564640274589359
drop_C2,350,0.01822348957015546
drop_C2,351,0.013514594710567263
drop_C2,352,0.012042026340078948
drop_C2,353,0.02269311372070143
drop_C2,354,0.0307653690548626
drop_C2,355,0.02652347890223483
drop_C2,356,0.02593654711795451
drop_C2,357,0.03369019736912318
drop_C2,358,0.025974782058174523
drop_C2,359,0.026994170170811904
drop_C2,360,0.017053693618047094
drop_C2,361,0.03275835224949414
drop_C2,362,0.017514583995956567
drop_C2,363,0.029335783519258085
drop_C2,364,0.024030459634015677
drop_C2,365,0.02292113950259167
drop_C2,366,0.02323489303780199
drop_C2,367,0.033935733510724264
drop_C2,368,0.015435367763215968
drop_C2,369,0.011918385276096288
drop_C2,370,0.013202448201304645
drop_C2,371,0.038783896436505316
drop_C2,372,0.01915400402001677
drop_C2,373,0.011898630694596068
drop_C2,374,0.02961176321696196
drop_C2,375,0.015144945447801372
drop_C2,376,0.014288843726611933
drop_C2,377,0.030213683833888588
drop_C2,378,0.024671957726716875
drop_C2,379,0.02871617562092038
drop_C2,380,0.018182030977630492
drop_C2,381,0.018204809575540992
drop_C2,382,0.025083106014297696
drop_C2,383,0.023896582025422275
drop_C2,384,0.017887129596656337
drop_C2,385,0.0378127187109919
drop_C2,386,0.012559494083200673
drop_C2,387,0.02772243917225209
drop_C2,388,-0.00018301966160122474
drop_C2,389,0.02577670152978695
drop_C2,390,0.022299135785884994
drop_C2,391,0.02492912864857505
drop_C2,392,0.019725455685216664
drop_C2,393,0.029072691025719355
drop_C2,394,0.009929882336800866
drop_C2,395,0.033529655119932555
drop_C2,396,0.02547206243859984
drop_C2,397,0.01860955505893841
drop_C2,398,0.020335755154016977
drop_C2,399,0.014245507924865786
drop_C2,400,0.02366194930796839
drop_C2,401,0.023961485882556866
drop_C2,402,0.028052910331546332
drop_C2,403,0.023700931191479868
drop_C2,404,0.022463431390656874
drop_C2,405,0.026145490362292856
drop_C2,406,0.027491722217208386
drop_C2,407,0.019516873049225947
drop_C2,408,0.016346683611631718
drop_C2,409,0.01599972653231213
drop_C2,410,0.002551998010769385
drop_C2,411,0.027128446848662002
drop_C2,412,0.010909786338530902
drop_C2,413,0.020579992948461523
drop_C2,414,0.00876479840229677
drop_C2,415,0.011113148973530301
drop_C2,416,0.01820135479005272
drop_C2,417,0.0243058242042046
drop_C2,418,0.023631036207686473
drop_C2,419,0.038760822978014725
drop_C2,420,0.014450119552092633
drop_C2,421,0.02013553924561584
drop_C2,422,0.026859611252664173
drop_C2,423,0.024017103800668405
drop_C2,424,0.0190937781738843
drop_C2,425,0.016107730575144696
drop_C2,426,0.028717927719004
drop_C2,427,0.02775385872944741
drop_C2,428,0.021393409685565468
drop_C2,429,0.014957903177092197
drop_C2,430,0.0164032036843908
drop_C2,431,0.019253336601647186
drop_C2,432,0.043760783245074264
drop_C2,433,0.032036190809533904
drop_C2,434,0.02424336756926887
drop_C2,435,0.012357881109386792
drop_C2,436,0.026172030755580278
drop_C2,437,0.01946949011520327
drop_C2,438,0.027575096534680543
drop_C2,439,0.019967572652310278
drop_C2,440,0.01562583145127383
drop_C2,441,0.014041101318057858
drop_C2,442,0.006185731681608353
drop_C2,443,0.024103260130380055
drop_C2,444,0.022421154322521397
drop_C2,445,0.02058416429502219
drop_C2,446,0.01539008591120089
drop_C2,447,0.024619725851978747
drop_C2,448,0.011473714761994436
drop_C2,449,0.029477386885600226
drop_C2,450,0.020844341114440695
drop_C2,451,0.017551535960966536
drop_C2,452,0.029883332670242513
drop_C2,453,0.018126655951090753
drop_C2,454,0.02601883678102307
drop_C2,455,0.022261558097375844
drop_C2,456,0.027461741388189798
drop_C2,457,0.03440710069588995
drop_C2,458,0.012752029536753473
drop_C2,459,0.021241346135862316
drop_C2,460,0.039807871039587106
drop_C2,461,0.02399678069954253
drop_C2,462,0.018145671647251893
drop_C2,463,0.03408674376314613
drop_C2,464,0.00879290679000827
drop_C2,465,0.026994639676157284
drop_C2,466,0.028014688046594904
drop_C2,467,0.030473158728371474
drop_C2,468,0.022583997531996913
drop_C2,469,0.019362769723047013
drop_C2,470,0.007137735559082425
drop_C2,471,0.02983721730349964
drop_C2,472,0.040975638765792854
drop_C2,473,0.03232376059800596
drop_C2,474,0.014532996718117808
drop_C2,475,0.01325633790505426
drop_C2,476,0.01873761804709345
drop_C2,477,0.03274086615965166
drop_C2,478,0.020598742873661674
drop_C2,479,0.021367077959295516
drop_C2,480,0.02847026344425052
drop_C2,481,0.010432354364401764
drop_C2,482,0.033160483751790426
drop_C2,483,0.0215292313223841
drop_C2,484,0.017089159554509847
drop_C2,485,0.04354195317800785
drop_C2,486,0.020176982578180735
drop_C2,487,0.009724707919549769
drop_C2,488,0.014081749256132425
drop_C2,489,0.02191433148156957
drop_C2,490,0.01491265409189163
drop_C2,491,0.023120886522690398
drop_C2,492,0.014597894009863721
drop_C2,493,0.025911203005179517
drop_C2,494,0.02867655853150619
drop_C2,495,0.03225079113308926
drop_C2,496,0.038850107725198924
drop_C2,497,0.027661638879084793
drop_C2,498,0.01683842524747939
drop_C2,499,0.019133010081604784
drop_C2,500,0.016123552303045796
drop_C2,501,0.02497209875108597
drop_C2,502,0.02461320198869066
drop_C2,503,0.007834674938857367
drop_C2,504,0.015720962216244
drop_C2,505,0.019678608354157523
drop_C2,506,0.016853417350074118
drop_C2,507,0.03197108879366092
drop_C2,508,0.01981003531080522
drop_C2,509,0.02109508580655195
drop_C2,510,0.014751965501218323
drop_C2,511,0.010562356058243405
drop_C2,512,0.024267395690626137
drop_C2,513,0.03073943125720202
drop_C2,514,0.02980208650973415
drop_C2,515,0.027702024444178602
drop_C2,516,0.013960665039158993
drop_C2,517,0.026946379809281662
drop_C2,518,0.017493815139726976
drop_C2,519,0.02195488080230651
drop_C2,520,0.017485070204492248
drop_C2,521,0.015795722805361123
drop_C2,522,0.025870389466160937
drop_C2,523,0.019520087627020788
drop_C2,524,0.02848399863399098
drop_C2,525,0.03176063896543263
drop_C2,526,0.024956044056347215
drop_C2,527,0.023247536457423668
drop_C2,528,0.02057191734342223
drop_C2,529,0.007673553707051584
drop_C2,530,0.020805913582122415
drop_C2,531,0.025153364980248588
drop_C2,532,0.01797609551242374
drop_C2,533,0.026093173283992632
drop_C2,534,0.024609373650919253
drop_C2,535,0.009278110668555328
drop_C2,536,0.012335897662191175
drop_C2,537,0.03373132359922981
drop_C2,538,0.0192057868602461
drop_C2,539,0.030231010216078213
drop_C2,540,0.022107681751736274
drop_C2,541,0.014003726042551179
drop_C2,542,0.020860181127901
drop_C2,543,0.02599301445362809
drop_C2,544,0.02212746090388812
drop_C2,545,0.01675082175279269
drop_C2,546,0.031886721632369
drop_C2,547,0.024760740278878368
drop_C2,548,0.012468914214239235
drop_C2,549,0.01703063190282178
drop_C2,550,0.015069830725241484
drop_C2,551,0.0319013202575012
drop_C2,552,0.013248012580679869
drop_C2,553,0.026849202396835137
drop_C2,554,0.016297951720192827
drop_C2,555,0.015677872280098648
drop_C2,556,0.02384971227966501
drop_C2,557,0.020570042784330944
drop_C2,558,0.02486479343504261
drop_C2,559,0.017605280869975537
drop_C2,560,0.02508687308306512
drop_C2,561,-0.0011670720142691327
drop_C2,562,0.021168379460128395
drop_C2,563,0.009778979500383644
drop_C2,564,0.02690317023835892
drop_C2,565,0.007225689822483339
drop_C2,566,0.02421838324825798
drop_C2,567,0.02150451470721776
drop_C2,568,0.0427737111000637
drop_C2,569,0.007069483245803143
drop_C2,570,0.0202145874904045
drop_C2,571,0.02787577876901115
drop_C2,572,0.02410518010312057
drop_C2,573,0.01440987516810488
drop_C2,574,0.0014197383846088485
drop_C2,575,0.02007685541773563
drop_C2,576,0.025286547604663645
drop_C2,577,0.017447883286900723
drop_C2,578,0.02882451226293037
drop_C2,579,0.027326835872383215
drop_C2,580,0.013663945697722668
drop_C2,581,0.01767458937654398
drop_C2,582,0.026131318031033468
drop_C2,583,0.031249515978754527
drop_C2,584,0.01671800459722833
drop_C2,585,0.004601640927453188
drop_C2,586,0.015532753180569181
drop_C2,587,0.016715795824330526
drop_C2,588,0.02539177562618672
drop_C2,589,0.030553487516139288
drop_C2,590,0.02602654887941741
drop_C2,591,0.022583643016244603
drop_C2,592,0.025088625615542204
drop_C2,593,0.02764638673516029
drop_C2,594,0.0291615805013877
drop_C2,595,0.02627193973484737
drop_C2,596,0.03635596137767849
drop_C2,597,0.019571623408864147
drop_C2,598,0.022828388532517507
drop_C2,599,0.020902679003417912
drop_C2,600,0.03006391587700208
drop_C2,601,0.015065439003294878
drop_C2,602,0.02045027354709389
drop_C2,603,0.017243566528225285
drop_C2,604,0.018181478736504997
drop_C2,605,0.020070566743119023
drop_C2,606,0.010758713237099704
drop_C2,607,0.03773394543258396
drop_C2,608,0.025816816178008684
drop_C2,609,0.019660849827903504
drop_C2,610,0.03194377695673775
drop_C2,611,0.008398558359426267
drop_C2,612,0.020403481139768587
drop_C2,613,0.02218096450948437
drop_C2,614,0.026075572616910847
drop_C2,615,0.020678841162873274
drop_C2,616,0.023250797426627723
drop_C2,617,0.027227061316401263
drop_C2,618,0.011225349340725888
drop_C2,619,0.00978381366346115
drop_C2,620,0.02079053221609531
drop_C2,621,0.0276381020349126
drop_C2,622,0.028352265034666813
drop_C2,623,0.02832123117978136
drop_C2,624,0.027468383160995258
drop_C2,625,0.00683328134631056
drop_C2,626,0.026916667762710456
drop_C2,627,0.015311818316034898
drop_C2,628,0.01896791349559679
drop_C2,629,0.0149263207502498
drop_C2,630,0.023148791513413258
drop_C2,631,0.030881806765279907
drop_C2,632,0.024860146559448737
drop_C2,633,0.01358574332172413
drop_C2,634,0.021371934746867133
drop_C2,635,0.024148598436733892
drop_C2,636,0.02888346717091947
drop_C2,637,0.014015539448759912
drop_C2,638,0.02344133598807316
drop_C2,639,0.026944988483587007
drop_C2,640,0.029221371266511864
drop_C2,641,0.0013929470516720333
drop_C2,642,0.01225419478885209
drop_C2,643,0.015632942344577128
drop_C2,644,0.02611337364198804
drop_C2,645,0.028542032368999937
drop_C2,646,0.03334364069750237
drop_C2,647,0.026555526939977314
drop_C2,648,0.03492067140567823
drop_C2,649,0.02055460337267334
drop_C2,650,0.032456504771511685
drop_C2,651,0.013215709454325819
drop_C2,652,0.022406037644171983
drop_C2,653,0.020383452330041157
drop_C2,654,0.01752699827273485
drop_C2,655,0.030989429849402672
drop_C2,656,0.01801426750124807
drop_C2,657,0.02112948465264891
drop_C2,658,0.02104237016500049
drop_C2,659,0.018867862211119135
drop_C2,660,0.02965111597526457
drop_C2,661,0.02720579097379977
drop_C2,662,0.021213661423501617
drop_C2,663,0.02137566788162032
drop_C2,664,0.007951972923714357
drop_C2,665,0.02273844550023779
drop_C2,666,0.03321862226034625
drop_C2,667,0.019821329868309534
drop_C2,668,0.024011238812096714
drop_C2,669,0.013850705288377618
drop_C2,670,0.017910412854834523
drop_C2,671,0.019595370480721463
drop_C2,672,0.016546482697168352
drop_C2,673,0.009694300212146123
drop_C2,674,0.02901965066899609
drop_C2,675,0.02969774138021236
drop_C2,676,0.018569442607321796
drop_C2,677,0.024065665934864866
drop_C2,678,0.021582851766295263
drop_C2,679,0.021176000639736986
drop_C2,680,0.019723632313895623
drop_C2,681,0.02149994079368578
drop_C2,682,0.03149567948135479
drop_C2,683,0.019637592508027435
drop_C2,684,0.01495287695194375
drop_C2,685,0.02450900762369629
drop_C2,686,0.027677555425587252
drop_C2,687,0.020610028293724048
drop_C2,688,0.0066432356057409825
drop_C2,689,0.014882162625550421
drop_C2,690,0.014955446104892911
drop_C2,691,0.025304635053677138
drop_C2,692,0.006840967830633038
drop_C2,693,0.027438381284054486
drop_C2,694,0.027244181537691703
drop_C2,695,0.0115515726975014
drop_C2,696,0.0211931735896127
drop_C2,697,0.027434194599523676
drop_C2,698,-0.006571418117879646
drop_C2,699,0.016447142834393913
drop_C2,700,0.023997895826045418
drop_C2,701,0.02397387101312401
drop_C2,702,0.03714514972942218
drop_C2,703,0.01995907045158568
drop_C2,704,0.022726920253657856
drop_C2,705,0.024601419584256157
drop_C2,706,0.012974937940641584
drop_C2,707,0.02954468402896865
drop_C2,708,0.029432186515538528
drop_C2,709,0.024106312666238694
drop_C2,710,0.034380260392958245
drop_C2,711,0.0025032590654180953
drop_C2,712,0.034593959228126525
drop_C2,713,0.028922982635980754
drop_C2,714,0.027781077805657806
drop_C2,715,0.0207640432244543
drop_C2,716,0.011190191263204308
drop_C2,717,0.02039497534523277
drop_C2,718,0.01656455547408267
drop_C2,719,0.022722507259405472
drop_C2,720,0.02088931339351341
drop_C2,721,0.01700319702163683
drop_C2,722,0.04009549857872227
drop_C2,723,0.00638255682765454
drop_C2,724,0.02770332301452283
drop_C2,725,0.03778443592157388
drop_C2,726,0.021362438951518625
drop_C2,727,0.02436999554441832
drop_C2,728,0.02250116325450191
drop_C2,729,0.0239142966482683
drop_C2,730,0.013587567961905966
drop_C2,731,0.019078417835861672
drop_C2,732,0.011338917667728932
drop_C2,733,0.011762671767211491
drop_C2,734,0.031938108197833215
drop_C2,735,0.015229028139748746
drop_C2,736,0.024332796786255884
drop_C2,737,0.01534774549102047
drop_C2,738,0.02196490768953488
drop_C2,739,0.010022560809528402
drop_C2,740,0.03367283601783494
drop_C2,741,0.030577745989575134
drop_C2,742,0.031519737708171625
drop_C2,743,0.02583455666943746
drop_C2,744,0.0157160699646563
drop_C2,745,0.032322600573151256
drop_C2,746,0.026427403212413436
drop_C2,747,0.014406526783036944
drop_C2,748,0.015555653378735601
drop_C2,749,0.022777561453526662
drop_C2,750,0.03916886353755766
drop_C2,751,0.031051045318177956
drop_C2,752,0.012072354667516327
drop_C2,753,0.027218993867005575
drop_C2,754,0.02162649653815038
drop_C2,755,0.02311788831353756
drop_C2,756,0.02185808473351375
drop_C2,757,0.020516478966863122
drop_C2,758,0.036309699735624645
drop_C2,759,0.0213260858451344
drop_C2,760,0.0283909029394378
drop_C2,761,0.014764795750659643
drop_C2,762,0.016102916392501027
drop_C2,763,0.013828591106246235
drop_C2,764,0.006477661659365308
drop_C2,765,0.03334524603181835
drop_C2,766,0.02541645491432365
drop_C2,767,0.011115356561190781
drop_C2,768,0.016592301537286802
drop_C2,769,0.019372170425715096
drop_C2,770,0.03167151404856203
drop_C2,771,0.02166853855474163
drop_C2,772,0.027133360351856067
drop_C2,773,0.032177661025866555
drop_C2,774,0.0053151883355327945
drop_C2,775,0.026387771609376887
drop_C2,776,0.023873244018280504
drop_C2,777,0.01290469124038579
drop_C2,778,0.024621833827070894
drop_C2,779,0.02078181388239475
drop_C2,780,0.020810491793608055
drop_C2,781,0.023238427961068897
drop_C2,782,0.023943511211180213
drop_C2,783,0.02326288172120955
drop_C2,784,0.018389724172795274
drop_C2,785,0.03087014722468412
drop_C2,786,0.021012920747589314
drop_C2,787,0.01732273747088714
drop_C2,788,0.023039794083044685
drop_C2,789,0.024769064194464535
drop_C2,790,0.02555659356433576
drop_C2,791,0.014344115925727707
drop_C2,792,0.017460086379815665
drop_C2,793,0.013841244106389872
drop_C2,794,0.026141390070973824
drop_C2,795,0.04298423820839764
drop_C2,796,0.012326838868411322
drop_C2,797,0.016323264544538307
drop_C2,798,0.027822931039219123
drop_C2,799,0.012546620087847182
drop_C2,800,0.03630478593004888
drop_C2,801,0.023942411261307972
drop_C2,802,0.01654215331067177
drop_C2,803,0.022017301287177382
drop_C2,804,0.012456342943345411
drop_C2,805,0.016266894251703523
drop_C2,806,0.028644480939792105
drop_C2,807,0.03249108950991006
drop_C2,808,0.014158042715898489
drop_C2,809,0.010161613893965138
drop_C2,810,0.01747515530311597
drop_C2,811,0.02334626514389937
drop_C2,812,0.014046075170595973
drop_C2,813,0.00960593678655175
drop_C2,814,0.023925564974620395
drop_C2,815,0.03723662569049774
drop_C2,816,0.02757095697898082
drop_C2,817,0.022085168368307873
drop_C2,818,0.03228263411568
drop_C2,819,0.027155957055381513
drop_C2,820,0.013935594898033116
drop_C2,821,0.02149119225228019
drop_C2,822,0.024449051226573648
drop_C2,823,0.015270603158656249
drop_C2,824,0.026808380743485183
drop_C2,825,0.02145579242980622
drop_C2,826,0.033871747710844946
drop_C2,827,0.031215077477521447
drop_C2,828,0.026955880224613094
drop_C2,829,0.02070902528306623
drop_C2,830,0.027243987462535868
drop_C2,831,0.018535425592103805
drop_C2,832,0.00657741271008444
drop_C2,833,0.019280915828828182
drop_C2,834,0.02264399901321129
drop_C2,835,0.030780983038599496
drop_C2,836,0.0193370396101904
drop_C2,837,0.03563438437037364
drop_C2,838,0.02671601968655446
drop_C2,839,0.03354164345656768
drop_C2,840,0.017573653698292585
drop_C2,841,0.013716836146927536
drop_C2,842,0.026498808530017515
drop_C2,843,0.023139106358451733
drop_C2,844,0.021660288510276682
drop_C2,845,0.036433456308329004
drop_C2,846,0.02640020086112721
drop_C2,847,0.030784178208556834
drop_C2,848,0.028915514632984918
drop_C2,849,0.013917538444485206
drop_C2,850,0.02251963074501273
drop_C2,851,0.020598344104875654
drop_C2,852,0.017811847513608203
drop_C2,853,0.032267098526210014
drop_C2,854,0.03194224217394853
drop_C2,855,0.022013206939219376
drop_C2,856,0.03445390190247832
drop_C2,857,0.013778252473652053
drop_C2,858,0.016774883259445317
drop_C2,859,0.018164643102472344
drop_C2,860,0.029173057849313733
drop_C2,861,0.024138671882895424
drop_C2,862,0.019286912492700203
drop_C2,863,0.028959961622625652
drop_C2,864,0.022335097809919602
drop_C2,865,0.04352580408913914
drop_C2,866,0.016699929002216618
drop_C2,867,0.01421476826042059
drop_C2,868,0.01399132079045734
drop_C2,869,0.021060601857561978
drop_C2,870,0.010660846711933458
drop_C2,871,0.02036077573326983
drop_C2,872,0.018912913382870766
drop_C2,873,0.02304066994884063
drop_C2,874,0.024411643772363545
drop_C2,875,0.02166586491236061
drop_C2,876,0.021882009832337956
drop_C2,877,0.030082995656655842
drop_C2,878,0.025600083713442134
drop_C2,879,0.022441457139860066
drop_C2,880,0.0331190208863566
drop_C2,881,0.02629912791060851
drop_C2,882,0.025533785388518693
drop_C2,883,0.01488506611569812
drop_C2,884,0.005497030767605854
drop_C2,885,0.006634833528746664
drop_C2,886,0.032399090356235005
drop_C2,887,0.020109724510998017
drop_C2,888,0.014786844230221363
drop_C2,889,0.014031614802328951
drop_C2,890,0.02357537381020197
drop_C2,891,0.029316532135707174
drop_C2,892,0.020005888178655562
drop_C2,893,0.02716100830162005
drop_C2,894,0.008538528436338344
drop_C2,895,0.019949161548672933
drop_C2,896,0.028306900358581355
drop_C2,897,0.01885886646477311
drop_C2,898,0.030299849989472882
drop_C2,899,0.023116933331283424
drop_C2,900,0.006375516555647998
drop_C2,901,0.011340482801874663
drop_C2,902,0.020101808688156808
drop_C2,903,0.031988617767385596
drop_C2,904,0.017053819181144347
drop_C2,905,0.020500892129196535
drop_C2,906,0.022036760559282442
drop_C2,907,0.01039375154254013
drop_C2,908,0.024456858546287652
drop_C2,909,0.0394391767385151
drop_C2,910,0.0247896486427453
drop_C2,911,0.024050554728820006
drop_C2,912,0.016513523158583066
drop_C2,913,0.008682149520593818
drop_C2,914,0.022643583752728458
drop_C2,915,0.008974481789084054
drop_C2,916,0.013893678787101515
drop_C2,917,0.024351733128727626
drop_C2,918,0.03327992760495696
drop_C2,919,0.024835015418626427
drop_C2,920,0.020205460250886598
drop_C2,921,0.008106286017809161
drop_C2,922,0.0003113721587674756
drop_C2,923,0.021654890104502056
drop_C2,924,0.012596362443658915
drop_C2,925,0.012354767371782538
drop_C2,926,0.02757082895095264
drop_C2,927,0.016231802003276452
drop_C2,928,0.018798026970034742
drop_C2,929,0.031174010007532393
drop_C2,930,0.0203224642781894
drop_C2,931,0.02761177864103742
drop_C2,932,0.02126283778594848
drop_C2,933,0.0377613200552428
drop_C2,934,0.01443776517876072
drop_C2,935,0.015008905824374474
drop_C2,936,0.013983419135384256
drop_C2,937,0.01983981825286263
drop_C2,938,0.02511498793776623
drop_C2,939,0.016796515646673504
drop_C2,940,0.028835847622080635
drop_C2,941,0.020870414670081022
drop_C2,942,0.03599758426286043
drop_C2,943,0.029880972635559527
drop_C2,944,0.018800937637059645
drop_C2,945,0.02317000673687264
drop_C2,946,0.02172556735643505
drop_C2,947,0.02665517128889222
drop_C2,948,0.014638668862698767
drop_C2,949,0.021694782391722844
drop_C2,950,0.017545895384859622
drop_C2,951,0.025069062501643535
drop_C2,952,0.025059266984329365
drop_C2,953,0.019203084998801467
drop_C2,954,0.0212277927113087
drop_C2,955,0.030377437291408516
drop_C2,956,0.028695666313193674
drop_C2,957,0.02048143877911901
drop_C2,958,0.04018048185521933
drop_C2,959,0.00723484439174682
drop_C2,960,0.022712103323311528
drop_C2,961,0.03913159210917039
drop_C2,962,0.01936648656106793
drop_C2,963,0.0260899370829053
drop_C2,964,0.02627854414785713
drop_C2,965,0.0226725505577986
drop_C2,966,0.030896836455695492
drop_C2,967,0.018084026370298906
drop_C2,968,0.013755986308451984
drop_C2,969,0.03993519102459214
drop_C2,970,0.024247491432969115
drop_C2,971,0.025846086662728973
drop_C2,972,0.006030112996254167
drop_C2,973,0.019440850090766904
drop_C2,974,0.016596328131092797
drop_C2,975,0.009909487240033155
drop_C2,976,0.018043100956417868
drop_C2,977,0.026704890790462732
drop_C2,978,0.011866109278157788
drop_C2,979,0.026892767921913335
drop_C2,980,0.034459494406076485
drop_C2,981,0.015435612510264596
drop_C2,982,0.026907290254150285
drop_C2,983,0.030978492681220215
drop_C2,984,0.015739049941487726
drop_C2,985,0.020340611049922852
drop_C2,986,0.019293732256520146
drop_C2,987,0.018571937931837923
drop_C2,988,0.0299374650989348
drop_C2,989,0.015352334510127796
drop_C2,990,0.026635619304818225
drop_C2,991,0.028047287906261043
drop_C2,992,0.022377597824384088
drop_C2,993,0.006761618894090715
drop_C2,994,0.027165704189100026
drop_C2,995,0.02868358558495046
drop_C2,996,0.013737025104537559
drop_C2,997,0.032457603664630186
drop_C2,998,0.03957452670399503
drop_C2,999,0.0212185908298749
drop_C2,1000,0.019507850369845647
drop_C2,1001,0.02654010776119603
drop_C2,1002,0.033157291969288405
drop_C2,1003,0.029061612671907266
drop_C2,1004,0.029721919037157984
drop_C2,1005,0.02755619850771862
drop_C2,1006,0.017785246849454595
drop_C2,1007,0.02224807901704451
drop_C2,1008,0.021335293509039843
drop_C2,1009,0.022056766224685442
drop_C2,1010,0.01914283641670317
drop_C2,1011,0.015683506432719097
drop_C2,1012,0.020686970380688785
drop_C2,1013,0.01272800034903776
drop_C2,1014,0.02872587130592319
drop_C2,1015,0.029571834484512616
drop_C2,1016,0.02600391141480296
drop_C2,1017,0.01801689570944376
drop_C2,1018,0.026617177953900117
drop_C2,1019,0.027249476152430785
drop_C2,1020,0.022715570916602423
drop_C2,1021,0.01650171563430952
drop_C2,1022,0.02177306370856741
drop_C2,1023,0.02188144406627568
drop_C2,1024,0.019015613412121213
drop_C2,1025,0.02959516168220283
drop_C2,1026,0.03203791459731414
drop_C2,1027,0.02711392949172614
drop_C2,1028,0.018695095375763582
drop_C2,1029,0.02313938694441703
drop_C2,1030,0.01949148388458552
drop_C2,1031,0.0193234538695371
drop_C2,1032,0.020399566952201298
drop_C2,1033,0.02075216989198314
drop_C2,1034,0.017405786768313003
drop_C2,1035,0.028722236914808907
drop_C2,1036,0.02928062449838159
drop_C2,1037,0.013267517426331199
drop_C2,1038,0.02769123725324002
drop_C2,1039,0.014591975130484769
drop_C2,1040,0.028722884863567777
drop_C2,1041,0.0241812051591479
drop_C2,1042,0.01008503008049344
drop_C2,1043,0.028717358157077932
drop_C2,1044,0.01777223175206455
drop_C2,1045,0.03533490779307771
drop_C2,1046,0.02610029067955455
drop_C2,1047,0.028010679228993224
drop_C2,1048,0.020023242692863985
drop_C2,1049,0.011314024164955055
drop_C2,1050,0.010055033145294934
drop_C2,1051,0.019595675322907513
drop_C2,1052,0.020682921441325164
drop_C2,1053,0.02053836970354256
drop_C2,1054,0.01498017132602325
drop_C2,1055,0.02040381142292874
drop_C2,1056,0.02558417779593658
drop_C2,1057,0.015881330314780395
drop_C2,1058,0.017187226864678773
drop_C2,1059,0.021353457946666377
drop_C2,1060,0.01635809179267983
drop_C2,1061,0.020579378122807412
drop_C2,1062,0.01662994303156301
drop_C2,1063,0.031168426124721843
drop_C2,1064,0.00916127623662849
drop_C2,1065,0.02645976680111292
drop_C2,1066,0.013818837451870652
drop_C2,1067,0.01750776423652184
drop_C2,1068,0.025340603401077272
drop_C2,1069,0.02383280002888677
drop_C2,1070,0.006854961360135581
drop_C2,1071,0.01699403704389507
drop_C2,1072,0.018422766678213187
drop_C2,1073,0.023029096193652426
drop_C2,1074,0.018876567685753187
drop_C2,1075,0.026596513901895213
drop_C2,1076,0.02789162981160176
drop_C2,1077,0.01262803241178867
drop_C2,1078,0.012394034124594971
drop_C2,1079,0.028832654114596318
drop_C2,1080,0.02077917998993617
drop_C2,1081,0.03378093428668272
drop_C2,1082,0.02474850866792322
drop_C2,1083,0.019673104495957605
drop_C2,1084,0.023948336642310608
drop_C2,1085,0.0074428017324355555
drop_C2,1086,0.025967469070810156
drop_C2,1087,0.029483867458001523
drop_C2,1088,0.01622456013532836
drop_C2,1089,0.02506930292350923
drop_C2,1090,0.0154455304568408
drop_C2,1091,0.011622478621533483
drop_C2,1092,0.010531278403716704
drop_C2,1093,0.004100448383854982
drop_C2,1094,0.02829678452965595
drop_C2,1095,0.027239249556453737
drop_C2,1096,0.024608070378768443
drop_C2,1097,0.036637282505426916
drop_C2,1098,0.00875495662601744
drop_C2,1099,0.016751672213370206
drop_C2,1100,0.020348311675980724
drop_C2,1101,0.014562435213602454
drop_C2,1102,0.02138456456153076
drop_C2,1103,0.020738776038535356
drop_C2,1104,0.02005783022311841
drop_C2,1105,0.02730381068041754
drop_C2,1106,0.03217111487685964
drop_C2,1107,0.029968592855902226
drop_C2,1108,0.01425877713364343
drop_C2,1109,0.020649615786583753
drop_C2,1110,0.029111123222073765
drop_C2,1111,0.01807232131023806
drop_C2,1112,0.02317346026099215
drop_C2,1113,0.014091489860333373
drop_C2,1114,0.03369638208631465
drop_C2,1115,0.030771420774634684
drop_C2,1116,0.017723394985076024
drop_C2,1117,0.027581980786076987
drop_C2,1118,0.018380112023124617
drop_C2,1119,0.014253162769021555
drop_C2,1120,0.020600250048217306
drop_C2,1121,0.010497732959637962
drop_C2,1122,0.01652433444637233
drop_C2,1123,0.028575082521001716
drop_C2,1124,0.028759919002253997
drop_C2,1125,0.018990900605835692
drop_C2,1126,0.026553969116498266
drop_C2,1127,0.023774106366828862
drop_C2,1128,0.022110604315147164
drop_C2,1129,0.024691232756314407
drop_C2,1130,0.02760263410338276
drop_C2,1131,0.016849565537863376
drop_C2,1132,0.013192849902919801
drop_C2,1133,0.029314459363841666
drop_C2,1134,0.012841160634960491
drop_C2,1135,0.019711063565923892
drop_C2,1136,0.01805880685867972
drop_C2,1137,0.03412549909729479
drop_C2,1138,0.019117079776883206
drop_C2,1139,0.036256853520738486
drop_C2,1140,0.017319089788501996
drop_C2,1141,0.04075325529033377
drop_C2,1142,0.007094821844038035
drop_C2,1143,0.023383357308183694
drop_C2,1144,0.0259411034888839
drop_C2,1145,0.03332118952398011
drop_C2,1146,0.025970193461229196
drop_C2,1147,0.015851907122986036
drop_C2,1148,0.036883225624042115
drop_C2,1149,0.013693660568255495
drop_C2,1150,0.01610930331698235
drop_C2,1151,0.022700232151801447
drop_C2,1152,0.009148576996312247
drop_C2,1153,0.01361097042827536
drop_C2,1154,0.02808978092694886
drop_C2,1155,0.018954627788243306
drop_C2,1156,0.01839651618243987
drop_C2,1157,0.021779174236914445
drop_C2,1158,0.017953102937629695
drop_C2,1159,0.020916438400934267
drop_C2,1160,0.017419242800423007
drop_C2,1161,0.024617335144881236
drop_C2,1162,0.02384854212140547
drop_C2,1163,0.019933637303338803
drop_C2,1164,0.021592646556061468
drop_C2,1165,0.013266045856708764
drop_C2,1166,0.02894279334329658
drop_C2,1167,0.02762390720985508
drop_C2,1168,0.023065916692431354
drop_C2,1169,0.027578764503284336
drop_C2,1170,0.023398613601609886
drop_C2,1171,0.00833954850606028
drop_C2,1172,0.03125447402092518
drop_C2,1173,0.014920863089632697
drop_C2,1174,0.02128032330726043
drop_C2,1175,0.020135877915983036
drop_C2,1176,0.024903886787779134
drop_C2,1177,0.02624936489245283
drop_C2,1178,0.03769045247928954
drop_C2,1179,0.02373272156332143
drop_C2,1180,0.015007684997989656
drop_C2,1181,0.0210269441208924
drop_C2,1182,0.017275436387254872
drop_C2,1183,0.024831027275044992
drop_C2,1184,0.047024719918838276
drop_C2,1185,0.01885057038004523
drop_C2,1186,0.024608045842557547
drop_C2,1187,0.023425809150586452
drop_C2,1188,0.016237116982997513
drop_C2,1189,0.014545423539790492
drop_C2,1190,0.030829898805181
drop_C2,1191,0.02313826559540849
drop_C2,1192,0.019058067884508145
drop_C2,1193,0.023411418644905202
drop_C2,1194,0.022681930612760914
drop_C2,1195,0.01166991548934787
drop_C2,1196,0.018727114035305414
drop_C2,1197,0.024331016680033846
drop_C2,1198,0.010222757360387913
drop_C2,1199,0.023642179943882735
drop_C2,1200,0.01726947773381149
drop_C2,1201,0.018519543349475642
drop_C2,1202,0.024171205854218614
drop_C2,1203,0.020454521737582443
drop_C2,1204,0.022154766872629184
drop_C2,1205,0.021971140809023904
drop_C2,1206,0.020851766686680873
drop_C2,1207,0.021044813693150033
drop_C2,1208,0.002589921805980666
drop_C2,1209,0.017300317680878863
drop_C2,1210,0.029277474813298565
drop_C2,1211,0.003399646089009112
drop_C2,1212,0.01360880007272125
drop_C2,1213,0.022361867787429823
drop_C2,1214,0.031870258429664955
drop_C2,1215,0.014417959475774844
drop_C2,1216,0.03298332662292844
drop_C2,1217,0.025532705270864264
drop_C2,1218,0.008393616997719955
drop_C2,1219,0.01891364408488222
drop_C2,1220,0.025047009227489758
drop_C2,1221,0.029649896842514345
drop_C2,1222,0.013563699752162761
drop_C2,1223,0.032239682333688985
drop_C2,1224,0.031191820180310637
drop_C2,1225,0.01981476138819349
drop_C2,1226,0.032757297371921734
drop_C2,1227,0.021127470321549213
drop_C2,1228,0.01152404110802685
drop_C2,1229,0.009659592909628867
drop_C2,1230,0.024912259049946706
drop_C2,1231,0.026417248995024956
drop_C2,1232,0.02075680979674477
drop_C2,1233,0.022436051323940748
drop_C2,1234,0.038697370195895836
drop_C2,1235,0.025259317706173345
drop_C2,1236,0.023187712273700423
drop_C2,1237,0.030981058416633567
drop_C2,1238,0.02105269084686079
drop_C2,1239,0.019184582613198442
drop_C2,1240,0.019104993020232885
drop_C2,1241,0.03151132996928091
drop_C2,1242,0.017839076070796156
drop_C2,1243,0.016874632718872795
drop_C2,1244,0.022378404085781567
drop_C2,1245,0.017334330535495324
drop_C2,1246,0.014081393389513197
drop_C2,1247,0.011063092313658818
drop_C2,1248,0.013655196989828422
drop_C2,1249,0.03270858334417731
drop_C2,1250,0.012443140830790372
drop_C2,1251,0.027815658054598846
drop_C2,1252,-0.0006360958527338312
drop_C2,1253,0.028973625703199668
drop_C2,1254,0.013341584363156855
drop_C2,1255,0.030230964980672348
drop_C2,1256,0.029813319535276467
drop_C2,1257,0.02298479182722646
drop_C2,1258,0.029484559694208046
drop_C2,1259,0.029506938038874386
drop_C2,1260,0.029852386305320278
drop_C2,1261,0.031740023708370146
drop_C2,1262,0.030468774159616574
drop_C2,1263,0.027251105833420497
drop_C2,1264,0.026865910934031845
drop_C2,1265,0.010429265919960684
drop_C2,1266,0.021507160579004064
drop_C2,1267,0.028183754431400226
drop_C2,1268,0.02356530346375768
drop_C2,1269,0.02299224086255358
drop_C2,1270,0.017120475956303505
drop_C2,1271,0.027075949902051977
drop_C2,1272,0.017768425365230434
drop_C2,1273,0.029162041276922346
drop_C2,1274,0.019682164589089918
drop_C2,1275,0.006062293319240908
drop_C2,1276,0.03203211297000913
drop_C2,1277,0.02172743289126028
drop_C2,1278,0.01790439517656703
drop_C2,1279,0.03301505030429447
drop_C2,1280,0.029725023154253516
drop_C2,1281,0.03429390197948479
drop_C2,1282,0.01980775859746492
drop_C2,1283,0.0161380449249294
drop_C2,1284,0.02871705683028586
drop_C2,1285,0.016509399917517847
drop_C2,1286,0.014896064376509977
drop_C2,1287,0.031684765027260864
drop_C2,1288,0.015995587380008447
drop_C2,1289,0.02966166223210323
drop_C2,1290,0.019388029219946035
drop_C2,1291,0.023444871606792483
drop_C2,1292,0.020071506436010078
drop_C2,1293,0.027121600739244273
drop_C2,1294,0.018460823906819468
drop_C2,1295,0.03529892638287094
drop_C2,1296,0.012301525980814687
drop_C2,1297,0.030214264026348858
drop_C2,1298,0.028844115206640597
drop_C2,1299,0.02950574152242491
drop_C2,1300,0.017938629644548454
drop_C2,1301,0.02463478656566581
drop_C2,1302,0.03250143948144321
drop_C2,1303,0.02153171348827787
drop_C2,1304,0.016307986689114373
drop_C2,1305,0.019728392708229237
drop_C2,1306,0.021189473396438507
drop_C2,1307,0.018251833273736917
drop_C2,1308,0.025329290496370394
drop_C2,1309,0.034835221442412856
drop_C2,1310,0.030474549438719467
drop_C2,1311,0.013009821388138554
drop_C2,1312,0.023789667260993907
drop_C2,1313,0.013909812096072727
drop_C2,1314,0.03815571529614786
drop_C2,1315,0.036722416529517576
drop_C2,1316,0.027277589779617084
drop_C2,1317,0.020222828510568003
drop_C2,1318,0.023714789823898713
drop_C2,1319,0.015606888385012258
drop_C2,1320,0.018960541086617266
drop_C2,1321,0.0331428217049029
drop_C2,1322,0.017982186156125735
drop_C2,1323,0.031070736153691547
drop_C2,1324,0.014609043279089517
drop_C2,1325,0.03330823756724441
drop_C2,1326,0.026862575837625025
drop_C2,1327,0.032243590549135615
drop_C2,1328,0.02799450518185842
drop_C2,1329,0.019783694789115736
drop_C2,1330,0.010671031565857192
drop_C2,1331,0.017622833265771715
drop_C2,1332,0.032076618676853574
drop_C2,1333,0.01149513019016371
drop_C2,1334,0.03266940534144133
drop_C2,1335,0.02344684195691099
drop_C2,1336,0.020456329008965213
drop_C2,1337,0.030274633861931632
drop_C2,1338,0.02814088447112545
drop_C2,1339,0.026840993512939892
drop_C2,1340,0.030873846034775554
drop_C2,1341,0.022471204626315994
drop_C2,1342,0.025553503006338074
drop_C2,1343,0.007147561874130459
drop_C2,1344,0.02401918993668456
drop_C2,1345,0.028925945651099016
drop_C2,1346,0.015361195255119697
drop_C2,1347,0.015961102951944584
drop_C2,1348,0.03991222316202331
drop_C2,1349,0.032840689496163866
drop_C2,1350,0.0350895694195541
drop_C2,1351,0.03279920726838767
drop_C2,1352,0.01951448726805821
drop_C2,1353,0.0304247777686234
drop_C2,1354,0.040080034470861614
drop_C2,1355,0.030242852420747368
drop_C2,1356,0.009411216735369321
drop_C2,1357,0.003916199015244648
drop_C2,1358,0.013745575340283034
drop_C2,1359,0.011844843839548314
drop_C2,1360,0.022168987047130023
drop_C2,1361,0.020895388088733396
drop_C2,1362,0.017519592386571137
drop_C2,1363,0.02010990602685442
drop_C2,1364,0.023484152584515222
drop_C2,1365,0.023903848296266406
drop_C2,1366,0.02863426047535017
drop_C2,1367,0.023747725137054088
drop_C2,1368,0.011128753119935608
drop_C2,1369,0.013953010642166586
drop_C2,1370,0.021833240671446874
drop_C2,1371,0.016054630364777778
drop_C2,1372,0.020506628992440434
drop_C2,1373,0.022001545130038713
drop_C2,1374,0.016075143722123264
drop_C2,1375,0.014977392921239396
drop_C2,1376,0.0196200226203275
drop_C2,1377,0.02244187420992727
drop_C2,1378,0.018200818541611652
drop_C2,1379,0.010147410788742761
drop_C2,1380,0.022702835902244423
drop_C2,1381,0.031871145167645026
drop_C2,1382,0.024211738508983005
drop_C2,1383,0.0032066415393979253
drop_C2,1384,0.027042720096298184
drop_C2,1385,0.00750019673300184
drop_C2,1386,0.011567069567783972
drop_C2,1387,0.013961695259866014
drop_C2,1388,0.0211715166738361
drop_C2,1389,0.022545981621002187
drop_C2,1390,0.017522185381495525
drop_C2,1391,0.02164948515859494
drop_C2,1392,0.009350275695117871
drop_C2,1393,0.010091574990846675
drop_C2,1394,0.02667069592035659
drop_C2,1395,0.02554104015475689
drop_C2,1396,0.02020015860554647
drop_C2,1397,0.022295054363292433
drop_C2,1398,0.02417340327212747
drop_C2,1399,0.023077344887444506
drop_C2,1400,0.028592778205760894
drop_C2,1401,0.022515878069911843
drop_C2,1402,0.021831415287699996
drop_C2,1403,0.021470727371150883
drop_C2,1404,0.020121729350510875
drop_C2,1405,0.02211087265235767
drop_C2,1406,0.021544249700677948
drop_C2,1407,0.030886060294929046
drop_C2,1408,0.014925036339066777
drop_C2,1409,0.038208263173802826
drop_C2,1410,0.02800610074703158
drop_C2,1411,0.01882853159297576
drop_C2,1412,0.020876053453741272
drop_C2,1413,0.029301315702079778
drop_C2,1414,0.03149392077716806
drop_C2,1415,0.01977356671317243
drop_C2,1416,0.034800686383318624
drop_C2,1417,0.016432434702827764
drop_C2,1418,0.027016019883073672
drop_C2,1419,0.02363304254119558
drop_C2,1420,0.020084541483306573
drop_C2,1421,0.03710220785181739
drop_C2,1422,0.022041980509372783
drop_C2,1423,0.022288599985768764
drop_C2,1424,0.03458888563460161
drop_C2,1425,0.0300792929844709
drop_C2,1426,0.021099238823319266
drop_C2,1427,0.017788276859519947
drop_C2,1428,0.0151211303842535
drop_C2,1429,0.015047447342503018
drop_C2,1430,0.016721710330759698
drop_C2,1431,0.022314950102837516
drop_C2,1432,0.021046404713621236
drop_C2,1433,0.022837387259640907
drop_C2,1434,0.019356183550297335
drop_C2,1435,0.03818536098006525
drop_C2,1436,0.014943265001281403
drop_C2,1437,0.013350947369489052
drop_C2,1438,0.013597810874666327
drop_C2,1439,0.012951310279968375
drop_C2,1440,0.016354607364614027
drop_C2,1441,0.015688767890631283
drop_C2,1442,0.020280111395758693
drop_C2,1443,0.013301449179187463
drop_C2,1444,0.037851484077469744
drop_C2,1445,0.0021270764334549996
drop_C2,1446,0.03359149318572893
drop_C2,1447,0.01630571656639135
drop_C2,1448,0.011820405756724939
drop_C2,1449,0.03467057400770429
drop_C2,1450,0.020765220276903806
drop_C2,1451,0.025761235427006535
drop_C2,1452,0.035965022996952756
drop_C2,1453,0.023087784998660155
drop_C2,1454,0.032699203652765685
drop_C2,1455,0.0172926356480137
drop_C2,1456,0.019602771141436437
drop_C2,1457,0.021613180938748144
drop_C2,1458,0.018468524296602673
drop_C2,1459,0.023695783529858072
drop_C2,1460,0.022239978194715626
drop_C2,1461,0.010343499807075052
drop_C2,1462,0.02714215843949691
drop_C2,1463,0.021038404190788257
drop_C2,1464,0.01944900825353149
drop_C2,1465,0.014015629516687722
drop_C2,1466,0.02891034700159939
drop_C2,1467,0.03132341739151723
drop_C2,1468,0.0191753266480576
drop_C2,1469,0.01973481387400189
drop_C2,1470,0.02984088752722458
drop_C2,1471,0.025236141168863135
drop_C2,1472,0.013125574839450982
drop_C2,1473,0.014322906626025922
drop_C2,1474,0.03462076885368401
drop_C2,1475,0.01810025180225988
drop_C2,1476,0.01824443366138384
drop_C2,1477,0.02880157175061132
drop_C2,1478,0.03997077926129977
drop_C2,1479,0.012121037396090384
drop_C2,1480,0.00891524697406959
drop_C2,1481,0.03758267099897705
drop_C2,1482,0.02384784347414426
drop_C2,1483,0.023176281704920698
drop_C2,1484,0.009718663513096193
drop_C2,1485,0.03287323758549476
drop_C2,1486,0.03404399821787607
drop_C2,1487,0.028833805947098945
drop_C2,1488,0.03564339443366346
drop_C2,1489,0.01754909833196111
drop_C2,1490,0.008436389456546567
drop_C2,1491,0.0145508619700849
drop_C2,1492,0.029125760530614886
drop_C2,1493,0.016933828604073747
drop_C2,1494,0.020495917529080143
drop_C2,1495,0.01594038029627942
drop_C2,1496,0.029224713070199082
drop_C2,1497,0.017395329204992427
drop_C2,1498,0.015913063271332267
drop_C2,1499,0.02508061253767524
drop_C2,1500,0.01560363138296289
drop_C2,1501,0.029280247720039676
drop_C2,1502,0.028039323269716088
drop_C2,1503,0.030573415105571045
drop_C2,1504,0.020868977911478515
drop_C2,1505,0.011706934640234423
drop_C2,1506,0.007702108469853641
drop_C2,1507,0.023439660735283918
drop_C2,1508,0.014507126761994671
drop_C2,1509,0.024331665327852525
drop_C2,1510,0.0315998950516615
drop_C2,1511,0.010127983917266381
drop_C2,1512,0.029581084940567548
drop_C2,1513,0.01999057841261337
drop_C2,1514,0.019993829863949875
drop_C2,1515,0.025681167468430577
drop_C2,1516,0.012850168924573913
drop_C2,1517,0.012226232952342486
drop_C2,1518,0.0072448819154950495
drop_C2,1519,0.008179698992894169
drop_C2,1520,0.01964614004753118
drop_C2,1521,0.0093625088221857
drop_C2,1522,0.03108270960683096
drop_C2,1523,0.031265001761053735
drop_C2,1524,0.023731660593596327
drop_C2,1525,0.019827822591349742
drop_C2,1526,0.017269657316783926
drop_C2,1527,0.010916692891182078
drop_C2,1528,0.023070734552187
drop_C2,1529,0.025714462606481914
drop_C2,1530,0.019266229138765578
drop_C2,1531,0.014878418477619781
drop_C2,1532,0.021599262026531674
drop_C2,1533,0.02558794249838947
drop_C2,1534,0.0215007379370713
drop_C2,1535,0.02603400590411209
drop_C2,1536,0.018720364924491584
drop_C2,1537,0.037039579048472104
drop_C2,1538,0.021624380365940277
drop_C2,1539,0.03406536867893009
drop_C2,1540,0.026139111533331483
drop_C2,1541,0.014112465437416094
drop_C2,1542,0.035328154216791974
drop_C2,1543,0.019017274294232056
drop_C2,1544,0.019063457956904506
drop_C2,1545,0.019967403214735002
drop_C2,1546,0.01875588092847208
drop_C2,1547,0.020438458612376365
drop_C2,1548,0.018201022139649692
drop_C2,1549,0.03687053246231531
drop_C2,1550,0.022389933348496316
drop_C2,1551,0.03430295922015175
drop_C2,1552,0.019834930883252944
drop_C2,1553,0.028697057764623862
drop_C2,1554,0.0373260630549499
drop_C2,1555,0.02189385768747415
drop_C2,1556,0.016621993645398903
drop_C2,1557,0.03949901438797887
drop_C2,1558,0.027008323867376033
drop_C2,1559,0.021411921150104152
drop_C2,1560,0.023988185063229195
drop_C2,1561,0.020936401993689624
drop_C2,1562,0.024992112527783772
drop_C2,1563,0.013618435391071437
drop_C2,1564,0.011652795859708576
drop_C2,1565,0.01499788772280261
drop_C2,1566,0.02449685200037388
drop_C2,1567,0.025427004777993367
drop_C2,1568,0.027672375739070304
drop_C2,1569,0.010385559718749215
drop_C2,1570,0.029302181020372242
drop_C2,1571,0.02658339996170561
drop_C2,1572,0.01486737447947295
drop_C2,1573,0.02188345348674725
drop_C2,1574,0.011960070383331745
drop_C2,1575,0.022476550140059837
drop_C2,1576,0.02771122456105715
drop_C2,1577,0.01937716304607051
drop_C2,1578,0.016921495791719532
drop_C2,1579,0.008796496697089318
drop_C2,1580,0.01874970725274977
drop_C2,1581,0.02673726649128294
drop_C2,1582,0.028721298557111308
drop_C2,1583,0.013481272647905662
drop_C2,1584,0.030443720653862166
drop_C2,1585,0.0235070124519694
drop_C2,1586,0.016039629944288092
drop_C2,1587,0.02539281766785867
drop_C2,1588,0.028827399616336125
drop_C2,1589,0.02115898458558002
drop_C2,1590,0.02654178211456859
drop_C2,1591,0.019575797865086175
drop_C2,1592,0.03298308636126274
drop_C2,1593,0.028777654676223702
drop_C2,1594,0.01935985207452956
drop_C2,1595,0.014928964063232908
drop_C2,1596,0.012170893972667796
drop_C2,1597,0.022484794616907194
drop_C2,1598,0.02439132188474402
drop_C2,1599,0.02630850569050064
drop_C2,1600,0.02921014328716104
drop_C2,1601,0.023137269780397707
drop_C2,1602,0.03303959094713382
drop_C2,1603,0.03813616918401047
drop_C2,1604,0.03434044561711064
drop_C2,1605,0.019281806219379583
drop_C2,1606,0.0280794312524886
drop_C2,1607,0.024948093440032404
drop_C2,1608,0.02347337946425032
drop_C2,1609,0.01845965994124782
drop_C2,1610,0.009267854343162074
drop_C2,1611,0.018425170112680467
drop_C2,1612,0.023868809416473125
drop_C2,1613,0.034344696915840967
drop_C2,1614,0.009461368079426768
drop_C2,1615,0.02296693837273145
drop_C2,1616,0.02103295645708214
drop_C2,1617,0.018831699697796633
drop_C2,1618,0.027664574268645326
drop_C2,1619,0.02202965702665785
drop_C2,1620,0.01580126272228166
drop_C2,1621,0.012006532750805182
drop_C2,1622,0.03186489611123955
drop_C2,1623,0.027201493673668947
drop_C2,1624,0.023137637651797105
drop_C2,1625,0.019190590019661113
drop_C2,1626,0.018510727525858806
drop_C2,1627,0.03305813679359704
drop_C2,1628,0.015295659274969897
drop_C2,1629,0.022331152262688392
drop_C2,1630,0.029862111253092793
drop_C2,1631,0.005562299592864028
drop_C2,1632,0.023067156440115588
drop_C2,1633,0.021385402986674573
drop_C2,1634,0.028089597566632596
drop_C2,1635,0.022811471148850737
drop_C2,1636,0.018993658545536085
drop_C2,1637,0.025569666988669526
drop_C2,1638,0.0287202378127962
drop_C2,1639,0.016408058579186313
drop_C2,1640,0.022095961207894754
drop_C2,1641,0.018925513480567813
drop_C2,1642,0.022171662931957548
drop_C2,1643,0.025470179275577265
drop_C2,1644,0.02376200242031795
drop_C2,1645,0.028454475800627266
drop_C2,1646,0.03519848752400573
drop_C2,1647,0.02474169670680826
drop_C2,1648,0.027093507895436575
drop_C2,1649,0.018148135684509625
drop_C2,1650,0.03974100113147508
drop_C2,1651,0.032410211382982834
drop_C2,1652,0.018695775983511187
drop_C2,1653,0.02519541873141512
drop_C2,1654,0.021619884296069092
drop_C2,1655,0.018419402228117
drop_C2,1656,0.02524927675135369
drop_C2,1657,0.029950203860351687
drop_C2,1658,0.03225668399764842
drop_C2,1659,0.019175903351162427
drop_C2,1660,0.023645594324716412
drop_C2,1661,0.025458709209221775
drop_C2,1662,0.03130760886475625
drop_C2,1663,0.03052025424635585
drop_C2,1664,0.015906145689767115
drop_C2,1665,0.033953276944599486
drop_C2,1666,0.027926250931131658
drop_C2,1667,0.022990091787489314
drop_C2,1668,0.027372854140814695
drop_C2,1669,0.020679038832706442
drop_C2,1670,0.005952468540214195
drop_C2,1671,0.03444669855108187
drop_C2,1672,0.02477351342883838
drop_C2,1673,0.017967002290514678
drop_C2,1674,0.011195577392923983
drop_C2,1675,0.013774022708768513
drop_C2,1676,0.023296748247302712
drop_C2,1677,0.03562808679193308
drop_C2,1678,0.023279238122742907
drop_C2,1679,0.014921364908316359
drop_C2,1680,0.022819547374265337
drop_C2,1681,0.014282352102493429
drop_C2,1682,0.026157820618564476
drop_C2,1683,0.022920758825940635
drop_C2,1684,0.01404906519952731
drop_C2,1685,0.030113921009882083
drop_C2,1686,0.02471763414369027
drop_C2,1687,0.010693186806020827
drop_C2,1688,0.019865464751480655
drop_C2,1689,0.020613828804562917
drop_C2,1690,0.030703011444580375
drop_C2,1691,0.029761737370269603
drop_C2,1692,0.023491704369386773
drop_C2,1693,0.015176489754919753
drop_C2,1694,0.01645153229463417
drop_C2,1695,0.012501304786096346
drop_C2,1696,0.022784859666354185
drop_C2,1697,0.02509544055321533
drop_C2,1698,0.01888474938777257
drop_C2,1699,0.025468372206424172
drop_C2,1700,0.03301931117081325
drop_C2,1701,0.030459374840681452
drop_C2,1702,0.008492121213466597
drop_C2,1703,0.02141602681022134
drop_C2,1704,0.02142967693794412
drop_C2,1705,0.024246480594409203
drop_C2,1706,0.026981688149293637
drop_C2,1707,0.006920794979345668
drop_C2,1708,0.019180395529391048
drop_C2,1709,0.010402805329986498
drop_C2,1710,0.028290237902457938
drop_C2,1711,0.020090748938314973
drop_C2,1712,0.01942547263874056
drop_C2,1713,0.014714580724630832
drop_C2,1714,0.02261194767214858
drop_C2,1715,0.029309006833954154
drop_C2,1716,0.012219807206616251
drop_C2,1717,0.023450763837024824
drop_C2,1718,0.023024247837425127
drop_C2,1719,0.021555125355182503
drop_C2,1720,0.014397846248860813
drop_C2,1721,0.0253298945476238
drop_C2,1722,0.015809507247647847
drop_C2,1723,0.03785495686221779
drop_C2,1724,0.012408207507543179
drop_C2,1725,0.024736858525758576
drop_C2,1726,0.03480109379216456
drop_C2,1727,0.02772280071513522
drop_C2,1728,0.024317926999498196
drop_C2,1729,0.012941205053943
drop_C2,1730,0.015817604612973712
drop_C2,1731,0.025802565496950897
drop_C2,1732,0.032518569739673764
drop_C2,1733,0.022916716577015772
drop_C2,1734,0.020613018191725674
drop_C2,1735,0.0026210537232490005
drop_C2,1736,0.02277477728598587
drop_C2,1737,0.0225681661794363
drop_C2,1738,0.028089722656098215
drop_C2,1739,0.021775151111470104
drop_C2,1740,0.02856312408597733
drop_C2,1741,0.023082565796056553
drop_C2,1742,0.033271432370099274
drop_C2,1743,0.024574471500936446
drop_C2,1744,0.02688769265078661
drop_C2,1745,0.033585092111060866
drop_C2,1746,0.002134040163001838
drop_C2,1747,0.022207297710359786
drop_C2,1748,0.02784190671408726
drop_C2,1749,0.024836405681215645
drop_C2,1750,0.03512471808050363
drop_C2,1751,0.013250536870235252
drop_C2,1752,0.03879930941959042
drop_C2,1753,0.030035054672466754
drop_C2,1754,0.006309708797286873
drop_C2,1755,0.008221296769491293
drop_C2,1756,0.0207525382612489
drop_C2,1757,0.022644885789689928
drop_C2,1758,0.027178911685195123
drop_C2,1759,0.01957620676515409
drop_C2,1760,0.020076606012648546
drop_C2,1761,0.029786874642224292
drop_C2,1762,0.025151743630599854
drop_C2,1763,0.011518273694251235
drop_C2,1764,0.025585823599372948
drop_C2,1765,0.022580688242070046
drop_C2,1766,0.017920635772615046
drop_C2,1767,0.021823017577798032
drop_C2,1768,0.03865092808154855
drop_C2,1769,0.03698731919730458
drop_C2,1770,0.019666825350225847
drop_C2,1771,0.022307951413387428
drop_C2,1772,0.02750626988500232
drop_C2,1773,0.020482095690600832
drop_C2,1774,0.017028783148074544
drop_C2,1775,0.024239396096065624
drop_C2,1776,0.022748901264066035
drop_C2,1777,0.04053346274753605
drop_C2,1778,0.019854340964840844
drop_C2,1779,0.02413053916957164
drop_C2,1780,0.016496192603957127
drop_C2,1781,0.022461810778650892
drop_C2,1782,0.035232178087425736
drop_C2,1783,0.03250223443637584
drop_C2,1784,0.028863634732559817
drop_C2,1785,0.01428729875058976
drop_C2,1786,0.015911736706822333
drop_C2,1787,0.02570748226152189
drop_C2,1788,0.014205242605468738
drop_C2,1789,0.02962338844653839
drop_C2,1790,0.009419676947858335
drop_C2,1791,0.018001381045894688
drop_C2,1792,0.026071797266750463
drop_C2,1793,0.0225027203420336
drop_C2,1794,0.0038922208848958806
drop_C2,1795,0.003309327220473113
drop_C2,1796,0.01705017303271522
drop_C2,1797,0.013030765623072371
drop_C2,1798,0.007544036039096785
drop_C2,1799,0.002683151429679731
drop_C2,1800,0.021265084053696037
drop_C2,1801,0.026740563657975946
drop_C2,1802,0.029093480626025237
drop_C2,1803,0.020356611270839986
drop_C2,1804,0.02357833898619377
drop_C2,1805,0.03217088372677307
drop_C2,1806,0.02055950334859369
drop_C2,1807,0.022840680756179177
drop_C2,1808,0.027262499583760758
drop_C2,1809,0.018406416303302697
drop_C2,1810,0.020242724387220634
drop_C2,1811,0.015275415519994673
drop_C2,1812,0.014351839623188645
drop_C2,1813,0.022338560320026235
drop_C2,1814,0.030138984158462778
drop_C2,1815,0.02033793483739918
drop_C2,1816,0.017789493573907134
drop_C2,1817,0.014827043317571786
drop_C2,1818,0.023979225607362514
drop_C2,1819,0.010941873746049324
drop_C2,1820,0.03934071796879951
drop_C2,1821,0.014112642515194174
drop_C2,1822,0.0333538995020618
drop_C2,1823,0.000499067283938337
drop_C2,1824,0.02287483557381048
drop_C2,1825,0.025799458180129187
drop_C2,1826,0.024833670399447255
drop_C2,1827,0.029514862889922555
drop_C2,1828,0.01432037802268471
drop_C2,1829,0.0002740487630286115
drop_C2,1830,0.022540778114090998
drop_C2,1831,0.028275704871860374
drop_C2,1832,0.015302261683629054
drop_C2,1833,0.014242190218153206
drop_C2,1834,0.02133060806743861
drop_C2,1835,0.029667098713019757
drop_C2,1836,0.010069481281758719
drop_C2,1837,0.02281975704176653
drop_C2,1838,0.03294455992339129
drop_C2,1839,0.020141138923263607
drop_C2,1840,0.029482622401383662
drop_C2,1841,0.020736561480947324
drop_C2,1842,0.014809639908264893
drop_C2,1843,0.025296280874555488
drop_C2,1844,0.02353408974685517
drop_C2,1845,0.016178013844043382
drop_C2,1846,0.02323208626111839
drop_C2,1847,0.021639329158444964
drop_C2,1848,0.01956012910235158
drop_C2,1849,0.03247840876322297
drop_C2,1850,0.0308563522964192
drop_C2,1851,0.0248884005475139
drop_C2,1852,0.018034491011293396
drop_C2,1853,0.0168009083898219
drop_C2,1854,0.03585844227850021
drop_C2,1855,0.006623980381253669
drop_C2,1856,0.010962634587294018
drop_C2,1857,0.024779922532164933
drop_C2,1858,0.0173544638453334
drop_C2,1859,0.02014664606224148
drop_C2,1860,0.018271057180562517
drop_C2,1861,0.025652878091959874
drop_C2,1862,0.022337265350861557
drop_C2,1863,0.030294549175800434
drop_C2,1864,0.017062008052528332
drop_C2,1865,0.01825060514086496
drop_C2,1866,0.014498905461288403
drop_C2,1867,0.024894464878874423
drop_C2,1868,0.014498320710606277
drop_C2,1869,0.02631113560565093
drop_C2,1870,0.02516354132187415
drop_C2,1871,0.01019302848213513
drop_C2,1872,0.021925041977037207
drop_C2,1873,0.01564471307241594
drop_C2,1874,0.012795363837720591
drop_C2,1875,0.02189118043578192
drop_C2,1876,0.026167950238052545
drop_C2,1877,0.02913999609470963
drop_C2,1878,0.01825760386344563
drop_C2,1879,0.03133217945596206
drop_C2,1880,0.01856566217340125
drop_C2,1881,0.01699826897788098
drop_C2,1882,0.025970899306444806
drop_C2,1883,0.02261155098002876
drop_C2,1884,0.018279074186708655
drop_C2,1885,0.030707568617276026
drop_C2,1886,0.023144179304404267
drop_C2,1887,0.02565236739400939
drop_C2,1888,0.03034868476558583
drop_C2,1889,0.012495823368198045
drop_C2,1890,0.025224596301121727
drop_C2,1891,0.020835507401582493
drop_C2,1892,0.04680105186251557
drop_C2,1893,0.03583333395756816
drop_C2,1894,0.023337832962518124
drop_C2,1895,0.007867304504425632
drop_C2,1896,0.01583392538316014
drop_C2,1897,0.025440066064541245
drop_C2,1898,0.020550709022958386
drop_C2,1899,0.026027201704057756
drop_C2,1900,0.027221972636036817
drop_C2,1901,0.024068112983083756
drop_C2,1902,0.031309654281328814
drop_C2,1903,0.021505755051876574
drop_C2,1904,0.002541717457554493
drop_C2,1905,0.024803154833522162
drop_C2,1906,0.023279890285556604
drop_C2,1907,0.024945023509676867
drop_C2,1908,0.024910727196997662
drop_C2,1909,0.013576544711400018
drop_C2,1910,0.04032166044121438
drop_C2,1911,0.015070114291014458
drop_C2,1912,0.027011746715041807
drop_C2,1913,0.02366794352188034
drop_C2,1914,0.019223626509605907
drop_C2,1915,0.019312438751179772
drop_C2,1916,0.02898924175171891
drop_C2,1917,0.006473857806040373
drop_C2,1918,0.015663442950988316
drop_C2,1919,0.012822800312689953
drop_C2,1920,0.027712090564845582
drop_C2,1921,0.027566906673016756
drop_C2,1922,0.017698467186561595
drop_C2,1923,0.03043915590719251
drop_C2,1924,0.03345607624369451
drop_C2,1925,0.016877863020984263
drop_C2,1926,0.020204896503286773
drop_C2,1927,0.015402599248809823
drop_C2,1928,0.02002671492912028
drop_C2,1929,0.02369809508565382
drop_C2,1930,0.01852992987563129
drop_C2,1931,0.005215944401441797
drop_C2,1932,0.01592144787677119
drop_C2,1933,0.015642828670591524
drop_C2,1934,0.028295059149267276
drop_C2,1935,0.027055443846335403
drop_C2,1936,0.024589887206426797
drop_C2,1937,0.026842989490014735
drop_C2,1938,0.030794327065260918
drop_C2,1939,0.02747310593251956
drop_C2,1940,0.02271603387109583
drop_C2,1941,0.04040325332102712
drop_C2,1942,0.029032620350719684
drop_C2,1943,0.020395327725343193
drop_C2,1944,0.011937966415972723
drop_C2,1945,0.02220646312652344
drop_C2,1946,0.028348123921059454
drop_C2,1947,0.029890753898207445
drop_C2,1948,0.035553307175922366
drop_C2,1949,0.027841715616412965
drop_C2,1950,0.021754990085680936
drop_C2,1951,0.023179889826322353
drop_C2,1952,0.02507247761587758
drop_C2,1953,0.029349147624750382
drop_C2,1954,0.01531626736080166
drop_C2,1955,0.025156005538169046
drop_C2,1956,0.020502812974592305
drop_C2,1957,0.01871107886222187
drop_C2,1958,0.025745432488191555
drop_C2,1959,0.0058749476092400665
drop_C2,1960,0.030409369740953818
drop_C2,1961,0.01190482293369527
drop_C2,1962,0.026828117119758743
drop_C2,1963,0.03381219054674911
drop_C2,1964,0.030067268439255
drop_C2,1965,0.02208959601885968
drop_C2,1966,0.020791650327295352
drop_C2,1967,0.027995086555703763
drop_C2,1968,0.025745595461874715
drop_C2,1969,0.01718077703449955
drop_C2,1970,0.022005602725554685
drop_C2,1971,0.02682597577287421
drop_C2,1972,0.023452149244404696
drop_C2,1973,0.03711198270781363
drop_C2,1974,0.008049482829000087
drop_C2,1975,0.011978335463340845
drop_C2,1976,0.01511561064959499
drop_C2,1977,0.020098863493951458
drop_C2,1978,0.019876227296214827
drop_C2,1979,0.02799984880530748
drop_C2,1980,0.021097956938402662
drop_C2,1981,0.024606694984241007
drop_C2,1982,0.014734283759926081
drop_C2,1983,0.02836433130539473
drop_C2,1984,0.015012873329314447
drop_C2,1985,0.007670874322179
drop_C2,1986,0.03161590550960086
drop_C2,1987,0.018541376713254343
drop_C2,1988,0.022298740817494833
drop_C2,1989,0.03115499475924119
drop_C2,1990,-0.009748316379217359
drop_C2,1991,0.004757187241990035
drop_C2,1992,0.011690557835194737
drop_C2,1993,0.02574846656590976
drop_C2,1994,0.03571615835514713
drop_C2,1995,0.030290059719886964
drop_C2,1996,0.007145976084077299
drop_C2,1997,0.028529258985505512
drop_C2,1998,0.017787100318176707
drop_C2,1999,0.03158048200900804
drop_C2,2000,0.021588401588694905
