repeat,feature,standardized_coefficient
1,C1,-0.031133734393171082
1,Q1_percent,0.09014280869615789
1,C2,-0.12815829564393025
2,C1,-0.1257837483899859
2,Q1_percent,0.21001415927905348
2,C2,-0.06755286304526051
3,C1,-0.04859619987430888
3,Q1_percent,0.1059824532041291
3,C2,-0.07872833120048602
4,C1,-0.09693560181203288
4,Q1_percent,0.1671012920885302
4,C2,-0.17061740081907112
5,C1,-0.03287989112013048
5,Q1_percent,0.11890260320145359
5,C2,-0.15707320861286553
6,C1,-0.08744599167513153
6,Q1_percent,0.2516087626182139
6,C2,-0.19445090643650736
7,C1,-0.11065582962972047
7,Q1_percent,0.14923550176119313
7,C2,-0.2202316562289121
8,C1,0.1326081024914076
8,Q1_percent,0.006309557979333146
8,C2,-0.0132896256064615
9,C1,-0.006609185389807002
9,Q1_percent,0.1497497433657524
9,C2,-0.11846132698049452
10,C1,0.01912306659508638
10,Q1_percent,0.19656294638205926
10,C2,-0.04119887811818747
11,C1,-0.08294456844379647
11,Q1_percent,0.16712096981387567
11,C2,-0.1464269586650817
12,C1,-0.11596721599242946
12,Q1_percent,0.25864206507690546
12,C2,-0.07299130969115605
13,C1,0.06935399848496071
13,Q1_percent,0.11946704904282002
13,C2,-0.08375491611615622
14,C1,0.003851083057475369
14,Q1_percent,0.15869333650346015
14,C2,-0.11749875734420305
15,C1,-0.009052493414410338
15,Q1_percent,0.19954407811021102
15,C2,-0.07875273834541659
16,C1,-0.07689244005380445
16,Q1_percent,0.153705058781832
16,C2,-0.16097126395044759
17,C1,0.013189263257485375
17,Q1_percent,0.2724395773503234
17,C2,-0.08859192545858789
18,C1,0.03543695348225293
18,Q1_percent,0.11667411893352012
18,C2,-0.015567932021586448
19,C1,0.00480126862270343
19,Q1_percent,0.16144326463258163
19,C2,-0.09561800762494653
20,C1,0.11858558235410159
20,Q1_percent,0.1096586005042265
20,C2,-0.010054463232693567
21,C1,-0.03152176622313207
21,Q1_percent,0.16161098134007995
21,C2,-0.11905552904638592
22,C1,-0.044391473530420576
22,Q1_percent,0.14470651859211975
22,C2,-0.17317996322220097
23,C1,-0.14985312116691737
23,Q1_percent,0.2484828011898671
23,C2,-0.21973724541095774
24,C1,0.05124246004095318
24,Q1_percent,0.10730967260889031
24,C2,-0.04335831404174769
25,C1,-0.05807064727774592
25,Q1_percent,0.2537540153587188
25,C2,-0.14109195411683859
26,C1,0.035856063677621335
26,Q1_percent,0.10505271517217903
26,C2,-0.12625036181107097
27,C1,-0.05984249995658447
27,Q1_percent,0.15889733519817506
27,C2,-0.13112447598570554
28,C1,0.11161553333646855
28,Q1_percent,0.0615354209930698
28,C2,-0.006504658625437057
29,C1,-0.048154050489765926
29,Q1_percent,0.09316679197645081
29,C2,-0.10188253630685562
30,C1,-0.007801039565797499
30,Q1_percent,0.1441291131886252
30,C2,-0.11766590490543802
31,C1,-0.05213780394495667
31,Q1_percent,0.16439405479507418
31,C2,-0.033603920391876214
32,C1,0.01486812179345659
32,Q1_percent,0.10702747295253803
32,C2,-0.05825527009074287
33,C1,0.014617759787150828
33,Q1_percent,0.1565683395980005
33,C2,-0.10724348601015965
34,C1,0.008881825911167363
34,Q1_percent,-0.0200661998335627
34,C2,-0.11481042817591398
35,C1,-0.03952464235342363
35,Q1_percent,0.1711657787852695
35,C2,-0.08146784330798587
36,C1,0.03234105499076257
36,Q1_percent,0.11369027863664524
36,C2,-0.08967854261530438
37,C1,-0.09210082535404496
37,Q1_percent,0.15627179047713685
37,C2,-0.1773304326065089
38,C1,0.030139855975994678
38,Q1_percent,0.0524395996217591
38,C2,-0.0970740554371219
39,C1,-0.1377692933144113
39,Q1_percent,0.21282849765260922
39,C2,-0.23659586512861203
40,C1,-0.027200983148421645
40,Q1_percent,0.13920473751462847
40,C2,-0.12233192318236125
41,C1,0.00441036757503337
41,Q1_percent,0.11421093580383941
41,C2,-0.11050628457436888
42,C1,-0.018800375210052133
42,Q1_percent,0.1722522610234361
42,C2,-0.11738912786140974
43,C1,0.09094560252929892
43,Q1_percent,0.055933771809697753
43,C2,-0.07589283941102219
44,C1,-0.02934866020975525
44,Q1_percent,0.11829885758280768
44,C2,-0.10924269774655171
45,C1,0.01951759942670073
45,Q1_percent,0.1958619697012741
45,C2,-0.1138277975128249
46,C1,-0.0435374405219143
46,Q1_percent,0.16126177166805514
46,C2,-0.16584433545482258
47,C1,-0.009225777590421083
47,Q1_percent,0.07797855520231434
47,C2,-0.1193505353267343
48,C1,-0.09870898178544042
48,Q1_percent,0.13927185986975452
48,C2,-0.12625578053740605
49,C1,0.0025384134075745928
49,Q1_percent,0.15834892615656618
49,C2,-0.08969028121526491
50,C1,0.044061242793891675
50,Q1_percent,0.10113806960644063
50,C2,-0.08073243955494921
51,C1,0.1375064694592937
51,Q1_percent,0.038785140062277436
51,C2,0.005140107962043464
52,C1,-0.0820278049242372
52,Q1_percent,0.20312107844617935
52,C2,-0.17981176953976163
53,C1,-0.05167108569420431
53,Q1_percent,0.11827669998522006
53,C2,-0.16859841397584857
54,C1,-0.05224266826806003
54,Q1_percent,0.13380411339967346
54,C2,-0.18300434358070738
55,C1,-0.06270074391806194
55,Q1_percent,0.19642113436050535
55,C2,-0.12640152863447485
56,C1,0.03752685597589283
56,Q1_percent,0.07135033360221286
56,C2,-0.09327756508789543
57,C1,-0.01818627436692296
57,Q1_percent,0.22175258020877192
57,C2,-0.13464885697905743
58,C1,-0.0625398977354147
58,Q1_percent,0.0969840146471707
58,C2,-0.1104150386325451
59,C1,0.0012560434286578608
59,Q1_percent,0.1684018365817359
59,C2,-0.11967260796339255
60,C1,-0.030449199892705652
60,Q1_percent,0.14289012992858371
60,C2,-0.13074534577035188
61,C1,-0.07763738111005444
61,Q1_percent,0.19503520833448387
61,C2,-0.18530365574321317
62,C1,-0.1517595509923109
62,Q1_percent,0.11674369399238703
62,C2,-0.15526087297062807
63,C1,-0.08683452545451006
63,Q1_percent,0.16493594178595336
63,C2,-0.2303120257235349
64,C1,-0.08964861986331406
64,Q1_percent,0.17918027047394566
64,C2,-0.18130457397438418
65,C1,0.010195816347223257
65,Q1_percent,0.08349728283777194
65,C2,-0.07828613136062856
66,C1,0.0949878070242298
66,Q1_percent,0.04198435666059471
66,C2,-0.04414794769474007
67,C1,0.0732006801611829
67,Q1_percent,0.0816543906194482
67,C2,-0.05094201408478819
68,C1,0.05537200817428022
68,Q1_percent,0.11854553753220295
68,C2,-0.05987567322706691
69,C1,-0.0837303019124052
69,Q1_percent,0.1760164006075598
69,C2,-0.1846689899812758
70,C1,0.03593544094871144
70,Q1_percent,0.06649804821930469
70,C2,-0.07055305365978252
71,C1,0.014635933848287385
71,Q1_percent,0.07220253521294533
71,C2,-0.08582504301239302
72,C1,-0.12756856744932052
72,Q1_percent,0.08102091136362305
72,C2,-0.2235820418237355
73,C1,-0.017100790386895298
73,Q1_percent,0.1693047436860411
73,C2,-0.13203676627253808
74,C1,-0.04702886223377252
74,Q1_percent,0.17515357085792072
74,C2,-0.06915788906187352
75,C1,0.004888528554836069
75,Q1_percent,0.08145165135082474
75,C2,-0.12945933870207993
76,C1,-0.005696017258120938
76,Q1_percent,0.21005068501398494
76,C2,-0.04452155909602103
77,C1,-0.04726257973666309
77,Q1_percent,0.16717636408925787
77,C2,-0.10409907233940763
78,C1,-0.06743656585494956
78,Q1_percent,0.20399476257115745
78,C2,-0.16194178012271634
79,C1,-0.08369169135936189
79,Q1_percent,0.19370630513160342
79,C2,-0.1764531572533644
80,C1,-0.12382095168845972
80,Q1_percent,0.24267863655359836
80,C2,-0.14894494933962546
81,C1,-0.01284716675959107
81,Q1_percent,0.1363422551605959
81,C2,-0.16207258921167503
82,C1,-0.07380115316966664
82,Q1_percent,0.17319209615018177
82,C2,-0.18145135959783962
83,C1,0.003658854359108942
83,Q1_percent,0.11795337281958186
83,C2,-0.08761684250974339
84,C1,0.032583701962572556
84,Q1_percent,0.08905991964903938
84,C2,-0.09925250030423712
85,C1,0.005496395302416376
85,Q1_percent,0.12627893308130972
85,C2,-0.08465311615234733
86,C1,0.04826004250245714
86,Q1_percent,0.17857223959994215
86,C2,-0.1319618388602412
87,C1,-0.1107021677653135
87,Q1_percent,0.22587066237043255
87,C2,-0.1395382296959195
88,C1,-0.1430026823444411
88,Q1_percent,0.2758752027162628
88,C2,-0.15896825562215752
89,C1,-0.11771321848113182
89,Q1_percent,0.21275287920159686
89,C2,-0.18327024094068783
90,C1,0.07430619426199585
90,Q1_percent,0.028564310621586788
90,C2,-0.042434228954554176
91,C1,-0.048095889221715156
91,Q1_percent,0.1722172494982906
91,C2,-0.1759043480100991
92,C1,0.06583426275506633
92,Q1_percent,0.18941661524988118
92,C2,-0.04413953234491637
93,C1,-0.03150326300400507
93,Q1_percent,0.1746331470750909
93,C2,-0.16907698466886162
94,C1,-0.0741622487233993
94,Q1_percent,0.1636384325420759
94,C2,-0.15180225130560462
95,C1,-0.01802069966762563
95,Q1_percent,0.1410670911000068
95,C2,-0.17032853574680418
96,C1,-0.05369084494639162
96,Q1_percent,0.16147309522248976
96,C2,-0.11107666568396496
97,C1,0.0725850992064694
97,Q1_percent,0.12716095866085203
97,C2,-0.05393455507177887
98,C1,-0.1061297502738844
98,Q1_percent,0.1469941056313465
98,C2,-0.18881394913118357
99,C1,0.0389253474744416
99,Q1_percent,0.15119009494039964
99,C2,-0.06832575960862977
100,C1,-0.029263465828091424
100,Q1_percent,0.1880865158895299
100,C2,-0.10048545463986895
101,C1,0.05300112994789057
101,Q1_percent,0.06418174795410649
101,C2,-0.10921598514672029
102,C1,-0.17446364460221692
102,Q1_percent,0.252560061649228
102,C2,-0.20390907526454624
103,C1,0.13999393785015016
103,Q1_percent,0.08165247574215213
103,C2,-0.0542643150184288
104,C1,0.1864668100306042
104,Q1_percent,0.030186761492589052
104,C2,0.003148530329101494
105,C1,0.03624443886054965
105,Q1_percent,0.17391946454786827
105,C2,-0.05423434026038774
106,C1,-0.05073295610316898
106,Q1_percent,0.14415893192902937
106,C2,-0.11590519632905984
107,C1,-0.02374447453536103
107,Q1_percent,0.11625671290555693
107,C2,-0.15150920164183027
108,C1,0.029424223256916057
108,Q1_percent,0.09144039396888294
108,C2,-0.07867554491613792
109,C1,-0.03720191103126665
109,Q1_percent,0.12046905829897996
109,C2,-0.11131703808711303
110,C1,-0.028257012473789336
110,Q1_percent,0.11075105890688011
110,C2,-0.11990981910686271
111,C1,0.09620124330795973
111,Q1_percent,0.04218643628378861
111,C2,-0.0844342255726994
112,C1,-0.012032992616209203
112,Q1_percent,0.1060511078856374
112,C2,-0.11452915140822782
113,C1,-0.06764469421789958
113,Q1_percent,0.14192049474313867
113,C2,-0.1476198451550834
114,C1,0.040517338067919614
114,Q1_percent,0.12369588515838147
114,C2,-0.10513101626227621
115,C1,0.04882107321695428
115,Q1_percent,0.06107646239941339
115,C2,-0.026562955581774763
116,C1,-0.044593347274908046
116,Q1_percent,0.16673335946779183
116,C2,-0.14829645064404906
117,C1,-0.038135320402372455
117,Q1_percent,0.0894497105750913
117,C2,-0.09663135233256509
118,C1,-0.06654000350507797
118,Q1_percent,0.1991658100460856
118,C2,-0.19116211519160947
119,C1,0.013261327669649351
119,Q1_percent,0.13247987609178197
119,C2,-0.09253969719316227
120,C1,-0.015114369423422189
120,Q1_percent,0.16018268067299235
120,C2,-0.09248332911844241
121,C1,0.029719781509894592
121,Q1_percent,0.10740512978557341
121,C2,-0.1234108318441232
122,C1,0.03162209561174496
122,Q1_percent,0.16117662272683148
122,C2,-0.10620198874221778
123,C1,0.08596579359712399
123,Q1_percent,0.09652994777221256
123,C2,-0.014384839762567927
124,C1,-0.025067048562141196
124,Q1_percent,0.17281100117550785
124,C2,-0.0767957318142991
125,C1,0.11184486334064489
125,Q1_percent,0.05381974024055471
125,C2,-0.04211926321733736
126,C1,0.07169070777190709
126,Q1_percent,0.0068896489490725046
126,C2,-0.04185070689821422
127,C1,-0.07443232866451883
127,Q1_percent,0.14541097591518506
127,C2,-0.18288597241463442
128,C1,-0.05285667484525658
128,Q1_percent,0.08921770703443503
128,C2,-0.14851629453500864
129,C1,-0.04207616093924702
129,Q1_percent,0.16322153495082234
129,C2,-0.1283424296050108
130,C1,-0.06303193295664143
130,Q1_percent,0.1771467897756775
130,C2,-0.11479982588664726
131,C1,-0.09709077382270169
131,Q1_percent,0.22589213071383654
131,C2,-0.1083016321945985
132,C1,-0.20400855530727627
132,Q1_percent,0.25786644351708055
132,C2,-0.2183573775934757
133,C1,-0.07577979469508406
133,Q1_percent,0.10743010985799473
133,C2,-0.14508230729012464
134,C1,-0.08036089633158346
134,Q1_percent,0.13747500842019528
134,C2,-0.1669207872635983
135,C1,0.1041133627623126
135,Q1_percent,0.01644851613035658
135,C2,-0.07382741760568036
136,C1,-0.1911063471683082
136,Q1_percent,0.07501827464782389
136,C2,-0.22408002398092697
137,C1,-0.04525545280304911
137,Q1_percent,0.19709930731287578
137,C2,-0.09290628732150692
138,C1,-0.035357613904277156
138,Q1_percent,0.0675684514546214
138,C2,-0.11804663464874594
139,C1,-0.07506421923905628
139,Q1_percent,0.20635138069441844
139,C2,-0.18375252585126475
140,C1,0.09144300624607216
140,Q1_percent,0.05403670788727149
140,C2,-0.07686323258709112
141,C1,-0.05428037972989501
141,Q1_percent,0.12414744212380824
141,C2,-0.17866365724146638
142,C1,0.09996175775382199
142,Q1_percent,0.16668851531372184
142,C2,-0.029524097749134847
143,C1,-0.06249301600839577
143,Q1_percent,0.25626095124213266
143,C2,-0.11349671114413076
144,C1,0.14613160498279962
144,Q1_percent,0.01026100608140738
144,C2,0.0286313084015227
145,C1,-0.0058185358540607714
145,Q1_percent,0.17277804369592206
145,C2,-0.07713233694821077
146,C1,-0.026422180551538096
146,Q1_percent,0.1577847565250925
146,C2,-0.11148768972357208
147,C1,-0.11482568189728812
147,Q1_percent,0.19943152814161277
147,C2,-0.19738469663749125
148,C1,-0.046344606822899474
148,Q1_percent,0.16585578642275475
148,C2,-0.1698596658440546
149,C1,-0.014692539592991237
149,Q1_percent,0.17447199763078378
149,C2,-0.05392971622316672
150,C1,0.05017345168056635
150,Q1_percent,0.05300903810387978
150,C2,-0.05960377601749037
151,C1,-0.01924055492011816
151,Q1_percent,0.13445651416608073
151,C2,-0.14263197402237954
152,C1,0.031234088818152747
152,Q1_percent,0.10862351635155683
152,C2,-0.1297301615967234
153,C1,-0.12268063874725568
153,Q1_percent,0.270067274647158
153,C2,-0.15576547774626986
154,C1,0.01681345075563227
154,Q1_percent,0.10059078145755962
154,C2,-0.04358300999603427
155,C1,-0.04648255411651581
155,Q1_percent,0.14683001358307834
155,C2,-0.0779535201128322
156,C1,-0.004778297936010001
156,Q1_percent,0.15751312392657127
156,C2,-0.11317001323330644
157,C1,-0.00040049507956552095
157,Q1_percent,0.14592932716447526
157,C2,-0.12998849865164389
158,C1,-0.02399507495515631
158,Q1_percent,0.17581639208001276
158,C2,-0.07296053428745726
159,C1,-0.056806439325926904
159,Q1_percent,0.1941240528982758
159,C2,-0.15073581588296203
160,C1,0.012356661394190635
160,Q1_percent,0.13197995728208492
160,C2,-0.1168620335758674
161,C1,0.07131780244835953
161,Q1_percent,0.07554805585561739
161,C2,-0.037985381864265685
162,C1,0.1300111701377547
162,Q1_percent,0.10929899440489203
162,C2,0.020242406535639842
163,C1,-0.030857684919709853
163,Q1_percent,0.16106079200286313
163,C2,-0.11755499102313018
164,C1,0.05411701931939636
164,Q1_percent,0.1298811393330692
164,C2,-0.09921779317395961
165,C1,0.011110750305709004
165,Q1_percent,0.15454516499340973
165,C2,-0.09545067266279474
166,C1,-0.1569279561613507
166,Q1_percent,0.2346059062397452
166,C2,-0.21666389012356435
167,C1,-0.1486004410868395
167,Q1_percent,0.14544981289302672
167,C2,-0.1870927657846446
168,C1,0.08143461536362868
168,Q1_percent,0.11697547730687109
168,C2,-0.0691519648194607
169,C1,-0.044973408022715065
169,Q1_percent,0.16760145658788336
169,C2,-0.0768450767941134
170,C1,0.13552317753787924
170,Q1_percent,0.09537873058794553
170,C2,-0.04870641752029523
171,C1,-0.09447568635672328
171,Q1_percent,0.16488947220107836
171,C2,-0.11912498598373769
172,C1,-0.1259566258133269
172,Q1_percent,0.1537977415733892
172,C2,-0.19187934497182751
173,C1,-0.047188151590261074
173,Q1_percent,0.1440557508400527
173,C2,-0.1482413849032028
174,C1,0.014292564896625061
174,Q1_percent,0.18206508916187458
174,C2,-0.07927846877759956
175,C1,0.09819681872251002
175,Q1_percent,0.06887018184027618
175,C2,-0.023606635513180346
176,C1,-0.06962148774529778
176,Q1_percent,0.18212513456624776
176,C2,-0.16364966843819911
177,C1,-0.0659443036711312
177,Q1_percent,0.15642578280742447
177,C2,-0.16906901355289394
178,C1,-9.330528673869369e-05
178,Q1_percent,0.21399062262255866
178,C2,-0.06406318622954543
179,C1,-0.08668447742987313
179,Q1_percent,0.0005822183557307724
179,C2,-0.24471420412539344
180,C1,0.03269334044357136
180,Q1_percent,0.11363303236832883
180,C2,-0.04740054442882398
181,C1,0.10338924310025194
181,Q1_percent,0.07428840702579861
181,C2,-0.016872665607788957
182,C1,0.08558583797153174
182,Q1_percent,0.16213731743198642
182,C2,-0.046850787342494614
183,C1,0.02061833905261198
183,Q1_percent,0.13604963481715573
183,C2,-0.04268914492662359
184,C1,-0.14158413655212854
184,Q1_percent,0.1976196841250789
184,C2,-0.17633283641673672
185,C1,-0.09461788792221555
185,Q1_percent,0.13569784581231176
185,C2,-0.2352645611970555
186,C1,-0.022552674992443986
186,Q1_percent,0.1333174214708287
186,C2,-0.16004311005713195
187,C1,-0.012002217556693201
187,Q1_percent,0.18840056582868805
187,C2,-0.1337871964525121
188,C1,0.03330833767624476
188,Q1_percent,0.10973487427577573
188,C2,-0.0599654069813853
189,C1,-0.09540776831331149
189,Q1_percent,0.13153843338588644
189,C2,-0.20664944918039696
190,C1,0.02153000388142825
190,Q1_percent,0.09297573756418431
190,C2,-0.0861363431606722
191,C1,-0.12994858191065708
191,Q1_percent,0.13979069789048973
191,C2,-0.10549425159902504
192,C1,-0.02641526224648552
192,Q1_percent,0.13959019762391814
192,C2,-0.09936921689427747
193,C1,-0.07981946590947664
193,Q1_percent,0.14279643789828933
193,C2,-0.1430634835726467
194,C1,-0.12728313307692787
194,Q1_percent,0.14987192304066474
194,C2,-0.1600858841133028
195,C1,-0.11919391603771701
195,Q1_percent,0.07225093419277355
195,C2,-0.1518318664267575
196,C1,-0.18111773513267068
196,Q1_percent,0.15615573327565532
196,C2,-0.22142518312388482
197,C1,-0.09437688879689127
197,Q1_percent,0.0057682495477518435
197,C2,-0.155451862207142
198,C1,0.057274744519675784
198,Q1_percent,0.09918489143101956
198,C2,-0.08363344376726432
199,C1,-0.04494382052844276
199,Q1_percent,0.1706616130635755
199,C2,-0.10138706106743628
200,C1,0.03900132925637421
200,Q1_percent,0.11244590032036977
200,C2,-0.057451417862212965
201,C1,-0.12190199287754082
201,Q1_percent,0.17127363814391686
201,C2,-0.19339868466548663
202,C1,0.07085744846433145
202,Q1_percent,0.08196553526836764
202,C2,-0.060136758096774975
203,C1,-0.08372883064299003
203,Q1_percent,0.08712082759885292
203,C2,-0.15368659307923327
204,C1,-0.0990713542045708
204,Q1_percent,0.17466499139555983
204,C2,-0.13497401293113007
205,C1,0.04144946501151925
205,Q1_percent,0.09141351370143644
205,C2,-0.06157000169645702
206,C1,-0.0496032834395519
206,Q1_percent,0.17716943859336293
206,C2,-0.07618634324043225
207,C1,-0.014724408754570357
207,Q1_percent,0.060349083582805954
207,C2,-0.08139345081447068
208,C1,-0.12986209659969736
208,Q1_percent,0.14993433053370422
208,C2,-0.13605345292295284
209,C1,0.0500755564780409
209,Q1_percent,0.16121416612695397
209,C2,0.024378600759138547
210,C1,-0.06833466179264713
210,Q1_percent,0.052767143445446626
210,C2,-0.18993121758479498
211,C1,-0.09485006689824059
211,Q1_percent,0.17741388145009154
211,C2,-0.17764560680896485
212,C1,-0.005199380987651017
212,Q1_percent,0.14708599444242584
212,C2,-0.16967489864823945
213,C1,-0.20474183530028153
213,Q1_percent,0.1098935620676846
213,C2,-0.1810488491810945
214,C1,0.07091635950229266
214,Q1_percent,0.03704721782621516
214,C2,-0.09262600065453526
215,C1,-0.023922104266376087
215,Q1_percent,0.1566803635766063
215,C2,-0.13509037382955316
216,C1,-0.07748305587302655
216,Q1_percent,0.18498444488860202
216,C2,-0.17779397921306125
217,C1,0.1460456983523982
217,Q1_percent,0.036924273486098835
217,C2,-0.05736052399601425
218,C1,-0.005158230423048602
218,Q1_percent,0.06525098038469714
218,C2,-0.10766422993615829
219,C1,-0.057310997720373916
219,Q1_percent,0.15750740485021747
219,C2,-0.19435561042247196
220,C1,-0.06719072566037024
220,Q1_percent,0.17024064834028904
220,C2,-0.17918297915295778
221,C1,0.10385709975899104
221,Q1_percent,0.08862053121008517
221,C2,-0.06398987777292547
222,C1,-0.024545754411287608
222,Q1_percent,0.146340838713159
222,C2,-0.16737136160343027
223,C1,-0.013455354895021818
223,Q1_percent,0.21690570216291422
223,C2,-0.0858185911533021
224,C1,-0.03543553353014875
224,Q1_percent,0.10837430511041445
224,C2,-0.09464578210875553
225,C1,-0.04795110925099757
225,Q1_percent,0.23093910347740174
225,C2,-0.17820322232061847
226,C1,0.042296332625863624
226,Q1_percent,0.13789226780136718
226,C2,-0.11376148719102161
227,C1,-0.052847028543880445
227,Q1_percent,0.09373523806232367
227,C2,-0.13828010975397925
228,C1,-0.08291450195052218
228,Q1_percent,0.16697062978120478
228,C2,-0.16824307300032182
229,C1,0.0016380584939198611
229,Q1_percent,0.10983477561646195
229,C2,-0.11915211767320324
230,C1,0.04299267034524406
230,Q1_percent,0.043938624463945544
230,C2,-0.047908660543381304
231,C1,-0.11859097088767125
231,Q1_percent,0.11779746634690658
231,C2,-0.18274497269418577
232,C1,0.047942229867646735
232,Q1_percent,0.02006477838262306
232,C2,-0.12610731816486664
233,C1,-0.11268326796513072
233,Q1_percent,0.2253295658218906
233,C2,-0.23227064724076077
234,C1,0.007410527396046182
234,Q1_percent,0.10354146141092657
234,C2,-0.10863233048616691
235,C1,-0.02213455385372032
235,Q1_percent,0.17459131357403693
235,C2,-0.12917975661835962
236,C1,0.13478494594409035
236,Q1_percent,-0.04935541073758266
236,C2,-0.037623427169922306
237,C1,-0.08425604407331717
237,Q1_percent,0.16799236428162811
237,C2,-0.12730541812971904
238,C1,-0.08636587343929496
238,Q1_percent,0.09605431016796016
238,C2,-0.16726559854297704
239,C1,0.024733773649599153
239,Q1_percent,0.13972829538390424
239,C2,-0.046265389608829526
240,C1,-0.06720563841867042
240,Q1_percent,0.15284945438766379
240,C2,-0.17896057587112926
241,C1,0.11967233467831419
241,Q1_percent,0.017574306556837303
241,C2,-0.020075865538113233
242,C1,-0.06769696453861242
242,Q1_percent,0.15715697609112958
242,C2,-0.12110367930429256
243,C1,0.04783481661951294
243,Q1_percent,0.12282072190372383
243,C2,-0.08360134501268493
244,C1,-0.14440503482844153
244,Q1_percent,0.15469098369593207
244,C2,-0.17181612177353991
245,C1,-0.05516336414921282
245,Q1_percent,0.18202676248062352
245,C2,-0.08631635100065571
246,C1,0.0515769380025226
246,Q1_percent,0.1784368030200932
246,C2,-0.03962303908925161
247,C1,0.12394418986357042
247,Q1_percent,-0.0017628158452722025
247,C2,-0.02379201452317292
248,C1,-0.11675847566791456
248,Q1_percent,0.1282780100243072
248,C2,-0.14887331470412968
249,C1,-0.13380506264768918
249,Q1_percent,0.13261150711401468
249,C2,-0.14317382051660552
250,C1,0.008188150049603486
250,Q1_percent,0.15195620130960424
250,C2,-0.08432888894010009
251,C1,-0.0860181528313389
251,Q1_percent,0.11744168791222465
251,C2,-0.11338023748469057
252,C1,-0.09441356379252458
252,Q1_percent,0.2250931232036276
252,C2,-0.16627774943687934
253,C1,-0.06457481787537377
253,Q1_percent,0.1910167438410939
253,C2,-0.13056948481955655
254,C1,-0.011915534954798586
254,Q1_percent,0.16644465147192658
254,C2,-0.09027829254780231
255,C1,-0.021731458290521945
255,Q1_percent,0.1812765259310983
255,C2,-0.10220638862365844
256,C1,-0.06389586197184365
256,Q1_percent,0.17602182070751826
256,C2,-0.21543830862825017
257,C1,0.10437837608384855
257,Q1_percent,0.08079113430761105
257,C2,-0.026519011697565043
258,C1,0.02473442389258526
258,Q1_percent,0.21304541030130156
258,C2,-0.055196364026636274
259,C1,-0.13138648790326457
259,Q1_percent,0.297777786629988
259,C2,-0.1956562192754395
260,C1,-0.06885089936559495
260,Q1_percent,0.1482713485849524
260,C2,-0.1960551944075856
261,C1,0.01606815933127708
261,Q1_percent,0.16714308383167617
261,C2,-0.096116662156315
262,C1,-0.028915649113046834
262,Q1_percent,0.2109513634706436
262,C2,-0.11156250210618293
263,C1,-0.15789562133875973
263,Q1_percent,0.09462334296926729
263,C2,-0.18379279225737158
264,C1,0.12105511570571449
264,Q1_percent,0.08505792768069172
264,C2,-0.035373201587354505
265,C1,-0.026960731924094938
265,Q1_percent,0.10360603489580521
265,C2,-0.08966311540434509
266,C1,-0.08837948852582977
266,Q1_percent,0.16735903320327516
266,C2,-0.19875049916065413
267,C1,0.02529621796583683
267,Q1_percent,0.21660240034947126
267,C2,-0.059131573340294945
268,C1,-0.1560678226479824
268,Q1_percent,0.17686628999626783
268,C2,-0.17076054266581242
269,C1,0.07041665976608584
269,Q1_percent,0.0708109813248022
269,C2,-0.08310477010656857
270,C1,0.07143857201650504
270,Q1_percent,0.059601037934680426
270,C2,-0.10450413593430105
271,C1,-0.024176691918282124
271,Q1_percent,0.1535741358968937
271,C2,-0.09239166385485903
272,C1,0.038270036267649986
272,Q1_percent,0.12432133625501235
272,C2,-0.082112168296229
273,C1,-0.10794135607373326
273,Q1_percent,0.21437118131610838
273,C2,-0.17646317017106178
274,C1,-0.126164627439763
274,Q1_percent,0.12334465507175764
274,C2,-0.13054423753039063
275,C1,0.0021599550481408184
275,Q1_percent,0.11748985064871492
275,C2,-0.15506796277031687
276,C1,-0.11246128537626862
276,Q1_percent,0.22156961459530777
276,C2,-0.19099662658915723
277,C1,-0.022355255291163594
277,Q1_percent,0.12861802009261272
277,C2,-0.10566124532713901
278,C1,-0.02436239259352352
278,Q1_percent,0.24864932278355986
278,C2,-0.1913801791341301
279,C1,-0.1467356464846819
279,Q1_percent,0.11815670174998938
279,C2,-0.2217802327184124
280,C1,0.07664917839090767
280,Q1_percent,0.05851941686642257
280,C2,-0.031038637096686646
281,C1,-0.041207752303028075
281,Q1_percent,0.1038131875720757
281,C2,-0.1488069193842402
282,C1,-0.03265565617523714
282,Q1_percent,0.19288555114775108
282,C2,-0.08746616990959727
283,C1,-0.05114104838918183
283,Q1_percent,0.19354603544091142
283,C2,-0.10916929454933705
284,C1,-0.09506597785498888
284,Q1_percent,0.248006860140252
284,C2,-0.1098087766553075
285,C1,-0.04350334928951608
285,Q1_percent,0.1461586378837366
285,C2,-0.12954264812389404
286,C1,-0.05947150119963006
286,Q1_percent,0.1533984928068854
286,C2,-0.14914789888914545
287,C1,0.03988773625276386
287,Q1_percent,0.10202233346349185
287,C2,-0.08343893580877963
288,C1,-0.03422289505180327
288,Q1_percent,0.11361872802157781
288,C2,-0.17058231899756823
289,C1,-0.07202084467212626
289,Q1_percent,0.2376062582629138
289,C2,-0.13683685841442947
290,C1,-0.06538600320465546
290,Q1_percent,0.21411903032495383
290,C2,-0.1752516594690337
291,C1,-0.03006365175396507
291,Q1_percent,0.14947802885155342
291,C2,-0.14715316228096692
292,C1,0.11252964639786207
292,Q1_percent,0.0667462923178055
292,C2,-0.04452654985891566
293,C1,-0.009156755553557633
293,Q1_percent,0.18108087001928116
293,C2,-0.086148096298494
294,C1,0.033102280758071444
294,Q1_percent,0.15988729889621897
294,C2,-0.11083774026216284
295,C1,-0.06537842223081564
295,Q1_percent,0.2319863079114002
295,C2,-0.1065224330101442
296,C1,0.07926920454426586
296,Q1_percent,0.12160364938561906
296,C2,-0.056353358831388006
297,C1,-0.10187896815879702
297,Q1_percent,0.17775776335180243
297,C2,-0.16938427911041345
298,C1,-0.052026180308223056
298,Q1_percent,0.10859445987825747
298,C2,-0.11262263636406745
299,C1,-0.05966417230864129
299,Q1_percent,0.14774307998348332
299,C2,-0.13884442714608405
300,C1,0.04329264402342069
300,Q1_percent,0.11868509059950143
300,C2,-0.09306649937304586
301,C1,-0.10178074402285475
301,Q1_percent,0.17737275817172288
301,C2,-0.1331933534250537
302,C1,-0.08352594384564216
302,Q1_percent,0.17430166597809427
302,C2,-0.17023995409465467
303,C1,0.056857570136336154
303,Q1_percent,0.1063538880021122
303,C2,-0.05558154576163758
304,C1,-0.08579827762528226
304,Q1_percent,0.12434335457604802
304,C2,-0.17687868746575836
305,C1,0.060749872852317664
305,Q1_percent,0.12020074415749386
305,C2,-0.08744629140404932
306,C1,-0.02530150620506868
306,Q1_percent,0.09496774405731372
306,C2,-0.15221449316950442
307,C1,-0.060869267260707204
307,Q1_percent,0.10335911385844099
307,C2,-0.12119108805309325
308,C1,0.023513546813122087
308,Q1_percent,0.1902758249271258
308,C2,-0.05310727288647042
309,C1,-0.0222498496557676
309,Q1_percent,0.06958365768436632
309,C2,-0.07042700596051002
310,C1,0.0005037226026174647
310,Q1_percent,0.14090179086453344
310,C2,-0.0725980996309248
311,C1,-0.039447072834359796
311,Q1_percent,0.11584147105396655
311,C2,-0.18392011860466045
312,C1,0.03926763622974624
312,Q1_percent,0.06993209313553646
312,C2,-0.15017504801639006
313,C1,-0.10393355562302162
313,Q1_percent,0.1903813446448181
313,C2,-0.10842559043496172
314,C1,-0.017884493428757826
314,Q1_percent,0.040869110095143976
314,C2,-0.1285788093257841
315,C1,0.01728577714649481
315,Q1_percent,0.12299880825278496
315,C2,-0.054959864371589534
316,C1,0.09591742062767004
316,Q1_percent,0.05885569251679406
316,C2,-0.10208321181259478
317,C1,-0.09925353903215063
317,Q1_percent,0.15185138449457947
317,C2,-0.14163155108991998
318,C1,-0.1159638732643345
318,Q1_percent,0.24613575243571584
318,C2,-0.178357118198385
319,C1,-0.03553876986983241
319,Q1_percent,0.19105309036003554
319,C2,-0.0881333543341848
320,C1,-0.029874798884261367
320,Q1_percent,0.08994300545870519
320,C2,-0.12837057386646208
321,C1,-0.12690869636746038
321,Q1_percent,0.31942389381639213
321,C2,-0.23264078801582408
322,C1,0.02514880740207351
322,Q1_percent,0.1428815400846046
322,C2,-0.07936318137961869
323,C1,-0.14875811207861314
323,Q1_percent,0.14914021350815412
323,C2,-0.1451710233670663
324,C1,-0.05349983312522622
324,Q1_percent,0.19728614188546917
324,C2,-0.09357427043969858
325,C1,0.033683162244381504
325,Q1_percent,0.1320747063703439
325,C2,-0.09373619485645732
326,C1,-0.0017006901591202586
326,Q1_percent,0.11059814871284879
326,C2,-0.17157059674077563
327,C1,-0.027697615101890682
327,Q1_percent,0.10798189843861054
327,C2,-0.07347074320690529
328,C1,-0.021089071249254344
328,Q1_percent,0.13459361300773365
328,C2,-0.14210756388445908
329,C1,-0.11070369109193116
329,Q1_percent,0.0974097484518011
329,C2,-0.1542229642486473
330,C1,0.09515384901818251
330,Q1_percent,0.1160348031885459
330,C2,-0.013459867465326235
331,C1,0.0713004201735516
331,Q1_percent,0.11852560847565051
331,C2,-0.0881803365961936
332,C1,0.10000431655048819
332,Q1_percent,0.051566384233514076
332,C2,-0.04662333248454077
333,C1,-0.10250195797196658
333,Q1_percent,0.21350231683548904
333,C2,-0.24748910845186242
334,C1,-0.016308414678625358
334,Q1_percent,0.22540565437581075
334,C2,-0.12056323571889882
335,C1,-0.022845237298052656
335,Q1_percent,0.13406448286608372
335,C2,-0.12532056215699253
336,C1,-0.025410854987411368
336,Q1_percent,0.11250484955317118
336,C2,-0.043425865004487973
337,C1,-0.004653703536857827
337,Q1_percent,0.09747370016374615
337,C2,-0.08105427888353758
338,C1,-0.1214161451936987
338,Q1_percent,0.19507265259857315
338,C2,-0.18036774173863684
339,C1,-0.016714667496526923
339,Q1_percent,0.12986145421651926
339,C2,-0.06531506715718276
340,C1,-0.10642101781769658
340,Q1_percent,0.288647783548197
340,C2,-0.1868332045609433
341,C1,-0.0058111451964248445
341,Q1_percent,0.16920693213137064
341,C2,-0.10881930300406359
342,C1,0.04965785686258067
342,Q1_percent,0.16140290495093593
342,C2,-0.048546387631586335
343,C1,0.03942542968981211
343,Q1_percent,0.09181798960473989
343,C2,-0.09578546916686599
344,C1,-0.06982454441767912
344,Q1_percent,0.16948993476576413
344,C2,-0.2040646430366021
345,C1,-0.025179226684152158
345,Q1_percent,0.17174554982214313
345,C2,-0.12135743774330676
346,C1,-0.06680801970928833
346,Q1_percent,0.22188932689067276
346,C2,-0.1303120533986588
347,C1,0.05209736269060199
347,Q1_percent,0.088701309995376
347,C2,-0.06106530443707134
348,C1,0.05677616884360596
348,Q1_percent,0.14675346146406476
348,C2,-0.05743024560640026
349,C1,0.022851314886764975
349,Q1_percent,0.15389737722998062
349,C2,-0.10699972687806515
350,C1,-0.15501522437485166
350,Q1_percent,0.1980172919656045
350,C2,-0.23438364788335084
351,C1,-0.004660011362220872
351,Q1_percent,0.1631155621254315
351,C2,-0.09470759510162936
352,C1,-0.003307104886054654
352,Q1_percent,0.10178730994130224
352,C2,-0.10849910505215213
353,C1,0.08188416167644554
353,Q1_percent,0.14646041421359804
353,C2,-0.08038185164146842
354,C1,-0.0773473069099955
354,Q1_percent,0.1373695947166492
354,C2,-0.18014369670276528
355,C1,0.044212654379609494
355,Q1_percent,0.08591417499612668
355,C2,-0.04656142466340926
356,C1,0.06311700034278732
356,Q1_percent,0.06655276489001326
356,C2,-0.06973880360682717
357,C1,-0.03904589493700873
357,Q1_percent,0.20400484232540025
357,C2,-0.13809045911627454
358,C1,-0.026937029459029805
358,Q1_percent,0.09552980868598687
358,C2,-0.1261806121072132
359,C1,-0.03577370663038511
359,Q1_percent,0.183234982904228
359,C2,-0.16926989386304894
360,C1,-0.1604008135554323
360,Q1_percent,0.10756768700232751
360,C2,-0.15986123713602537
361,C1,-0.01364884115842158
361,Q1_percent,0.06865302668529455
361,C2,-0.1590368564725826
362,C1,0.05475523030271362
362,Q1_percent,0.10388100665695732
362,C2,-0.03475098783716907
363,C1,0.1314726359691164
363,Q1_percent,0.06809520393492677
363,C2,-0.0012483741316344724
364,C1,0.0016001873977267774
364,Q1_percent,0.12873792195585038
364,C2,-0.09613402045582778
365,C1,0.011836421965599577
365,Q1_percent,0.09495609550144404
365,C2,-0.13647813627111485
366,C1,-0.14700717751976747
366,Q1_percent,0.2379879254247847
366,C2,-0.16397014858086217
367,C1,-0.009260209579058157
367,Q1_percent,0.0962772813138371
367,C2,-0.08788887445056266
368,C1,-0.009150185337279723
368,Q1_percent,0.15748371313358783
368,C2,-0.09582149161220474
369,C1,0.029424981971515385
369,Q1_percent,0.1723363669619585
369,C2,-0.058980241913471676
370,C1,-0.04153729826005681
370,Q1_percent,0.2628257280584519
370,C2,-0.09897482208363831
371,C1,0.06056549848833991
371,Q1_percent,0.0974138597751315
371,C2,-0.08260984278867678
372,C1,0.07313928981902264
372,Q1_percent,0.14344179178649877
372,C2,-0.05951238506839369
373,C1,-0.1861258834866819
373,Q1_percent,0.10553232530412861
373,C2,-0.2217065954902265
374,C1,-0.04596227869939287
374,Q1_percent,0.17114231174468394
374,C2,-0.09454433572224191
375,C1,0.0815214118980576
375,Q1_percent,0.12270490556475012
375,C2,-0.0636890526375194
376,C1,-0.0023243992748201775
376,Q1_percent,0.22858182506737615
376,C2,-0.08395911760587342
377,C1,-0.04725257008008557
377,Q1_percent,0.13542589841220168
377,C2,-0.1715549754289245
378,C1,-0.08415067538014205
378,Q1_percent,0.15543668050199622
378,C2,-0.18447381300242197
379,C1,0.15015707784733798
379,Q1_percent,0.0651394502113881
379,C2,0.013078625063322406
380,C1,-0.03802241214101809
380,Q1_percent,0.19813674315807364
380,C2,-0.18147339504594692
381,C1,-0.06755820909103115
381,Q1_percent,0.1672799071813944
381,C2,-0.11249256426619063
382,C1,-0.009031410855102442
382,Q1_percent,0.09719657600379725
382,C2,-0.1715235798647196
383,C1,0.00014006211871234973
383,Q1_percent,0.179690880337269
383,C2,-0.0752906368510684
384,C1,0.04189333505038235
384,Q1_percent,0.12874219650644741
384,C2,-0.1383629367381277
385,C1,-0.04969182222454756
385,Q1_percent,0.14013965552831475
385,C2,-0.14746149339536785
386,C1,-0.04648983116539331
386,Q1_percent,0.11259333794415252
386,C2,-0.13128550936460892
387,C1,-0.07312145487166137
387,Q1_percent,0.16333922686508542
387,C2,-0.19632529997407333
388,C1,-0.1362101933604414
388,Q1_percent,0.1621809658438998
388,C2,-0.20399598984049708
389,C1,-0.10899713690334419
389,Q1_percent,0.285534095473488
389,C2,-0.1247635291423529
390,C1,-0.044584740495052226
390,Q1_percent,0.18227193011131276
390,C2,-0.12716899587403482
391,C1,0.03474217171303676
391,Q1_percent,0.12483732102073669
391,C2,-0.054089280965826096
392,C1,0.0984933463381015
392,Q1_percent,0.08014980246198153
392,C2,-0.03130909212222228
393,C1,-0.05409881611731584
393,Q1_percent,0.1990326468268027
393,C2,-0.04350763343232894
394,C1,-0.015049828432677116
394,Q1_percent,0.11974127560700341
394,C2,-0.11178422978714701
395,C1,0.06914627800005244
395,Q1_percent,0.12622785850559545
395,C2,-0.07689469536677619
396,C1,0.012540520372472852
396,Q1_percent,0.13448801478184366
396,C2,-0.06999328307194455
397,C1,-0.04197765543957196
397,Q1_percent,0.1379443864888038
397,C2,-0.1338689737355682
398,C1,-0.028297828996913854
398,Q1_percent,0.13503459319842787
398,C2,-0.12610712456171136
399,C1,0.024694751090760126
399,Q1_percent,0.14953802668426366
399,C2,-0.10317607532199193
400,C1,0.08622257638216624
400,Q1_percent,0.05846157911193904
400,C2,-0.0159920793467236
401,C1,-0.037674064335184436
401,Q1_percent,0.1500659917967246
401,C2,-0.1402582664158904
402,C1,-0.04514219758666173
402,Q1_percent,0.1564364412995418
402,C2,-0.09294684056189055
403,C1,-0.03381691143898999
403,Q1_percent,0.10560178605956491
403,C2,-0.16120203719210172
404,C1,0.1217302752276145
404,Q1_percent,0.10925030821217752
404,C2,-0.02048884646802336
405,C1,-0.04508857147754895
405,Q1_percent,0.16803080829644548
405,C2,-0.1844624526892383
406,C1,-0.022570448436956842
406,Q1_percent,0.17949392151176577
406,C2,-0.18489665313638812
407,C1,-0.0032303700217942524
407,Q1_percent,0.07052230148689442
407,C2,-0.13099268707783043
408,C1,-0.009931924188267957
408,Q1_percent,0.16109527156488293
408,C2,-0.19934487945729884
409,C1,-0.07569477350305798
409,Q1_percent,0.059424302772944367
409,C2,-0.13045525675580535
410,C1,0.06361821585287109
410,Q1_percent,0.10232443013896661
410,C2,-0.030576903133237673
411,C1,-0.047134840600108904
411,Q1_percent,0.15521821948598555
411,C2,-0.17767842362758862
412,C1,-0.15634485114219346
412,Q1_percent,0.194445800085077
412,C2,-0.2116855515056851
413,C1,-0.08206320432590936
413,Q1_percent,0.08433079292221878
413,C2,-0.12511543372728978
414,C1,0.08237157096125523
414,Q1_percent,0.15588078355041893
414,C2,-0.021043105331173696
415,C1,-0.13051751484384816
415,Q1_percent,0.27259505304498804
415,C2,-0.10430282619994632
416,C1,0.10656375658718169
416,Q1_percent,0.1013052839408684
416,C2,0.020630574760128223
417,C1,-0.06689835236573269
417,Q1_percent,0.17328608176009994
417,C2,-0.15486186170533905
418,C1,0.07895256521140047
418,Q1_percent,0.1014947118405354
418,C2,-0.027399139466584756
419,C1,-0.1932100335396273
419,Q1_percent,0.18282511331502224
419,C2,-0.15549896394953625
420,C1,-0.014414665265083585
420,Q1_percent,0.08502101145891344
420,C2,-0.1319404615800364
421,C1,-0.06369768709404432
421,Q1_percent,0.1150202322909387
421,C2,-0.22289721885238348
422,C1,-0.08350321782654063
422,Q1_percent,0.19631449823099412
422,C2,-0.1729213764787628
423,C1,0.02810971398634716
423,Q1_percent,0.10912019881611158
423,C2,-0.10459180798304914
424,C1,0.06738657244878363
424,Q1_percent,0.10702481398999109
424,C2,-0.054349972917886145
425,C1,-0.09386002971376668
425,Q1_percent,0.2340884956686979
425,C2,-0.1614059826990203
426,C1,-0.023970588499277294
426,Q1_percent,0.1657605364686465
426,C2,-0.10918808095151368
427,C1,0.1425301794550587
427,Q1_percent,0.04675112611988677
427,C2,-0.04335663542669652
428,C1,-0.09942364968219071
428,Q1_percent,0.2365451568342113
428,C2,-0.10476691878267126
429,C1,0.12841617449904874
429,Q1_percent,0.011780386580180584
429,C2,-0.06541817128697183
430,C1,-0.034239237395030396
430,Q1_percent,0.19441180429920402
430,C2,-0.1323453943065798
431,C1,-0.08670866022812045
431,Q1_percent,0.23161308254644097
431,C2,-0.1346758784086104
432,C1,-0.03147267675726769
432,Q1_percent,0.1273561133733487
432,C2,-0.1063479814934136
433,C1,-0.17069162232053636
433,Q1_percent,0.24527158562064746
433,C2,-0.21736467744758778
434,C1,-0.016788309176134487
434,Q1_percent,0.11895127976370432
434,C2,-0.21130180671693907
435,C1,-0.06413823838812911
435,Q1_percent,0.1870377118173381
435,C2,-0.08438699917753997
436,C1,0.08346708033290072
436,Q1_percent,0.11771605369634323
436,C2,-0.05953603872208432
437,C1,-0.09457021375847076
437,Q1_percent,0.07585831904945868
437,C2,-0.1928151200251195
438,C1,0.024364420043080003
438,Q1_percent,0.14176469671458625
438,C2,-0.08506872164118977
439,C1,0.0748703082395761
439,Q1_percent,0.054303084435962046
439,C2,-0.044278541850067785
440,C1,-0.16360658258060753
440,Q1_percent,0.19948223945078083
440,C2,-0.17827666752582932
441,C1,-0.029607386173569828
441,Q1_percent,0.143479558935602
441,C2,-0.10681762265172204
442,C1,0.10137750300715538
442,Q1_percent,0.0855470778205218
442,C2,-0.04555286985371693
443,C1,-0.017775106344282386
443,Q1_percent,0.14125226987658043
443,C2,-0.11384074503805187
444,C1,-0.013377486034570804
444,Q1_percent,0.0935315213680426
444,C2,-0.1258406675275468
445,C1,-0.0011083704595523122
445,Q1_percent,0.16854805713489815
445,C2,-0.1631855804631032
446,C1,-0.04581738575955346
446,Q1_percent,0.1305761206910575
446,C2,-0.12123628817766438
447,C1,-0.06586435051816754
447,Q1_percent,0.12799428132843987
447,C2,-0.13856973407531267
448,C1,0.03494057761243688
448,Q1_percent,0.14049515729826104
448,C2,-0.11225326717238651
449,C1,0.047522527499948154
449,Q1_percent,0.10505305975976012
449,C2,-0.06146948580312376
450,C1,0.009585068666671281
450,Q1_percent,0.10583846566082311
450,C2,-0.11885715177432402
451,C1,-0.024477118011783126
451,Q1_percent,0.11050724727281588
451,C2,-0.10320627967027038
452,C1,-0.03855360937755784
452,Q1_percent,0.20105957576943487
452,C2,-0.17016997319920354
453,C1,0.02218474821576702
453,Q1_percent,0.07879963987694119
453,C2,-0.07372706155587092
454,C1,0.01657193698786597
454,Q1_percent,0.0944702334909504
454,C2,-0.06149812830736459
455,C1,-0.10167645868671514
455,Q1_percent,0.19227877455261747
455,C2,-0.12476245403311294
456,C1,-0.107130162215458
456,Q1_percent,0.15150602002841773
456,C2,-0.1826608135399054
457,C1,-0.050713874045491575
457,Q1_percent,0.15639186949286787
457,C2,-0.08666480464320511
458,C1,0.01258811185206702
458,Q1_percent,0.1421279927433912
458,C2,-0.07590611001078212
459,C1,-0.10642789170673769
459,Q1_percent,0.2298888744131301
459,C2,-0.13439706448089833
460,C1,-0.10949965546390279
460,Q1_percent,0.25768680889137985
460,C2,-0.18394897318433837
461,C1,0.09792335403936514
461,Q1_percent,0.09930440578458702
461,C2,-0.05205450114226994
462,C1,0.07672457995558657
462,Q1_percent,0.08657618554669008
462,C2,-0.04345690121667556
463,C1,0.040406331519814834
463,Q1_percent,0.0305328479179539
463,C2,-0.12028858665314555
464,C1,0.052904786740446276
464,Q1_percent,0.08261880583025477
464,C2,-0.07528245934369736
465,C1,-0.09254940879564282
465,Q1_percent,0.14577964462452422
465,C2,-0.1796351071565632
466,C1,-0.1380123441306873
466,Q1_percent,0.21880295010111794
466,C2,-0.17129690737469147
467,C1,-0.011892778780117741
467,Q1_percent,0.2373644475441029
467,C2,-0.05970071499454044
468,C1,0.0033788430512413075
468,Q1_percent,0.14711080994788983
468,C2,-0.06642338474823571
469,C1,0.0626646650550929
469,Q1_percent,0.0841610461846183
469,C2,-0.05339158085640988
470,C1,-0.08653561360467635
470,Q1_percent,0.16913462292672776
470,C2,-0.19498776589699301
471,C1,0.04350961752158667
471,Q1_percent,0.10603098856265208
471,C2,-0.14466884160377178
472,C1,-0.04149707751008442
472,Q1_percent,0.17445438853478917
472,C2,-0.0831711382660418
473,C1,-0.11966170315444033
473,Q1_percent,0.1700904757169233
473,C2,-0.16330068567297368
474,C1,0.017192343619568833
474,Q1_percent,0.14694294219147383
474,C2,-0.12499927985718802
475,C1,0.08803629048519639
475,Q1_percent,0.08307658015787156
475,C2,-0.056395143208137544
476,C1,0.09224211250639182
476,Q1_percent,0.07742804023931402
476,C2,-0.06050112426145034
477,C1,-0.05827885618171422
477,Q1_percent,0.2198971226741107
477,C2,-0.13192193239929453
478,C1,0.023412129694877108
478,Q1_percent,0.23290792153717255
478,C2,-0.10228467903583391
479,C1,-0.08690574656929105
479,Q1_percent,0.19670551163701117
479,C2,-0.2286257486470964
480,C1,0.04645318930337079
480,Q1_percent,0.08697582728166213
480,C2,-0.10573331738954829
481,C1,-0.009019789486059101
481,Q1_percent,0.15619043829828397
481,C2,-0.07875486265077167
482,C1,-0.1269103740981966
482,Q1_percent,0.18934507183603108
482,C2,-0.15560385041761599
483,C1,-0.0524907100302994
483,Q1_percent,0.19361476807135755
483,C2,-0.1461048179873772
484,C1,0.01123330930785216
484,Q1_percent,0.1496565294667784
484,C2,-0.07427472682259624
485,C1,0.003140216640451878
485,Q1_percent,0.14402457165104215
485,C2,-0.11859087267943877
486,C1,-0.009746428539314164
486,Q1_percent,0.12543817764087353
486,C2,-0.03260547071336217
487,C1,-0.10634759993183435
487,Q1_percent,0.30395194354080646
487,C2,-0.10916900165964083
488,C1,-0.06750704486283524
488,Q1_percent,0.1922346532036154
488,C2,-0.16063241384156277
489,C1,0.0012849841395415923
489,Q1_percent,0.1859005893127158
489,C2,-0.12427965544683921
490,C1,0.014965026782709416
490,Q1_percent,0.15752748923435855
490,C2,-0.11639480857252697
491,C1,-0.05030136254600792
491,Q1_percent,0.1881634991596139
491,C2,-0.11055158157889755
492,C1,0.03503494952097988
492,Q1_percent,0.15154430987352158
492,C2,-0.09573812772321474
493,C1,0.0363231652158449
493,Q1_percent,0.08075075821973826
493,C2,-0.11356853369302865
494,C1,0.05139045251664794
494,Q1_percent,0.1467796384381735
494,C2,-0.1365921892907813
495,C1,-0.10366272499490715
495,Q1_percent,0.11510749318711619
495,C2,-0.15549496683775865
496,C1,0.0769517102814107
496,Q1_percent,0.1530352706326892
496,C2,-0.062260508503219084
497,C1,-0.03807010341785081
497,Q1_percent,0.16949784807804505
497,C2,-0.10722453696592965
498,C1,-0.020896604747474092
498,Q1_percent,0.1858641066719316
498,C2,-0.1037865447707798
499,C1,0.102267048826095
499,Q1_percent,0.05805768685723481
499,C2,-0.009154813607394615
500,C1,-0.055031209673895555
500,Q1_percent,0.14292817504735011
500,C2,-0.14980407557440875
501,C1,0.03727597492087442
501,Q1_percent,0.12652179720138532
501,C2,-0.09574475594359047
502,C1,-0.004736087222733873
502,Q1_percent,0.05416766314709035
502,C2,-0.12354505155318266
503,C1,0.11013319237986031
503,Q1_percent,0.11180591381277646
503,C2,-0.010943358165143944
504,C1,0.0003030373387548836
504,Q1_percent,0.16976241011121926
504,C2,-0.18554561514856258
505,C1,-0.20097935666528133
505,Q1_percent,0.19237581806394516
505,C2,-0.2682888872150202
506,C1,-0.08432808692880506
506,Q1_percent,0.15906636800366705
506,C2,-0.13245807289010308
507,C1,-0.020312718490338746
507,Q1_percent,0.17626127509156567
507,C2,-0.08318443571947948
508,C1,0.04114150222392257
508,Q1_percent,0.12979569480673075
508,C2,-0.025958083191219297
509,C1,0.10791879154335508
509,Q1_percent,0.016879134904477403
509,C2,-0.04880086645857969
510,C1,0.08360366873261162
510,Q1_percent,0.10019845099990662
510,C2,-0.06778279423178504
511,C1,0.04099728489977632
511,Q1_percent,0.0510583542280703
511,C2,-0.0633842634687504
512,C1,0.07540796907894422
512,Q1_percent,0.18146256950559617
512,C2,0.025460682297747683
513,C1,0.04926615860026105
513,Q1_percent,0.0967620945070566
513,C2,-0.09649602595995624
514,C1,0.06681358557279235
514,Q1_percent,0.022396242552847466
514,C2,-0.06950770195934021
515,C1,0.15535956896167305
515,Q1_percent,-0.0020003141215765557
515,C2,-0.020354255159811745
516,C1,0.0860045579301026
516,Q1_percent,0.06341585766013634
516,C2,0.0042445280520073065
517,C1,0.10016215923753882
517,Q1_percent,0.09472637366918728
517,C2,-0.04360144111503825
518,C1,-0.07244916389036046
518,Q1_percent,0.19842161680856105
518,C2,-0.14074825775109617
519,C1,0.02035551094318161
519,Q1_percent,0.11733588618950719
519,C2,-0.07312372946737962
520,C1,-0.04611789797997221
520,Q1_percent,0.1283673866047183
520,C2,-0.11570447750359167
521,C1,-0.045723573118914805
521,Q1_percent,0.19756651715566945
521,C2,-0.18837243641995807
522,C1,-0.11300310609583952
522,Q1_percent,0.07004791274302301
522,C2,-0.17674800770289412
523,C1,-0.08806150373520334
523,Q1_percent,0.21188618921017457
523,C2,-0.12261971013217737
524,C1,-0.12698279149162345
524,Q1_percent,0.045392881215135746
524,C2,-0.17490496923843038
525,C1,0.148533069135963
525,Q1_percent,0.034660617152353676
525,C2,-0.015073377060264006
526,C1,-0.01655573101283265
526,Q1_percent,0.18145848293772515
526,C2,-0.19257412672605048
527,C1,-0.1231398769592319
527,Q1_percent,0.2838807257144934
527,C2,-0.15721233856421168
528,C1,-0.053883500283474155
528,Q1_percent,0.10337364749154654
528,C2,-0.17550414025335492
529,C1,-0.11596718721888864
529,Q1_percent,0.2208614089779165
529,C2,-0.0965294935500399
530,C1,0.03350377193949901
530,Q1_percent,0.14775571673077237
530,C2,-0.021991863509413682
531,C1,-0.013761857965433595
531,Q1_percent,0.21520414107226857
531,C2,-0.14085693312013012
532,C1,-0.05293608351021356
532,Q1_percent,0.17276267206859122
532,C2,-0.16628017937578646
533,C1,-0.005077790672419079
533,Q1_percent,0.19794265384982737
533,C2,-0.11335421467001354
534,C1,0.10513913453678904
534,Q1_percent,0.022694426334102874
534,C2,-0.03648188161204094
535,C1,-0.09197230986771116
535,Q1_percent,0.1741464650016095
535,C2,-0.07731960729424131
536,C1,-0.020264892011119893
536,Q1_percent,0.12144768088622342
536,C2,-0.12791262129718886
537,C1,-0.004521073964324304
537,Q1_percent,0.1818559919066331
537,C2,-0.12871310560971094
538,C1,0.06770330002823545
538,Q1_percent,0.09165763120869393
538,C2,-0.0769110634239554
539,C1,0.015370387699342581
539,Q1_percent,0.12537937827111353
539,C2,-0.08483278307492895
540,C1,-0.04006158528058847
540,Q1_percent,0.1719270747705737
540,C2,-0.08832523634282734
541,C1,0.06519984421109086
541,Q1_percent,0.12617255423071952
541,C2,-0.038128906527472424
542,C1,0.022030994781626824
542,Q1_percent,0.16259338367846762
542,C2,-0.15584117222306387
543,C1,0.0774661086866476
543,Q1_percent,0.0642161005133301
543,C2,-0.04263580575634392
544,C1,0.011116609357947864
544,Q1_percent,0.13575675971049833
544,C2,-0.0726835034424583
545,C1,-0.13378079404413004
545,Q1_percent,0.1406742009352667
545,C2,-0.14568089937736875
546,C1,-0.15933630567209514
546,Q1_percent,0.06643303025675665
546,C2,-0.2386885958904125
547,C1,0.03553187330295206
547,Q1_percent,0.1388203089094956
547,C2,-0.09074481268292958
548,C1,0.05011337418511345
548,Q1_percent,0.04122090350672821
548,C2,-0.08444815548383919
549,C1,0.03421909694457062
549,Q1_percent,0.16211592220940235
549,C2,-0.07668237381866004
550,C1,0.04978726350704049
550,Q1_percent,0.15145335754652106
550,C2,-0.0745797548605758
551,C1,-0.03364298691308681
551,Q1_percent,0.13971630999846602
551,C2,-0.07707753598514136
552,C1,-0.007376039120247579
552,Q1_percent,0.15439200070442258
552,C2,-0.11453592160643881
553,C1,-0.0003780344896155156
553,Q1_percent,0.12902572040682575
553,C2,-0.12297946051001177
554,C1,-0.1423437740521216
554,Q1_percent,0.11399775733098118
554,C2,-0.15230995848359158
555,C1,-0.00043961185229737115
555,Q1_percent,0.12438463702565963
555,C2,-0.09990697588160952
556,C1,-0.13562531862998858
556,Q1_percent,0.11813762439343224
556,C2,-0.15269070731403203
557,C1,-0.13630699211857705
557,Q1_percent,0.13155063626650934
557,C2,-0.21287842722324288
558,C1,-0.06090683605505849
558,Q1_percent,0.19401253995412715
558,C2,-0.10374444121763424
559,C1,0.07181766336659019
559,Q1_percent,0.1409817173401974
559,C2,-0.05552769441546508
560,C1,0.08486291457914762
560,Q1_percent,0.11387461455989424
560,C2,-0.010967497340232111
561,C1,0.038940627605004094
561,Q1_percent,0.1349908117357264
561,C2,-0.09641993272478502
562,C1,-0.05146838451988233
562,Q1_percent,0.18588642877522418
562,C2,-0.15358281807768615
563,C1,0.10618673120348732
563,Q1_percent,0.08672824072111383
563,C2,-0.05039915569213756
564,C1,0.03297273941948923
564,Q1_percent,0.14101053627016777
564,C2,-0.08307878175598131
565,C1,-0.022407888423477948
565,Q1_percent,0.13435684316775723
565,C2,-0.10545961822498068
566,C1,0.024303864179529795
566,Q1_percent,0.06403271226014239
566,C2,-0.08851128897220513
567,C1,0.01605693816394641
567,Q1_percent,0.18700437799653313
567,C2,-0.07828342705913363
568,C1,-0.004261215018544552
568,Q1_percent,0.10858205687176696
568,C2,-0.11147170565754559
569,C1,-0.005967118265983705
569,Q1_percent,0.21068724495801203
569,C2,-0.07856750661800835
570,C1,-0.1152347076744686
570,Q1_percent,0.1600816182507222
570,C2,-0.18105759482189143
571,C1,-0.03808035462041759
571,Q1_percent,0.18327970479734884
571,C2,-0.1286758493869091
572,C1,0.026585362873205867
572,Q1_percent,0.0878769007135444
572,C2,-0.0901037229486995
573,C1,-0.08252180223685023
573,Q1_percent,0.12781477403903513
573,C2,-0.20338745755963172
574,C1,-0.01116252279980021
574,Q1_percent,0.08821528653358468
574,C2,-0.08896113828642369
575,C1,0.060650070331565
575,Q1_percent,0.15979316218066303
575,C2,-0.05915290672217873
576,C1,0.03215720953438743
576,Q1_percent,0.14565453428610592
576,C2,-0.12236880832351993
577,C1,0.06438889159706242
577,Q1_percent,0.0648855462588746
577,C2,-0.07192611500523603
578,C1,-0.006495059437697153
578,Q1_percent,0.14568331335293278
578,C2,-0.04840534776929961
579,C1,-0.007038267605689493
579,Q1_percent,0.15010748349576733
579,C2,-0.15399827639830221
580,C1,-0.011801847339878433
580,Q1_percent,0.1675012043678374
580,C2,-0.11740907312491163
581,C1,-0.069189898216461
581,Q1_percent,0.10812297512202132
581,C2,-0.17064253422609224
582,C1,-0.007173387368720796
582,Q1_percent,0.1291390382121282
582,C2,-0.09957421813748768
583,C1,-0.02877944242854042
583,Q1_percent,0.18639523133170569
583,C2,-0.08527294012569057
584,C1,-0.05127039954712935
584,Q1_percent,0.08667174322316844
584,C2,-0.1448540681242067
585,C1,-0.022268326051793443
585,Q1_percent,0.12477662368615043
585,C2,-0.13332871620594194
586,C1,-0.009391710652068756
586,Q1_percent,0.1734991785033668
586,C2,-0.1657333427995815
587,C1,-0.010118071456943567
587,Q1_percent,0.17021195217635027
587,C2,-0.058029136616347905
588,C1,0.09478226450989798
588,Q1_percent,0.028091772309348614
588,C2,-0.05600764519900168
589,C1,-0.013529070859852107
589,Q1_percent,0.09208755645484769
589,C2,-0.08402501253878507
590,C1,0.050968983624690815
590,Q1_percent,0.07120977620605083
590,C2,-0.03592944592166382
591,C1,0.014108673136191012
591,Q1_percent,0.16293393902429706
591,C2,-0.04630928673797643
592,C1,-0.017524141256680156
592,Q1_percent,0.12303835380817497
592,C2,-0.13226959971345748
593,C1,-0.044467242142427844
593,Q1_percent,0.13604028738188523
593,C2,-0.10056183832972519
594,C1,0.11728607484621188
594,Q1_percent,0.11123267779894876
594,C2,-0.022486513091346017
595,C1,-0.10754371120357711
595,Q1_percent,0.18870311049127858
595,C2,-0.1910105323276609
596,C1,0.004982881435514079
596,Q1_percent,0.10810733929304532
596,C2,-0.11671505059244419
597,C1,0.08722427809520228
597,Q1_percent,0.1369103704526318
597,C2,-0.008205694562167383
598,C1,0.1378038097815064
598,Q1_percent,0.05776030352555254
598,C2,-0.018204660980395707
599,C1,-0.010605589758316613
599,Q1_percent,0.14528562028843553
599,C2,-0.0906295355241922
600,C1,0.008783790270509002
600,Q1_percent,0.17785811221245432
600,C2,-0.08892795650962361
601,C1,0.09305421798474632
601,Q1_percent,0.12129009621927356
601,C2,-0.0930888594464544
602,C1,-0.02866517087608427
602,Q1_percent,0.04909179804331866
602,C2,-0.13335955297722238
603,C1,-0.08337176636674774
603,Q1_percent,0.23773575579736245
603,C2,-0.16758699042507655
604,C1,0.02863521095839708
604,Q1_percent,0.0407030655382913
604,C2,-0.09656351308938475
605,C1,-0.05758118721767103
605,Q1_percent,0.17255765691110952
605,C2,-0.12175176849181267
606,C1,0.07752582907293418
606,Q1_percent,0.08282399202909652
606,C2,-0.05041994633217495
607,C1,0.06178087573610513
607,Q1_percent,0.1433285071755622
607,C2,-0.10740801012251618
608,C1,-0.07208239678925014
608,Q1_percent,0.18930959454317245
608,C2,-0.15632978099843683
609,C1,0.11566598077358861
609,Q1_percent,0.07116897682714375
609,C2,-0.028822805385931374
610,C1,0.023532006978409917
610,Q1_percent,0.20064314230496022
610,C2,-0.11100542171015534
611,C1,0.06743085091449384
611,Q1_percent,0.08564857450611743
611,C2,-0.059042920999925974
612,C1,-0.044334901015081696
612,Q1_percent,0.16168747500183026
612,C2,-0.11425512344257836
613,C1,-0.06055765043031137
613,Q1_percent,0.12330738436381428
613,C2,-0.21113706787899966
614,C1,0.10929119234465637
614,Q1_percent,0.07129687558883709
614,C2,-0.06541648559201453
615,C1,-0.086864690283915
615,Q1_percent,0.22306393172760175
615,C2,-0.1707912238339475
616,C1,-0.04002067107548824
616,Q1_percent,0.05700654967380525
616,C2,-0.14151402577185387
617,C1,-0.06629435581637995
617,Q1_percent,0.1582578380942327
617,C2,-0.1525581083215831
618,C1,0.013542399334723869
618,Q1_percent,0.09628124744757686
618,C2,-0.13205210544948054
619,C1,0.026664003300632993
619,Q1_percent,0.15136383548317267
619,C2,-0.1240562140355059
620,C1,0.015446468222278721
620,Q1_percent,0.13627232340146997
620,C2,-0.1140882698746391
621,C1,-0.002417312598478855
621,Q1_percent,0.15339080712303255
621,C2,-0.14477779287048334
622,C1,0.009148411388883646
622,Q1_percent,0.1332478384842115
622,C2,-0.1443208120090781
623,C1,0.006905835874792937
623,Q1_percent,0.1579437775683317
623,C2,-0.07177508856860318
624,C1,-0.005942497261101397
624,Q1_percent,0.12188306186403704
624,C2,-0.10594240383913364
625,C1,-0.07332226037075251
625,Q1_percent,0.13863728747672402
625,C2,-0.18289751733265003
626,C1,0.02324967727506655
626,Q1_percent,0.20148465965149115
626,C2,-0.059427186646053225
627,C1,-0.10836841660738021
627,Q1_percent,0.27433761286398173
627,C2,-0.17912264286427113
628,C1,0.17050066573221076
628,Q1_percent,0.047391682917895805
628,C2,-0.0022398519852014965
629,C1,-0.11640443955400898
629,Q1_percent,0.2858103777504159
629,C2,-0.09929744626443544
630,C1,-0.12381476876340171
630,Q1_percent,0.0582620890163793
630,C2,-0.2311300505699039
631,C1,-0.015398192419691554
631,Q1_percent,0.10616522882627812
631,C2,-0.11490885846788815
632,C1,-0.10743283006365092
632,Q1_percent,0.09668791324167035
632,C2,-0.1934907050471786
633,C1,-0.08934348978423973
633,Q1_percent,0.19191178380262425
633,C2,-0.17776294535711049
634,C1,0.0429652724426836
634,Q1_percent,0.10950275597376218
634,C2,-0.10527070077290344
635,C1,-0.048643625762131285
635,Q1_percent,0.1442497027099415
635,C2,-0.10744596811945963
636,C1,0.005375268749343927
636,Q1_percent,0.1586646276661742
636,C2,-0.09336791276165793
637,C1,-0.03551919791952827
637,Q1_percent,0.1896288715119205
637,C2,-0.09980810916700568
638,C1,-0.042646043475172445
638,Q1_percent,0.2244456255705238
638,C2,-0.07646370218793087
639,C1,0.006632278491670074
639,Q1_percent,0.1401767788506663
639,C2,-0.0926787134791965
640,C1,-0.062081161431201015
640,Q1_percent,0.15671512692288742
640,C2,-0.08712226661748299
641,C1,0.019308101097665325
641,Q1_percent,0.02763235353555361
641,C2,-0.021075900440929673
642,C1,-0.019128637502439087
642,Q1_percent,0.10863912477169832
642,C2,-0.09766372517050165
643,C1,-0.16785292876364996
643,Q1_percent,0.22725381359539337
643,C2,-0.17694116918250744
644,C1,0.11769394466491757
644,Q1_percent,0.09137654317625482
644,C2,-0.04457905395799227
645,C1,-0.010305546581192737
645,Q1_percent,0.08303188949672363
645,C2,-0.05617632038525779
646,C1,0.03284587074899982
646,Q1_percent,0.10485272100530553
646,C2,-0.016527818107032143
647,C1,-0.12597160548336786
647,Q1_percent,0.15411515798244846
647,C2,-0.15076520401440238
648,C1,-0.0008201006034300111
648,Q1_percent,0.16298416338659955
648,C2,-0.12563412953190944
649,C1,-0.08362422012272311
649,Q1_percent,0.13928710333386624
649,C2,-0.1208409188041335
650,C1,-0.004035421816705531
650,Q1_percent,0.19575342489431902
650,C2,-0.07094566122686391
651,C1,-0.09141287400322438
651,Q1_percent,0.17374586027869415
651,C2,-0.11726407126229176
652,C1,-0.07099238094832168
652,Q1_percent,0.16230025153672323
652,C2,-0.15274585250336606
653,C1,-0.07992542325761894
653,Q1_percent,0.15815794429483135
653,C2,-0.14770557490673955
654,C1,-0.015216797904562417
654,Q1_percent,0.17134490081157455
654,C2,-0.11326190999985185
655,C1,0.03276731453343802
655,Q1_percent,0.10652078835698274
655,C2,-0.052258001190422315
656,C1,-0.008258998340212147
656,Q1_percent,0.13105322351357407
656,C2,-0.12025659798340571
657,C1,0.002051774465616476
657,Q1_percent,0.08100876537195473
657,C2,-0.10247052958225329
658,C1,0.13900090045964258
658,Q1_percent,-0.0017930709810551277
658,C2,-0.03957663369111783
659,C1,-0.12084081709540104
659,Q1_percent,0.19478682752485701
659,C2,-0.2482539531749601
660,C1,0.03628957129140757
660,Q1_percent,0.11178024632549098
660,C2,-0.10918584256563961
661,C1,-0.11664002055874043
661,Q1_percent,0.16285501423454032
661,C2,-0.13407373884288562
662,C1,-0.04498890911461767
662,Q1_percent,0.15521089563306797
662,C2,-0.11169000945491796
663,C1,-0.007021637787203926
663,Q1_percent,0.14440051547720967
663,C2,-0.06799332616703975
664,C1,0.095253632331487
664,Q1_percent,0.08608355978704495
664,C2,-0.017453295346887512
665,C1,-0.07645866471168757
665,Q1_percent,0.13989230263851168
665,C2,-0.09689174855212455
666,C1,-0.23172033188170865
666,Q1_percent,0.16892474316646783
666,C2,-0.222006847832735
667,C1,0.013738071345445049
667,Q1_percent,0.16333780554148283
667,C2,-0.09438886228537396
668,C1,0.019442685414602034
668,Q1_percent,0.0866700601908138
668,C2,-0.0852930694391388
669,C1,-0.015342242708316332
669,Q1_percent,0.09019498364929708
669,C2,-0.136587965395422
670,C1,0.10477672037771336
670,Q1_percent,0.12342439644340453
670,C2,-0.0001916646283190693
671,C1,-0.11021928012698451
671,Q1_percent,0.14862403819630665
671,C2,-0.1550143941674498
672,C1,-0.11280791104827748
672,Q1_percent,0.2684079383634533
672,C2,-0.13791850403769937
673,C1,-0.025526207003180045
673,Q1_percent,0.16701455555090938
673,C2,-0.16952316083219787
674,C1,0.09330286936954922
674,Q1_percent,0.07912522060126624
674,C2,0.06471074646830655
675,C1,-0.04381113955664355
675,Q1_percent,0.1422804774126948
675,C2,-0.107074817649671
676,C1,-0.07436162764072544
676,Q1_percent,0.1394721276873722
676,C2,-0.0975291189799311
677,C1,-0.009319345472138491
677,Q1_percent,0.14745091470799018
677,C2,-0.0719898335762787
678,C1,0.033587840832752715
678,Q1_percent,0.0901686167077756
678,C2,-0.07756269893860387
679,C1,0.1070545254352796
679,Q1_percent,0.10771297626218494
679,C2,-0.026716062371161576
680,C1,0.015533597250774531
680,Q1_percent,0.1328025753402082
680,C2,-0.1074308402394839
681,C1,-0.02518390148705519
681,Q1_percent,0.16451331524982932
681,C2,-0.0794507986177217
682,C1,0.13793946923725112
682,Q1_percent,0.016214939368508388
682,C2,-0.04179324091356659
683,C1,0.007759020641054978
683,Q1_percent,0.1755216875084663
683,C2,-0.09048112553713894
684,C1,0.16749852692374378
684,Q1_percent,0.03811118372442681
684,C2,0.01336563567741857
685,C1,-0.08733921273689439
685,Q1_percent,0.21187810487350855
685,C2,-0.25136119239553434
686,C1,-0.1683444580680507
686,Q1_percent,0.17302057449932332
686,C2,-0.167017820184281
687,C1,-0.05432158853091155
687,Q1_percent,0.17758049867672535
687,C2,-0.14699386319873398
688,C1,-0.06751387417184564
688,Q1_percent,0.1743513917509489
688,C2,-0.19209056307462197
689,C1,-0.12124643362937244
689,Q1_percent,0.21355803172105253
689,C2,-0.12499676261807918
690,C1,0.01799525917087129
690,Q1_percent,0.07472006431184078
690,C2,-0.11978915244702215
691,C1,-0.001422201773888708
691,Q1_percent,0.17905257046370968
691,C2,-0.11089176203920302
692,C1,-0.0290179077295379
692,Q1_percent,0.18173282448660316
692,C2,-0.19169775995694216
693,C1,-0.08001812354294875
693,Q1_percent,0.118144371901669
693,C2,-0.2166800012511648
694,C1,0.09583341316218606
694,Q1_percent,0.06599420516618894
694,C2,-0.049709086311043406
695,C1,-0.16963979086897113
695,Q1_percent,0.0767898973866801
695,C2,-0.27635256078931913
696,C1,-0.17243386770250915
696,Q1_percent,0.12344018283939905
696,C2,-0.23423996470222255
697,C1,0.022684835633250085
697,Q1_percent,0.09032915803831795
697,C2,-0.06149522620258934
698,C1,0.0006252654721878203
698,Q1_percent,0.1251721810534721
698,C2,-0.1079881195979358
699,C1,-0.06709725824652492
699,Q1_percent,0.21403247926828065
699,C2,-0.12076076087688929
700,C1,-0.07612435565174892
700,Q1_percent,0.21434351753391337
700,C2,-0.12840819196744427
701,C1,-0.03840691912518755
701,Q1_percent,0.11718632810323977
701,C2,-0.1670185372411196
702,C1,-0.002949503173280658
702,Q1_percent,0.08382870947483287
702,C2,-0.060344392954631856
703,C1,-0.15522395893461047
703,Q1_percent,0.16435010648735437
703,C2,-0.18384431930242312
704,C1,-0.0631269579118474
704,Q1_percent,0.11615784915696009
704,C2,-0.11204971271166718
705,C1,0.06614782300352129
705,Q1_percent,0.0865819732698136
705,C2,-0.1013748871113066
706,C1,0.1547168619664926
706,Q1_percent,-0.009496681165307382
706,C2,-0.04910173154184793
707,C1,0.02586053853607978
707,Q1_percent,0.14049230322366144
707,C2,-0.08952923204108852
708,C1,-0.02530188115707414
708,Q1_percent,0.2260866206284419
708,C2,-0.13102887265713423
709,C1,-0.12358042907670984
709,Q1_percent,0.2324216301210617
709,C2,-0.12090345702946265
710,C1,-0.11565466452286027
710,Q1_percent,0.19327102100098548
710,C2,-0.2737573140224337
711,C1,0.03465878871921985
711,Q1_percent,0.15139067387931657
711,C2,-0.013566078835582435
712,C1,-0.131418064599137
712,Q1_percent,0.20285480752259888
712,C2,-0.19453898001552808
713,C1,0.07067874172023735
713,Q1_percent,0.10362083306955806
713,C2,-0.04984941854151078
714,C1,0.018986464831215393
714,Q1_percent,0.11974223892478618
714,C2,-0.15104946573051523
715,C1,-0.03249592849142237
715,Q1_percent,0.1250465207407211
715,C2,-0.10489610438804714
716,C1,-0.002311318286773403
716,Q1_percent,0.08540254699470881
716,C2,-0.11899177956605758
717,C1,-0.08687480492674131
717,Q1_percent,0.13412997290245807
717,C2,-0.09562936323226899
718,C1,0.07817033242768016
718,Q1_percent,0.07185698958946159
718,C2,-0.03192402408961639
719,C1,0.02668295770118085
719,Q1_percent,0.11997341411558633
719,C2,-0.10943947779996877
720,C1,-0.032913012776630834
720,Q1_percent,0.17075107570395479
720,C2,-0.16898427315245768
721,C1,-0.12459593259338425
721,Q1_percent,0.172587377147106
721,C2,-0.20745614904741422
722,C1,-0.08695563027643442
722,Q1_percent,0.1467409867768607
722,C2,-0.1910987935839204
723,C1,0.006096387128609004
723,Q1_percent,0.05319386332192244
723,C2,-0.0982838562357943
724,C1,-0.023059045662006932
724,Q1_percent,0.16678465260937747
724,C2,-0.11523702421647809
725,C1,-0.09813415640549415
725,Q1_percent,0.09402829037763341
725,C2,-0.15170661535772414
726,C1,0.0677553203502582
726,Q1_percent,0.12500790650380716
726,C2,-0.05367795652804088
727,C1,-0.04184344526431046
727,Q1_percent,0.13460717529663654
727,C2,-0.08092614144324367
728,C1,-0.06190377220489351
728,Q1_percent,0.16015707022195852
728,C2,-0.13884301633129512
729,C1,-0.05844780925129295
729,Q1_percent,0.18578282053201722
729,C2,-0.20441334286039992
730,C1,-0.06305123528822067
730,Q1_percent,0.15290030432959784
730,C2,-0.12434394420206073
731,C1,-0.08891662224316722
731,Q1_percent,0.16600064967126218
731,C2,-0.13661762153314086
732,C1,-0.20828779065654235
732,Q1_percent,0.07078386586738368
732,C2,-0.214548092438708
733,C1,-0.03343468827653412
733,Q1_percent,0.20254529488710318
733,C2,-0.14781310919557591
734,C1,-0.06717896570695842
734,Q1_percent,0.24642079075620618
734,C2,-0.17267397363758805
735,C1,-0.07269640432688519
735,Q1_percent,0.1711232053217053
735,C2,-0.1348294515622778
736,C1,-0.06813192407067596
736,Q1_percent,0.14264066791439475
736,C2,-0.14173853731776845
737,C1,0.10505375690887087
737,Q1_percent,0.1467556942166569
737,C2,0.03777749023739567
738,C1,0.098568565438725
738,Q1_percent,0.06372903963524792
738,C2,-0.04147257268112446
739,C1,0.012436932496166182
739,Q1_percent,0.17318489001589557
739,C2,-0.1090780368327446
740,C1,0.057293979691355655
740,Q1_percent,0.12346981631406798
740,C2,-0.051242825977732165
741,C1,0.0046986121754086785
741,Q1_percent,0.03207797320518341
741,C2,-0.10392397716174412
742,C1,-0.04830213866493307
742,Q1_percent,0.15661113740171792
742,C2,-0.18509675315034507
743,C1,0.05249248967380063
743,Q1_percent,0.1594128034694995
743,C2,-0.06747247084265831
744,C1,-0.0489467022608961
744,Q1_percent,0.16300259192807742
744,C2,-0.1900932199251089
745,C1,-0.1248625971672006
745,Q1_percent,0.22190261999036404
745,C2,-0.24366426093055252
746,C1,-0.04452343407884421
746,Q1_percent,0.22090868848312106
746,C2,-0.09852177510968696
747,C1,-0.15624689413661477
747,Q1_percent,0.15718854604829305
747,C2,-0.1623760943430396
748,C1,0.06676919392792208
748,Q1_percent,0.018735900607695984
748,C2,-0.07455872731825701
749,C1,-0.061108504296055334
749,Q1_percent,0.2233929579982565
749,C2,-0.11754572122391349
750,C1,0.006953090446774795
750,Q1_percent,0.1164704449739129
750,C2,-0.09429642559125052
751,C1,0.0635833784054331
751,Q1_percent,0.11155207265379216
751,C2,-0.06119641282672648
752,C1,0.019819742780710477
752,Q1_percent,0.18037765996766383
752,C2,-0.06378399985802251
753,C1,0.15675499833813678
753,Q1_percent,0.010879160069624255
753,C2,0.03992053769637943
754,C1,-0.05560361804364551
754,Q1_percent,0.0441672373327987
754,C2,-0.22966370980463768
755,C1,-0.026612855820278787
755,Q1_percent,0.1030122593160488
755,C2,-0.13870296545237903
756,C1,-0.10446345806733663
756,Q1_percent,0.23959934038383426
756,C2,-0.205221944213515
757,C1,-0.11766021332354178
757,Q1_percent,0.048461368468240576
757,C2,-0.21427723049999403
758,C1,-0.05952451724998528
758,Q1_percent,0.1882853541387633
758,C2,-0.23217777095508516
759,C1,0.13259550450905003
759,Q1_percent,0.1033675980931561
759,C2,-0.011339402262199873
760,C1,0.0170791436796697
760,Q1_percent,0.0806176098084806
760,C2,-0.1014538372944879
761,C1,0.08362760649230445
761,Q1_percent,0.05597084643297681
761,C2,-0.036933415735616114
762,C1,-0.07834395607411847
762,Q1_percent,0.2948171838630049
762,C2,-0.18700803921753714
763,C1,-0.007386621926591359
763,Q1_percent,0.14958746291501346
763,C2,-0.11692662209151959
764,C1,0.04714859992765422
764,Q1_percent,0.16747936870259478
764,C2,-0.02892313461860698
765,C1,-0.019546574983200508
765,Q1_percent,0.20264397929407837
765,C2,-0.11080569457234084
766,C1,0.07709246869265395
766,Q1_percent,0.07880095878162018
766,C2,-0.04704293504728427
767,C1,-0.0951723632083144
767,Q1_percent,0.15023914559978913
767,C2,-0.1395242594584166
768,C1,-0.04902351445928431
768,Q1_percent,0.1640440257528953
768,C2,-0.16650715604525665
769,C1,0.05593114954754215
769,Q1_percent,0.1556851579136515
769,C2,-0.0957497139773975
770,C1,-0.041748837922973146
770,Q1_percent,0.17942392718803674
770,C2,-0.08319899404928541
771,C1,0.1444168788216416
771,Q1_percent,0.07267289581993393
771,C2,-0.0181476601659363
772,C1,0.046800525566530034
772,Q1_percent,0.16955680267092554
772,C2,-0.047917332398375846
773,C1,0.04805899889318149
773,Q1_percent,0.10026012887197384
773,C2,-0.029068266102735642
774,C1,0.0238704910771612
774,Q1_percent,0.15865078707102773
774,C2,-0.07534849254679776
775,C1,-0.03342959067395653
775,Q1_percent,0.08666234267778812
775,C2,-0.1667263370946387
776,C1,0.050178830381662654
776,Q1_percent,0.11226315173427506
776,C2,-0.03834641900025426
777,C1,-0.06492529027526447
777,Q1_percent,0.13376121157561038
777,C2,-0.1761799999315374
778,C1,0.016205692737475234
778,Q1_percent,0.09829304831290146
778,C2,-0.1219480221831451
779,C1,-0.0881223950703121
779,Q1_percent,0.16028158714123955
779,C2,-0.14382703910589265
780,C1,0.0634266672426915
780,Q1_percent,0.06295969662066894
780,C2,-0.05729806746809727
781,C1,0.07736509356335163
781,Q1_percent,0.04013542329774038
781,C2,-0.07857627272173172
782,C1,-0.02676019716762525
782,Q1_percent,0.12363833532817746
782,C2,-0.12232991261640366
783,C1,0.008188932220919072
783,Q1_percent,0.1836889372844367
783,C2,-0.13782946231959123
784,C1,-0.013398431653693962
784,Q1_percent,0.19064604857512987
784,C2,-0.10354543233334337
785,C1,-0.08086484655595709
785,Q1_percent,0.1624733265200507
785,C2,-0.16874860191798716
786,C1,-0.1342487873023121
786,Q1_percent,0.18786220534475864
786,C2,-0.16785440188312226
787,C1,-0.1204551724100897
787,Q1_percent,0.2859201833418609
787,C2,-0.1772034174274523
788,C1,-0.0693489094027538
788,Q1_percent,0.18340591756680982
788,C2,-0.15412542356101497
789,C1,-0.06904728942749527
789,Q1_percent,0.1625068341809523
789,C2,-0.13181572631899616
790,C1,-0.01051940562843853
790,Q1_percent,0.1795264113801852
790,C2,-0.0777716422387836
791,C1,-0.03583358566896869
791,Q1_percent,0.1436411521028717
791,C2,-0.12333186244456527
792,C1,-0.15924540317651575
792,Q1_percent,0.12124197301899711
792,C2,-0.20616591190368455
793,C1,0.021877002740882535
793,Q1_percent,0.13280295308269643
793,C2,-0.0787413061207136
794,C1,-0.10110072606821269
794,Q1_percent,0.2131470407657612
794,C2,-0.16546150457920636
795,C1,-0.08621672279083202
795,Q1_percent,0.09366043930279762
795,C2,-0.14395774760058455
796,C1,0.0918000789344899
796,Q1_percent,0.07789544243915021
796,C2,-0.08677336404294515
797,C1,-0.15723896864266795
797,Q1_percent,0.10992944861835152
797,C2,-0.20920534625894213
798,C1,0.01859304564447054
798,Q1_percent,0.04146003120631889
798,C2,-0.013003030951668958
799,C1,-0.04132774475344102
799,Q1_percent,0.2019925526510798
799,C2,-0.1394157105004456
800,C1,0.08253188300466172
800,Q1_percent,0.10518354644297347
800,C2,-0.030803787910647296
801,C1,-0.0003355931601585568
801,Q1_percent,0.15371056336063468
801,C2,-0.10948526484000158
802,C1,-0.08689107404985255
802,Q1_percent,0.18207207700057043
802,C2,-0.16622464142533674
803,C1,0.01202961762909113
803,Q1_percent,0.19884829763928383
803,C2,-0.13911877229097228
804,C1,-0.11310977755584975
804,Q1_percent,0.2158515873411367
804,C2,-0.14512292245130445
805,C1,-0.10108597299285357
805,Q1_percent,0.16766205765579006
805,C2,-0.17454753256955058
806,C1,-0.05305376542479925
806,Q1_percent,0.2509644370892883
806,C2,-0.07531784023935349
807,C1,0.052857728653914
807,Q1_percent,0.12014786634178705
807,C2,-0.09626486245201088
808,C1,-0.02864480543314951
808,Q1_percent,0.15531736914803837
808,C2,-0.1325086525317097
809,C1,-0.1153521843657868
809,Q1_percent,0.1775167447995465
809,C2,-0.12856099231484094
810,C1,-0.13131545830768165
810,Q1_percent,0.1666832523556489
810,C2,-0.13694450798024396
811,C1,-0.004986981013284967
811,Q1_percent,0.13988018518140588
811,C2,-0.10675020197741938
812,C1,-0.15372331714419163
812,Q1_percent,0.2000996024624014
812,C2,-0.16166288335540538
813,C1,0.04390088558489003
813,Q1_percent,0.1137599884280626
813,C2,0.0038368425648598018
814,C1,0.1204465377646293
814,Q1_percent,0.06400570946147989
814,C2,-0.0755696891970633
815,C1,-0.04136217369562471
815,Q1_percent,0.0775643638185092
815,C2,-0.15231259481981513
816,C1,-0.07266163357973134
816,Q1_percent,0.17743526731438983
816,C2,-0.11494060192584205
817,C1,0.11052095504466655
817,Q1_percent,0.10371066747922289
817,C2,-0.05406586246241459
818,C1,-0.0401244642107539
818,Q1_percent,0.13650664992501932
818,C2,-0.1778276570374885
819,C1,-0.12656193586105827
819,Q1_percent,0.11458950264705717
819,C2,-0.17759772390828443
820,C1,-0.05013138641713502
820,Q1_percent,0.21009930573449934
820,C2,-0.12739448675600046
821,C1,-0.10247781940063679
821,Q1_percent,0.2456109340910175
821,C2,-0.10994742756283558
822,C1,-0.03778903544813941
822,Q1_percent,0.13726029494553801
822,C2,-0.15857224958513227
823,C1,-0.0491911862421471
823,Q1_percent,0.10461029602150144
823,C2,-0.13177121677722425
824,C1,0.0005434557509972342
824,Q1_percent,0.1806682188743249
824,C2,-0.0765602581526893
825,C1,0.04223950112442828
825,Q1_percent,0.1184726917663611
825,C2,-0.04050117581372416
826,C1,0.08357018276806379
826,Q1_percent,0.03986156931813938
826,C2,-0.02556683776196665
827,C1,-0.004312679152211974
827,Q1_percent,0.2101750693525248
827,C2,-0.12502177556453692
828,C1,-0.1198569831379726
828,Q1_percent,0.24917112345405307
828,C2,-0.1742206395027103
829,C1,-0.09258818210853786
829,Q1_percent,0.1758302583052149
829,C2,-0.1618260348485416
830,C1,-0.13225952310414238
830,Q1_percent,0.22235628979899022
830,C2,-0.23464301402439672
831,C1,0.0841376894980926
831,Q1_percent,0.09072798222485427
831,C2,-0.13579395589294788
832,C1,0.013568324724232621
832,Q1_percent,0.12147006049847646
832,C2,-0.05246148239209767
833,C1,-0.05162038847096976
833,Q1_percent,0.2062164630384011
833,C2,-0.1396253865746763
834,C1,0.04949921071764301
834,Q1_percent,0.12009750822097053
834,C2,-0.012476580041256761
835,C1,-0.13244148628410904
835,Q1_percent,0.13737283774260273
835,C2,-0.1940071672690618
836,C1,-0.08014629012230065
836,Q1_percent,0.20355696176644003
836,C2,-0.11958669039675855
837,C1,-0.06582676885569388
837,Q1_percent,0.11111566900487836
837,C2,-0.17774779838207797
838,C1,0.08586557203781772
838,Q1_percent,0.1067407524286824
838,C2,-0.016868499356685978
839,C1,-0.07176196974735845
839,Q1_percent,0.25538255017501293
839,C2,-0.16125071324370568
840,C1,-0.055565353910837126
840,Q1_percent,0.20268919104479288
840,C2,-0.14137414597671463
841,C1,0.051675238780022205
841,Q1_percent,0.0627270071931316
841,C2,-0.00433804384830973
842,C1,0.040011844340191484
842,Q1_percent,0.11420960366751623
842,C2,-0.11770624224621846
843,C1,0.10750309241930925
843,Q1_percent,-0.0076067440061943215
843,C2,-0.019797041314540288
844,C1,0.09977626049960799
844,Q1_percent,0.0652586689136793
844,C2,-0.04352771587495889
845,C1,0.05433501764816746
845,Q1_percent,0.11471743697848329
845,C2,-0.06028637493532728
846,C1,0.03710548209266078
846,Q1_percent,0.11514386557431944
846,C2,-0.05281046716480697
847,C1,-0.01792581708514484
847,Q1_percent,0.15212368713344088
847,C2,-0.1261262171186702
848,C1,0.08909308529624144
848,Q1_percent,-0.0008682612006775421
848,C2,-0.030793105906174168
849,C1,-0.06344957101436947
849,Q1_percent,0.1412946511925541
849,C2,-0.10307654229898418
850,C1,0.047477309739683775
850,Q1_percent,0.1266648484738762
850,C2,-0.1161947835535679
851,C1,0.01493451401596474
851,Q1_percent,0.0521179390961016
851,C2,-0.14303236715446505
852,C1,0.042038850413617976
852,Q1_percent,0.07235046243296445
852,C2,-0.0523963882723637
853,C1,-0.04549691858193355
853,Q1_percent,0.15478898787193504
853,C2,-0.20698214164517167
854,C1,0.020199380343700387
854,Q1_percent,0.14966405886537928
854,C2,-0.1064586125511338
855,C1,-0.07341673896031195
855,Q1_percent,0.11467091663628698
855,C2,-0.12214354946221034
856,C1,-0.11127788261744456
856,Q1_percent,0.1671199329812692
856,C2,-0.19589474013642919
857,C1,0.025116776349078364
857,Q1_percent,0.0910177499858522
857,C2,-0.07035176805243533
858,C1,0.0585950039566056
858,Q1_percent,0.06795948238927771
858,C2,-0.06701326829532503
859,C1,-0.07592630679812484
859,Q1_percent,0.03772846420584213
859,C2,-0.17346552483442518
860,C1,-0.053870365283878764
860,Q1_percent,0.1571214995219346
860,C2,-0.14417240187717706
861,C1,0.025237009112899462
861,Q1_percent,0.14771133508399428
861,C2,-0.05454802439091899
862,C1,-0.08576019285368303
862,Q1_percent,0.21650470958186616
862,C2,-0.17424168865478773
863,C1,-0.06478828634915353
863,Q1_percent,0.14994012978934598
863,C2,-0.1742603000082221
864,C1,-0.010295105435253736
864,Q1_percent,0.11824415952938166
864,C2,-0.11362748420304583
865,C1,-0.10855501751950308
865,Q1_percent,0.24683979251463783
865,C2,-0.20030753217328723
866,C1,-0.08807555474575506
866,Q1_percent,0.11999306247690479
866,C2,-0.13583141872487642
867,C1,-0.07622809767230722
867,Q1_percent,0.21120143160994784
867,C2,-0.16194058601517036
868,C1,0.014328593762149807
868,Q1_percent,0.17500910790546748
868,C2,-0.11648175246207336
869,C1,-0.020797975082993223
869,Q1_percent,0.19420642154526305
869,C2,-0.04365809985237598
870,C1,-0.01343612560075641
870,Q1_percent,0.190500667344493
870,C2,-0.07877304983640933
871,C1,0.16806646012456444
871,Q1_percent,0.05559929235361723
871,C2,-0.047702836461021414
872,C1,0.08335030068485756
872,Q1_percent,0.079686615929597
872,C2,-0.08777947175293316
873,C1,-0.038511053576527586
873,Q1_percent,0.20133418928417282
873,C2,-0.12804570428071593
874,C1,-0.07361881111309942
874,Q1_percent,0.17790665520203996
874,C2,-0.11578659668000725
875,C1,0.00881327250643721
875,Q1_percent,0.06024141915518818
875,C2,-0.08422766021037904
876,C1,-0.02230165628013675
876,Q1_percent,0.1717717832440839
876,C2,-0.11938728629390162
877,C1,0.07205894415332507
877,Q1_percent,0.07495195568630095
877,C2,-0.1091867625698756
878,C1,-0.07521660821486958
878,Q1_percent,0.21477572280350857
878,C2,-0.15153459735708258
879,C1,-0.029121233531949762
879,Q1_percent,0.2161445458312642
879,C2,-0.08521127742825234
880,C1,0.05226703365409818
880,Q1_percent,0.1371864540647161
880,C2,-0.04762975712036793
881,C1,-0.09407646515837523
881,Q1_percent,0.16965216339352018
881,C2,-0.1236184070143826
882,C1,-0.013809591184216574
882,Q1_percent,0.16998670613214978
882,C2,-0.14715602593340033
883,C1,0.07850781898440189
883,Q1_percent,0.11738204166724463
883,C2,-0.07094852523751664
884,C1,0.08749400673145617
884,Q1_percent,0.10225792511542886
884,C2,-0.016425145971981425
885,C1,-0.057631632184057466
885,Q1_percent,0.09584729334811817
885,C2,-0.16256378493211768
886,C1,-0.06202002934083896
886,Q1_percent,0.1532887063460552
886,C2,-0.15279283803092022
887,C1,-0.016431096715483626
887,Q1_percent,0.1918810659106584
887,C2,-0.08004574169347332
888,C1,-0.0031294008307178817
888,Q1_percent,0.18880698038739704
888,C2,-0.11389116884620053
889,C1,-0.0003851682959056435
889,Q1_percent,0.0704996944336406
889,C2,-0.06456293493025403
890,C1,-0.0382385422861439
890,Q1_percent,0.23771855708679024
890,C2,-0.09709604543963293
891,C1,-0.03558514760246594
891,Q1_percent,0.18863026904821065
891,C2,-0.07441900074463728
892,C1,0.03647398412463204
892,Q1_percent,0.128688311422576
892,C2,-0.12420381751088043
893,C1,-0.03755272414316232
893,Q1_percent,0.16085638553204495
893,C2,-0.13525626219692727
894,C1,0.0005710735013581932
894,Q1_percent,0.09742213533371065
894,C2,-0.09895301759829153
895,C1,-0.10990021148780894
895,Q1_percent,0.10783125424255262
895,C2,-0.21469893042945548
896,C1,0.005767983439082388
896,Q1_percent,0.1281344100293535
896,C2,-0.1060771908891119
897,C1,-0.020706991845303002
897,Q1_percent,0.11567624823527511
897,C2,-0.11227162502373136
898,C1,0.0007619689450499525
898,Q1_percent,0.18720606812133708
898,C2,-0.10596395640915077
899,C1,-0.01818085459472456
899,Q1_percent,0.2058009334644322
899,C2,-0.16752940126450586
900,C1,-0.07712304100193117
900,Q1_percent,0.14696648661255063
900,C2,-0.1439225190504771
901,C1,0.10338236488319598
901,Q1_percent,0.054441901543836775
901,C2,-0.0495033739983043
902,C1,0.05011936483005218
902,Q1_percent,0.189288248357955
902,C2,-0.08309881767367766
903,C1,0.02162964816340431
903,Q1_percent,0.1285786329344049
903,C2,-0.10434300903782792
904,C1,0.047412553657603294
904,Q1_percent,0.16033727381718524
904,C2,-0.05739134818471451
905,C1,0.025608774023652157
905,Q1_percent,0.11844152379647804
905,C2,-0.06274251975958986
906,C1,-0.008745601516338485
906,Q1_percent,0.12448010090092135
906,C2,-0.13656601297351714
907,C1,0.033373550282108366
907,Q1_percent,0.14352746561655982
907,C2,-0.041413286883814224
908,C1,-0.08392132891552473
908,Q1_percent,0.14134747704911274
908,C2,-0.1680570861999366
909,C1,0.03478112738064021
909,Q1_percent,0.1403527390559234
909,C2,-0.09692515453692689
910,C1,-0.09167609412846675
910,Q1_percent,0.19285713838008506
910,C2,-0.1881914732483668
911,C1,-0.015700043144486017
911,Q1_percent,0.1381808080064749
911,C2,-0.12938836366743459
912,C1,-0.15043465844486884
912,Q1_percent,0.20293670552642804
912,C2,-0.20544817227030945
913,C1,-0.02594139071743944
913,Q1_percent,0.08415048724823551
913,C2,-0.1079647953766679
914,C1,-0.09223504248034811
914,Q1_percent,0.12790621458110535
914,C2,-0.1025039197714409
915,C1,-0.04775977998170457
915,Q1_percent,0.16723207564189502
915,C2,-0.10320984616362415
916,C1,0.012458018390793038
916,Q1_percent,0.13995163465378685
916,C2,-0.08633461711537407
917,C1,-0.008726857262961941
917,Q1_percent,0.15827716406358897
917,C2,-0.09766183437162627
918,C1,-0.032400727596709616
918,Q1_percent,0.06283325175765189
918,C2,-0.10354374506103496
919,C1,0.03326336070994668
919,Q1_percent,0.13128870203111134
919,C2,-0.07582672142526435
920,C1,0.004192241686173996
920,Q1_percent,0.13737111395346896
920,C2,-0.05415775856267907
921,C1,0.13344102727823468
921,Q1_percent,0.008383253767457209
921,C2,-0.037926687038814216
922,C1,-0.08228500155244246
922,Q1_percent,0.13836952819884746
922,C2,-0.12010389890118281
923,C1,-0.06587426359329963
923,Q1_percent,0.16204115637984792
923,C2,-0.13754958403482012
924,C1,-0.09437316321410928
924,Q1_percent,0.24825668100618895
924,C2,-0.14011755289140587
925,C1,-0.06412146839703899
925,Q1_percent,0.18167657323091987
925,C2,-0.17506902131285518
926,C1,-0.019989285472392482
926,Q1_percent,0.14714045482421367
926,C2,-0.11863949683722645
927,C1,-0.028299099776711058
927,Q1_percent,0.1938833142817302
927,C2,-0.0934427860418932
928,C1,-0.28274100549996556
928,Q1_percent,0.14018082945265523
928,C2,-0.2332081203753902
929,C1,-0.10929112233529804
929,Q1_percent,0.2290476628562133
929,C2,-0.11810651982373971
930,C1,0.04583093292852165
930,Q1_percent,0.0975589061948495
930,C2,-0.05141574480290936
931,C1,0.047456072631853946
931,Q1_percent,0.09131457964676291
931,C2,-0.05356360897328574
932,C1,0.06254247625936193
932,Q1_percent,0.13903791092992904
932,C2,-0.09523437008413622
933,C1,-0.14424484307658292
933,Q1_percent,0.263259746456748
933,C2,-0.11664497837850998
934,C1,0.04144573525261564
934,Q1_percent,0.1390542105544941
934,C2,-0.029421334945317307
935,C1,-0.1740879995903072
935,Q1_percent,0.14431266791892183
935,C2,-0.26587157107523285
936,C1,-0.0822289969788338
936,Q1_percent,0.06151176988188097
936,C2,-0.1666028195071288
937,C1,-0.09042341540625186
937,Q1_percent,0.12166535344894383
937,C2,-0.1964020303347728
938,C1,-0.08761730460829663
938,Q1_percent,0.11802718528827469
938,C2,-0.16518887353268444
939,C1,0.12986458617117724
939,Q1_percent,0.08061804428576598
939,C2,-0.02523382638010329
940,C1,-0.05790423957876777
940,Q1_percent,0.20419630202703787
940,C2,-0.16235796654069182
941,C1,-0.07662694904564614
941,Q1_percent,0.14001038348580977
941,C2,-0.23961491360834
942,C1,-0.04489664711969372
942,Q1_percent,0.15311596458182986
942,C2,-0.15092672686626754
943,C1,-0.10482313448117266
943,Q1_percent,0.21002552055925397
943,C2,-0.1757106224314925
944,C1,-0.10348428909085221
944,Q1_percent,0.0780389764863485
944,C2,-0.20018321517680923
945,C1,0.025368124278718925
945,Q1_percent,0.13105088886243607
945,C2,-0.07474338412089429
946,C1,-0.035528067756377006
946,Q1_percent,0.17708035989660625
946,C2,-0.1424051731494826
947,C1,0.025365855501478036
947,Q1_percent,0.07220837284766354
947,C2,-0.07138861640579222
948,C1,-0.04219152705684742
948,Q1_percent,0.18337188263511817
948,C2,-0.06669744054706259
949,C1,0.07765061686683332
949,Q1_percent,0.14369241416029363
949,C2,-0.05200847491817374
950,C1,-0.13102068966603048
950,Q1_percent,0.19994223918357765
950,C2,-0.21172261168799528
951,C1,-0.030043528701470805
951,Q1_percent,0.09469024396249746
951,C2,-0.13766789026205906
952,C1,-0.05761244125148396
952,Q1_percent,0.17488560935345657
952,C2,-0.12445847428788842
953,C1,-0.1291286187390903
953,Q1_percent,0.11020699385826048
953,C2,-0.16642936478994047
954,C1,0.043645806496593935
954,Q1_percent,0.07156912262872628
954,C2,-0.07826991303735385
955,C1,-0.018178219665561646
955,Q1_percent,0.10187012913787201
955,C2,-0.16268991233262076
956,C1,-0.08842056112959025
956,Q1_percent,0.16154799866663297
956,C2,-0.19631356489115628
957,C1,-0.021244064471524875
957,Q1_percent,0.1257742500978395
957,C2,-0.16390036007858752
958,C1,-0.03159387009544411
958,Q1_percent,0.1674641755749634
958,C2,-0.0366189315989608
959,C1,-0.07259038568738133
959,Q1_percent,0.13726692153308492
959,C2,-0.17070306764028081
960,C1,-0.0427782557788404
960,Q1_percent,0.11292499760023267
960,C2,-0.09672391574298166
961,C1,0.09448581798524339
961,Q1_percent,0.17574300914244387
961,C2,-0.10408814799669984
962,C1,0.04072012401729556
962,Q1_percent,0.0931595777764673
962,C2,-0.11280770010289272
963,C1,-0.08105273577263779
963,Q1_percent,0.18377342169581745
963,C2,-0.17545294902188951
964,C1,0.025915572911371115
964,Q1_percent,0.15839910799893028
964,C2,-0.07751069707066535
965,C1,-0.11330957592005082
965,Q1_percent,0.1991734153783607
965,C2,-0.16835349675055544
966,C1,0.025685580219965705
966,Q1_percent,0.171830555442201
966,C2,-0.09822203775442852
967,C1,-0.019320397412562803
967,Q1_percent,0.11837087417549381
967,C2,-0.09224616073824116
968,C1,0.00869899658056148
968,Q1_percent,0.17653275648885203
968,C2,-0.10920765483197935
969,C1,-0.03468275677823214
969,Q1_percent,0.12091558006963686
969,C2,-0.1084599162632411
970,C1,0.02109191453444862
970,Q1_percent,0.07160741407692242
970,C2,-0.09936806088993452
971,C1,0.015615880890827024
971,Q1_percent,0.15745450844087494
971,C2,-0.07180008146218494
972,C1,0.08243915896685493
972,Q1_percent,0.10028431808358242
972,C2,-0.07029865000828195
973,C1,0.01937885986280682
973,Q1_percent,0.14122903961612576
973,C2,-0.12282689899559165
974,C1,-0.014518335293135674
974,Q1_percent,0.22304890065786911
974,C2,-0.14796124233367824
975,C1,0.004338224908260168
975,Q1_percent,0.1691441372722741
975,C2,-0.1067548207464376
976,C1,0.14266571437952827
976,Q1_percent,0.03744657255223195
976,C2,-0.021990272208019034
977,C1,-0.05903917336450923
977,Q1_percent,0.15941640628714898
977,C2,-0.1372543042592511
978,C1,0.01881038020781648
978,Q1_percent,0.18580634500030097
978,C2,-0.06232907170825641
979,C1,-0.10815650478688514
979,Q1_percent,0.18034051941981763
979,C2,-0.153149817020526
980,C1,-0.006167058699858557
980,Q1_percent,0.12435293289078003
980,C2,-0.07873280312849487
981,C1,0.062242589687196606
981,Q1_percent,0.06484932789239876
981,C2,-0.0007080190731675508
982,C1,-0.15057015440970908
982,Q1_percent,0.2940491769077098
982,C2,-0.19955477604117475
983,C1,-0.026760357418743254
983,Q1_percent,0.13229694137234593
983,C2,-0.07443375878517115
984,C1,-0.05170147355962857
984,Q1_percent,0.1710858499843653
984,C2,-0.16121572272444865
985,C1,0.061404001043860554
985,Q1_percent,0.15097108887031765
985,C2,-0.040788776089993886
986,C1,-0.207547678126449
986,Q1_percent,0.19352209080979219
986,C2,-0.24431041831196765
987,C1,-0.07645505062785012
987,Q1_percent,0.16756377883888576
987,C2,-0.13617388458479665
988,C1,-0.017741777839986275
988,Q1_percent,0.19296903954814773
988,C2,-0.13648446292582547
989,C1,-0.06712764895690446
989,Q1_percent,0.16443056301210238
989,C2,-0.17743711403925289
990,C1,0.07040230483585856
990,Q1_percent,0.08798790850065963
990,C2,-0.10476390814918306
991,C1,-0.03364041959459422
991,Q1_percent,0.25866644592735416
991,C2,-0.06791020153499173
992,C1,0.06266066270324075
992,Q1_percent,0.10526922470779498
992,C2,-0.01193865195355414
993,C1,0.052362026769825216
993,Q1_percent,0.14318770489748217
993,C2,-0.06703434581763441
994,C1,-0.012368920989431714
994,Q1_percent,0.11531996807393306
994,C2,-0.13839633065258355
995,C1,0.018542510447941526
995,Q1_percent,0.09344375457088942
995,C2,-0.03852233427151724
996,C1,0.011804363904607833
996,Q1_percent,0.07731813308067484
996,C2,-0.10195906746257269
997,C1,0.020938993247189723
997,Q1_percent,0.12155987608007256
997,C2,-0.07521492197216832
998,C1,0.04450060310112636
998,Q1_percent,0.14993378007750005
998,C2,-0.07085030738895404
999,C1,0.1318368683473564
999,Q1_percent,0.01832571818704029
999,C2,-0.008180386646176907
1000,C1,0.10900609984922083
1000,Q1_percent,0.047258526621834517
1000,C2,-0.027214973534824723
1001,C1,-0.012461880576990872
1001,Q1_percent,0.15087221553858024
1001,C2,-0.14232426929825487
1002,C1,0.10144483000724314
1002,Q1_percent,0.04161744355593234
1002,C2,-0.0666700199974564
1003,C1,0.06515057148882035
1003,Q1_percent,0.10082211402044172
1003,C2,-0.11516964330391757
1004,C1,-0.011250231980399756
1004,Q1_percent,0.13995089813296024
1004,C2,-0.10856584216493054
1005,C1,-0.07281689770933274
1005,Q1_percent,0.16771302442288002
1005,C2,-0.12066463071057212
1006,C1,-0.018894920177378226
1006,Q1_percent,0.2163548143379369
1006,C2,-0.12177041173085806
1007,C1,0.015859110788001986
1007,Q1_percent,0.13696330167222467
1007,C2,-0.10513351266046747
1008,C1,-0.02599749211716817
1008,Q1_percent,0.08844193677473278
1008,C2,-0.11492461148926121
1009,C1,0.08931571097674933
1009,Q1_percent,0.08049708699018497
1009,C2,-0.013301703919694065
1010,C1,0.03162816701901197
1010,Q1_percent,0.16881297882481455
1010,C2,0.004727163499374229
1011,C1,0.024579943224697955
1011,Q1_percent,0.13512843436599523
1011,C2,-0.028588611109687107
1012,C1,-0.050396276428287264
1012,Q1_percent,0.18803388895984782
1012,C2,-0.0874701199674962
1013,C1,-0.09139038845025133
1013,Q1_percent,0.12510029289053928
1013,C2,-0.1400244173357639
1014,C1,0.054659488138536626
1014,Q1_percent,0.0992117105057055
1014,C2,-0.10930285949526282
1015,C1,0.0891638040663378
1015,Q1_percent,0.056476206898760734
1015,C2,-0.06755831981763309
1016,C1,-0.12411425412130157
1016,Q1_percent,0.10196519262965144
1016,C2,-0.17866989785337123
1017,C1,-0.07434544701354077
1017,Q1_percent,0.1838662517355116
1017,C2,-0.12385940902506855
1018,C1,-0.10406043930576668
1018,Q1_percent,0.1034622256683776
1018,C2,-0.20102453878605733
1019,C1,-0.0320213629456439
1019,Q1_percent,0.20275751208868645
1019,C2,-0.15411359102401603
1020,C1,-0.012523496246484774
1020,Q1_percent,0.20334969288202576
1020,C2,-0.06821513526467628
1021,C1,-0.07632728856580186
1021,Q1_percent,0.13161229624987567
1021,C2,-0.12798107150770718
1022,C1,0.0329287902467661
1022,Q1_percent,0.15791998807494761
1022,C2,-0.081361121660435
1023,C1,-0.014435815045433915
1023,Q1_percent,0.15878242030635886
1023,C2,-0.06203602780932092
1024,C1,-0.04597756017961463
1024,Q1_percent,0.14664561495806805
1024,C2,-0.1432914195058859
1025,C1,0.12911823197304856
1025,Q1_percent,0.0598180645989357
1025,C2,0.008086130901696107
1026,C1,0.028981984571860974
1026,Q1_percent,0.1206181417545798
1026,C2,-0.1304899946807198
1027,C1,0.04537092002135461
1027,Q1_percent,0.11070854420928433
1027,C2,-0.10862546879786258
1028,C1,-0.014411100240612418
1028,Q1_percent,0.13625107552548982
1028,C2,-0.09190607356751945
1029,C1,-0.10593363592113422
1029,Q1_percent,0.08957520436158055
1029,C2,-0.10399186700460847
1030,C1,-0.0606656969131469
1030,Q1_percent,0.12693001510186128
1030,C2,-0.11322066860790161
1031,C1,-0.11485970038825102
1031,Q1_percent,0.12784428542351034
1031,C2,-0.13925242889074
1032,C1,-0.017443090169523605
1032,Q1_percent,0.16523977101673173
1032,C2,-0.12061634133795528
1033,C1,-0.04647269230839763
1033,Q1_percent,0.06281370173274342
1033,C2,-0.1344043093068033
1034,C1,-0.048949939791970654
1034,Q1_percent,0.11530255068427653
1034,C2,-0.1558328148083726
1035,C1,0.06306934093144276
1035,Q1_percent,0.07883403690625687
1035,C2,-0.07754612406803958
1036,C1,-0.11109471931113919
1036,Q1_percent,0.19667732910244012
1036,C2,-0.18533047975524786
1037,C1,-0.04479583180480517
1037,Q1_percent,0.10203556487168818
1037,C2,-0.16438981158399504
1038,C1,0.12376767238019551
1038,Q1_percent,0.044373422223856165
1038,C2,0.03449001429252202
1039,C1,-0.061184087660117285
1039,Q1_percent,0.18559822082569893
1039,C2,-0.11420075608208405
1040,C1,0.1367479013077562
1040,Q1_percent,0.09545684669566344
1040,C2,0.004089018488233461
1041,C1,-0.07897537756326278
1041,Q1_percent,0.17194572770943015
1041,C2,-0.11855694671967268
1042,C1,-0.13419566895517746
1042,Q1_percent,0.15616353318931392
1042,C2,-0.21637331237366378
1043,C1,-0.014081480649914182
1043,Q1_percent,0.20879232396221697
1043,C2,-0.08608929465939348
1044,C1,-0.07850479324587771
1044,Q1_percent,0.24686405502507375
1044,C2,-0.1933132831562555
1045,C1,0.12584958993204556
1045,Q1_percent,0.06800729807721925
1045,C2,0.014198174386469642
1046,C1,0.013106037455529188
1046,Q1_percent,0.16314776196929495
1046,C2,-0.1136766225498244
1047,C1,-0.038506480548721925
1047,Q1_percent,0.13195410020677534
1047,C2,-0.16627940874396133
1048,C1,-0.008104189008082881
1048,Q1_percent,0.1625792756369992
1048,C2,-0.1596227506186172
1049,C1,-0.013398666743748363
1049,Q1_percent,0.11182127097955437
1049,C2,-0.13041046138325363
1050,C1,-0.04912217025020008
1050,Q1_percent,0.17100851446174836
1050,C2,-0.15227047859227627
1051,C1,-0.11805092074011449
1051,Q1_percent,0.22480942622077976
1051,C2,-0.10978266790453967
1052,C1,0.00018063690711060917
1052,Q1_percent,0.14011729618189317
1052,C2,-0.10898437137792626
1053,C1,0.004249706669562776
1053,Q1_percent,0.15564733114692622
1053,C2,-0.07870710609212322
1054,C1,0.10682657201920338
1054,Q1_percent,0.012092322045490664
1054,C2,-0.02523728545575185
1055,C1,0.012247219221814626
1055,Q1_percent,0.1946044423630822
1055,C2,-0.16336103689481413
1056,C1,0.12704787926039238
1056,Q1_percent,0.04085121862405029
1056,C2,-0.04440672206289292
1057,C1,-0.014893048781241824
1057,Q1_percent,0.10745739561750497
1057,C2,-0.12026203518144082
1058,C1,-0.07982661219245378
1058,Q1_percent,0.14532506112295412
1058,C2,-0.13390027670976373
1059,C1,-0.00044783931673062833
1059,Q1_percent,0.1721920806403209
1059,C2,-0.10930227454397311
1060,C1,-0.01740751059192037
1060,Q1_percent,0.1726385396868363
1060,C2,-0.12798829203677822
1061,C1,0.03337467947790827
1061,Q1_percent,0.05269178839731358
1061,C2,-0.06852506631806614
1062,C1,0.080997500132226
1062,Q1_percent,0.06323046733246693
1062,C2,-0.05799425741229285
1063,C1,-0.025522505662465
1063,Q1_percent,0.2116251929444206
1063,C2,-0.14529541777426036
1064,C1,-0.06777920908112323
1064,Q1_percent,0.21656394208895907
1064,C2,-0.14221378715397753
1065,C1,0.07767906466457408
1065,Q1_percent,0.09084480912014406
1065,C2,-0.05765543851360105
1066,C1,0.14648185193210042
1066,Q1_percent,0.07302603955693422
1066,C2,-0.0076513259134308
1067,C1,-0.03089123917825305
1067,Q1_percent,0.13831861446053345
1067,C2,-0.21549323914106233
1068,C1,-0.14566783272945233
1068,Q1_percent,0.23710762548535463
1068,C2,-0.20800415650057133
1069,C1,-0.016215688862122758
1069,Q1_percent,0.16128648135711388
1069,C2,-0.15617494222751904
1070,C1,-0.08427729947057615
1070,Q1_percent,0.18608696887625467
1070,C2,-0.15440943909126245
1071,C1,-0.08328828152691524
1071,Q1_percent,0.16201053135946986
1071,C2,-0.12108952813549989
1072,C1,0.05587942511830957
1072,Q1_percent,0.10145077081836466
1072,C2,-0.049533011216809225
1073,C1,-0.09077698886964623
1073,Q1_percent,0.12147384774839803
1073,C2,-0.15757557621167312
1074,C1,-0.01854260192732673
1074,Q1_percent,0.15070734712128467
1074,C2,-0.029595618234957734
1075,C1,0.051725268606895976
1075,Q1_percent,0.10327682402502288
1075,C2,-0.08965931945517497
1076,C1,0.03990658159741563
1076,Q1_percent,0.131042380417868
1076,C2,-0.04754074918683452
1077,C1,-0.10624470286290419
1077,Q1_percent,0.23577747255307818
1077,C2,-0.20295820244171534
1078,C1,-0.01867243341650593
1078,Q1_percent,0.16274277625305375
1078,C2,-0.12450579134910965
1079,C1,0.07097470762653618
1079,Q1_percent,0.09825923445700087
1079,C2,-0.08020397402328844
1080,C1,-0.02503738457953627
1080,Q1_percent,0.1665394695202057
1080,C2,-0.09064372999193285
1081,C1,0.016992497880710947
1081,Q1_percent,0.10402253716632591
1081,C2,-0.09554332785243466
1082,C1,-0.14497112659736597
1082,Q1_percent,0.17651317906788933
1082,C2,-0.1478785686071298
1083,C1,0.0073872318998654315
1083,Q1_percent,0.10364666309878964
1083,C2,-0.1297151530467502
1084,C1,0.01538283416212395
1084,Q1_percent,0.11956531732622154
1084,C2,-0.050996357807120925
1085,C1,-0.03232609128864745
1085,Q1_percent,0.06378988619228794
1085,C2,-0.10018470129137859
1086,C1,-0.11364376824169645
1086,Q1_percent,0.220656987792141
1086,C2,-0.23098751666930065
1087,C1,0.0640167894275817
1087,Q1_percent,0.1263600924136919
1087,C2,-0.05897617536475046
1088,C1,-0.04161611013849937
1088,Q1_percent,0.07797933009311059
1088,C2,-0.16553081248642104
1089,C1,0.004262989624135867
1089,Q1_percent,0.07850799601306847
1089,C2,-0.07150948923540991
1090,C1,-0.03803983085664361
1090,Q1_percent,0.18831556396516713
1090,C2,-0.07237447194136686
1091,C1,-0.023198100492222446
1091,Q1_percent,0.14579233390128776
1091,C2,-0.13599483370276422
1092,C1,0.05511467535295676
1092,Q1_percent,0.07819931168124837
1092,C2,-0.03945956919112962
1093,C1,-0.11077513539530795
1093,Q1_percent,0.11836908626398743
1093,C2,-0.12256869151360979
1094,C1,-0.05012853287734432
1094,Q1_percent,0.13141480899782004
1094,C2,-0.16620324395613376
1095,C1,-0.00982842247164137
1095,Q1_percent,0.052440294885542825
1095,C2,-0.11497054953883615
1096,C1,0.08288608583946742
1096,Q1_percent,0.06654715375270846
1096,C2,-0.08828085350865851
1097,C1,-0.06152082417265063
1097,Q1_percent,0.16022593744666527
1097,C2,-0.1294553635876717
1098,C1,-0.07811465710416277
1098,Q1_percent,0.14307470322817759
1098,C2,-0.09091117712605418
1099,C1,-0.1256516667570996
1099,Q1_percent,0.20396498620762793
1099,C2,-0.17589796058612603
1100,C1,-0.06918172093706339
1100,Q1_percent,0.07944886037215187
1100,C2,-0.2049121457669321
1101,C1,-0.08921936372949778
1101,Q1_percent,0.1825882629874572
1101,C2,-0.16990251202215848
1102,C1,0.06550263585069777
1102,Q1_percent,0.1137858808186453
1102,C2,-0.02660413120433035
1103,C1,0.0591312547574549
1103,Q1_percent,0.08875026825827038
1103,C2,-0.10331488318783903
1104,C1,-0.0826689649890589
1104,Q1_percent,0.2258168518700956
1104,C2,-0.15555868501114317
1105,C1,0.01514364285733944
1105,Q1_percent,0.11040034245853635
1105,C2,-0.06363542214159498
1106,C1,-0.179125805245014
1106,Q1_percent,0.18285692454467048
1106,C2,-0.18250588682971286
1107,C1,-0.07253936276884868
1107,Q1_percent,0.20297655295695005
1107,C2,-0.17402101471919149
1108,C1,-0.04280441193558186
1108,Q1_percent,0.1481740645927759
1108,C2,-0.07031133411600865
1109,C1,-0.001226961631976784
1109,Q1_percent,0.22179196828408562
1109,C2,-0.1258087081977735
1110,C1,-0.13429863969662287
1110,Q1_percent,0.23233209242920602
1110,C2,-0.1784698165734283
1111,C1,0.06045982747159985
1111,Q1_percent,0.11259434264067915
1111,C2,-0.09621864486203369
1112,C1,-0.008040451205229822
1112,Q1_percent,0.2412992822210639
1112,C2,-0.08223235384120248
1113,C1,-0.0903647536392212
1113,Q1_percent,0.18543251822919565
1113,C2,-0.15320468280529762
1114,C1,-0.08062371048941583
1114,Q1_percent,0.15444063925122964
1114,C2,-0.1765740131066797
1115,C1,-0.04718160078999997
1115,Q1_percent,0.12516095123394147
1115,C2,-0.10221468660400308
1116,C1,-0.058711003741933214
1116,Q1_percent,0.24300787960500844
1116,C2,-0.1321633947031015
1117,C1,-0.07481872251865702
1117,Q1_percent,0.15291872823112643
1117,C2,-0.05522310119500031
1118,C1,-0.003102109631226687
1118,Q1_percent,0.12521462671432668
1118,C2,-0.1491486676676939
1119,C1,-0.0520806828222029
1119,Q1_percent,0.17849302391166938
1119,C2,-0.17936155422025332
1120,C1,-0.010515498655969987
1120,Q1_percent,0.18047654785093611
1120,C2,-0.13267429679168427
1121,C1,-0.201852030445061
1121,Q1_percent,0.10777630354746288
1121,C2,-0.19009107380698087
1122,C1,-0.05599272666538795
1122,Q1_percent,0.12159258055769101
1122,C2,-0.15666720834830614
1123,C1,-0.03436056086308284
1123,Q1_percent,0.20232505738985596
1123,C2,-0.08384515708162207
1124,C1,0.13552137673211656
1124,Q1_percent,0.05814955485957092
1124,C2,-0.02743343255924922
1125,C1,-0.15755955418679354
1125,Q1_percent,0.10943771249117425
1125,C2,-0.18556670358037808
1126,C1,-0.010070793035010498
1126,Q1_percent,0.15541008163935713
1126,C2,-0.13531795978756628
1127,C1,-0.06385027320779649
1127,Q1_percent,0.12619141737159054
1127,C2,-0.107752220169531
1128,C1,-0.006274281241606516
1128,Q1_percent,0.13103792522704102
1128,C2,-0.1659776377411331
1129,C1,-0.03191846793302792
1129,Q1_percent,0.12074011172558861
1129,C2,-0.16296411394209548
1130,C1,-0.018844996244207782
1130,Q1_percent,0.15101948661253814
1130,C2,-0.08064201159496936
1131,C1,-0.04486970623185961
1131,Q1_percent,0.19704219803263165
1131,C2,-0.1707338674980173
1132,C1,-0.04143402607188723
1132,Q1_percent,0.15503345613189198
1132,C2,-0.11972901010106285
1133,C1,-0.011934125102813116
1133,Q1_percent,0.12098871356926112
1133,C2,-0.10350699795387336
1134,C1,0.12491236094950632
1134,Q1_percent,0.07967350389170702
1134,C2,-0.07714597686367278
1135,C1,-0.02915946731917639
1135,Q1_percent,0.14458018903929987
1135,C2,-0.03116876196989203
1136,C1,0.10662976622413259
1136,Q1_percent,0.05505095945217369
1136,C2,-0.0584999474196216
1137,C1,-0.009517797468220799
1137,Q1_percent,0.11466733512963262
1137,C2,-0.13446382499967935
1138,C1,-0.056795819112165045
1138,Q1_percent,0.19587741382499343
1138,C2,-0.060165061847686614
1139,C1,0.03588301791154117
1139,Q1_percent,0.06072182371724707
1139,C2,-0.0673267339017355
1140,C1,-0.01036508868961746
1140,Q1_percent,0.13087707915563251
1140,C2,-0.10199443521745184
1141,C1,0.01754562466092073
1141,Q1_percent,0.1544472043712281
1141,C2,-0.07256231097916914
1142,C1,0.010327023514999204
1142,Q1_percent,0.020356152902022542
1142,C2,-0.06874550307542648
1143,C1,-0.004269285212511481
1143,Q1_percent,0.1201845641713591
1143,C2,-0.10466337240552884
1144,C1,-0.0790005144603619
1144,Q1_percent,0.2508124905803479
1144,C2,-0.20617619044033791
1145,C1,0.08776764491995984
1145,Q1_percent,0.18493330494059992
1145,C2,0.013059765589294578
1146,C1,-0.09816032542250962
1146,Q1_percent,0.19711780357056505
1146,C2,-0.15373131900304335
1147,C1,-0.0034531050827890783
1147,Q1_percent,0.11069443440759044
1147,C2,-0.14646090211438875
1148,C1,0.013415158368252173
1148,Q1_percent,0.15291035793774682
1148,C2,-0.09366559634342811
1149,C1,-0.07654617440722174
1149,Q1_percent,0.18509908156660984
1149,C2,-0.12895481291974709
1150,C1,-0.11818468827745325
1150,Q1_percent,0.15869568314421453
1150,C2,-0.12221261341261044
1151,C1,-0.0016108375955388736
1151,Q1_percent,0.13861217477119273
1151,C2,-0.07924433756355095
1152,C1,-0.03660637356223578
1152,Q1_percent,0.10960253239667579
1152,C2,-0.16918781426759022
1153,C1,0.014020699692633662
1153,Q1_percent,0.16294336010840546
1153,C2,-0.08739721637801641
1154,C1,-0.039103739071177125
1154,Q1_percent,0.14147936498404126
1154,C2,-0.1321546658871063
1155,C1,-0.11413590851870221
1155,Q1_percent,0.19787311041301214
1155,C2,-0.16022161545920205
1156,C1,0.004207134448704877
1156,Q1_percent,0.09609194831640368
1156,C2,-0.11648499512336041
1157,C1,-0.0859658252904395
1157,Q1_percent,0.1681375804157683
1157,C2,-0.13615681491921544
1158,C1,0.0505047985647751
1158,Q1_percent,0.06499642444714109
1158,C2,-0.07793889689317499
1159,C1,0.14594993328288006
1159,Q1_percent,0.022825160786199315
1159,C2,0.01850719058336597
1160,C1,-0.025890499835031774
1160,Q1_percent,0.14235970951594182
1160,C2,-0.09229146481328127
1161,C1,-0.05129875218761891
1161,Q1_percent,0.2600158446569025
1161,C2,-0.1286398969499847
1162,C1,-0.08234448904133107
1162,Q1_percent,0.1768927517000942
1162,C2,-0.18130001981433364
1163,C1,0.2156733939315234
1163,Q1_percent,0.008703468413379094
1163,C2,-0.0007757555704699839
1164,C1,-0.036499535177460726
1164,Q1_percent,0.12985454494175522
1164,C2,-0.16837457872868256
1165,C1,0.0230635737213317
1165,Q1_percent,0.1576470824407442
1165,C2,-0.11966228827604108
1166,C1,0.00029946913164441956
1166,Q1_percent,0.19904724041406935
1166,C2,-0.15551348614217989
1167,C1,0.11201699831275422
1167,Q1_percent,-0.0062765754472461415
1167,C2,-0.0754830407351817
1168,C1,0.010877523083128319
1168,Q1_percent,0.1032827521912558
1168,C2,-0.0950726735082314
1169,C1,-0.03421092825746259
1169,Q1_percent,0.11808700924850525
1169,C2,-0.12094070693294978
1170,C1,-0.07409526949038468
1170,Q1_percent,0.2536913313093907
1170,C2,-0.14908319708769865
1171,C1,0.045799057516505134
1171,Q1_percent,0.11098170508167154
1171,C2,-0.05763545967519185
1172,C1,-0.11982176381113226
1172,Q1_percent,0.08067171753937641
1172,C2,-0.17565856203916816
1173,C1,0.0069371625508929825
1173,Q1_percent,0.11654694454070977
1173,C2,-0.1224615582667323
1174,C1,-0.024484136364413087
1174,Q1_percent,0.1462812543628788
1174,C2,-0.14051975097047742
1175,C1,-0.09477582615022263
1175,Q1_percent,0.18222505057409177
1175,C2,-0.13892931490570706
1176,C1,0.126090870148456
1176,Q1_percent,0.08789791668874922
1176,C2,-0.03894450076674953
1177,C1,-0.11016357909259412
1177,Q1_percent,0.23277131415830504
1177,C2,-0.23139428821477276
1178,C1,0.0463658441626266
1178,Q1_percent,0.07032621020432209
1178,C2,-0.02806271925947636
1179,C1,0.11787840301734469
1179,Q1_percent,0.041288797204766844
1179,C2,-0.09296459162115155
1180,C1,-0.09626543201850682
1180,Q1_percent,0.13981578182756849
1180,C2,-0.22075121732525846
1181,C1,0.06918042681409087
1181,Q1_percent,0.06475877816241382
1181,C2,-0.012114741817636433
1182,C1,0.07713023814948626
1182,Q1_percent,0.10994999158426783
1182,C2,-0.06494086819457268
1183,C1,0.15679348656129607
1183,Q1_percent,-0.037138323607892314
1183,C2,-0.016409878315517473
1184,C1,-0.08092135670679944
1184,Q1_percent,0.24564905497573758
1184,C2,-0.16375369469807508
1185,C1,-0.09217138856711966
1185,Q1_percent,0.21085130459964924
1185,C2,-0.18370536088515851
1186,C1,-0.11643488134730716
1186,Q1_percent,0.19658253816176147
1186,C2,-0.19592463262030557
1187,C1,0.03465652413966329
1187,Q1_percent,0.15455933192245835
1187,C2,-0.07588146735187545
1188,C1,-0.060094506750520665
1188,Q1_percent,0.13858481107790044
1188,C2,-0.17383198822825885
1189,C1,-0.07152060911767971
1189,Q1_percent,0.14663272772684263
1189,C2,-0.18057570549548158
1190,C1,-0.021278220868466605
1190,Q1_percent,0.11592544623671015
1190,C2,-0.17590950166332547
1191,C1,-0.010294136339452116
1191,Q1_percent,0.17351878066480267
1191,C2,-0.1050201129400114
1192,C1,-0.0826803873979935
1192,Q1_percent,0.1952877472802873
1192,C2,-0.14623748239036266
1193,C1,-0.05030134417945686
1193,Q1_percent,0.13267673618844564
1193,C2,-0.11968871117648579
1194,C1,0.06669679920718201
1194,Q1_percent,0.1490334946967493
1194,C2,-0.055633905554284616
1195,C1,0.09532349182610286
1195,Q1_percent,0.1148131242366064
1195,C2,-0.024284119949960034
1196,C1,0.022160999815812103
1196,Q1_percent,0.15741178125108218
1196,C2,-0.09581879862752789
1197,C1,-0.12113082650327485
1197,Q1_percent,0.2386335600696269
1197,C2,-0.1137711727451141
1198,C1,-0.0036028649283414696
1198,Q1_percent,0.12500866287963378
1198,C2,-0.03465477746087991
1199,C1,0.02289218523857668
1199,Q1_percent,0.06966738537514172
1199,C2,-0.1197272873059676
1200,C1,-0.05140778794982773
1200,Q1_percent,0.14668948424576642
1200,C2,-0.14760552781612682
1201,C1,-0.02779668568318926
1201,Q1_percent,0.10024539874256469
1201,C2,-0.09642284869751488
1202,C1,-0.06392632498399098
1202,Q1_percent,0.1005280779509254
1202,C2,-0.17041695514760127
1203,C1,-0.133352903691677
1203,Q1_percent,0.19747527804464884
1203,C2,-0.23668930754131456
1204,C1,0.0832096023345099
1204,Q1_percent,0.0260803406324433
1204,C2,-0.0523919961269322
1205,C1,0.0736228840845606
1205,Q1_percent,0.036878720105834484
1205,C2,-0.11215214042226666
1206,C1,-0.03548438822616668
1206,Q1_percent,0.22522685670740838
1206,C2,-0.1175710763832904
1207,C1,0.07952540946596945
1207,Q1_percent,0.13959921307123216
1207,C2,-0.087810373934165
1208,C1,0.004976623466783904
1208,Q1_percent,0.21432997405292173
1208,C2,-0.08921825268680535
1209,C1,0.006588705899820533
1209,Q1_percent,0.16746143370994251
1209,C2,-0.14978883446072683
1210,C1,0.02324006425846086
1210,Q1_percent,0.08662420580477073
1210,C2,-0.09688708890524163
1211,C1,0.043360891449165224
1211,Q1_percent,0.19045719616115298
1211,C2,-0.09593208718350513
1212,C1,0.0025125660727820837
1212,Q1_percent,0.09926878364382033
1212,C2,-0.09164315483180534
1213,C1,-0.11607448893681085
1213,Q1_percent,0.17664116467756355
1213,C2,-0.2172521482247091
1214,C1,-0.09837850823403525
1214,Q1_percent,0.13779531438020112
1214,C2,-0.17692014282593177
1215,C1,-0.07370052962426046
1215,Q1_percent,0.2062585195108144
1215,C2,-0.08094615896982871
1216,C1,-0.06884052916523548
1216,Q1_percent,0.1127152518244204
1216,C2,-0.11196803412624166
1217,C1,-0.051631507447712346
1217,Q1_percent,0.1433232299039028
1217,C2,-0.05478924711270928
1218,C1,0.08403402086692978
1218,Q1_percent,0.08602514425539835
1218,C2,-0.024448104135251243
1219,C1,-0.03226663268238603
1219,Q1_percent,0.13510364229194594
1219,C2,-0.17945032771293778
1220,C1,-0.0378463865363801
1220,Q1_percent,0.22855029372563138
1220,C2,-0.14741283331402746
1221,C1,-0.1519360486500924
1221,Q1_percent,0.18784594010759215
1221,C2,-0.18655372029288922
1222,C1,-0.03968084474753717
1222,Q1_percent,0.11582920994818932
1222,C2,-0.09832379791616808
1223,C1,-0.019870209782598458
1223,Q1_percent,0.13932463806697734
1223,C2,-0.14569467232265304
1224,C1,-0.029863027078689694
1224,Q1_percent,0.1099395953850894
1224,C2,-0.1935932527769227
1225,C1,-0.09001017626892022
1225,Q1_percent,0.13791566817077552
1225,C2,-0.10995054257145087
1226,C1,0.03126597919614903
1226,Q1_percent,0.1844561409899888
1226,C2,-0.11398315939845559
1227,C1,0.030989827323038517
1227,Q1_percent,0.11332011923757189
1227,C2,-0.11237660291807194
1228,C1,-0.0641749661557831
1228,Q1_percent,0.11507388656039662
1228,C2,-0.140674919052535
1229,C1,-0.10830099608763727
1229,Q1_percent,0.11197515178584297
1229,C2,-0.12470617081388738
1230,C1,-0.11956934527044985
1230,Q1_percent,0.24745135735409027
1230,C2,-0.20177920305169636
1231,C1,-0.050923119090683096
1231,Q1_percent,0.1260490802558283
1231,C2,-0.13831762429721003
1232,C1,-0.07030082282706034
1232,Q1_percent,0.17103730318527305
1232,C2,-0.13588172738403792
1233,C1,0.0843541764193123
1233,Q1_percent,0.05128645012490674
1233,C2,-0.05778637636083722
1234,C1,-0.16462142557078868
1234,Q1_percent,0.2667236057675449
1234,C2,-0.24815209062583948
1235,C1,0.0649504992529378
1235,Q1_percent,0.08145469546838827
1235,C2,-0.022855770989487573
1236,C1,0.08675446514066766
1236,Q1_percent,0.07864014896402688
1236,C2,-0.07054716300163688
1237,C1,-0.07001002424991547
1237,Q1_percent,0.1340191092585521
1237,C2,-0.15364653628047312
1238,C1,0.013224062098123563
1238,Q1_percent,0.1809097130692909
1238,C2,-0.11877545915066416
1239,C1,0.010319406303548169
1239,Q1_percent,0.16610002895683113
1239,C2,-0.11824532996320784
1240,C1,-0.03931286223559432
1240,Q1_percent,0.22829636448656185
1240,C2,-0.13067526779661304
1241,C1,-0.025393364531866743
1241,Q1_percent,0.017204464699853286
1241,C2,-0.1365911632991907
1242,C1,-0.005969897326878721
1242,Q1_percent,0.15714553426150255
1242,C2,-0.10780663067474783
1243,C1,-0.017270931247998327
1243,Q1_percent,0.18091525762995694
1243,C2,-0.09543832217362067
1244,C1,0.12281518456060739
1244,Q1_percent,0.010948801702127774
1244,C2,-0.06686497813599945
1245,C1,-0.1832729885089736
1245,Q1_percent,0.07664692466833985
1245,C2,-0.21524514796968447
1246,C1,-0.034634969751084085
1246,Q1_percent,0.18011993211276325
1246,C2,-0.14176768692480396
1247,C1,-0.10358371361729057
1247,Q1_percent,0.07902195005900388
1247,C2,-0.13788630325141876
1248,C1,-0.005609201022766369
1248,Q1_percent,0.1561920287240624
1248,C2,-0.08909633275302813
1249,C1,0.007893562086302167
1249,Q1_percent,0.08888088608033154
1249,C2,-0.09993561262971444
1250,C1,0.006207203156970495
1250,Q1_percent,0.08724750925234366
1250,C2,-0.0777157152248546
1251,C1,0.0024455297623790103
1251,Q1_percent,0.12422132588587372
1251,C2,-0.10784341975320993
1252,C1,0.0015832293929036912
1252,Q1_percent,0.07968704544485215
1252,C2,-0.13147131097278345
1253,C1,-0.13980498072055844
1253,Q1_percent,0.19628099478938374
1253,C2,-0.20424716285804206
1254,C1,-0.06726332833169188
1254,Q1_percent,0.14090930459776121
1254,C2,-0.10556461472211678
1255,C1,-0.039986108299450374
1255,Q1_percent,0.21385482392006172
1255,C2,-0.06325795851572343
1256,C1,-0.03555839819499857
1256,Q1_percent,0.12872746353055797
1256,C2,-0.0658589298967345
1257,C1,0.007538351266088916
1257,Q1_percent,0.22994643678429727
1257,C2,-0.09476772054844092
1258,C1,-0.0654865433962754
1258,Q1_percent,0.13145118619175303
1258,C2,-0.13370856959399835
1259,C1,-0.09526443190733634
1259,Q1_percent,0.21229838492850667
1259,C2,-0.1389707585823021
1260,C1,0.039576855204904476
1260,Q1_percent,0.04599723637257697
1260,C2,-0.0529869191619783
1261,C1,0.01669162715922928
1261,Q1_percent,0.15348895283942504
1261,C2,-0.1434913627248241
1262,C1,-0.08172305048191258
1262,Q1_percent,0.09109320825407362
1262,C2,-0.12840993982687657
1263,C1,-0.01897022113730294
1263,Q1_percent,0.1212560988351144
1263,C2,-0.15885422616526437
1264,C1,-0.08422196271757963
1264,Q1_percent,0.2547968090996599
1264,C2,-0.1463259000056818
1265,C1,-0.05018042383926804
1265,Q1_percent,0.08139287829197366
1265,C2,-0.15919767013170757
1266,C1,-0.06211939723081808
1266,Q1_percent,0.19539671336840175
1266,C2,-0.11249727731300595
1267,C1,-0.052499474241108963
1267,Q1_percent,0.14007784020205055
1267,C2,-0.08785525718880152
1268,C1,0.004097743610295119
1268,Q1_percent,0.13030728190782456
1268,C2,-0.09952373490797604
1269,C1,0.010921945615120332
1269,Q1_percent,0.17166888627054294
1269,C2,-0.1519852652505573
1270,C1,-0.04530415468325903
1270,Q1_percent,0.12172898712375141
1270,C2,-0.1412425001533427
1271,C1,-0.1068242028543252
1271,Q1_percent,0.13767896076664615
1271,C2,-0.02956955496204614
1272,C1,-0.03940997175017254
1272,Q1_percent,0.19425800970283008
1272,C2,-0.1226906977921925
1273,C1,-0.014585044175052972
1273,Q1_percent,0.13045219317545514
1273,C2,-0.145468995585422
1274,C1,-0.0041006785555793525
1274,Q1_percent,0.146937164758462
1274,C2,-0.08423965890358026
1275,C1,0.01668655293327199
1275,Q1_percent,0.11997551897466412
1275,C2,-0.17300162966669907
1276,C1,0.12137495731220176
1276,Q1_percent,0.040015749537285074
1276,C2,0.05659234833325916
1277,C1,-0.10025951456808312
1277,Q1_percent,0.1950944536947572
1277,C2,-0.22814385820179256
1278,C1,0.049748766950648456
1278,Q1_percent,0.07425897001698231
1278,C2,-0.0942519401770237
1279,C1,0.11621135280944755
1279,Q1_percent,0.0836623156340981
1279,C2,-0.022609246134022983
1280,C1,-0.10334596924861515
1280,Q1_percent,0.22256689783900038
1280,C2,-0.2080928718121485
1281,C1,0.042084583539120465
1281,Q1_percent,0.07502884451578677
1281,C2,-0.05042094904338635
1282,C1,0.03225207551117546
1282,Q1_percent,0.13917025718424833
1282,C2,-0.1123037731479694
1283,C1,-0.18521865784061914
1283,Q1_percent,0.11157180978614445
1283,C2,-0.15363867540834872
1284,C1,0.1042877744579209
1284,Q1_percent,0.03863993670006607
1284,C2,-0.028181564894471503
1285,C1,-0.11892034604455864
1285,Q1_percent,0.27002558512993863
1285,C2,-0.2102080098927409
1286,C1,-0.05478888993406245
1286,Q1_percent,0.15574725379609441
1286,C2,-0.19058424526488896
1287,C1,0.13408248376177856
1287,Q1_percent,0.047037364055668364
1287,C2,-0.005624758668574319
1288,C1,-0.20707011631761768
1288,Q1_percent,0.08947893900719986
1288,C2,-0.22540273020337634
1289,C1,0.011797250675776123
1289,Q1_percent,0.14351175557754797
1289,C2,-0.07468000799754135
1290,C1,-0.07098346709296713
1290,Q1_percent,0.17006342579149264
1290,C2,-0.06640454584535994
1291,C1,-0.04715088897742645
1291,Q1_percent,0.21697820631289433
1291,C2,-0.11491763910478846
1292,C1,-0.06753230125156257
1292,Q1_percent,0.2282768210994772
1292,C2,-0.14998802484455348
1293,C1,0.10154338023066489
1293,Q1_percent,0.05812080315230116
1293,C2,-0.07285523084874042
1294,C1,-0.07960296390141816
1294,Q1_percent,0.1630528244219948
1294,C2,-0.1508755519250709
1295,C1,0.050064014569480696
1295,Q1_percent,0.07734213113284306
1295,C2,-0.05527508248581403
1296,C1,0.015998782642723402
1296,Q1_percent,0.07410636673762955
1296,C2,-0.14537404965784162
1297,C1,-0.029889593691055753
1297,Q1_percent,0.10583646040244425
1297,C2,-0.04647117527074018
1298,C1,-0.05756013610314275
1298,Q1_percent,0.21911296531382057
1298,C2,-0.16165543321359419
1299,C1,-0.06540720267531693
1299,Q1_percent,0.20586337350992012
1299,C2,-0.12382427686829166
1300,C1,0.01550884864825405
1300,Q1_percent,0.17943141896968554
1300,C2,-0.07385350369664893
1301,C1,0.1891453738218632
1301,Q1_percent,-0.024478460900671177
1301,C2,-0.01665872288581104
1302,C1,-0.017577912713917947
1302,Q1_percent,0.13581508728967182
1302,C2,-0.11891812596418316
1303,C1,-0.13595666692275563
1303,Q1_percent,0.07750128154258366
1303,C2,-0.21016894722553536
1304,C1,0.10976567818673816
1304,Q1_percent,-0.05222307523194931
1304,C2,-0.08786400868677587
1305,C1,0.07684430568955068
1305,Q1_percent,0.16004494008679795
1305,C2,0.00790574924752225
1306,C1,0.1254748117684181
1306,Q1_percent,0.06076022528920067
1306,C2,-0.03942172867295538
1307,C1,-0.1229872422659695
1307,Q1_percent,0.23819608941518486
1307,C2,-0.20027277997837567
1308,C1,-0.03694703625399825
1308,Q1_percent,0.16129439925777286
1308,C2,-0.13673303339308557
1309,C1,0.0022886827243784676
1309,Q1_percent,0.1749610872920145
1309,C2,-0.13072469619423718
1310,C1,-0.07834306251805531
1310,Q1_percent,0.1460008199810842
1310,C2,-0.21160688076883627
1311,C1,-0.006726011796698553
1311,Q1_percent,0.13047762999985285
1311,C2,-0.009562401900535502
1312,C1,-0.03790525809523679
1312,Q1_percent,0.1131484405747854
1312,C2,-0.09395680731162818
1313,C1,0.08612281115127277
1313,Q1_percent,0.014947757772766758
1313,C2,-0.06455727398756655
1314,C1,-0.05138700434280355
1314,Q1_percent,0.19771935464642212
1314,C2,-0.13787442736679545
1315,C1,0.031718282539994466
1315,Q1_percent,0.1239354984399298
1315,C2,-0.11207925996074718
1316,C1,-0.06515151946804465
1316,Q1_percent,0.18222215262834726
1316,C2,-0.2076701897786078
1317,C1,-0.10699888686162294
1317,Q1_percent,0.19026802424975442
1317,C2,-0.14997495065224845
1318,C1,-0.10059794191934338
1318,Q1_percent,0.13946380519233337
1318,C2,-0.15319574996907595
1319,C1,-0.018223999263385596
1319,Q1_percent,0.14924428662440853
1319,C2,-0.08738566023258527
1320,C1,0.13388543448970447
1320,Q1_percent,0.05265689179493306
1320,C2,-0.022979843219833686
1321,C1,0.012295581297147256
1321,Q1_percent,0.06585174615405694
1321,C2,-0.1315862260839072
1322,C1,-0.027210434768277274
1322,Q1_percent,0.18498040785810638
1322,C2,-0.13170391833147865
1323,C1,-0.011775329287723197
1323,Q1_percent,0.12464174722749032
1323,C2,-0.11834714174274387
1324,C1,-0.07457666079555847
1324,Q1_percent,0.10817680912964828
1324,C2,-0.14340240888140274
1325,C1,-0.08727262071084725
1325,Q1_percent,0.2613783104158796
1325,C2,-0.12133271556338118
1326,C1,0.040876444356447855
1326,Q1_percent,0.18808037632320182
1326,C2,-0.08089593997257168
1327,C1,-0.027223570735205958
1327,Q1_percent,0.1619083404668652
1327,C2,-0.054331845962100236
1328,C1,-0.03800669251895918
1328,Q1_percent,0.10446183384146086
1328,C2,-0.12168040575901627
1329,C1,-0.07670362244729728
1329,Q1_percent,0.14378453114826376
1329,C2,-0.15053446073437524
1330,C1,-0.07669096034072412
1330,Q1_percent,0.12395681745154988
1330,C2,-0.17294604453878332
1331,C1,0.004946027248031231
1331,Q1_percent,0.07496713562784228
1331,C2,-0.04201022660188226
1332,C1,0.12058596119086804
1332,Q1_percent,0.06973200073360356
1332,C2,-0.02272265320823464
1333,C1,0.060966973345630567
1333,Q1_percent,0.10522357674744051
1333,C2,-0.04939358061304361
1334,C1,-0.044936196513837554
1334,Q1_percent,0.11897644447350919
1334,C2,-0.1347746733772616
1335,C1,-0.041065058369486346
1335,Q1_percent,0.16248223911912021
1335,C2,-0.13670604648935336
1336,C1,-0.06529121065947117
1336,Q1_percent,0.20886887833175707
1336,C2,-0.1414705238619958
1337,C1,0.04951965593211207
1337,Q1_percent,0.2550690916263585
1337,C2,-0.01726863797344252
1338,C1,-0.15149458349740552
1338,Q1_percent,0.14537714780447689
1338,C2,-0.14115547698372086
1339,C1,-0.009078650180766583
1339,Q1_percent,0.2100309644534258
1339,C2,-0.06967405264318288
1340,C1,-0.09554529863370591
1340,Q1_percent,0.266246653882807
1340,C2,-0.1810712079283463
1341,C1,-0.011079989882076492
1341,Q1_percent,0.13423098352637503
1341,C2,-0.07941067639458559
1342,C1,-0.09360115685129082
1342,Q1_percent,0.20990638147294569
1342,C2,-0.15474455847233182
1343,C1,-0.02182067195652663
1343,Q1_percent,0.16303988351073812
1343,C2,-0.1664551788920544
1344,C1,-0.08228361681643856
1344,Q1_percent,0.1914632616904051
1344,C2,-0.17900237351832352
1345,C1,0.06346272511683965
1345,Q1_percent,0.03193587372993421
1345,C2,-0.0809381634568193
1346,C1,0.05111842400769964
1346,Q1_percent,0.017765607511056443
1346,C2,-0.07514293412559368
1347,C1,0.026365808448834564
1347,Q1_percent,0.10425293028777624
1347,C2,-0.07435197360515976
1348,C1,-0.09916174826419027
1348,Q1_percent,0.17977772515426585
1348,C2,-0.11879503572393599
1349,C1,-0.034485308551373085
1349,Q1_percent,0.05592477788097652
1349,C2,-0.1060424835320483
1350,C1,-0.1486659840150273
1350,Q1_percent,0.23096147979709683
1350,C2,-0.19714085247188393
1351,C1,-0.06746218802789535
1351,Q1_percent,0.14378263181921203
1351,C2,-0.12163104270922473
1352,C1,-0.08281410962287854
1352,Q1_percent,0.16561300059875964
1352,C2,-0.15629181908042758
1353,C1,-0.03775123366952367
1353,Q1_percent,0.12922252335649573
1353,C2,-0.15868183233379643
1354,C1,-0.09379563332087185
1354,Q1_percent,0.18865091249119348
1354,C2,-0.18820473921378847
1355,C1,-0.08462700814834519
1355,Q1_percent,0.15818059606468154
1355,C2,-0.06705929714117144
1356,C1,-0.021464724996625648
1356,Q1_percent,0.1762818486550547
1356,C2,-0.1641627164358842
1357,C1,0.02073341187416769
1357,Q1_percent,0.23455254009556703
1357,C2,-0.06811303746648388
1358,C1,0.03474978963831765
1358,Q1_percent,0.1486263629479779
1358,C2,-0.027831449446352522
1359,C1,-0.21720935742419054
1359,Q1_percent,0.31929649582507846
1359,C2,-0.23053953078721814
1360,C1,-0.018038451280491977
1360,Q1_percent,0.13993837577978727
1360,C2,-0.16148268183513453
1361,C1,-0.13920412197249685
1361,Q1_percent,0.23600084708118277
1361,C2,-0.18546868395756125
1362,C1,-0.0208800973524192
1362,Q1_percent,0.16184316376053165
1362,C2,-0.15914066583369393
1363,C1,-0.12351112006899323
1363,Q1_percent,0.21435459352889774
1363,C2,-0.16725292454511578
1364,C1,-0.07166834840782363
1364,Q1_percent,0.17962548134352624
1364,C2,-0.1093849201936463
1365,C1,0.03465715292456857
1365,Q1_percent,0.13940201170267105
1365,C2,-0.03562756879720394
1366,C1,0.0872057768130366
1366,Q1_percent,0.10780864654555693
1366,C2,-0.10740995955137614
1367,C1,0.01603584671374368
1367,Q1_percent,0.1319824594644593
1367,C2,-0.12859295255318018
1368,C1,-0.08405948502486929
1368,Q1_percent,0.29106820293325925
1368,C2,-0.08615791119066406
1369,C1,-0.1384153108958405
1369,Q1_percent,0.12254276413641584
1369,C2,-0.12393467820928894
1370,C1,-0.037679223950744876
1370,Q1_percent,0.054145417377247644
1370,C2,-0.12727361702150544
1371,C1,0.055955227664004105
1371,Q1_percent,0.11265847457481272
1371,C2,-0.04012538847175118
1372,C1,0.1045484992147615
1372,Q1_percent,0.09093352878514109
1372,C2,-0.0819669524080563
1373,C1,0.11573486788399735
1373,Q1_percent,-0.014802261363298987
1373,C2,-0.03778651799270805
1374,C1,0.10140824758034958
1374,Q1_percent,0.017481341325285945
1374,C2,-0.0562052078539724
1375,C1,-0.051633701425398706
1375,Q1_percent,0.1920536362628911
1375,C2,-0.1301098660483188
1376,C1,0.02141874803360852
1376,Q1_percent,0.10325552375657586
1376,C2,-0.013629152047874994
1377,C1,0.031197639941946156
1377,Q1_percent,0.12679272117025436
1377,C2,-0.10655138298195017
1378,C1,-0.04168922081534097
1378,Q1_percent,0.2051204571091309
1378,C2,-0.13533666140662617
1379,C1,-0.017928201034376662
1379,Q1_percent,0.142079754801175
1379,C2,-0.06848105083270102
1380,C1,0.03489526097341368
1380,Q1_percent,0.10795337435979455
1380,C2,-0.11567573472419684
1381,C1,0.042403148973346155
1381,Q1_percent,0.1898452421547324
1381,C2,-0.03762557152124128
1382,C1,0.05812084734164283
1382,Q1_percent,0.16348682035630097
1382,C2,-0.023597184194858473
1383,C1,-0.09473415745850308
1383,Q1_percent,0.134866187425137
1383,C2,-0.13539046473403707
1384,C1,0.10284142838326343
1384,Q1_percent,-0.00516146684913698
1384,C2,-0.07915621309905531
1385,C1,-0.14924846557366733
1385,Q1_percent,0.10220719649555997
1385,C2,-0.20623051750380622
1386,C1,-0.07609621767736122
1386,Q1_percent,0.1211237895862531
1386,C2,-0.15705495053783086
1387,C1,0.04278979282107217
1387,Q1_percent,0.08306917296287186
1387,C2,-0.07426818494367897
1388,C1,0.02405191754021955
1388,Q1_percent,0.09924304420486808
1388,C2,-0.13254074578163996
1389,C1,-0.04276030328410117
1389,Q1_percent,0.16591787646160136
1389,C2,-0.13622358824263095
1390,C1,0.06570144905837844
1390,Q1_percent,0.09766849662137395
1390,C2,-0.11277208271170679
1391,C1,-0.05059057409732264
1391,Q1_percent,0.05490318547121775
1391,C2,-0.0938849362743749
1392,C1,-0.0945460993351532
1392,Q1_percent,0.16213025623658833
1392,C2,-0.1478580268831226
1393,C1,0.026150847890980038
1393,Q1_percent,0.13862120402578668
1393,C2,-0.10293792554722947
1394,C1,0.05322912004757045
1394,Q1_percent,0.07260241205624483
1394,C2,-0.06479494673218326
1395,C1,-0.027335551516800942
1395,Q1_percent,0.09006977468936095
1395,C2,-0.1241404348898219
1396,C1,-0.14160207776939657
1396,Q1_percent,0.2652865409790709
1396,C2,-0.16468656741320906
1397,C1,-0.11525014426036354
1397,Q1_percent,0.1939961640869507
1397,C2,-0.1072501935705842
1398,C1,0.029897502407483758
1398,Q1_percent,0.13655300488353503
1398,C2,-0.11565901478263005
1399,C1,-0.049940428302501
1399,Q1_percent,0.12194040191853743
1399,C2,-0.11031974859237466
1400,C1,-0.06925706482163589
1400,Q1_percent,0.1696694231309258
1400,C2,-0.1383079387568459
1401,C1,0.13159675230806894
1401,Q1_percent,0.07638564858425204
1401,C2,-0.0614312126780663
1402,C1,-0.08545964508574894
1402,Q1_percent,0.13342882220369076
1402,C2,-0.19420812228681844
1403,C1,0.06021407449214292
1403,Q1_percent,0.08359662986078696
1403,C2,-0.028205830690939893
1404,C1,0.11206507526982559
1404,Q1_percent,0.09171915633393478
1404,C2,-0.04812127438095588
1405,C1,0.068809042653829
1405,Q1_percent,0.05783193704627868
1405,C2,-0.04707375029628211
1406,C1,0.014443010061355701
1406,Q1_percent,0.1773492481652616
1406,C2,-0.11495717446896205
1407,C1,-0.01742390024451038
1407,Q1_percent,0.09830218408786906
1407,C2,-0.08964981979628954
1408,C1,0.013030403145971156
1408,Q1_percent,0.09682154708697506
1408,C2,-0.10253264248702033
1409,C1,-0.005503367126239282
1409,Q1_percent,0.09347982722798741
1409,C2,-0.06279480287025557
1410,C1,0.09153471414824482
1410,Q1_percent,0.0368112072214235
1410,C2,-0.04790710132341761
1411,C1,-0.07092966481825881
1411,Q1_percent,0.22222622800371508
1411,C2,-0.1789274817787202
1412,C1,-0.007526738446520646
1412,Q1_percent,0.15316493370980336
1412,C2,-0.12600622027463332
1413,C1,-0.06185353342796923
1413,Q1_percent,0.22506967642441883
1413,C2,-0.18360036196134394
1414,C1,-0.028928276042657342
1414,Q1_percent,0.12662698596345145
1414,C2,-0.12127151004630084
1415,C1,-0.002655293760015567
1415,Q1_percent,0.1284940618250164
1415,C2,-0.09801957640812942
1416,C1,0.02205067950606061
1416,Q1_percent,0.03323509465378117
1416,C2,-0.09182990662250902
1417,C1,0.04717091543748043
1417,Q1_percent,0.11110733852987127
1417,C2,-0.04030093146183285
1418,C1,-0.13377906059153488
1418,Q1_percent,0.29897269561978573
1418,C2,-0.12216690040785477
1419,C1,-0.06610864723028993
1419,Q1_percent,0.207928432655687
1419,C2,-0.17538855253786864
1420,C1,0.11940111469364685
1420,Q1_percent,-0.006984256825082992
1420,C2,-0.04808269529526606
1421,C1,-0.04346641325463575
1421,Q1_percent,0.2634849937778619
1421,C2,-0.13727517115289434
1422,C1,-0.11055093686431033
1422,Q1_percent,0.26492652528958044
1422,C2,-0.21660649422098868
1423,C1,-0.09559895639510098
1423,Q1_percent,0.22910736535940948
1423,C2,-0.22713156398777617
1424,C1,-0.16253223927232305
1424,Q1_percent,0.19368492199980242
1424,C2,-0.22105549400535093
1425,C1,-0.004723129986371575
1425,Q1_percent,0.20146290355316818
1425,C2,-0.06305394475783864
1426,C1,-0.12739371930014928
1426,Q1_percent,0.1903665383796668
1426,C2,-0.21966219262139108
1427,C1,-0.010207180257788282
1427,Q1_percent,0.1751835534804529
1427,C2,-0.1318866959492942
1428,C1,0.10369887583357006
1428,Q1_percent,0.13694958008914984
1428,C2,-0.02564034060518195
1429,C1,-0.0263697765014438
1429,Q1_percent,0.2451700977303818
1429,C2,-0.1019711371757097
1430,C1,-0.0059132991911922715
1430,Q1_percent,0.11508089830753483
1430,C2,-0.06767297140259679
1431,C1,0.053919323984338366
1431,Q1_percent,0.08700990919208597
1431,C2,-0.11898174653492892
1432,C1,-0.08901354786002441
1432,Q1_percent,0.13698372261526987
1432,C2,-0.13170987008659052
1433,C1,0.035845496012363226
1433,Q1_percent,0.14009245757656147
1433,C2,-0.054600456548928755
1434,C1,-0.11723416627780922
1434,Q1_percent,0.11800099310276532
1434,C2,-0.19444530940370922
1435,C1,0.006775847901850885
1435,Q1_percent,0.16358179635601564
1435,C2,-0.11608588157216135
1436,C1,0.0059872510217630565
1436,Q1_percent,0.16533066131373886
1436,C2,-0.1094765873407215
1437,C1,-0.08281038561543838
1437,Q1_percent,0.16041684571362638
1437,C2,-0.17511598417540383
1438,C1,0.018616246508924458
1438,Q1_percent,0.0499971310399733
1438,C2,-0.11272155243027421
1439,C1,-0.06485743709143116
1439,Q1_percent,0.18874282236886936
1439,C2,-0.13198819577486134
1440,C1,-0.08819883544110223
1440,Q1_percent,0.23697984115955972
1440,C2,-0.241821703068114
1441,C1,0.008425922904301076
1441,Q1_percent,0.06904645935852997
1441,C2,-0.14516609475988732
1442,C1,-0.14579775121418442
1442,Q1_percent,0.11185013302446514
1442,C2,-0.150453553848013
1443,C1,-0.12126716362850845
1443,Q1_percent,0.26292803623334066
1443,C2,-0.17785231407981703
1444,C1,0.014448230291013187
1444,Q1_percent,0.08412389226816702
1444,C2,-0.16071620319581786
1445,C1,0.022314299360889914
1445,Q1_percent,0.13610852593683884
1445,C2,-0.10638648063582652
1446,C1,0.07056378519634544
1446,Q1_percent,0.08346305296496052
1446,C2,-0.06021482510998833
1447,C1,0.008370736540027858
1447,Q1_percent,0.1471191496266418
1447,C2,-0.10994797540543921
1448,C1,0.12006176993269314
1448,Q1_percent,0.08282177036487023
1448,C2,0.011584114380635557
1449,C1,-0.08805046632644883
1449,Q1_percent,0.2184755808802697
1449,C2,-0.20976399373900517
1450,C1,-0.07681208167191518
1450,Q1_percent,0.15697237246844103
1450,C2,-0.18124881999929718
1451,C1,0.052792114187606674
1451,Q1_percent,0.1254064469972669
1451,C2,-0.09521918448638414
1452,C1,-0.06672964885900076
1452,Q1_percent,0.18511102915959812
1452,C2,-0.12874733599441676
1453,C1,-0.20232195224027627
1453,Q1_percent,0.09659125928508
1453,C2,-0.26327247831541073
1454,C1,-0.029286658531347376
1454,Q1_percent,0.10924647812186662
1454,C2,-0.09981747696654238
1455,C1,-0.06563462505260337
1455,Q1_percent,0.16890588805976653
1455,C2,-0.10561517636518676
1456,C1,0.009757863335978974
1456,Q1_percent,0.09275123368864371
1456,C2,-0.10251003538365064
1457,C1,-0.05359164667667191
1457,Q1_percent,0.18249176727200306
1457,C2,-0.13164784664539453
1458,C1,-0.1514219290713669
1458,Q1_percent,0.25666641380402144
1458,C2,-0.0887896678069174
1459,C1,-0.004640493154112135
1459,Q1_percent,0.17075178738426997
1459,C2,-0.1445546205708107
1460,C1,0.003897898332220424
1460,Q1_percent,0.15246330536457142
1460,C2,-0.10300213760555497
1461,C1,0.0022991149763945356
1461,Q1_percent,0.20840787688196488
1461,C2,-0.0742427623059069
1462,C1,0.12154403842827839
1462,Q1_percent,0.016392495564364624
1462,C2,-0.042039652541947456
1463,C1,0.07952623612250762
1463,Q1_percent,0.051017027047249294
1463,C2,-0.0923770349441184
1464,C1,-0.11348059052736
1464,Q1_percent,0.2514829344450535
1464,C2,-0.15821253051510986
1465,C1,-0.1332615356925283
1465,Q1_percent,0.22790337477829978
1465,C2,-0.19081617657370956
1466,C1,0.004776619526450012
1466,Q1_percent,0.13474070753957848
1466,C2,-0.1069639811627381
1467,C1,-0.05670884559407337
1467,Q1_percent,0.2038939638256545
1467,C2,-0.14431484851974458
1468,C1,-0.00984889582454692
1468,Q1_percent,0.16196881566440435
1468,C2,-0.07525838059926085
1469,C1,0.05662290076632779
1469,Q1_percent,0.10941344720852647
1469,C2,-0.04932415002863709
1470,C1,-0.03630842971063763
1470,Q1_percent,0.1586074926204139
1470,C2,-0.07795270895537962
1471,C1,-0.050973700942609355
1471,Q1_percent,0.11795509569450895
1471,C2,-0.08541256511505409
1472,C1,-0.10525275273890555
1472,Q1_percent,0.2192399315404283
1472,C2,-0.18523319997361024
1473,C1,0.08818257669667087
1473,Q1_percent,0.10677002674873455
1473,C2,-0.05587650036321857
1474,C1,-0.00890423298827953
1474,Q1_percent,0.173927331834878
1474,C2,-0.1064800172486111
1475,C1,-0.03522709140856209
1475,Q1_percent,0.1818447926774676
1475,C2,-0.16517690785220865
1476,C1,-0.05613995943564415
1476,Q1_percent,0.2093145008410845
1476,C2,-0.14232731108042496
1477,C1,-0.01997095119648703
1477,Q1_percent,0.11985842491130523
1477,C2,-0.1471193627865042
1478,C1,-0.0019084217592645273
1478,Q1_percent,0.12565384003063157
1478,C2,-0.11191731795885161
1479,C1,0.07462463432060902
1479,Q1_percent,0.11948193092892288
1479,C2,-0.003421532742423214
1480,C1,0.03785556951245535
1480,Q1_percent,0.14518813809678133
1480,C2,-0.10689911268148429
1481,C1,-0.07212658653824054
1481,Q1_percent,0.131743993077189
1481,C2,-0.13608616886827457
1482,C1,-0.09064318036170663
1482,Q1_percent,0.2052045709329243
1482,C2,-0.13905421771341175
1483,C1,0.11988842684565205
1483,Q1_percent,0.09237229555431416
1483,C2,-0.07822667144177473
1484,C1,-0.005363823696113257
1484,Q1_percent,0.18864549340959527
1484,C2,-0.07842998907730366
1485,C1,0.056452358498051046
1485,Q1_percent,0.02226013784406234
1485,C2,-0.04505729455575159
1486,C1,-0.12134595511526851
1486,Q1_percent,0.1761033397869025
1486,C2,-0.2641086903543514
1487,C1,-0.01854363840751456
1487,Q1_percent,0.1531381358060621
1487,C2,-0.11527239404165185
1488,C1,-0.0579069077410032
1488,Q1_percent,0.12329347329969488
1488,C2,-0.12392702932010513
1489,C1,-0.012280408863742319
1489,Q1_percent,0.1650440870079528
1489,C2,-0.1152277319577801
1490,C1,0.006746960984355309
1490,Q1_percent,0.19192314638491137
1490,C2,-0.03851072791311297
1491,C1,0.053030188776885194
1491,Q1_percent,0.03125986041881506
1491,C2,-0.07677623891674072
1492,C1,0.019452156345702364
1492,Q1_percent,0.1276235131114323
1492,C2,-0.10031342539727235
1493,C1,-0.11439356180409115
1493,Q1_percent,0.17089717359393947
1493,C2,-0.16747599529961307
1494,C1,-0.0023991443854638793
1494,Q1_percent,0.16206363353649988
1494,C2,-0.13473004420446952
1495,C1,-0.08511880172209838
1495,Q1_percent,0.15560052851991396
1495,C2,-0.17014289486200618
1496,C1,-0.06669176699623008
1496,Q1_percent,0.1289320173571996
1496,C2,-0.1761919724995678
1497,C1,0.08195532228325166
1497,Q1_percent,0.1192369941661407
1497,C2,-0.020384965363792674
1498,C1,-0.004477048109997933
1498,Q1_percent,0.10894372227262623
1498,C2,-0.11901808504743376
1499,C1,-0.09298729405225477
1499,Q1_percent,0.18829904418642485
1499,C2,-0.181030771508828
1500,C1,-0.0010675321693869233
1500,Q1_percent,0.09945882529613098
1500,C2,-0.16229182698150796
1501,C1,0.11003937196783187
1501,Q1_percent,0.08133316577143632
1501,C2,-0.06335026752344008
1502,C1,0.07939208201319904
1502,Q1_percent,0.08087599238377749
1502,C2,-0.0660449304782324
1503,C1,0.05959189039674204
1503,Q1_percent,0.10338164240358153
1503,C2,-0.054580654685092475
1504,C1,0.005488042181781518
1504,Q1_percent,0.18023501252615526
1504,C2,-0.11953263515070255
1505,C1,0.017417312314811337
1505,Q1_percent,0.07521390818122341
1505,C2,-0.0759901144283492
1506,C1,0.04058196488865796
1506,Q1_percent,0.16449214782377142
1506,C2,-0.02123655439556549
1507,C1,-0.018859534954931857
1507,Q1_percent,0.13018840901901238
1507,C2,-0.052610813175952995
1508,C1,-0.00636185121378729
1508,Q1_percent,0.2330527959692612
1508,C2,-0.076158195467133
1509,C1,-0.030170460201252858
1509,Q1_percent,0.16002766144424493
1509,C2,-0.13984912383878206
1510,C1,0.07806382433228636
1510,Q1_percent,0.11218075879314403
1510,C2,-0.038617048135427226
1511,C1,-0.057513025889471825
1511,Q1_percent,0.21351228435940464
1511,C2,-0.11636190458569057
1512,C1,-0.13179275677294325
1512,Q1_percent,0.15734617028533163
1512,C2,-0.10926957997531771
1513,C1,-0.0465619818017958
1513,Q1_percent,0.19044545654107503
1513,C2,-0.16066292615052008
1514,C1,-0.0751759180204961
1514,Q1_percent,0.1712936288105013
1514,C2,-0.11242059018467557
1515,C1,0.015902643446316256
1515,Q1_percent,0.14496144029154473
1515,C2,-0.0795001196207547
1516,C1,-0.06856415066582285
1516,Q1_percent,0.1850258618508811
1516,C2,-0.0454394708610244
1517,C1,0.003911323080575984
1517,Q1_percent,0.10819966785448776
1517,C2,-0.06513058441992843
1518,C1,-0.050159736267213366
1518,Q1_percent,0.2034538453862403
1518,C2,-0.1701064225295162
1519,C1,-0.07037703897953591
1519,Q1_percent,0.2469597077142079
1519,C2,-0.11828346548425168
1520,C1,0.09419524906263699
1520,Q1_percent,0.11775926858340607
1520,C2,-0.0434322756996726
1521,C1,-0.2250337078139694
1521,Q1_percent,0.1392060967044203
1521,C2,-0.19262215435538135
1522,C1,0.05021400030453716
1522,Q1_percent,0.11827920733042155
1522,C2,-0.024270974311946036
1523,C1,0.00419818422593612
1523,Q1_percent,0.17329545099560995
1523,C2,-0.04801111620712263
1524,C1,0.0011299857648090505
1524,Q1_percent,0.10439506083463039
1524,C2,-0.09815240633487642
1525,C1,0.05845928856084771
1525,Q1_percent,0.15004961845568762
1525,C2,-0.03625031166496201
1526,C1,0.005925066596696142
1526,Q1_percent,0.16373778100279057
1526,C2,-0.07953357104375341
1527,C1,0.026298830105028786
1527,Q1_percent,0.1137307174746727
1527,C2,-0.11956811626229573
1528,C1,-0.16672333326827998
1528,Q1_percent,0.11807541635255211
1528,C2,-0.22477512408661213
1529,C1,0.04480986911482173
1529,Q1_percent,0.024816895888263624
1529,C2,-0.11302337195116319
1530,C1,0.02502923154748198
1530,Q1_percent,0.11381624027545308
1530,C2,-0.15525313034168395
1531,C1,0.01665664550407958
1531,Q1_percent,0.18225679219319427
1531,C2,-0.0994495209104927
1532,C1,0.025272383997642225
1532,Q1_percent,0.11364670578570017
1532,C2,-0.09222612258724008
1533,C1,0.033692831167928636
1533,Q1_percent,0.12671912403216817
1533,C2,-0.13355940420308698
1534,C1,-0.03117241203740761
1534,Q1_percent,0.1181742417584476
1534,C2,-0.11720752077867057
1535,C1,-0.018420467252992588
1535,Q1_percent,0.19159109779139807
1535,C2,-0.11981325185647407
1536,C1,-0.04502039353226124
1536,Q1_percent,0.24627404497265562
1536,C2,-0.08726616785015494
1537,C1,0.07387856566504729
1537,Q1_percent,0.0903846496805246
1537,C2,-0.02299235068377415
1538,C1,0.07341216434811608
1538,Q1_percent,0.06151839546065315
1538,C2,-0.030132989820688124
1539,C1,0.016292863237382004
1539,Q1_percent,0.11775693859410144
1539,C2,-0.021493671987277394
1540,C1,-0.02812575362646476
1540,Q1_percent,0.11000474268647893
1540,C2,-0.1417282701058589
1541,C1,0.01198215467948612
1541,Q1_percent,0.052597219091951405
1541,C2,-0.1694695556489762
1542,C1,0.06810526867751773
1542,Q1_percent,0.10404259507980959
1542,C2,-0.06242941679952906
1543,C1,-0.05109132817235057
1543,Q1_percent,0.22528032164147802
1543,C2,-0.13549287723621298
1544,C1,-0.2603424442553623
1544,Q1_percent,0.09310843464238795
1544,C2,-0.27512772411875186
1545,C1,-0.025289411154258732
1545,Q1_percent,0.08484912490727914
1545,C2,-0.0690378608985674
1546,C1,-0.02207262002885029
1546,Q1_percent,0.1876084472360076
1546,C2,-0.14512967162131918
1547,C1,0.05642777995801072
1547,Q1_percent,0.1479001216387941
1547,C2,-0.1160457010217545
1548,C1,-0.006568120563935956
1548,Q1_percent,0.14914644317546857
1548,C2,-0.08982897093247645
1549,C1,-0.06352995630418644
1549,Q1_percent,0.14176383271789034
1549,C2,-0.1446767312182036
1550,C1,0.11746274495121677
1550,Q1_percent,0.05260885234219888
1550,C2,-0.010158165032266917
1551,C1,0.014329601866840985
1551,Q1_percent,0.15392016921513146
1551,C2,-0.09600793258381876
1552,C1,0.061450212180725286
1552,Q1_percent,0.13041096410976627
1552,C2,-0.056354084156300666
1553,C1,-0.03422857106230102
1553,Q1_percent,0.1115604774539011
1553,C2,-0.08363175272412483
1554,C1,-0.002131386396453756
1554,Q1_percent,0.09992651167574028
1554,C2,-0.03972103344082259
1555,C1,-0.042928650610313514
1555,Q1_percent,0.09262139623981172
1555,C2,-0.141499669805975
1556,C1,0.005895146945557035
1556,Q1_percent,0.12336831061147668
1556,C2,-0.09394101626831
1557,C1,0.045755557978823046
1557,Q1_percent,0.06667150839106534
1557,C2,-0.03888253993409606
1558,C1,-0.055752632554253403
1558,Q1_percent,0.16601766762644793
1558,C2,-0.13608850164779931
1559,C1,-0.007337165255425177
1559,Q1_percent,0.09572328956218727
1559,C2,-0.09239316563249766
1560,C1,-0.030342013738729377
1560,Q1_percent,0.18166683535903735
1560,C2,-0.16970289120501536
1561,C1,0.034636290815273856
1561,Q1_percent,0.10063960265361203
1561,C2,-0.03199484299247194
1562,C1,0.037891923114428856
1562,Q1_percent,0.07091819355652494
1562,C2,-0.13327249155966783
1563,C1,0.14598349020840318
1563,Q1_percent,0.06257885860773126
1563,C2,0.004086726010593726
1564,C1,-0.12174024020489842
1564,Q1_percent,0.20993489639331642
1564,C2,-0.20969520175235776
1565,C1,-0.12326417934411596
1565,Q1_percent,0.21976903934262934
1565,C2,-0.1651787395433808
1566,C1,0.11392625800819291
1566,Q1_percent,0.011609718462429145
1566,C2,-0.02515851447547459
1567,C1,-0.015186219099957748
1567,Q1_percent,0.13887617211880746
1567,C2,-0.08537360363941668
1568,C1,-0.09245172557791348
1568,Q1_percent,0.1708354919022853
1568,C2,-0.1640579096430177
1569,C1,0.07987590482371533
1569,Q1_percent,0.0820897606456064
1569,C2,-0.035211962474490065
1570,C1,-0.11451963097448765
1570,Q1_percent,0.11211073874784938
1570,C2,-0.17521672867822147
1571,C1,-0.1431389380755128
1571,Q1_percent,0.17875551205081358
1571,C2,-0.1946609322022665
1572,C1,0.02744455886786926
1572,Q1_percent,0.154917341769033
1572,C2,-0.10890401648299802
1573,C1,0.13949645144348347
1573,Q1_percent,0.07772775557263886
1573,C2,0.017179565457592628
1574,C1,-0.07512981458951744
1574,Q1_percent,0.07423546630316712
1574,C2,-0.1482473345573783
1575,C1,-0.10047985937221457
1575,Q1_percent,0.20842991455668078
1575,C2,-0.20493866517104037
1576,C1,-0.07615837181404594
1576,Q1_percent,0.23178262238998798
1576,C2,-0.11062731252140434
1577,C1,-0.03888402624485498
1577,Q1_percent,0.18355744627341705
1577,C2,-0.15042384373236214
1578,C1,0.03810452304145963
1578,Q1_percent,0.15191238201273768
1578,C2,-0.10503657037708068
1579,C1,0.0027810557323089853
1579,Q1_percent,0.08233832492313188
1579,C2,-0.12705905819945218
1580,C1,0.06490135093350981
1580,Q1_percent,0.019215817864178544
1580,C2,-0.029782639474135068
1581,C1,-0.0231401101185666
1581,Q1_percent,0.09217128209848326
1581,C2,-0.15118294498295967
1582,C1,0.006794555648179151
1582,Q1_percent,0.14512112143900782
1582,C2,-0.12294608031645936
1583,C1,0.03826774542195214
1583,Q1_percent,0.10365248021005864
1583,C2,-0.058298746364326026
1584,C1,-0.11699709038746865
1584,Q1_percent,0.13133396096163513
1584,C2,-0.2315838476936996
1585,C1,-0.035623588859902966
1585,Q1_percent,0.12630106618637915
1585,C2,-0.13839225600332414
1586,C1,0.07656480647624725
1586,Q1_percent,0.09419257287774545
1586,C2,-0.03915394024983127
1587,C1,0.11250132483614803
1587,Q1_percent,0.08813914640583574
1587,C2,-0.07023556326788259
1588,C1,0.06909241337329584
1588,Q1_percent,0.055208119153328
1588,C2,-0.07631302520458962
1589,C1,-0.11880680161058402
1589,Q1_percent,0.24024734835618694
1589,C2,-0.23415913457754217
1590,C1,-0.133983501170129
1590,Q1_percent,0.2145945035719587
1590,C2,-0.195300467157575
1591,C1,-0.03688713361428215
1591,Q1_percent,0.13108399524243972
1591,C2,-0.16935199116050792
1592,C1,0.044384270102806815
1592,Q1_percent,0.14272432217095
1592,C2,-0.008229062570533088
1593,C1,0.0014760927414590747
1593,Q1_percent,0.15363512158720397
1593,C2,-0.09147820390709767
1594,C1,-0.12782203534491524
1594,Q1_percent,0.19966020924348293
1594,C2,-0.17697939304457863
1595,C1,0.030558449698664777
1595,Q1_percent,0.08792864075481023
1595,C2,-0.0675065081811641
1596,C1,-0.08348400362314719
1596,Q1_percent,0.09046733201071928
1596,C2,-0.13082066190962996
1597,C1,-0.029355588738483547
1597,Q1_percent,0.16996345488092507
1597,C2,-0.12410831443271067
1598,C1,-0.1479426004218555
1598,Q1_percent,0.089169289169116
1598,C2,-0.1462383859882443
1599,C1,0.09593045183448475
1599,Q1_percent,0.11761532320665084
1599,C2,-0.04240141418582327
1600,C1,0.020233987998208722
1600,Q1_percent,0.09320439850300485
1600,C2,-0.03897547470410404
1601,C1,0.021302423738702017
1601,Q1_percent,0.17034626184040047
1601,C2,-0.10252083261445682
1602,C1,0.09417822700580131
1602,Q1_percent,0.06531516614043585
1602,C2,-0.05522857827749938
1603,C1,0.035438678059399716
1603,Q1_percent,0.09155609843395701
1603,C2,-0.09407311524010598
1604,C1,0.0393113672779797
1604,Q1_percent,0.09700349000391977
1604,C2,-0.10120020417793073
1605,C1,-0.001341860500931
1605,Q1_percent,0.14600188950259854
1605,C2,-0.04833531176868005
1606,C1,-0.1273519815433983
1606,Q1_percent,0.18021537270289886
1606,C2,-0.17317667650462468
1607,C1,0.009863712059708034
1607,Q1_percent,0.1425004001216713
1607,C2,-0.07496163542160168
1608,C1,0.15317953565781176
1608,Q1_percent,0.00970312385907282
1608,C2,0.001090552279265748
1609,C1,-0.1455730698767505
1609,Q1_percent,0.2260453800749162
1609,C2,-0.187069257661815
1610,C1,-0.03777418032898971
1610,Q1_percent,0.11469015530101892
1610,C2,-0.11699058850588719
1611,C1,-0.00453395977405996
1611,Q1_percent,0.17326137344756837
1611,C2,-0.1462210118404613
1612,C1,0.11178108871628412
1612,Q1_percent,0.06612619545661283
1612,C2,-0.03869068307840866
1613,C1,-0.0633186620142566
1613,Q1_percent,0.0667353903425386
1613,C2,-0.1371862300328529
1614,C1,0.039212278967515855
1614,Q1_percent,0.0996390613962885
1614,C2,-0.10218187800173216
1615,C1,-0.02155304383928259
1615,Q1_percent,0.1511395663380279
1615,C2,-0.1620853565908967
1616,C1,0.010241206455908041
1616,Q1_percent,0.08641399242650008
1616,C2,-0.06583410813638498
1617,C1,-0.14693813657787771
1617,Q1_percent,0.11027000145808406
1617,C2,-0.23677677587239218
1618,C1,-0.008849583116779991
1618,Q1_percent,0.17462295759470695
1618,C2,-0.10760849482711103
1619,C1,-0.13538718105335337
1619,Q1_percent,0.19045078578191033
1619,C2,-0.19672239721960785
1620,C1,-0.071944837995822
1620,Q1_percent,0.12448585197936077
1620,C2,-0.1908071579632164
1621,C1,0.06387124552029419
1621,Q1_percent,0.035530575854075444
1621,C2,-0.03816508754774729
1622,C1,0.02554705241282529
1622,Q1_percent,0.10319950450403063
1622,C2,-0.09377927285410438
1623,C1,0.02672857712564122
1623,Q1_percent,0.1271717809635561
1623,C2,-0.08014581475276987
1624,C1,-0.03643007100292905
1624,Q1_percent,0.1782892842350767
1624,C2,-0.08082079483603538
1625,C1,-0.1392464250950917
1625,Q1_percent,0.2328375956839274
1625,C2,-0.08458301517131141
1626,C1,-0.1398267847329964
1626,Q1_percent,0.23036094054533726
1626,C2,-0.12727056462319403
1627,C1,-0.014715555971701611
1627,Q1_percent,0.12657367458964533
1627,C2,-0.07180479138096785
1628,C1,-0.023301739387655666
1628,Q1_percent,0.16466250174684616
1628,C2,-0.1875936450520857
1629,C1,-0.12038481872803156
1629,Q1_percent,0.19997809920279846
1629,C2,-0.16103859837095538
1630,C1,0.04745789931926333
1630,Q1_percent,0.12779731408195785
1630,C2,-0.11756820263753286
1631,C1,-0.032000101410444376
1631,Q1_percent,0.11947075237425851
1631,C2,-0.14091003582216016
1632,C1,-0.06533863117977527
1632,Q1_percent,0.22908103745139602
1632,C2,-0.16930281141137038
1633,C1,-0.1043737247555753
1633,Q1_percent,0.18686756747857497
1633,C2,-0.12305108954432097
1634,C1,-0.0719119529681236
1634,Q1_percent,0.25335019533478365
1634,C2,-0.07507006118185244
1635,C1,-0.08185606686083857
1635,Q1_percent,0.1828974775187548
1635,C2,-0.16256649514570612
1636,C1,-0.0007918371066887954
1636,Q1_percent,0.1840245083885428
1636,C2,-0.12814492993095292
1637,C1,0.007605919835441483
1637,Q1_percent,0.11591112094047512
1637,C2,-0.10719001806879083
1638,C1,0.07346780899291766
1638,Q1_percent,0.09847809436933963
1638,C2,-0.005583594008799405
1639,C1,-0.02975948350343411
1639,Q1_percent,0.169179315312036
1639,C2,-0.08052268883037435
1640,C1,0.01755412701853698
1640,Q1_percent,0.10970936450752487
1640,C2,-0.07765040839997814
1641,C1,0.040021841551382595
1641,Q1_percent,0.10433412836029189
1641,C2,-0.0482340527776589
1642,C1,-0.06443742613481653
1642,Q1_percent,0.1280832020591156
1642,C2,-0.11149678057727307
1643,C1,0.04770698144502721
1643,Q1_percent,0.10165786819181774
1643,C2,-0.11221242844786194
1644,C1,-0.008465307303850854
1644,Q1_percent,0.13103105325685976
1644,C2,-0.14291704042324593
1645,C1,-0.04012776340569558
1645,Q1_percent,0.2187966860184937
1645,C2,-0.10851565811116262
1646,C1,-0.10235365586696717
1646,Q1_percent,0.09212641261403261
1646,C2,-0.16275052128279124
1647,C1,0.07947443920479397
1647,Q1_percent,0.027555358682657852
1647,C2,-0.09446121792689438
1648,C1,-0.04099549053564029
1648,Q1_percent,0.193206078552396
1648,C2,-0.13192569426160036
1649,C1,0.05167002212059862
1649,Q1_percent,0.13869443667875647
1649,C2,-0.07860943374955072
1650,C1,0.031861681541995944
1650,Q1_percent,0.10233584595816303
1650,C2,-0.043284967787948554
1651,C1,0.0058255188163166185
1651,Q1_percent,0.20323560222465553
1651,C2,-0.156208137881602
1652,C1,-0.02043043621005756
1652,Q1_percent,0.14416687357864527
1652,C2,-0.03991588833406186
1653,C1,-0.06887103767298487
1653,Q1_percent,0.2059113856182739
1653,C2,-0.14701635781636627
1654,C1,-0.017331329024149043
1654,Q1_percent,0.128319096730217
1654,C2,-0.13619918671258394
1655,C1,0.0125492873979193
1655,Q1_percent,0.14093730010594366
1655,C2,-0.1036888829411677
1656,C1,0.04062709806201593
1656,Q1_percent,0.09896768382151866
1656,C2,-0.02859780411583036
1657,C1,-0.1444460115118355
1657,Q1_percent,0.20705612470111898
1657,C2,-0.23523032540201938
1658,C1,-0.11084886923256208
1658,Q1_percent,0.06750785292165103
1658,C2,-0.14297267344286027
1659,C1,0.05130436756103712
1659,Q1_percent,0.09334767596855488
1659,C2,-0.11234677973207288
1660,C1,0.07288623710497481
1660,Q1_percent,0.10715999797753348
1660,C2,-0.056832134600895055
1661,C1,0.08252392187704365
1661,Q1_percent,0.09563960818369693
1661,C2,-0.08290637178636948
1662,C1,0.05792081234561781
1662,Q1_percent,0.07436069942089868
1662,C2,-0.030309555312197624
1663,C1,-0.13100043063393937
1663,Q1_percent,0.26287251874594875
1663,C2,-0.21249428931655742
1664,C1,-0.15366426466249317
1664,Q1_percent,0.2900981158906182
1664,C2,-0.22816572493898565
1665,C1,-0.0006644864433680554
1665,Q1_percent,0.1690742851785185
1665,C2,-0.14358659883635244
1666,C1,0.009282690522534201
1666,Q1_percent,0.12243412490849327
1666,C2,-0.03572094050059737
1667,C1,-0.02678606320096044
1667,Q1_percent,0.14303245232587475
1667,C2,-0.1152973697017344
1668,C1,0.051082665042346376
1668,Q1_percent,0.14123459991948167
1668,C2,-0.10991598176025333
1669,C1,-0.08381705947919606
1669,Q1_percent,0.33058514533640976
1669,C2,-0.18586102815131436
1670,C1,-0.07553645870406349
1670,Q1_percent,0.17232221782528315
1670,C2,-0.14997544624230144
1671,C1,-0.045752144549351864
1671,Q1_percent,0.1796767249585462
1671,C2,-0.1301643475203585
1672,C1,0.10617962142094152
1672,Q1_percent,0.07543074430791781
1672,C2,-0.07788689048692352
1673,C1,0.037517691194162435
1673,Q1_percent,0.16449858991368
1673,C2,-0.09472549419653924
1674,C1,0.04637295797767874
1674,Q1_percent,0.18799363248740605
1674,C2,-0.03429105078688731
1675,C1,0.0702659837807558
1675,Q1_percent,0.10094916038916725
1675,C2,0.007942174843119655
1676,C1,0.009989587602010701
1676,Q1_percent,0.11216850040909326
1676,C2,-0.1414081969074512
1677,C1,-0.029309671689018994
1677,Q1_percent,0.06177797462128062
1677,C2,-0.13794006101175874
1678,C1,-0.10101446571222225
1678,Q1_percent,0.15317903946639572
1678,C2,-0.039366289798328645
1679,C1,0.11079756034288775
1679,Q1_percent,0.062311797200026504
1679,C2,-0.026317653584231077
1680,C1,0.04071952430796468
1680,Q1_percent,0.13097269179491106
1680,C2,-0.04426782451426099
1681,C1,-0.09222206387771477
1681,Q1_percent,0.20372313301943404
1681,C2,-0.2113027685477885
1682,C1,0.04115462550094663
1682,Q1_percent,0.066912644563693
1682,C2,-0.10822244555649224
1683,C1,-0.10439018997706688
1683,Q1_percent,0.2626376942501529
1683,C2,-0.23375426507130354
1684,C1,-0.09633784773939308
1684,Q1_percent,0.1445388890071823
1684,C2,-0.16813710551145974
1685,C1,0.011890763557813839
1685,Q1_percent,0.14662310594495145
1685,C2,-0.11189661044882779
1686,C1,-0.1990426896644819
1686,Q1_percent,0.0778542416652182
1686,C2,-0.2568354043337336
1687,C1,0.06516792359949511
1687,Q1_percent,0.07938826841459719
1687,C2,-0.07863303873272699
1688,C1,0.06753380855488562
1688,Q1_percent,0.11065534779088507
1688,C2,-0.059771536497784696
1689,C1,-0.010232957086184038
1689,Q1_percent,0.1965737345002285
1689,C2,-0.10016017311982517
1690,C1,0.15771480002416446
1690,Q1_percent,0.00035020027451495867
1690,C2,-0.06353309312533809
1691,C1,-0.007105210804897742
1691,Q1_percent,0.17698331451960472
1691,C2,-0.11830584665392899
1692,C1,0.04446159164421304
1692,Q1_percent,0.1904916049293893
1692,C2,-0.06988858641888415
1693,C1,0.036332646332988335
1693,Q1_percent,0.15678220976213625
1693,C2,-0.07467929235742606
1694,C1,0.018078822254061357
1694,Q1_percent,0.1386675290330175
1694,C2,-0.09001859013398711
1695,C1,-0.02429786030676932
1695,Q1_percent,0.10760877898808956
1695,C2,-0.12179487418727478
1696,C1,-0.04297227133839828
1696,Q1_percent,0.12426439958221326
1696,C2,-0.14289043728543016
1697,C1,-0.037240222053649005
1697,Q1_percent,0.1358963649608338
1697,C2,-0.16635713159580046
1698,C1,-0.11099645812200644
1698,Q1_percent,0.26110998740720864
1698,C2,-0.24356587201707522
1699,C1,-0.04565858501778837
1699,Q1_percent,0.17409337365584004
1699,C2,-0.09508127489775449
1700,C1,-0.030590895874875405
1700,Q1_percent,0.2099118669978082
1700,C2,-0.14926315924501643
1701,C1,-0.0558370843502375
1701,Q1_percent,0.04237972158526771
1701,C2,-0.11541277826172287
1702,C1,-0.08653843403821312
1702,Q1_percent,0.24183022660989392
1702,C2,-0.16091621041977316
1703,C1,-0.06017186616638935
1703,Q1_percent,0.13977409837787558
1703,C2,-0.112471239114417
1704,C1,-0.10777972140133019
1704,Q1_percent,0.11263362234077141
1704,C2,-0.15654725892530055
1705,C1,-0.09841513535324721
1705,Q1_percent,0.09484676241620768
1705,C2,-0.15560431799573168
1706,C1,-0.041314798535589156
1706,Q1_percent,0.13427736208321508
1706,C2,-0.1827836278659827
1707,C1,0.07307264488058081
1707,Q1_percent,0.04276820616782137
1707,C2,-0.08433130558640219
1708,C1,0.0056452298695063435
1708,Q1_percent,0.1655428802683459
1708,C2,-0.09105146617641113
1709,C1,0.033049611273065584
1709,Q1_percent,0.09267099625356878
1709,C2,-0.15368007819836998
1710,C1,-0.048731299873008276
1710,Q1_percent,0.1267991923683912
1710,C2,-0.13862572812295074
1711,C1,-0.12779909060083944
1711,Q1_percent,0.1979108283938157
1711,C2,-0.17420386067504187
1712,C1,-0.037761897616526326
1712,Q1_percent,0.21296408907368794
1712,C2,-0.08473467107972908
1713,C1,-0.04245342061646595
1713,Q1_percent,0.18465011379096544
1713,C2,-0.08436244277312985
1714,C1,-0.17815071349130543
1714,Q1_percent,0.13911502383271504
1714,C2,-0.20832014710219057
1715,C1,-0.03871091432865425
1715,Q1_percent,0.2320154616734215
1715,C2,-0.14562063929212982
1716,C1,-0.036545318206925734
1716,Q1_percent,0.13986706108930544
1716,C2,-0.07849538289590054
1717,C1,0.06637417748466673
1717,Q1_percent,0.087232653795111
1717,C2,-0.05626529743612768
1718,C1,-0.10337634702328524
1718,Q1_percent,0.18605184353353674
1718,C2,-0.1280525980379048
1719,C1,-0.056736109453297816
1719,Q1_percent,0.13822858894721876
1719,C2,-0.1301486355916931
1720,C1,-0.018803801623058072
1720,Q1_percent,0.12025641290690603
1720,C2,-0.09299927305407245
1721,C1,-0.055533914141539784
1721,Q1_percent,0.1959384802406806
1721,C2,-0.1529518560070429
1722,C1,0.03590701720635523
1722,Q1_percent,0.13716115833456413
1722,C2,-0.06932959627130093
1723,C1,0.025514321548080032
1723,Q1_percent,0.14935293440082395
1723,C2,-0.0779248593459552
1724,C1,-0.10730305080017709
1724,Q1_percent,0.21860032988327396
1724,C2,-0.12669487865482365
1725,C1,-0.05875121931241703
1725,Q1_percent,0.10042572070757617
1725,C2,-0.15628880791947114
1726,C1,-0.09201965682193014
1726,Q1_percent,0.15627878712356544
1726,C2,-0.1761055613076717
1727,C1,-0.15410580891179249
1727,Q1_percent,0.1640304487855145
1727,C2,-0.1987166128103101
1728,C1,0.09366628269355758
1728,Q1_percent,0.07595145378564713
1728,C2,-0.04938741664966243
1729,C1,-0.026749250643307767
1729,Q1_percent,0.16766804919657546
1729,C2,-0.13387897831990966
1730,C1,-0.10352694942348642
1730,Q1_percent,0.21297465855053996
1730,C2,-0.09574486404688093
1731,C1,0.003414172959650586
1731,Q1_percent,0.12917927331682494
1731,C2,-0.15596954882445682
1732,C1,0.07395601947436245
1732,Q1_percent,0.18190285574207873
1732,C2,0.011435372019856466
1733,C1,-0.08263092661305362
1733,Q1_percent,0.15550970905661635
1733,C2,-0.12388360657748504
1734,C1,-0.0076401012481935125
1734,Q1_percent,0.13388010288424532
1734,C2,-0.12603178827265815
1735,C1,0.09947485200336992
1735,Q1_percent,0.10770143157616506
1735,C2,-0.05440951734315161
1736,C1,0.030402607506799063
1736,Q1_percent,0.1708349722075991
1736,C2,-0.10810614516311681
1737,C1,0.06814849980571189
1737,Q1_percent,0.14436189124618745
1737,C2,-0.06275075257919005
1738,C1,-0.0625226430460003
1738,Q1_percent,0.20114087660887567
1738,C2,-0.07208365249681585
1739,C1,-0.05575006239298842
1739,Q1_percent,0.09843176994826874
1739,C2,-0.13137987530455386
1740,C1,-0.08701796346885923
1740,Q1_percent,0.08984950146413233
1740,C2,-0.2030573429044785
1741,C1,-0.019970472404914705
1741,Q1_percent,0.1434789034682115
1741,C2,-0.11816103012798987
1742,C1,-0.026623481429467303
1742,Q1_percent,0.1409038620696511
1742,C2,-0.11413558147325242
1743,C1,0.0016168117410074265
1743,Q1_percent,0.17911944949446165
1743,C2,-0.11903403131130323
1744,C1,-0.1059261132952005
1744,Q1_percent,0.19211104044639485
1744,C2,-0.1176131366694904
1745,C1,0.053739690175737216
1745,Q1_percent,0.05167230700442204
1745,C2,-0.020003082831557568
1746,C1,-0.061869218293862265
1746,Q1_percent,0.2075365467725217
1746,C2,-0.13140029494979907
1747,C1,0.014054265234925393
1747,Q1_percent,0.07161622237287707
1747,C2,-0.06922304804754817
1748,C1,-0.018798910721231524
1748,Q1_percent,0.18874888410149662
1748,C2,-0.11269174302942965
1749,C1,0.0026886842644912395
1749,Q1_percent,0.08318002971441722
1749,C2,-0.07380931000515951
1750,C1,0.055813469767042545
1750,Q1_percent,0.06600390551363153
1750,C2,-0.12104237948941407
1751,C1,-0.0021268230876434545
1751,Q1_percent,0.22061635988221023
1751,C2,-0.11922418735237858
1752,C1,-0.09407052708253247
1752,Q1_percent,0.15131833729735966
1752,C2,-0.18922391254945073
1753,C1,0.0690390106241108
1753,Q1_percent,0.06933068624947099
1753,C2,-0.0532442721529925
1754,C1,0.032770998741284064
1754,Q1_percent,0.048810109057281885
1754,C2,-0.05328330994074258
1755,C1,0.10438296857659725
1755,Q1_percent,-0.006076444230011167
1755,C2,-0.05092628642099461
1756,C1,-0.10172518508874322
1756,Q1_percent,0.1768697297055129
1756,C2,-0.22790016733997817
1757,C1,-0.06074030341253382
1757,Q1_percent,0.12287853719711486
1757,C2,-0.20291057826784112
1758,C1,0.0005874717228018279
1758,Q1_percent,0.12279318864608377
1758,C2,-0.10239594717910681
1759,C1,-0.0405900129566229
1759,Q1_percent,0.26566156032160115
1759,C2,-0.12509262958341663
1760,C1,-0.10348831714863478
1760,Q1_percent,0.15442579377677798
1760,C2,-0.14298623280001432
1761,C1,0.15034847459528294
1761,Q1_percent,0.06177962265529527
1761,C2,0.005971872887577958
1762,C1,-0.10790146182237692
1762,Q1_percent,0.11270797030826742
1762,C2,-0.21064068096710334
1763,C1,-0.06848688095108657
1763,Q1_percent,0.16618575387548484
1763,C2,-0.13547113243614886
1764,C1,-0.02632810196898992
1764,Q1_percent,0.17064549014315283
1764,C2,-0.08024866268478269
1765,C1,0.05481749047221543
1765,Q1_percent,0.022035400151857114
1765,C2,-0.09726415996129734
1766,C1,0.05308906188344723
1766,Q1_percent,0.07739382208914998
1766,C2,-0.09241378850440841
1767,C1,-0.03758035059929592
1767,Q1_percent,0.19417435570923852
1767,C2,-0.12909704092723046
1768,C1,-0.08947874549637015
1768,Q1_percent,0.23571310231239306
1768,C2,-0.17278902065367563
1769,C1,0.07533022797922595
1769,Q1_percent,0.05230148900235979
1769,C2,-0.0015310479589233934
1770,C1,-0.06346702107125907
1770,Q1_percent,0.14595018206551427
1770,C2,-0.1352993467333135
1771,C1,0.09678160506280488
1771,Q1_percent,0.01872556757580092
1771,C2,-0.09139096919793814
1772,C1,0.05030378009651826
1772,Q1_percent,0.17227148760960723
1772,C2,-0.13524939713479608
1773,C1,0.07106456338269279
1773,Q1_percent,0.06016874006694486
1773,C2,-0.09896678588989923
1774,C1,-0.024498889488325716
1774,Q1_percent,0.18537957984266604
1774,C2,-0.12517837446918265
1775,C1,0.003868413454197111
1775,Q1_percent,0.1025631831816044
1775,C2,-0.06799480472840981
1776,C1,-0.018857988591169373
1776,Q1_percent,0.08835926091371146
1776,C2,-0.09341470576936002
1777,C1,-0.021416654052299873
1777,Q1_percent,0.20273657685170704
1777,C2,-0.12729820353707402
1778,C1,0.024990612540066185
1778,Q1_percent,0.0769232334403762
1778,C2,-0.11283078840356718
1779,C1,0.007288733509314836
1779,Q1_percent,0.16023461775097522
1779,C2,-0.03372465181617076
1780,C1,0.04517210704946047
1780,Q1_percent,0.04794312748935041
1780,C2,-0.023774522885792074
1781,C1,-0.023313562306045994
1781,Q1_percent,0.18943808572889922
1781,C2,-0.14363854646913304
1782,C1,-0.04238204556280337
1782,Q1_percent,0.22482363405981404
1782,C2,-0.16950699949374826
1783,C1,0.07832054444479887
1783,Q1_percent,0.11344200444231727
1783,C2,-0.10192925050057643
1784,C1,-0.01468019726726381
1784,Q1_percent,0.23312845561777354
1784,C2,-0.10932756014365569
1785,C1,-0.07813994326934416
1785,Q1_percent,0.10379569925067478
1785,C2,-0.13117060603713265
1786,C1,0.04782243807344143
1786,Q1_percent,0.15095811286049815
1786,C2,-0.03171188181156027
1787,C1,-0.003504296019229435
1787,Q1_percent,0.11168488741220933
1787,C2,-0.1103077093562109
1788,C1,0.015394906141266505
1788,Q1_percent,0.1194251856058481
1788,C2,-0.1186021383404148
1789,C1,-0.007484507246915997
1789,Q1_percent,0.178911293992523
1789,C2,-0.04195803995007124
1790,C1,0.012998427744631131
1790,Q1_percent,0.06134850620511332
1790,C2,-0.13645360244917157
1791,C1,-0.049225588073601424
1791,Q1_percent,0.12073864542089252
1791,C2,-0.08164496646932218
1792,C1,0.22180615806653797
1792,Q1_percent,-1.3406700910589556e-05
1792,C2,0.04287001565816371
1793,C1,0.0580080766032742
1793,Q1_percent,0.08493454747973078
1793,C2,-0.08229284038021514
1794,C1,-0.10207994645748847
1794,Q1_percent,0.07390073300011747
1794,C2,-0.15238246711997108
1795,C1,-0.03453690658182595
1795,Q1_percent,0.19101809706113335
1795,C2,-0.16650220065434576
1796,C1,-0.022369459242146447
1796,Q1_percent,0.1320790777309876
1796,C2,-0.1408000158332904
1797,C1,-0.11270800357650833
1797,Q1_percent,0.10716233582439474
1797,C2,-0.19649410031921374
1798,C1,-0.042588653726822766
1798,Q1_percent,0.17385057614240046
1798,C2,-0.15179009964788628
1799,C1,-0.0778087495681526
1799,Q1_percent,0.2199356156626164
1799,C2,-0.1448477710781889
1800,C1,-0.10305179532435806
1800,Q1_percent,0.23158003757347473
1800,C2,-0.18306291914223377
1801,C1,0.03949524180992246
1801,Q1_percent,0.11651215430835657
1801,C2,-0.0906101735082089
1802,C1,0.04785159277867423
1802,Q1_percent,0.0580115402051223
1802,C2,-0.14230311091327977
1803,C1,0.04756750363533931
1803,Q1_percent,0.14396103098327723
1803,C2,-0.12208530279813183
1804,C1,0.02816858222764564
1804,Q1_percent,0.05786886643195479
1804,C2,-0.138430130194829
1805,C1,-0.029533720034286972
1805,Q1_percent,0.20742549394017157
1805,C2,-0.11628702014913132
1806,C1,-0.036576428578131454
1806,Q1_percent,0.20078345639709402
1806,C2,-0.04838184253339137
1807,C1,-0.02523939680772986
1807,Q1_percent,0.1333566953413952
1807,C2,-0.12982946055042213
1808,C1,-0.08349535462059365
1808,Q1_percent,0.21931757428093204
1808,C2,-0.18764100384190183
1809,C1,-0.002219513292474455
1809,Q1_percent,0.11032070413511459
1809,C2,-0.09316419924145476
1810,C1,-0.03655088798415335
1810,Q1_percent,0.22540361668656234
1810,C2,-0.07690093983227096
1811,C1,-0.1063940933954509
1811,Q1_percent,0.15320230891365122
1811,C2,-0.19853812231469575
1812,C1,-0.01662329841091894
1812,Q1_percent,0.138510130552088
1812,C2,-0.15040157788693548
1813,C1,-0.045130538471625764
1813,Q1_percent,0.17158715715940118
1813,C2,-0.13655827584191654
1814,C1,0.12263869111466759
1814,Q1_percent,0.07029230186474346
1814,C2,-0.06773130200648772
1815,C1,-0.0595274279233958
1815,Q1_percent,0.172814165911524
1815,C2,-0.14759106003553946
1816,C1,0.0661175163049387
1816,Q1_percent,0.08497332322555348
1816,C2,-0.10752301992370426
1817,C1,0.03402820997429378
1817,Q1_percent,0.08546901613720799
1817,C2,-0.07838091004335111
1818,C1,-0.16244186551432963
1818,Q1_percent,0.19836746254326185
1818,C2,-0.2401953894055991
1819,C1,-0.03338705659354028
1819,Q1_percent,0.0655091169714751
1819,C2,-0.17206714390733208
1820,C1,-0.03283550769400052
1820,Q1_percent,0.1387626655645799
1820,C2,-0.13432259897335078
1821,C1,0.0973092824495853
1821,Q1_percent,0.10809180280041664
1821,C2,-0.025459920128960787
1822,C1,-0.10525100278109516
1822,Q1_percent,0.1292340510231366
1822,C2,-0.18216543214068762
1823,C1,-0.07335030701240097
1823,Q1_percent,0.08484435916220562
1823,C2,-0.1726638915899405
1824,C1,0.05978041664267623
1824,Q1_percent,0.09681540318236734
1824,C2,-0.06402331332915882
1825,C1,-0.03715561518647166
1825,Q1_percent,0.19645430920627807
1825,C2,-0.09226460446061287
1826,C1,-0.12376034280456526
1826,Q1_percent,0.1664741470026529
1826,C2,-0.20184324257855787
1827,C1,-0.09629602307548761
1827,Q1_percent,0.20668781470327088
1827,C2,-0.10371890580069415
1828,C1,-0.13498954642629146
1828,Q1_percent,0.17255683856872078
1828,C2,-0.21221018099774897
1829,C1,-0.022809133397749096
1829,Q1_percent,0.11733208061702415
1829,C2,-0.1259558077446979
1830,C1,0.08241138661481515
1830,Q1_percent,0.13889256274372308
1830,C2,-0.046152225964400016
1831,C1,0.037458363794353945
1831,Q1_percent,0.12854289104734676
1831,C2,-0.06055790813971
1832,C1,0.15408440532299292
1832,Q1_percent,0.06260577978786831
1832,C2,0.032930217596409954
1833,C1,-0.005142877049408249
1833,Q1_percent,0.17462901629616212
1833,C2,-0.053779039536124375
1834,C1,-0.0249302011748804
1834,Q1_percent,0.08512273952918084
1834,C2,-0.1006572486855932
1835,C1,0.023260097546471188
1835,Q1_percent,0.11425096321030864
1835,C2,-0.044118201730763786
1836,C1,0.0035025331590832326
1836,Q1_percent,0.11726664000891851
1836,C2,-0.10825314505651606
1837,C1,-0.12025268533844968
1837,Q1_percent,0.07199578345396945
1837,C2,-0.18687155432382957
1838,C1,-0.09785342641709639
1838,Q1_percent,0.1670157434932062
1838,C2,-0.2001471964787871
1839,C1,-0.10516258229509139
1839,Q1_percent,0.17247030335256158
1839,C2,-0.1703270045694074
1840,C1,0.03334039981981245
1840,Q1_percent,0.11477680844802783
1840,C2,-0.057540244695841083
1841,C1,-0.026098968878552935
1841,Q1_percent,0.12820840735098554
1841,C2,-0.14719527763435505
1842,C1,-0.038620884251322506
1842,Q1_percent,0.08848498237283227
1842,C2,-0.1729895344089272
1843,C1,-0.12831055250318735
1843,Q1_percent,0.08751811437464191
1843,C2,-0.21180712852810774
1844,C1,-0.06951237316478315
1844,Q1_percent,0.20360251286458955
1844,C2,-0.2177194917792783
1845,C1,0.09729006024944754
1845,Q1_percent,0.10078587352393086
1845,C2,-0.03943870124713686
1846,C1,-0.11964276646715441
1846,Q1_percent,0.10764489935364115
1846,C2,-0.12951720753374787
1847,C1,-0.13884833138164382
1847,Q1_percent,0.16476045459470914
1847,C2,-0.2747375761209856
1848,C1,-0.08303737925857119
1848,Q1_percent,0.12681167135289623
1848,C2,-0.16943558473540082
1849,C1,-0.08703783641935271
1849,Q1_percent,0.12152920720619065
1849,C2,-0.15225333271764993
1850,C1,-0.0883565848393705
1850,Q1_percent,0.1724480139056508
1850,C2,-0.1709926794349622
1851,C1,0.026935948132864686
1851,Q1_percent,0.10237531978021994
1851,C2,-0.09974373727904073
1852,C1,0.023922056886068434
1852,Q1_percent,0.12645704581914402
1852,C2,-0.0973611711636896
1853,C1,-0.01764491540296162
1853,Q1_percent,0.1456786895542568
1853,C2,-0.09437073792279553
1854,C1,-0.05993584972797297
1854,Q1_percent,0.10513653511730724
1854,C2,-0.1379001163623446
1855,C1,-0.14118322432873037
1855,Q1_percent,0.1967853561414251
1855,C2,-0.16365116744906003
1856,C1,0.09212167434914613
1856,Q1_percent,0.07018201669794145
1856,C2,-0.028634727672084852
1857,C1,0.005882903847005868
1857,Q1_percent,0.15199254451255764
1857,C2,-0.09257586031246408
1858,C1,0.04207547261501076
1858,Q1_percent,0.1465480230473045
1858,C2,-0.06205549383703123
1859,C1,0.09635600096269245
1859,Q1_percent,0.023629899133287034
1859,C2,-0.029584690507201465
1860,C1,-0.03262108132024518
1860,Q1_percent,0.21666227842983624
1860,C2,-0.17613282003381142
1861,C1,-0.24275981736733468
1861,Q1_percent,0.05907378876641218
1861,C2,-0.3080481711643553
1862,C1,-0.03662007220810507
1862,Q1_percent,0.1284052528900628
1862,C2,-0.1575218062448373
1863,C1,0.008633688790045514
1863,Q1_percent,0.11401159873380959
1863,C2,-0.06895119276561539
1864,C1,0.0015282360963426464
1864,Q1_percent,0.2033274188634214
1864,C2,-0.10468087305442605
1865,C1,0.043429665281124644
1865,Q1_percent,0.10871249313922371
1865,C2,-0.09674614768855513
1866,C1,-0.07089834599551591
1866,Q1_percent,0.11725376874816204
1866,C2,-0.1257861471933483
1867,C1,-0.032135896984136686
1867,Q1_percent,0.11788973025228895
1867,C2,-0.1138109605352632
1868,C1,-0.02283528083105865
1868,Q1_percent,0.12879668564502533
1868,C2,-0.16089102924555967
1869,C1,-0.0774627738563984
1869,Q1_percent,0.14299309204353283
1869,C2,-0.12683399013494281
1870,C1,0.01947289819973328
1870,Q1_percent,0.11257067648883472
1870,C2,-0.10972650932144416
1871,C1,0.1167298316857155
1871,Q1_percent,0.10077193735206623
1871,C2,-0.06981307025620301
1872,C1,-0.11067879902722122
1872,Q1_percent,0.13410668447241358
1872,C2,-0.1649868419936103
1873,C1,-0.010975218468197417
1873,Q1_percent,0.16300241621805656
1873,C2,-0.09864490620815167
1874,C1,-0.01176721676986945
1874,Q1_percent,0.11743811237459126
1874,C2,-0.12882002813512267
1875,C1,0.011228857127676684
1875,Q1_percent,0.10108062209366998
1875,C2,-0.06741288548889725
1876,C1,0.02935577744455552
1876,Q1_percent,0.06392390422919293
1876,C2,-0.06439766176194785
1877,C1,-0.04934707683093617
1877,Q1_percent,0.09024205333987802
1877,C2,-0.14871696233337114
1878,C1,-0.09116026198342403
1878,Q1_percent,0.1264001603696528
1878,C2,-0.13182536853049426
1879,C1,0.054629968447886555
1879,Q1_percent,0.13324131822281
1879,C2,-0.08069125117869273
1880,C1,-0.09525467960460277
1880,Q1_percent,0.24391705960005272
1880,C2,-0.061224153202893865
1881,C1,-0.012076922054855806
1881,Q1_percent,0.12334783403967785
1881,C2,-0.06382200894321605
1882,C1,0.10250620011551378
1882,Q1_percent,0.061612194850035114
1882,C2,-0.09197254661186516
1883,C1,-0.02810988439690137
1883,Q1_percent,0.1524357280093789
1883,C2,-0.17534084552432594
1884,C1,0.012037570071728796
1884,Q1_percent,0.1657108970161351
1884,C2,-0.14634010006849082
1885,C1,0.12294393942883255
1885,Q1_percent,0.060137843791275375
1885,C2,-0.004048652810841117
1886,C1,-0.010542410564038818
1886,Q1_percent,0.09069882359379045
1886,C2,-0.06113664990549483
1887,C1,-0.03209809184349265
1887,Q1_percent,0.10626279209176226
1887,C2,-0.13454742006324594
1888,C1,0.06250915051376321
1888,Q1_percent,0.10935542726005519
1888,C2,-0.014963260775624555
1889,C1,-0.006468183903907096
1889,Q1_percent,0.09563729112747299
1889,C2,-0.1141741983972454
1890,C1,0.048928118317876634
1890,Q1_percent,0.0813772049367835
1890,C2,-0.07048480284630163
1891,C1,0.046010016125825275
1891,Q1_percent,0.15625873029121928
1891,C2,-0.07510341348705972
1892,C1,0.08842344291451079
1892,Q1_percent,0.06854917285311064
1892,C2,-0.061433483988744444
1893,C1,-0.04025627202892447
1893,Q1_percent,0.15496261592003996
1893,C2,-0.1335656023517767
1894,C1,-0.06044011827879907
1894,Q1_percent,0.14016743662667605
1894,C2,-0.14139838582626266
1895,C1,-0.10219012879724583
1895,Q1_percent,0.17179214773561946
1895,C2,-0.2318872813970732
1896,C1,-0.11156612055227684
1896,Q1_percent,0.2578813889839567
1896,C2,-0.16445698519588228
1897,C1,-0.014998564502817158
1897,Q1_percent,0.10901873589051295
1897,C2,-0.09859685914342636
1898,C1,-0.01286622092405679
1898,Q1_percent,0.16119693616103709
1898,C2,-0.11424710251628449
1899,C1,-0.11654775137585546
1899,Q1_percent,0.21372981535380778
1899,C2,-0.11719326799431327
1900,C1,-0.03875885603774469
1900,Q1_percent,0.18337272239723584
1900,C2,-0.10583331538278865
1901,C1,0.10159808461508886
1901,Q1_percent,0.06112066131073337
1901,C2,-0.04647970054128878
1902,C1,0.03698964397223915
1902,Q1_percent,0.11626233787314576
1902,C2,-0.10498840685669289
1903,C1,-0.08127728091624417
1903,Q1_percent,0.14550377166758197
1903,C2,-0.1844098696045555
1904,C1,0.024387504918918695
1904,Q1_percent,0.161297376745491
1904,C2,-0.08377837598114152
1905,C1,-0.012565491141027669
1905,Q1_percent,0.11768613472995616
1905,C2,-0.11005323753957191
1906,C1,-0.03767394858436724
1906,Q1_percent,0.20367109086297347
1906,C2,-0.1302411496222496
1907,C1,-0.14153387547749532
1907,Q1_percent,0.1806402155212354
1907,C2,-0.19979556061136622
1908,C1,0.028027619386146566
1908,Q1_percent,0.05338965871131491
1908,C2,-0.08919491478079565
1909,C1,0.11183866480844086
1909,Q1_percent,-0.018574017622681935
1909,C2,-0.016946443203349176
1910,C1,0.015840278160972093
1910,Q1_percent,0.08990454986797268
1910,C2,-0.1059546685018442
1911,C1,-0.12985361837689624
1911,Q1_percent,0.2249863869365174
1911,C2,-0.2051920185287355
1912,C1,-0.05349157995075834
1912,Q1_percent,0.12107827544283813
1912,C2,-0.12769818950259407
1913,C1,-0.03862190115866319
1913,Q1_percent,0.1803853452578184
1913,C2,-0.11273797510221134
1914,C1,0.01659671630374761
1914,Q1_percent,0.14096375550880974
1914,C2,-0.09140324999086358
1915,C1,0.10593985262415138
1915,Q1_percent,0.14953034759722353
1915,C2,0.0536674869011947
1916,C1,0.05672400073062358
1916,Q1_percent,0.14238045740200772
1916,C2,-0.050571208220823526
1917,C1,-0.004547826956993936
1917,Q1_percent,0.19591243546552878
1917,C2,-0.0832026580795375
1918,C1,0.026066412038878474
1918,Q1_percent,0.07053520588880623
1918,C2,-0.12045362031814916
1919,C1,0.01980453724062625
1919,Q1_percent,0.15061704151963595
1919,C2,-0.05142526164570563
1920,C1,-0.014983841920500698
1920,Q1_percent,0.1541140468345606
1920,C2,-0.1166160329014678
1921,C1,-0.02444703814633284
1921,Q1_percent,0.1297664697449912
1921,C2,-0.056988306229892184
1922,C1,-0.0685111581274129
1922,Q1_percent,0.20142515756644644
1922,C2,-0.16614415245752778
1923,C1,-0.03183528633285568
1923,Q1_percent,0.10353415501886377
1923,C2,-0.17604112637791144
1924,C1,-0.021105664343008906
1924,Q1_percent,0.07322195275487244
1924,C2,-0.12325847278079698
1925,C1,0.023846465802884537
1925,Q1_percent,0.1190139697090954
1925,C2,-0.030137430743612706
1926,C1,0.022909588446337077
1926,Q1_percent,0.14098856557204734
1926,C2,-0.03735040229892299
1927,C1,-0.07689017275392301
1927,Q1_percent,0.23404766608504615
1927,C2,-0.18167577149281716
1928,C1,0.013676098819427215
1928,Q1_percent,0.17712694883077623
1928,C2,-0.12961156324097564
1929,C1,-0.09405818222800139
1929,Q1_percent,0.10117951500968535
1929,C2,-0.12151989128098378
1930,C1,0.026927046741592433
1930,Q1_percent,0.12624258599294272
1930,C2,-0.07936062355803346
1931,C1,-0.13501663403762199
1931,Q1_percent,0.22249236721926408
1931,C2,-0.19609110714860808
1932,C1,0.04429199906493452
1932,Q1_percent,0.08579933877665874
1932,C2,-0.05447880856387839
1933,C1,-0.005111909495661332
1933,Q1_percent,0.06599096456537806
1933,C2,-0.09655841294598887
1934,C1,-0.030589330343331216
1934,Q1_percent,0.14098383886669222
1934,C2,-0.1825593123399834
1935,C1,-0.007693696273202239
1935,Q1_percent,0.13108462127925632
1935,C2,-0.12706412514702306
1936,C1,0.11292944489040259
1936,Q1_percent,0.09419259272624418
1936,C2,-0.06878755416130425
1937,C1,-0.035291882406347
1937,Q1_percent,0.12499843160897767
1937,C2,-0.0713114939849907
1938,C1,-0.0613262934842233
1938,Q1_percent,0.19504214077454388
1938,C2,-0.14668491705804534
1939,C1,-0.048414359354988876
1939,Q1_percent,0.11935979458241731
1939,C2,-0.1311094654944475
1940,C1,0.0031864540806566003
1940,Q1_percent,0.10618999963478808
1940,C2,-0.06857722692830412
1941,C1,0.053187564119956406
1941,Q1_percent,0.19381561501368375
1941,C2,-0.021424370570307626
1942,C1,-0.05809523107607307
1942,Q1_percent,0.10109852341374317
1942,C2,-0.13437337138505417
1943,C1,-0.0787003733450595
1943,Q1_percent,0.200723218208005
1943,C2,-0.09677114167651482
1944,C1,-0.04911230656658967
1944,Q1_percent,0.12591805406470422
1944,C2,-0.150849174129675
1945,C1,-0.06546816280320564
1945,Q1_percent,0.20842987281454625
1945,C2,-0.17065068539203618
1946,C1,0.04619600603732992
1946,Q1_percent,0.12121087534225836
1946,C2,-0.08322875660883992
1947,C1,-0.022011489432291146
1947,Q1_percent,0.18504980741925228
1947,C2,-0.014519861190258604
1948,C1,-0.03407049281415146
1948,Q1_percent,0.12259904968743071
1948,C2,-0.17781180097416138
1949,C1,-0.06378432404856638
1949,Q1_percent,0.2213960406585231
1949,C2,-0.22512559327808426
1950,C1,-0.07237792542606349
1950,Q1_percent,0.15218739570959747
1950,C2,-0.2130436643215891
1951,C1,-0.017090507586844862
1951,Q1_percent,0.08275919648699435
1951,C2,-0.1083732662068678
1952,C1,0.12686858720588282
1952,Q1_percent,0.07214666507867551
1952,C2,-0.048513871277358914
1953,C1,0.07036646420756232
1953,Q1_percent,0.05650621006955996
1953,C2,-0.0770767004792843
1954,C1,-0.16016015727757535
1954,Q1_percent,0.14310360700568825
1954,C2,-0.1987040713214435
1955,C1,0.009982519311994193
1955,Q1_percent,0.1485020458408779
1955,C2,-0.09120164696187995
1956,C1,0.030058868855165538
1956,Q1_percent,0.13436637647250188
1956,C2,-0.08579443537815401
1957,C1,0.027628051644384942
1957,Q1_percent,0.06276042762673728
1957,C2,-0.0854240401168601
1958,C1,-0.07746012434500943
1958,Q1_percent,0.19744439317479553
1958,C2,-0.139399214108449
1959,C1,-0.04821758344158084
1959,Q1_percent,0.17745077256664019
1959,C2,-0.05240826607297867
1960,C1,-0.06140586751209776
1960,Q1_percent,0.23183824953143586
1960,C2,-0.09174312046944645
1961,C1,-0.05877316168837268
1961,Q1_percent,0.22746150844815705
1961,C2,-0.10419967566789586
1962,C1,-0.05371119898567489
1962,Q1_percent,0.12349793039295741
1962,C2,-0.11210802001850305
1963,C1,-0.09849571383558323
1963,Q1_percent,0.12862787810797846
1963,C2,-0.12383815328691013
1964,C1,0.043847258662991155
1964,Q1_percent,0.14670590559613786
1964,C2,-0.03141913387487261
1965,C1,0.07818826352426786
1965,Q1_percent,0.07768848178901024
1965,C2,-0.11900904758430968
1966,C1,-0.08269492654363698
1966,Q1_percent,0.11167901994662238
1966,C2,-0.18375266236657423
1967,C1,-0.1541549979805267
1967,Q1_percent,0.1505435934706972
1967,C2,-0.18230706307223088
1968,C1,0.11517284991774675
1968,Q1_percent,0.07138014785062585
1968,C2,-0.05953576305950574
1969,C1,0.024371059947467764
1969,Q1_percent,0.13896600666081335
1969,C2,-0.018440073732106405
1970,C1,0.013488755925502848
1970,Q1_percent,0.11360642295200264
1970,C2,-0.10144203186372443
1971,C1,-0.06883152951790937
1971,Q1_percent,0.18630836578945148
1971,C2,-0.1997578482864801
1972,C1,-0.03820114212361495
1972,Q1_percent,0.09781812906650962
1972,C2,-0.14734974375755505
1973,C1,-0.06588578328829084
1973,Q1_percent,0.22172181406440053
1973,C2,-0.1498586852216919
1974,C1,-0.015608002315439854
1974,Q1_percent,0.09101184465282776
1974,C2,-0.08933328758824037
1975,C1,-0.07327472376626414
1975,Q1_percent,0.18132237134866347
1975,C2,-0.20301653822440882
1976,C1,-0.09462273409934645
1976,Q1_percent,0.1723899119141891
1976,C2,-0.21214479832551186
1977,C1,-0.06504804939237746
1977,Q1_percent,0.11114165709102088
1977,C2,-0.15113117689828945
1978,C1,0.046432390633373295
1978,Q1_percent,0.09384653544029731
1978,C2,-0.08863548863272905
1979,C1,-0.1375076241087036
1979,Q1_percent,0.24187398056460122
1979,C2,-0.10523645684126519
1980,C1,-0.02024176705016835
1980,Q1_percent,0.2062425232911764
1980,C2,-0.03933745830912272
1981,C1,-0.1871061992951765
1981,Q1_percent,0.15084856199996968
1981,C2,-0.20019099553396222
1982,C1,-0.00512690980506312
1982,Q1_percent,0.04284691142551653
1982,C2,-0.14315395147297355
1983,C1,-0.11695779706801175
1983,Q1_percent,0.20391597094519873
1983,C2,-0.18058654382563794
1984,C1,0.02959904793588844
1984,Q1_percent,0.12286660054118319
1984,C2,-0.10844665190207228
1985,C1,-0.035544002046614794
1985,Q1_percent,0.17578220401842956
1985,C2,-0.18083973375345183
1986,C1,-0.15810185164548832
1986,Q1_percent,0.14100313315983645
1986,C2,-0.17772245021449876
1987,C1,-0.101717156039961
1987,Q1_percent,0.23457487541379998
1987,C2,-0.16152612998849739
1988,C1,0.048145023778799895
1988,Q1_percent,0.1235379208267301
1988,C2,-0.07443926362595032
1989,C1,-0.06190903528219707
1989,Q1_percent,0.08634950500340118
1989,C2,-0.16976004901891548
1990,C1,-0.006454942814589317
1990,Q1_percent,0.15443424196674094
1990,C2,-0.04391262828895294
1991,C1,-0.18718979413408357
1991,Q1_percent,0.11264699108262999
1991,C2,-0.26252160118814477
1992,C1,-0.01238867639635801
1992,Q1_percent,0.17870416491448357
1992,C2,-0.10213333779914525
1993,C1,-0.013647873910415899
1993,Q1_percent,0.13232800994416474
1993,C2,-0.13413058840309933
1994,C1,-0.11656263026244719
1994,Q1_percent,0.23832307287915316
1994,C2,-0.16196910974247025
1995,C1,-0.03875167528581081
1995,Q1_percent,0.15355448751092218
1995,C2,-0.13389211230380735
1996,C1,-0.056176199416006815
1996,Q1_percent,0.09716098635836322
1996,C2,-0.13440113229786305
1997,C1,-0.01952881727294551
1997,Q1_percent,0.15699760674887867
1997,C2,-0.11878571567279078
1998,C1,-0.04811947772173464
1998,Q1_percent,0.18396389191587484
1998,C2,-0.11576711390416407
1999,C1,0.045823682267204076
1999,Q1_percent,0.17469102323019758
1999,C2,-0.10638120531102922
2000,C1,0.022994787548075386
2000,Q1_percent,0.12971651752617053
2000,C2,-0.06642232311240143
