model_id,model_name,barcode,policy_table9,k,outer_fold,cycle_life_table9,actual_log_life,predicted_log_life,predicted_cycle_life,prediction_role
M1,策略参数 Ridge（设计前基线）,EL150800453113,5.4C(50%)-3C,5,1,719.0,6.577861357721047,6.522119377053818,680.0180738810836,outer_fold_train_only
M1,策略参数 Ridge（设计前基线）,EL150800460478,4.4C(24%)-5C,5,1,494.0,6.202535517187923,6.4130425180724355,609.7460250383199,outer_fold_train_only
M1,策略参数 Ridge（设计前基线）,EL150800460511,5.6C(38%)-4.25C,5,1,478.0,6.169610732491456,6.464669060138984,642.051847733764,outer_fold_train_only
M1,策略参数 Ridge（设计前基线）,EL150800460518,1C(4%)-6C,5,1,300.0,5.703782474656201,6.335982467733363,564.5237569989812,outer_fold_train_only
M1,策略参数 Ridge（设计前基线）,EL150800460608,5.2C(37%)-4.5C,5,1,492.0,6.198478716492308,6.45446637345314,635.5344976707244,outer_fold_train_only
M1,策略参数 Ridge（设计前基线）,EL150800460611,4.8C(80%)-4.8C,5,1,461.0,6.133398042996649,6.5269315412902245,683.2983187448043,outer_fold_train_only
M1,策略参数 Ridge（设计前基线）,EL150800460613,6C(4%)-4.75C,5,1,487.0,6.18826412308259,6.386903655917334,594.0144560893903,outer_fold_train_only
M1,策略参数 Ridge（设计前基线）,EL150800460614,4.9C(27%)-4.75C,5,1,468.0,6.148468295917647,6.42738213394885,618.5525389302885,outer_fold_train_only
M1,策略参数 Ridge（设计前基线）,EL150800465027,4.8C(80%)-4.8C,5,1,870.0,6.76849321164863,6.5269315412902245,683.2983187448043,outer_fold_train_only
M1,策略参数 Ridge（设计前基线）,EL150800460486,3.6C(80%)-3.6C,5,2,2160.0,7.67786350067821,6.381847721695436,591.0187375320273,outer_fold_train_only
M1,策略参数 Ridge（设计前基线）,EL150800460498,6C(31%)-4.25C,5,2,462.0,6.135564891081739,6.390973201871645,596.4367506925639,outer_fold_train_only
M1,策略参数 Ridge（设计前基线）,EL150800460501,4.65C(69%)-6C,5,2,527.0,6.267200548541362,6.278973187328919,533.2408441640833,outer_fold_train_only
M1,策略参数 Ridge（设计前基线）,EL150800460522,5.4C(50%)-3.6C,5,2,857.0,6.75343791859778,6.432720411461585,621.8633732530546,outer_fold_train_only
M1,策略参数 Ridge（设计前基线）,EL150800460525,6C(50%)-3C,5,2,742.0,6.60934924316738,6.5074536907020475,670.1179158474258,outer_fold_train_only
M1,策略参数 Ridge（设计前基线）,EL150800460618,7C(40%)-3C,5,2,702.0,6.553933404025811,6.54984570026774,699.1362889505982,outer_fold_train_only
M1,策略参数 Ridge（设计前基线）,EL150800460659,5.4C(80%)-5.4C,5,2,870.0,6.76849321164863,6.38655790076684,593.8091080338489,outer_fold_train_only
M1,策略参数 Ridge（设计前基线）,EL150800464977,4C(80%)-4C,5,2,1434.0,7.2682230211595655,6.382894428155748,591.6376845341704,outer_fold_train_only
M1,策略参数 Ridge（设计前基线）,EL150800460485,7C(40%)-3.6C,5,3,616.0,6.423246963533519,6.43346810740202,622.3285118421893,outer_fold_train_only
M1,策略参数 Ridge（设计前基线）,EL150800460506,6C(50%)-3.6C,5,3,704.0,6.556778356158042,6.467368364104061,643.7872820107165,outer_fold_train_only
M1,策略参数 Ridge（设计前基线）,EL150800460507,6C(30%)-3.6C,5,3,860.0,6.756932389247553,6.384918122953342,592.8361909349826,outer_fold_train_only
M1,策略参数 Ridge（设计前基线）,EL150800460603,4.65C(19%)-4.85C,5,3,489.0,6.192362489474872,6.253752028250745,519.9600742039788,outer_fold_train_only
M1,策略参数 Ridge（设计前基线）,EL150800460630,5.4C(70%)-3C,5,3,1017.0,6.92461239604856,6.581870036934336,721.8880250699599,outer_fold_train_only
M1,策略参数 Ridge（设计前基线）,EL150800460634,3.6C(30%)-6C,5,3,511.0,6.236369590203704,6.2215530496431946,503.4845616601752,outer_fold_train_only
M1,策略参数 Ridge（设计前基线）,EL150800463208,4C(40%)-6C,5,3,483.0,6.180016653652572,6.265708115767882,526.214074544707,outer_fold_train_only
M1,策略参数 Ridge（设计前基线）,EL150800463882,5.4C(40%)-3.6C,5,3,788.0,6.669498089857879,6.42174832520471,615.0775301864124,outer_fold_train_only
M1,策略参数 Ridge（设计前基线）,EL150800460466,4C(13%)-5C,5,4,477.0,6.1675164908883415,6.214004257934863,499.698170893824,outer_fold_train_only
M1,策略参数 Ridge（设计前基线）,EL150800460513,5.6C(65%)-3C,5,4,429.0,6.061456918928017,6.628459291818163,756.3160102510177,outer_fold_train_only
M1,策略参数 Ridge（设计前基线）,EL150800460615,6C(40%)-3C,5,4,709.0,6.5638555265321274,6.513464724885064,674.1581483688212,outer_fold_train_only
M1,策略参数 Ridge（设计前基线）,EL150800460628,5.2C(71%)-3C,5,4,463.0,6.137727054086234,6.656064737237859,777.48530008989,outer_fold_train_only
M1,策略参数 Ridge（设计前基线）,EL150800460655,3.6C(22%)-5.5C,5,4,444.0,6.095824562432225,6.211577903321662,498.4871956534523,outer_fold_train_only
M1,策略参数 Ridge（设计前基线）,EL150800463229,7C(30%)-3.6C,5,4,966.0,6.873163834212518,6.41485214972365,610.8504397349354,outer_fold_train_only
M1,策略参数 Ridge（设计前基线）,EL150800464881,5.4C(60%)-3C,5,4,788.0,6.669498089857879,6.60546659494342,739.1246605956709,outer_fold_train_only
M1,策略参数 Ridge（设计前基线）,EL150800464883,4.4C(80%)-4.4C,5,4,1074.0,6.97914527506881,6.574753115077098,716.7686431347423,outer_fold_train_only
M1,策略参数 Ridge（设计前基线）,EL150800440551,4.4C(55%)-6C,5,5,461.0,6.133398042996649,6.381243527428766,590.6617552534984,outer_fold_train_only
M1,策略参数 Ridge（设计前基线）,EL150800453773,6C(60%)-3C,5,5,617.0,6.424869023905388,6.636264543599737,762.2423453191744,outer_fold_train_only
M1,策略参数 Ridge（设计前基线）,EL150800460602,2C(2%)-5C,5,5,438.0,6.082218910376446,6.176156102327466,481.13894836405655,outer_fold_train_only
M1,策略参数 Ridge（设计前基线）,EL150800460604,4.9C(69%)-4.25C,5,5,498.0,6.210600077024653,6.578663351970814,719.576865155932,outer_fold_train_only
M1,策略参数 Ridge（设计前基线）,EL150800460627,5.6C(58%)-3.5C,5,5,459.0,6.129050210060545,6.586871158898876,725.5073178468024,outer_fold_train_only
M1,策略参数 Ridge（设计前基线）,EL150800460640,6C(40%)-3.6C,5,5,731.0,6.594413459749778,6.497669464945299,663.5933020728133,outer_fold_train_only
M1,策略参数 Ridge（设计前基线）,EL150800460641,5.2C(58%)-4C,5,5,520.0,6.253828811575473,6.547030672568099,697.170968445038,outer_fold_train_only
M1,策略参数 Ridge（设计前基线）,EL150800463871,5.4C(60%)-3.6C,5,5,559.0,6.326149473155099,6.58727033784197,725.7969829013962,outer_fold_train_only
M2,早期运行特征 Ridge（运行后基线）,EL150800453113,5.4C(50%)-3C,5,1,719.0,6.577861357721047,6.364200003597891,580.6801004603568,outer_fold_train_only
M2,早期运行特征 Ridge（运行后基线）,EL150800460478,4.4C(24%)-5C,5,1,494.0,6.202535517187923,6.340802538954494,567.2513700774842,outer_fold_train_only
M2,早期运行特征 Ridge（运行后基线）,EL150800460511,5.6C(38%)-4.25C,5,1,478.0,6.169610732491456,6.233087959872421,509.32583539781973,outer_fold_train_only
M2,早期运行特征 Ridge（运行后基线）,EL150800460518,1C(4%)-6C,5,1,300.0,5.703782474656201,6.76134908205745,863.8067562647695,outer_fold_train_only
M2,早期运行特征 Ridge（运行后基线）,EL150800460608,5.2C(37%)-4.5C,5,1,492.0,6.198478716492308,6.377559193456704,588.4895640786567,outer_fold_train_only
M2,早期运行特征 Ridge（运行后基线）,EL150800460611,4.8C(80%)-4.8C,5,1,461.0,6.133398042996649,6.405078375126411,604.9092066562546,outer_fold_train_only
M2,早期运行特征 Ridge（运行后基线）,EL150800460613,6C(4%)-4.75C,5,1,487.0,6.18826412308259,6.2507806260328325,518.417356838248,outer_fold_train_only
M2,早期运行特征 Ridge（运行后基线）,EL150800460614,4.9C(27%)-4.75C,5,1,468.0,6.148468295917647,6.316816598988658,553.8071929405567,outer_fold_train_only
M2,早期运行特征 Ridge（运行后基线）,EL150800465027,4.8C(80%)-4.8C,5,1,870.0,6.76849321164863,6.668008279653431,786.8269036213497,outer_fold_train_only
M2,早期运行特征 Ridge（运行后基线）,EL150800460486,3.6C(80%)-3.6C,5,2,2160.0,7.67786350067821,6.922355320646664,1014.7071428653836,outer_fold_train_only
M2,早期运行特征 Ridge（运行后基线）,EL150800460498,6C(31%)-4.25C,5,2,462.0,6.135564891081739,6.12789889414695,458.4718500876992,outer_fold_train_only
M2,早期运行特征 Ridge（运行后基线）,EL150800460501,4.65C(69%)-6C,5,2,527.0,6.267200548541362,6.1921026624490825,488.8729610891748,outer_fold_train_only
M2,早期运行特征 Ridge（运行后基线）,EL150800460522,5.4C(50%)-3.6C,5,2,857.0,6.75343791859778,6.295298813291201,542.0177843153094,outer_fold_train_only
M2,早期运行特征 Ridge（运行后基线）,EL150800460525,6C(50%)-3C,5,2,742.0,6.60934924316738,6.52044492193075,678.8803669189451,outer_fold_train_only
M2,早期运行特征 Ridge（运行后基线）,EL150800460618,7C(40%)-3C,5,2,702.0,6.553933404025811,6.656584807161087,777.8897519727323,outer_fold_train_only
M2,早期运行特征 Ridge（运行后基线）,EL150800460659,5.4C(80%)-5.4C,5,2,870.0,6.76849321164863,6.667002694539563,786.0360798868052,outer_fold_train_only
M2,早期运行特征 Ridge（运行后基线）,EL150800464977,4C(80%)-4C,5,2,1434.0,7.2682230211595655,6.812026037468822,908.7100237137307,outer_fold_train_only
M2,早期运行特征 Ridge（运行后基线）,EL150800460485,7C(40%)-3.6C,5,3,616.0,6.423246963533519,6.352073682811524,573.6811090605913,outer_fold_train_only
M2,早期运行特征 Ridge（运行后基线）,EL150800460506,6C(50%)-3.6C,5,3,704.0,6.556778356158042,7.049070612295114,1151.7877877856654,outer_fold_train_only
M2,早期运行特征 Ridge（运行后基线）,EL150800460507,6C(30%)-3.6C,5,3,860.0,6.756932389247553,6.720645147458837,829.3523935131816,outer_fold_train_only
M2,早期运行特征 Ridge（运行后基线）,EL150800460603,4.65C(19%)-4.85C,5,3,489.0,6.192362489474872,6.276938120130722,532.1567666727993,outer_fold_train_only
M2,早期运行特征 Ridge（运行后基线）,EL150800460630,5.4C(70%)-3C,5,3,1017.0,6.92461239604856,7.050545710027159,1153.4880410507933,outer_fold_train_only
M2,早期运行特征 Ridge（运行后基线）,EL150800460634,3.6C(30%)-6C,5,3,511.0,6.236369590203704,6.403448808432105,603.9242694883682,outer_fold_train_only
M2,早期运行特征 Ridge（运行后基线）,EL150800463208,4C(40%)-6C,5,3,483.0,6.180016653652572,6.388191509817187,594.7799527413558,outer_fold_train_only
M2,早期运行特征 Ridge（运行后基线）,EL150800463882,5.4C(40%)-3.6C,5,3,788.0,6.669498089857879,6.822517769314311,918.2941547588701,outer_fold_train_only
M2,早期运行特征 Ridge（运行后基线）,EL150800460466,4C(13%)-5C,5,4,477.0,6.1675164908883415,6.212912619138559,499.1529786146971,outer_fold_train_only
M2,早期运行特征 Ridge（运行后基线）,EL150800460513,5.6C(65%)-3C,5,4,429.0,6.061456918928017,6.1222102225347745,455.87115854261367,outer_fold_train_only
M2,早期运行特征 Ridge（运行后基线）,EL150800460615,6C(40%)-3C,5,4,709.0,6.5638555265321274,6.500798641757738,665.673055107,outer_fold_train_only
M2,早期运行特征 Ridge（运行后基线）,EL150800460628,5.2C(71%)-3C,5,4,463.0,6.137727054086234,6.333795928302526,563.2907520428812,outer_fold_train_only
M2,早期运行特征 Ridge（运行后基线）,EL150800460655,3.6C(22%)-5.5C,5,4,444.0,6.095824562432225,6.417366611078283,612.3883322344594,outer_fold_train_only
M2,早期运行特征 Ridge（运行后基线）,EL150800463229,7C(30%)-3.6C,5,4,966.0,6.873163834212518,6.978175965243259,1072.9594656289235,outer_fold_train_only
M2,早期运行特征 Ridge（运行后基线）,EL150800464881,5.4C(60%)-3C,5,4,788.0,6.669498089857879,6.407101005686292,606.1339526904294,outer_fold_train_only
M2,早期运行特征 Ridge（运行后基线）,EL150800464883,4.4C(80%)-4.4C,5,4,1074.0,6.97914527506881,6.638962714818497,764.3017827850693,outer_fold_train_only
M2,早期运行特征 Ridge（运行后基线）,EL150800440551,4.4C(55%)-6C,5,5,461.0,6.133398042996649,5.836319789024233,342.51648537449717,outer_fold_train_only
M2,早期运行特征 Ridge（运行后基线）,EL150800453773,6C(60%)-3C,5,5,617.0,6.424869023905388,6.5104049165076106,672.098506280709,outer_fold_train_only
M2,早期运行特征 Ridge（运行后基线）,EL150800460602,2C(2%)-5C,5,5,438.0,6.082218910376446,6.132025988208106,460.3679164682601,outer_fold_train_only
M2,早期运行特征 Ridge（运行后基线）,EL150800460604,4.9C(69%)-4.25C,5,5,498.0,6.210600077024653,6.161505430989537,474.14132486965644,outer_fold_train_only
M2,早期运行特征 Ridge（运行后基线）,EL150800460627,5.6C(58%)-3.5C,5,5,459.0,6.129050210060545,6.209981027552572,497.69180876555623,outer_fold_train_only
M2,早期运行特征 Ridge（运行后基线）,EL150800460640,6C(40%)-3.6C,5,5,731.0,6.594413459749778,6.514049370795044,674.5524074126837,outer_fold_train_only
M2,早期运行特征 Ridge（运行后基线）,EL150800460641,5.2C(58%)-4C,5,5,520.0,6.253828811575473,6.224227171602036,504.8327425791528,outer_fold_train_only
M2,早期运行特征 Ridge（运行后基线）,EL150800463871,5.4C(60%)-3.6C,5,5,559.0,6.326149473155099,6.440911342488902,626.9779311520938,outer_fold_train_only
M3,策略＋早期特征联合 Ridge,EL150800453113,5.4C(50%)-3C,5,1,719.0,6.577861357721047,6.407964257070098,606.657424575268,outer_fold_train_only
M3,策略＋早期特征联合 Ridge,EL150800460478,4.4C(24%)-5C,5,1,494.0,6.202535517187923,6.208835428918535,497.12198016901414,outer_fold_train_only
M3,策略＋早期特征联合 Ridge,EL150800460511,5.6C(38%)-4.25C,5,1,478.0,6.169610732491456,6.222658093744165,504.0412418263866,outer_fold_train_only
M3,策略＋早期特征联合 Ridge,EL150800460518,1C(4%)-6C,5,1,300.0,5.703782474656201,6.642629067175523,767.1091256371802,outer_fold_train_only
M3,策略＋早期特征联合 Ridge,EL150800460608,5.2C(37%)-4.5C,5,1,492.0,6.198478716492308,6.278343720776523,532.9052925086621,outer_fold_train_only
M3,策略＋早期特征联合 Ridge,EL150800460611,4.8C(80%)-4.8C,5,1,461.0,6.133398042996649,6.479389209490596,651.5728501938117,outer_fold_train_only
M3,策略＋早期特征联合 Ridge,EL150800460613,6C(4%)-4.75C,5,1,487.0,6.18826412308259,6.12246631385489,455.9879181393288,outer_fold_train_only
M3,策略＋早期特征联合 Ridge,EL150800460614,4.9C(27%)-4.75C,5,1,468.0,6.148468295917647,6.246693921112439,516.3030612688908,outer_fold_train_only
M3,策略＋早期特征联合 Ridge,EL150800465027,4.8C(80%)-4.8C,5,1,870.0,6.76849321164863,6.694064969652192,807.5984520047142,outer_fold_train_only
M3,策略＋早期特征联合 Ridge,EL150800460486,3.6C(80%)-3.6C,5,2,2160.0,7.67786350067821,6.9261211215082525,1018.5355318492334,outer_fold_train_only
M3,策略＋早期特征联合 Ridge,EL150800460498,6C(31%)-4.25C,5,2,462.0,6.135564891081739,6.1459738661639856,466.8340616554917,outer_fold_train_only
M3,策略＋早期特征联合 Ridge,EL150800460501,4.65C(69%)-6C,5,2,527.0,6.267200548541362,6.229020827035186,507.25854638701423,outer_fold_train_only
M3,策略＋早期特征联合 Ridge,EL150800460522,5.4C(50%)-3.6C,5,2,857.0,6.75343791859778,6.359171448035133,577.7674476667403,outer_fold_train_only
M3,策略＋早期特征联合 Ridge,EL150800460525,6C(50%)-3C,5,2,742.0,6.60934924316738,6.574097245850044,716.2986907692868,outer_fold_train_only
M3,策略＋早期特征联合 Ridge,EL150800460618,7C(40%)-3C,5,2,702.0,6.553933404025811,6.691613110152554,805.620759571024,outer_fold_train_only
M3,策略＋早期特征联合 Ridge,EL150800460659,5.4C(80%)-5.4C,5,2,870.0,6.76849321164863,6.677450692847449,794.2916354362453,outer_fold_train_only
M3,策略＋早期特征联合 Ridge,EL150800464977,4C(80%)-4C,5,2,1434.0,7.2682230211595655,6.822718927670662,918.4788958821755,outer_fold_train_only
M3,策略＋早期特征联合 Ridge,EL150800460485,7C(40%)-3.6C,5,3,616.0,6.423246963533519,6.378699856194456,589.1612151868288,outer_fold_train_only
M3,策略＋早期特征联合 Ridge,EL150800460506,6C(50%)-3.6C,5,3,704.0,6.556778356158042,7.002961109351835,1099.8852216105447,outer_fold_train_only
M3,策略＋早期特征联合 Ridge,EL150800460507,6C(30%)-3.6C,5,3,860.0,6.756932389247553,6.6457110459306,769.4769866395932,outer_fold_train_only
M3,策略＋早期特征联合 Ridge,EL150800460603,4.65C(19%)-4.85C,5,3,489.0,6.192362489474872,6.136969270697004,462.6492791927705,outer_fold_train_only
M3,策略＋早期特征联合 Ridge,EL150800460630,5.4C(70%)-3C,5,3,1017.0,6.92461239604856,7.094622896155031,1205.4676912654652,outer_fold_train_only
M3,策略＋早期特征联合 Ridge,EL150800460634,3.6C(30%)-6C,5,3,511.0,6.236369590203704,6.243173864032346,514.488839977153,outer_fold_train_only
M3,策略＋早期特征联合 Ridge,EL150800463208,4C(40%)-6C,5,3,483.0,6.180016653652572,6.263467462874266,525.0363314054447,outer_fold_train_only
M3,策略＋早期特征联合 Ridge,EL150800463882,5.4C(40%)-3.6C,5,3,788.0,6.669498089857879,6.804880792206816,902.2402094531857,outer_fold_train_only
M3,策略＋早期特征联合 Ridge,EL150800460466,4C(13%)-5C,5,4,477.0,6.1675164908883415,6.0969329613041126,444.49240193758266,outer_fold_train_only
M3,策略＋早期特征联合 Ridge,EL150800460513,5.6C(65%)-3C,5,4,429.0,6.061456918928017,6.334818603329839,563.8671100913706,outer_fold_train_only
M3,策略＋早期特征联合 Ridge,EL150800460615,6C(40%)-3C,5,4,709.0,6.5638555265321274,6.478349704566436,650.8958889208335,outer_fold_train_only
M3,策略＋早期特征联合 Ridge,EL150800460628,5.2C(71%)-3C,5,4,463.0,6.137727054086234,6.500447213814486,665.4391600953943,outer_fold_train_only
M3,策略＋早期特征联合 Ridge,EL150800460655,3.6C(22%)-5.5C,5,4,444.0,6.095824562432225,6.268864133374823,527.8774388518565,outer_fold_train_only
M3,策略＋早期特征联合 Ridge,EL150800463229,7C(30%)-3.6C,5,4,966.0,6.873163834212518,6.826276631766872,921.7523916241532,outer_fold_train_only
M3,策略＋早期特征联合 Ridge,EL150800464881,5.4C(60%)-3C,5,4,788.0,6.669498089857879,6.491603050180445,659.5798557905116,outer_fold_train_only
M3,策略＋早期特征联合 Ridge,EL150800464883,4.4C(80%)-4.4C,5,4,1074.0,6.97914527506881,6.7168278461687185,826.1925404441175,outer_fold_train_only
M3,策略＋早期特征联合 Ridge,EL150800440551,4.4C(55%)-6C,5,5,461.0,6.133398042996649,5.986866608544055,398.1650463093324,outer_fold_train_only
M3,策略＋早期特征联合 Ridge,EL150800453773,6C(60%)-3C,5,5,617.0,6.424869023905388,6.599821786586609,734.9641970917563,outer_fold_train_only
M3,策略＋早期特征联合 Ridge,EL150800460602,2C(2%)-5C,5,5,438.0,6.082218910376446,5.968373925217383,390.8695705648259,outer_fold_train_only
M3,策略＋早期特征联合 Ridge,EL150800460604,4.9C(69%)-4.25C,5,5,498.0,6.210600077024653,6.37214922817675,585.3144523355419,outer_fold_train_only
M3,策略＋早期特征联合 Ridge,EL150800460627,5.6C(58%)-3.5C,5,5,459.0,6.129050210060545,6.326329711798865,559.1007624822387,outer_fold_train_only
M3,策略＋早期特征联合 Ridge,EL150800460640,6C(40%)-3.6C,5,5,731.0,6.594413459749778,6.526156836172802,682.7691690345059,outer_fold_train_only
M3,策略＋早期特征联合 Ridge,EL150800460641,5.2C(58%)-4C,5,5,520.0,6.253828811575473,6.3572910240355425,576.6820207432224,outer_fold_train_only
M3,策略＋早期特征联合 Ridge,EL150800463871,5.4C(60%)-3.6C,5,5,559.0,6.326149473155099,6.541372464533488,693.237369126134,outer_fold_train_only
M4,P3 策略先验＋早期残差 Ridge,EL150800453113,5.4C(50%)-3C,5,1,719.0,6.577861357721047,6.2640916153153965,525.3641364028762,outer_fold_train_only
M4,P3 策略先验＋早期残差 Ridge,EL150800460478,4.4C(24%)-5C,5,1,494.0,6.202535517187923,5.391304370926498,219.48949463267806,outer_fold_train_only
M4,P3 策略先验＋早期残差 Ridge,EL150800460511,5.6C(38%)-4.25C,5,1,478.0,6.169610732491456,6.2405351114148395,513.1330208263678,outer_fold_train_only
M4,P3 策略先验＋早期残差 Ridge,EL150800460518,1C(4%)-6C,5,1,300.0,5.703782474656201,5.995437814237236,401.59246840788654,outer_fold_train_only
M4,P3 策略先验＋早期残差 Ridge,EL150800460608,5.2C(37%)-4.5C,5,1,492.0,6.198478716492308,5.971679729405021,392.16384696149424,outer_fold_train_only
M4,P3 策略先验＋早期残差 Ridge,EL150800460611,4.8C(80%)-4.8C,5,1,461.0,6.133398042996649,6.828753662784029,924.0384310147163,outer_fold_train_only
M4,P3 策略先验＋早期残差 Ridge,EL150800460613,6C(4%)-4.75C,5,1,487.0,6.18826412308259,6.128153103881037,458.5884129098706,outer_fold_train_only
M4,P3 策略先验＋早期残差 Ridge,EL150800460614,4.9C(27%)-4.75C,5,1,468.0,6.148468295917647,6.006573057745553,406.0892884632148,outer_fold_train_only
M4,P3 策略先验＋早期残差 Ridge,EL150800465027,4.8C(80%)-4.8C,5,1,870.0,6.76849321164863,6.7441410370223025,849.0694940976329,outer_fold_train_only
M4,P3 策略先验＋早期残差 Ridge,EL150800460486,3.6C(80%)-3.6C,5,2,2160.0,7.67786350067821,7.337868384243758,1537.431405295946,outer_fold_train_only
M4,P3 策略先验＋早期残差 Ridge,EL150800460498,6C(31%)-4.25C,5,2,462.0,6.135564891081739,6.181585938934444,483.75855983386253,outer_fold_train_only
M4,P3 策略先验＋早期残差 Ridge,EL150800460501,4.65C(69%)-6C,5,2,527.0,6.267200548541362,5.905090703052033,366.90050327369846,outer_fold_train_only
M4,P3 策略先验＋早期残差 Ridge,EL150800460522,5.4C(50%)-3.6C,5,2,857.0,6.75343791859778,6.359597423410405,578.013614798926,outer_fold_train_only
M4,P3 策略先验＋早期残差 Ridge,EL150800460525,6C(50%)-3C,5,2,742.0,6.60934924316738,6.414970510428345,610.9227447023948,outer_fold_train_only
M4,P3 策略先验＋早期残差 Ridge,EL150800460618,7C(40%)-3C,5,2,702.0,6.553933404025811,6.686686489733894,801.6615326992568,outer_fold_train_only
M4,P3 策略先验＋早期残差 Ridge,EL150800460659,5.4C(80%)-5.4C,5,2,870.0,6.76849321164863,6.119428780013247,454.60494089004817,outer_fold_train_only
M4,P3 策略先验＋早期残差 Ridge,EL150800464977,4C(80%)-4C,5,2,1434.0,7.2682230211595655,7.021496830639764,1120.462505782666,outer_fold_train_only
M4,P3 策略先验＋早期残差 Ridge,EL150800460485,7C(40%)-3.6C,5,3,616.0,6.423246963533519,6.981211792162531,1076.2217341938428,outer_fold_train_only
M4,P3 策略先验＋早期残差 Ridge,EL150800460506,6C(50%)-3.6C,5,3,704.0,6.556778356158042,6.796170333326282,894.4154114724968,outer_fold_train_only
M4,P3 策略先验＋早期残差 Ridge,EL150800460507,6C(30%)-3.6C,5,3,860.0,6.756932389247553,6.571858346637437,714.6967641398269,outer_fold_train_only
M4,P3 策略先验＋早期残差 Ridge,EL150800460603,4.65C(19%)-4.85C,5,3,489.0,6.192362489474872,5.783872947556174,325.01552406934417,outer_fold_train_only
M4,P3 策略先验＋早期残差 Ridge,EL150800460630,5.4C(70%)-3C,5,3,1017.0,6.92461239604856,6.502697341171907,666.938168802008,outer_fold_train_only
M4,P3 策略先验＋早期残差 Ridge,EL150800460634,3.6C(30%)-6C,5,3,511.0,6.236369590203704,6.17606750341433,481.0963218645228,outer_fold_train_only
M4,P3 策略先验＋早期残差 Ridge,EL150800463208,4C(40%)-6C,5,3,483.0,6.180016653652572,6.288759515494119,538.4849323872037,outer_fold_train_only
M4,P3 策略先验＋早期残差 Ridge,EL150800463882,5.4C(40%)-3.6C,5,3,788.0,6.669498089857879,6.776936809837262,877.377030938311,outer_fold_train_only
M4,P3 策略先验＋早期残差 Ridge,EL150800460466,4C(13%)-5C,5,4,477.0,6.1675164908883415,6.120958840359361,455.3010462890818,outer_fold_train_only
M4,P3 策略先验＋早期残差 Ridge,EL150800460513,5.6C(65%)-3C,5,4,429.0,6.061456918928017,6.392833184678423,597.5471451313441,outer_fold_train_only
M4,P3 策略先验＋早期残差 Ridge,EL150800460615,6C(40%)-3C,5,4,709.0,6.5638555265321274,6.6060052231949244,739.5228812560729,outer_fold_train_only
M4,P3 策略先验＋早期残差 Ridge,EL150800460628,5.2C(71%)-3C,5,4,463.0,6.137727054086234,6.659052989254141,779.8120969016886,outer_fold_train_only
M4,P3 策略先验＋早期残差 Ridge,EL150800460655,3.6C(22%)-5.5C,5,4,444.0,6.095824562432225,6.1481670986106876,467.8590608866493,outer_fold_train_only
M4,P3 策略先验＋早期残差 Ridge,EL150800463229,7C(30%)-3.6C,5,4,966.0,6.873163834212518,6.552418055927051,700.9370312219348,outer_fold_train_only
M4,P3 策略先验＋早期残差 Ridge,EL150800464881,5.4C(60%)-3C,5,4,788.0,6.669498089857879,6.411651415123145,608.8983952514111,outer_fold_train_only
M4,P3 策略先验＋早期残差 Ridge,EL150800464883,4.4C(80%)-4.4C,5,4,1074.0,6.97914527506881,6.92039555918396,1012.7205062136738,outer_fold_train_only
M4,P3 策略先验＋早期残差 Ridge,EL150800440551,4.4C(55%)-6C,5,5,461.0,6.133398042996649,5.7506173455236524,314.38468436718193,outer_fold_train_only
M4,P3 策略先验＋早期残差 Ridge,EL150800453773,6C(60%)-3C,5,5,617.0,6.424869023905388,6.227904270377476,506.69247956151605,outer_fold_train_only
M4,P3 策略先验＋早期残差 Ridge,EL150800460602,2C(2%)-5C,5,5,438.0,6.082218910376446,5.866763890767293,353.1044447917907,outer_fold_train_only
M4,P3 策略先验＋早期残差 Ridge,EL150800460604,4.9C(69%)-4.25C,5,5,498.0,6.210600077024653,6.139223356940771,463.69330679076046,outer_fold_train_only
M4,P3 策略先验＋早期残差 Ridge,EL150800460627,5.6C(58%)-3.5C,5,5,459.0,6.129050210060545,6.42026052634154,614.1630989497946,outer_fold_train_only
M4,P3 策略先验＋早期残差 Ridge,EL150800460640,6C(40%)-3.6C,5,5,731.0,6.594413459749778,6.699806369636458,812.2485339609406,outer_fold_train_only
M4,P3 策略先验＋早期残差 Ridge,EL150800460641,5.2C(58%)-4C,5,5,520.0,6.253828811575473,6.18718116598288,486.47288536522575,outer_fold_train_only
M4,P3 策略先验＋早期残差 Ridge,EL150800463871,5.4C(60%)-3.6C,5,5,559.0,6.326149473155099,6.494388206988958,661.4194497062251,outer_fold_train_only
M1,策略参数 Ridge（设计前基线）,EL150800453113,5.4C(50%)-3C,10,1,719.0,6.577861357721047,6.522119377053818,680.0180738810836,outer_fold_train_only
M1,策略参数 Ridge（设计前基线）,EL150800460478,4.4C(24%)-5C,10,1,494.0,6.202535517187923,6.4130425180724355,609.7460250383199,outer_fold_train_only
M1,策略参数 Ridge（设计前基线）,EL150800460511,5.6C(38%)-4.25C,10,1,478.0,6.169610732491456,6.464669060138984,642.051847733764,outer_fold_train_only
M1,策略参数 Ridge（设计前基线）,EL150800460518,1C(4%)-6C,10,1,300.0,5.703782474656201,6.335982467733363,564.5237569989812,outer_fold_train_only
M1,策略参数 Ridge（设计前基线）,EL150800460608,5.2C(37%)-4.5C,10,1,492.0,6.198478716492308,6.45446637345314,635.5344976707244,outer_fold_train_only
M1,策略参数 Ridge（设计前基线）,EL150800460611,4.8C(80%)-4.8C,10,1,461.0,6.133398042996649,6.5269315412902245,683.2983187448043,outer_fold_train_only
M1,策略参数 Ridge（设计前基线）,EL150800460613,6C(4%)-4.75C,10,1,487.0,6.18826412308259,6.386903655917334,594.0144560893903,outer_fold_train_only
M1,策略参数 Ridge（设计前基线）,EL150800460614,4.9C(27%)-4.75C,10,1,468.0,6.148468295917647,6.42738213394885,618.5525389302885,outer_fold_train_only
M1,策略参数 Ridge（设计前基线）,EL150800465027,4.8C(80%)-4.8C,10,1,870.0,6.76849321164863,6.5269315412902245,683.2983187448043,outer_fold_train_only
M1,策略参数 Ridge（设计前基线）,EL150800460486,3.6C(80%)-3.6C,10,2,2160.0,7.67786350067821,6.381847721695436,591.0187375320273,outer_fold_train_only
M1,策略参数 Ridge（设计前基线）,EL150800460498,6C(31%)-4.25C,10,2,462.0,6.135564891081739,6.390973201871645,596.4367506925639,outer_fold_train_only
M1,策略参数 Ridge（设计前基线）,EL150800460501,4.65C(69%)-6C,10,2,527.0,6.267200548541362,6.278973187328919,533.2408441640833,outer_fold_train_only
M1,策略参数 Ridge（设计前基线）,EL150800460522,5.4C(50%)-3.6C,10,2,857.0,6.75343791859778,6.432720411461585,621.8633732530546,outer_fold_train_only
M1,策略参数 Ridge（设计前基线）,EL150800460525,6C(50%)-3C,10,2,742.0,6.60934924316738,6.5074536907020475,670.1179158474258,outer_fold_train_only
M1,策略参数 Ridge（设计前基线）,EL150800460618,7C(40%)-3C,10,2,702.0,6.553933404025811,6.54984570026774,699.1362889505982,outer_fold_train_only
M1,策略参数 Ridge（设计前基线）,EL150800460659,5.4C(80%)-5.4C,10,2,870.0,6.76849321164863,6.38655790076684,593.8091080338489,outer_fold_train_only
M1,策略参数 Ridge（设计前基线）,EL150800464977,4C(80%)-4C,10,2,1434.0,7.2682230211595655,6.382894428155748,591.6376845341704,outer_fold_train_only
M1,策略参数 Ridge（设计前基线）,EL150800460485,7C(40%)-3.6C,10,3,616.0,6.423246963533519,6.43346810740202,622.3285118421893,outer_fold_train_only
M1,策略参数 Ridge（设计前基线）,EL150800460506,6C(50%)-3.6C,10,3,704.0,6.556778356158042,6.467368364104061,643.7872820107165,outer_fold_train_only
M1,策略参数 Ridge（设计前基线）,EL150800460507,6C(30%)-3.6C,10,3,860.0,6.756932389247553,6.384918122953342,592.8361909349826,outer_fold_train_only
M1,策略参数 Ridge（设计前基线）,EL150800460603,4.65C(19%)-4.85C,10,3,489.0,6.192362489474872,6.253752028250745,519.9600742039788,outer_fold_train_only
M1,策略参数 Ridge（设计前基线）,EL150800460630,5.4C(70%)-3C,10,3,1017.0,6.92461239604856,6.581870036934336,721.8880250699599,outer_fold_train_only
M1,策略参数 Ridge（设计前基线）,EL150800460634,3.6C(30%)-6C,10,3,511.0,6.236369590203704,6.2215530496431946,503.4845616601752,outer_fold_train_only
M1,策略参数 Ridge（设计前基线）,EL150800463208,4C(40%)-6C,10,3,483.0,6.180016653652572,6.265708115767882,526.214074544707,outer_fold_train_only
M1,策略参数 Ridge（设计前基线）,EL150800463882,5.4C(40%)-3.6C,10,3,788.0,6.669498089857879,6.42174832520471,615.0775301864124,outer_fold_train_only
M1,策略参数 Ridge（设计前基线）,EL150800460466,4C(13%)-5C,10,4,477.0,6.1675164908883415,6.214004257934863,499.698170893824,outer_fold_train_only
M1,策略参数 Ridge（设计前基线）,EL150800460513,5.6C(65%)-3C,10,4,429.0,6.061456918928017,6.628459291818163,756.3160102510177,outer_fold_train_only
M1,策略参数 Ridge（设计前基线）,EL150800460615,6C(40%)-3C,10,4,709.0,6.5638555265321274,6.513464724885064,674.1581483688212,outer_fold_train_only
M1,策略参数 Ridge（设计前基线）,EL150800460628,5.2C(71%)-3C,10,4,463.0,6.137727054086234,6.656064737237859,777.48530008989,outer_fold_train_only
M1,策略参数 Ridge（设计前基线）,EL150800460655,3.6C(22%)-5.5C,10,4,444.0,6.095824562432225,6.211577903321662,498.4871956534523,outer_fold_train_only
M1,策略参数 Ridge（设计前基线）,EL150800463229,7C(30%)-3.6C,10,4,966.0,6.873163834212518,6.41485214972365,610.8504397349354,outer_fold_train_only
M1,策略参数 Ridge（设计前基线）,EL150800464881,5.4C(60%)-3C,10,4,788.0,6.669498089857879,6.60546659494342,739.1246605956709,outer_fold_train_only
M1,策略参数 Ridge（设计前基线）,EL150800464883,4.4C(80%)-4.4C,10,4,1074.0,6.97914527506881,6.574753115077098,716.7686431347423,outer_fold_train_only
M1,策略参数 Ridge（设计前基线）,EL150800440551,4.4C(55%)-6C,10,5,461.0,6.133398042996649,6.381243527428766,590.6617552534984,outer_fold_train_only
M1,策略参数 Ridge（设计前基线）,EL150800453773,6C(60%)-3C,10,5,617.0,6.424869023905388,6.636264543599737,762.2423453191744,outer_fold_train_only
M1,策略参数 Ridge（设计前基线）,EL150800460602,2C(2%)-5C,10,5,438.0,6.082218910376446,6.176156102327466,481.13894836405655,outer_fold_train_only
M1,策略参数 Ridge（设计前基线）,EL150800460604,4.9C(69%)-4.25C,10,5,498.0,6.210600077024653,6.578663351970814,719.576865155932,outer_fold_train_only
M1,策略参数 Ridge（设计前基线）,EL150800460627,5.6C(58%)-3.5C,10,5,459.0,6.129050210060545,6.586871158898876,725.5073178468024,outer_fold_train_only
M1,策略参数 Ridge（设计前基线）,EL150800460640,6C(40%)-3.6C,10,5,731.0,6.594413459749778,6.497669464945299,663.5933020728133,outer_fold_train_only
M1,策略参数 Ridge（设计前基线）,EL150800460641,5.2C(58%)-4C,10,5,520.0,6.253828811575473,6.547030672568099,697.170968445038,outer_fold_train_only
M1,策略参数 Ridge（设计前基线）,EL150800463871,5.4C(60%)-3.6C,10,5,559.0,6.326149473155099,6.58727033784197,725.7969829013962,outer_fold_train_only
M2,早期运行特征 Ridge（运行后基线）,EL150800453113,5.4C(50%)-3C,10,1,719.0,6.577861357721047,6.335761492304578,564.3990249015911,outer_fold_train_only
M2,早期运行特征 Ridge（运行后基线）,EL150800460478,4.4C(24%)-5C,10,1,494.0,6.202535517187923,5.915388460693412,370.69827644797107,outer_fold_train_only
M2,早期运行特征 Ridge（运行后基线）,EL150800460511,5.6C(38%)-4.25C,10,1,478.0,6.169610732491456,6.281205574488942,534.4325738839366,outer_fold_train_only
M2,早期运行特征 Ridge（运行后基线）,EL150800460518,1C(4%)-6C,10,1,300.0,5.703782474656201,6.486555360126681,656.2588897676427,outer_fold_train_only
M2,早期运行特征 Ridge（运行后基线）,EL150800460608,5.2C(37%)-4.5C,10,1,492.0,6.198478716492308,6.338069741341074,565.7033031273974,outer_fold_train_only
M2,早期运行特征 Ridge（运行后基线）,EL150800460611,4.8C(80%)-4.8C,10,1,461.0,6.133398042996649,6.350398393038688,572.720831561842,outer_fold_train_only
M2,早期运行特征 Ridge（运行后基线）,EL150800460613,6C(4%)-4.75C,10,1,487.0,6.18826412308259,6.39424475647355,598.3912214246601,outer_fold_train_only
M2,早期运行特征 Ridge（运行后基线）,EL150800460614,4.9C(27%)-4.75C,10,1,468.0,6.148468295917647,6.224629246168482,505.0357637973524,outer_fold_train_only
M2,早期运行特征 Ridge（运行后基线）,EL150800465027,4.8C(80%)-4.8C,10,1,870.0,6.76849321164863,6.647442264241915,770.8102730609314,outer_fold_train_only
M2,早期运行特征 Ridge（运行后基线）,EL150800460486,3.6C(80%)-3.6C,10,2,2160.0,7.67786350067821,7.00619590291693,1103.4488839963497,outer_fold_train_only
M2,早期运行特征 Ridge（运行后基线）,EL150800460498,6C(31%)-4.25C,10,2,462.0,6.135564891081739,6.2037236910625815,494.5873067362472,outer_fold_train_only
M2,早期运行特征 Ridge（运行后基线）,EL150800460501,4.65C(69%)-6C,10,2,527.0,6.267200548541362,6.213987951755595,499.6900227923018,outer_fold_train_only
M2,早期运行特征 Ridge（运行后基线）,EL150800460522,5.4C(50%)-3.6C,10,2,857.0,6.75343791859778,6.299029735081592,544.043787356913,outer_fold_train_only
M2,早期运行特征 Ridge（运行后基线）,EL150800460525,6C(50%)-3C,10,2,742.0,6.60934924316738,6.46573770459565,642.7383396242823,outer_fold_train_only
M2,早期运行特征 Ridge（运行后基线）,EL150800460618,7C(40%)-3C,10,2,702.0,6.553933404025811,6.6405729215070375,765.5334579874774,outer_fold_train_only
M2,早期运行特征 Ridge（运行后基线）,EL150800460659,5.4C(80%)-5.4C,10,2,870.0,6.76849321164863,6.695051315039283,808.3954159887329,outer_fold_train_only
M2,早期运行特征 Ridge（运行后基线）,EL150800464977,4C(80%)-4C,10,2,1434.0,7.2682230211595655,6.941986042217598,1034.8233783681235,outer_fold_train_only
M2,早期运行特征 Ridge（运行后基线）,EL150800460485,7C(40%)-3.6C,10,3,616.0,6.423246963533519,6.3088211335688795,549.396901342032,outer_fold_train_only
M2,早期运行特征 Ridge（运行后基线）,EL150800460506,6C(50%)-3.6C,10,3,704.0,6.556778356158042,7.004435027840572,1101.5075580763187,outer_fold_train_only
M2,早期运行特征 Ridge（运行后基线）,EL150800460507,6C(30%)-3.6C,10,3,860.0,6.756932389247553,6.671240014909435,789.373833150431,outer_fold_train_only
M2,早期运行特征 Ridge（运行后基线）,EL150800460603,4.65C(19%)-4.85C,10,3,489.0,6.192362489474872,6.231184088208158,508.35706687003017,outer_fold_train_only
M2,早期运行特征 Ridge（运行后基线）,EL150800460630,5.4C(70%)-3C,10,3,1017.0,6.92461239604856,7.072839839157023,1179.492852616467,outer_fold_train_only
M2,早期运行特征 Ridge（运行后基线）,EL150800460634,3.6C(30%)-6C,10,3,511.0,6.236369590203704,6.3318647331682705,562.2039774080702,outer_fold_train_only
M2,早期运行特征 Ridge（运行后基线）,EL150800463208,4C(40%)-6C,10,3,483.0,6.180016653652572,6.23381657642043,509.6970738586382,outer_fold_train_only
M2,早期运行特征 Ridge（运行后基线）,EL150800463882,5.4C(40%)-3.6C,10,3,788.0,6.669498089857879,6.942612747537061,1035.4721109448965,outer_fold_train_only
M2,早期运行特征 Ridge（运行后基线）,EL150800460466,4C(13%)-5C,10,4,477.0,6.1675164908883415,6.233681216171751,509.6280858051955,outer_fold_train_only
M2,早期运行特征 Ridge（运行后基线）,EL150800460513,5.6C(65%)-3C,10,4,429.0,6.061456918928017,6.223483911484666,504.4576599449003,outer_fold_train_only
M2,早期运行特征 Ridge（运行后基线）,EL150800460615,6C(40%)-3C,10,4,709.0,6.5638555265321274,6.5447857514969145,695.607630089924,outer_fold_train_only
M2,早期运行特征 Ridge（运行后基线）,EL150800460628,5.2C(71%)-3C,10,4,463.0,6.137727054086234,6.269690706577577,528.3139485759172,outer_fold_train_only
M2,早期运行特征 Ridge（运行后基线）,EL150800460655,3.6C(22%)-5.5C,10,4,444.0,6.095824562432225,6.260040515170024,523.2401388417512,outer_fold_train_only
M2,早期运行特征 Ridge（运行后基线）,EL150800463229,7C(30%)-3.6C,10,4,966.0,6.873163834212518,6.882374411320745,974.9385187533395,outer_fold_train_only
M2,早期运行特征 Ridge（运行后基线）,EL150800464881,5.4C(60%)-3C,10,4,788.0,6.669498089857879,6.443681538735081,628.7171909967002,outer_fold_train_only
M2,早期运行特征 Ridge（运行后基线）,EL150800464883,4.4C(80%)-4.4C,10,4,1074.0,6.97914527506881,6.700905471603836,813.1417687107312,outer_fold_train_only
M2,早期运行特征 Ridge（运行后基线）,EL150800440551,4.4C(55%)-6C,10,5,461.0,6.133398042996649,5.409380619286088,223.4931174754292,outer_fold_train_only
M2,早期运行特征 Ridge（运行后基线）,EL150800453773,6C(60%)-3C,10,5,617.0,6.424869023905388,6.478045802209981,650.6981101806183,outer_fold_train_only
M2,早期运行特征 Ridge（运行后基线）,EL150800460602,2C(2%)-5C,10,5,438.0,6.082218910376446,6.115374581583952,452.76561327165814,outer_fold_train_only
M2,早期运行特征 Ridge（运行后基线）,EL150800460604,4.9C(69%)-4.25C,10,5,498.0,6.210600077024653,6.2779053900822355,532.6717549488867,outer_fold_train_only
M2,早期运行特征 Ridge（运行后基线）,EL150800460627,5.6C(58%)-3.5C,10,5,459.0,6.129050210060545,6.431113656779533,620.8649936568189,outer_fold_train_only
M2,早期运行特征 Ridge（运行后基线）,EL150800460640,6C(40%)-3.6C,10,5,731.0,6.594413459749778,6.509936323898081,671.7836396656362,outer_fold_train_only
M2,早期运行特征 Ridge（运行后基线）,EL150800460641,5.2C(58%)-4C,10,5,520.0,6.253828811575473,6.302414783712332,545.8885225320079,outer_fold_train_only
M2,早期运行特征 Ridge（运行后基线）,EL150800463871,5.4C(60%)-3.6C,10,5,559.0,6.326149473155099,6.459038509637985,638.4469008226513,outer_fold_train_only
M3,策略＋早期特征联合 Ridge,EL150800453113,5.4C(50%)-3C,10,1,719.0,6.577861357721047,6.340738149781847,567.2148464069592,outer_fold_train_only
M3,策略＋早期特征联合 Ridge,EL150800460478,4.4C(24%)-5C,10,1,494.0,6.202535517187923,5.865756035022954,352.7487457255381,outer_fold_train_only
M3,策略＋早期特征联合 Ridge,EL150800460511,5.6C(38%)-4.25C,10,1,478.0,6.169610732491456,6.2560792857196175,521.1715643481299,outer_fold_train_only
M3,策略＋早期特征联合 Ridge,EL150800460518,1C(4%)-6C,10,1,300.0,5.703782474656201,6.458837268585592,638.3184320234645,outer_fold_train_only
M3,策略＋早期特征联合 Ridge,EL150800460608,5.2C(37%)-4.5C,10,1,492.0,6.198478716492308,6.265281930372739,525.9898575738105,outer_fold_train_only
M3,策略＋早期特征联合 Ridge,EL150800460611,4.8C(80%)-4.8C,10,1,461.0,6.133398042996649,6.415579900278811,611.2951482803908,outer_fold_train_only
M3,策略＋早期特征联合 Ridge,EL150800460613,6C(4%)-4.75C,10,1,487.0,6.18826412308259,6.257063066458633,521.6845351788975,outer_fold_train_only
M3,策略＋早期特征联合 Ridge,EL150800460614,4.9C(27%)-4.75C,10,1,468.0,6.148468295917647,6.161900155202074,474.328516872924,outer_fold_train_only
M3,策略＋早期特征联合 Ridge,EL150800465027,4.8C(80%)-4.8C,10,1,870.0,6.76849321164863,6.693755322209596,807.3484199223016,outer_fold_train_only
M3,策略＋早期特征联合 Ridge,EL150800460486,3.6C(80%)-3.6C,10,2,2160.0,7.67786350067821,6.97634729411532,1070.9991685482917,outer_fold_train_only
M3,策略＋早期特征联合 Ridge,EL150800460498,6C(31%)-4.25C,10,2,462.0,6.135564891081739,6.1899854628095,487.8390143542077,outer_fold_train_only
M3,策略＋早期特征联合 Ridge,EL150800460501,4.65C(69%)-6C,10,2,527.0,6.267200548541362,6.293971105832322,541.298620785266,outer_fold_train_only
M3,策略＋早期特征联合 Ridge,EL150800460522,5.4C(50%)-3.6C,10,2,857.0,6.75343791859778,6.332348323105869,562.4759193433146,outer_fold_train_only
M3,策略＋早期特征联合 Ridge,EL150800460525,6C(50%)-3C,10,2,742.0,6.60934924316738,6.516207736853855,676.0099107808121,outer_fold_train_only
M3,策略＋早期特征联合 Ridge,EL150800460618,7C(40%)-3C,10,2,702.0,6.553933404025811,6.680817338647041,796.9702404615067,outer_fold_train_only
M3,策略＋早期特征联合 Ridge,EL150800460659,5.4C(80%)-5.4C,10,2,870.0,6.76849321164863,6.73024237531025,837.3501943738795,outer_fold_train_only
M3,策略＋早期特征联合 Ridge,EL150800464977,4C(80%)-4C,10,2,1434.0,7.2682230211595655,6.939706240669413,1032.4668736302567,outer_fold_train_only
M3,策略＋早期特征联合 Ridge,EL150800460485,7C(40%)-3.6C,10,3,616.0,6.423246963533519,6.288195644930043,538.1813821741896,outer_fold_train_only
M3,策略＋早期特征联合 Ridge,EL150800460506,6C(50%)-3.6C,10,3,704.0,6.556778356158042,6.93644074926271,1029.100860760865,outer_fold_train_only
M3,策略＋早期特征联合 Ridge,EL150800460507,6C(30%)-3.6C,10,3,860.0,6.756932389247553,6.616711032045004,747.4826034706092,outer_fold_train_only
M3,策略＋早期特征联合 Ridge,EL150800460603,4.65C(19%)-4.85C,10,3,489.0,6.192362489474872,6.1329419467524655,460.78978757362484,outer_fold_train_only
M3,策略＋早期特征联合 Ridge,EL150800460630,5.4C(70%)-3C,10,3,1017.0,6.92461239604856,7.1253903379628944,1243.1333144886892,outer_fold_train_only
M3,策略＋早期特征联合 Ridge,EL150800460634,3.6C(30%)-6C,10,3,511.0,6.236369590203704,6.325641386106782,558.7160514813817,outer_fold_train_only
M3,策略＋早期特征联合 Ridge,EL150800463208,4C(40%)-6C,10,3,483.0,6.180016653652572,6.2373699557368925,511.5114425595621,outer_fold_train_only
M3,策略＋早期特征联合 Ridge,EL150800463882,5.4C(40%)-3.6C,10,3,788.0,6.669498089857879,6.892194223298702,984.559391970018,outer_fold_train_only
M3,策略＋早期特征联合 Ridge,EL150800460466,4C(13%)-5C,10,4,477.0,6.1675164908883415,6.122060721089239,455.80301023969554,outer_fold_train_only
M3,策略＋早期特征联合 Ridge,EL150800460513,5.6C(65%)-3C,10,4,429.0,6.061456918928017,6.361716091294293,579.2395318780525,outer_fold_train_only
M3,策略＋早期特征联合 Ridge,EL150800460615,6C(40%)-3C,10,4,709.0,6.5638555265321274,6.520674648693716,679.0363418231977,outer_fold_train_only
M3,策略＋早期特征联合 Ridge,EL150800460628,5.2C(71%)-3C,10,4,463.0,6.137727054086234,6.4303825373286125,620.4112330803653,outer_fold_train_only
M3,策略＋早期特征联合 Ridge,EL150800460655,3.6C(22%)-5.5C,10,4,444.0,6.095824562432225,6.170664786873517,478.50410362426936,outer_fold_train_only
M3,策略＋早期特征联合 Ridge,EL150800463229,7C(30%)-3.6C,10,4,966.0,6.873163834212518,6.774655178146353,875.3774617073626,outer_fold_train_only
M3,策略＋早期特征联合 Ridge,EL150800464881,5.4C(60%)-3C,10,4,788.0,6.669498089857879,6.526090718243241,682.7240272430383,outer_fold_train_only
M3,策略＋早期特征联合 Ridge,EL150800464883,4.4C(80%)-4.4C,10,4,1074.0,6.97914527506881,6.75431146340399,857.7489549741601,outer_fold_train_only
M3,策略＋早期特征联合 Ridge,EL150800440551,4.4C(55%)-6C,10,5,461.0,6.133398042996649,5.522730299710496,250.31754696359866,outer_fold_train_only
M3,策略＋早期特征联合 Ridge,EL150800453773,6C(60%)-3C,10,5,617.0,6.424869023905388,6.5561742082511225,703.5748083257911,outer_fold_train_only
M3,策略＋早期特征联合 Ridge,EL150800460602,2C(2%)-5C,10,5,438.0,6.082218910376446,6.0213114100089085,412.11869808696923,outer_fold_train_only
M3,策略＋早期特征联合 Ridge,EL150800460604,4.9C(69%)-4.25C,10,5,498.0,6.210600077024653,6.389554762536596,595.5913410673908,outer_fold_train_only
M3,策略＋早期特征联合 Ridge,EL150800460627,5.6C(58%)-3.5C,10,5,459.0,6.129050210060545,6.401041630616264,602.4722647023998,outer_fold_train_only
M3,策略＋早期特征联合 Ridge,EL150800460640,6C(40%)-3.6C,10,5,731.0,6.594413459749778,6.461300712853255,639.8928323332908,outer_fold_train_only
M3,策略＋早期特征联合 Ridge,EL150800460641,5.2C(58%)-4C,10,5,520.0,6.253828811575473,6.335580145296792,564.2966821072879,outer_fold_train_only
M3,策略＋早期特征联合 Ridge,EL150800463871,5.4C(60%)-3.6C,10,5,559.0,6.326149473155099,6.507133204769768,669.9031868930707,outer_fold_train_only
M4,P3 策略先验＋早期残差 Ridge,EL150800453113,5.4C(50%)-3C,10,1,719.0,6.577861357721047,6.188123345612266,486.93144619748097,outer_fold_train_only
M4,P3 策略先验＋早期残差 Ridge,EL150800460478,4.4C(24%)-5C,10,1,494.0,6.202535517187923,5.774002390151787,321.8232205077242,outer_fold_train_only
M4,P3 策略先验＋早期残差 Ridge,EL150800460511,5.6C(38%)-4.25C,10,1,478.0,6.169610732491456,6.151606477516205,469.4709758756347,outer_fold_train_only
M4,P3 策略先验＋早期残差 Ridge,EL150800460518,1C(4%)-6C,10,1,300.0,5.703782474656201,5.902962940256362,366.12065599235723,outer_fold_train_only
M4,P3 策略先验＋早期残差 Ridge,EL150800460608,5.2C(37%)-4.5C,10,1,492.0,6.198478716492308,5.943392853243595,381.2261822730126,outer_fold_train_only
M4,P3 策略先验＋早期残差 Ridge,EL150800460611,4.8C(80%)-4.8C,10,1,461.0,6.133398042996649,6.740635852364117,846.0985586137492,outer_fold_train_only
M4,P3 策略先验＋早期残差 Ridge,EL150800460613,6C(4%)-4.75C,10,1,487.0,6.18826412308259,6.203280227790357,494.3680240563022,outer_fold_train_only
M4,P3 策略先验＋早期残差 Ridge,EL150800460614,4.9C(27%)-4.75C,10,1,468.0,6.148468295917647,5.9305700634419996,376.3690068931336,outer_fold_train_only
M4,P3 策略先验＋早期残差 Ridge,EL150800465027,4.8C(80%)-4.8C,10,1,870.0,6.76849321164863,6.785508444533173,884.9299103554437,outer_fold_train_only
M4,P3 策略先验＋早期残差 Ridge,EL150800460486,3.6C(80%)-3.6C,10,2,2160.0,7.67786350067821,7.339299088537472,1539.6325892549949,outer_fold_train_only
M4,P3 策略先验＋早期残差 Ridge,EL150800460498,6C(31%)-4.25C,10,2,462.0,6.135564891081739,6.190314302194684,487.9994614149673,outer_fold_train_only
M4,P3 策略先验＋早期残差 Ridge,EL150800460501,4.65C(69%)-6C,10,2,527.0,6.267200548541362,5.918410117698526,371.8200935114237,outer_fold_train_only
M4,P3 策略先验＋早期残差 Ridge,EL150800460522,5.4C(50%)-3.6C,10,2,857.0,6.75343791859778,6.358463597714328,577.3586195052017,outer_fold_train_only
M4,P3 策略先验＋早期残差 Ridge,EL150800460525,6C(50%)-3C,10,2,742.0,6.60934924316738,6.4134692279480054,610.0062652083699,outer_fold_train_only
M4,P3 策略先验＋早期残差 Ridge,EL150800460618,7C(40%)-3C,10,2,702.0,6.553933404025811,6.683387828739211,799.0214797840953,outer_fold_train_only
M4,P3 策略先验＋早期残差 Ridge,EL150800460659,5.4C(80%)-5.4C,10,2,870.0,6.76849321164863,6.141116424732107,464.57194104961485,outer_fold_train_only
M4,P3 策略先验＋早期残差 Ridge,EL150800464977,4C(80%)-4C,10,2,1434.0,7.2682230211595655,7.030467262095793,1130.5587540387887,outer_fold_train_only
M4,P3 策略先验＋早期残差 Ridge,EL150800460485,7C(40%)-3.6C,10,3,616.0,6.423246963533519,6.934869164841789,1027.4848120916133,outer_fold_train_only
M4,P3 策略先验＋早期残差 Ridge,EL150800460506,6C(50%)-3.6C,10,3,704.0,6.556778356158042,6.765269719276333,867.200076826076,outer_fold_train_only
M4,P3 策略先验＋早期残差 Ridge,EL150800460507,6C(30%)-3.6C,10,3,860.0,6.756932389247553,6.5727081391647655,715.3043662405966,outer_fold_train_only
M4,P3 策略先验＋早期残差 Ridge,EL150800460603,4.65C(19%)-4.85C,10,3,489.0,6.192362489474872,5.913545444066667,370.0157025517003,outer_fold_train_only
M4,P3 策略先验＋早期残差 Ridge,EL150800460630,5.4C(70%)-3C,10,3,1017.0,6.92461239604856,6.444199413850552,629.0428723084309,outer_fold_train_only
M4,P3 策略先验＋早期残差 Ridge,EL150800460634,3.6C(30%)-6C,10,3,511.0,6.236369590203704,6.5155216411621995,675.5462623652868,outer_fold_train_only
M4,P3 策略先验＋早期残差 Ridge,EL150800463208,4C(40%)-6C,10,3,483.0,6.180016653652572,6.55333590986403,701.5806843802217,outer_fold_train_only
M4,P3 策略先验＋早期残差 Ridge,EL150800463882,5.4C(40%)-3.6C,10,3,788.0,6.669498089857879,6.6864352459613015,801.4601455311342,outer_fold_train_only
M4,P3 策略先验＋早期残差 Ridge,EL150800460466,4C(13%)-5C,10,4,477.0,6.1675164908883415,6.123174975811391,456.3111739555598,outer_fold_train_only
M4,P3 策略先验＋早期残差 Ridge,EL150800460513,5.6C(65%)-3C,10,4,429.0,6.061456918928017,6.332497752019851,562.5599757891583,outer_fold_train_only
M4,P3 策略先验＋早期残差 Ridge,EL150800460615,6C(40%)-3C,10,4,709.0,6.5638555265321274,6.594191359066847,730.837662429087,outer_fold_train_only
M4,P3 策略先验＋早期残差 Ridge,EL150800460628,5.2C(71%)-3C,10,4,463.0,6.137727054086234,6.611674624903453,743.7274409495695,outer_fold_train_only
M4,P3 策略先验＋早期残差 Ridge,EL150800460655,3.6C(22%)-5.5C,10,4,444.0,6.095824562432225,6.186956736816643,486.3637189116926,outer_fold_train_only
M4,P3 策略先验＋早期残差 Ridge,EL150800463229,7C(30%)-3.6C,10,4,966.0,6.873163834212518,6.5975554207675495,733.3003854722959,outer_fold_train_only
M4,P3 策略先验＋早期残差 Ridge,EL150800464881,5.4C(60%)-3C,10,4,788.0,6.669498089857879,6.381710794069718,590.9378162798462,outer_fold_train_only
M4,P3 策略先验＋早期残差 Ridge,EL150800464883,4.4C(80%)-4.4C,10,4,1074.0,6.97914527506881,6.895191111571414,987.514432216647,outer_fold_train_only
M4,P3 策略先验＋早期残差 Ridge,EL150800440551,4.4C(55%)-6C,10,5,461.0,6.133398042996649,5.634462224663217,279.90834902140966,outer_fold_train_only
M4,P3 策略先验＋早期残差 Ridge,EL150800453773,6C(60%)-3C,10,5,617.0,6.424869023905388,6.214670439393586,500.03117145731665,outer_fold_train_only
M4,P3 策略先验＋早期残差 Ridge,EL150800460602,2C(2%)-5C,10,5,438.0,6.082218910376446,5.885900331464551,359.92667547353847,outer_fold_train_only
M4,P3 策略先验＋早期残差 Ridge,EL150800460604,4.9C(69%)-4.25C,10,5,498.0,6.210600077024653,6.123761025962784,456.5786735645756,outer_fold_train_only
M4,P3 策略先验＋早期残差 Ridge,EL150800460627,5.6C(58%)-3.5C,10,5,459.0,6.129050210060545,6.488100627422875,657.2737690958061,outer_fold_train_only
M4,P3 策略先验＋早期残差 Ridge,EL150800460640,6C(40%)-3.6C,10,5,731.0,6.594413459749778,6.708945602722901,819.7058879786387,outer_fold_train_only
M4,P3 策略先验＋早期残差 Ridge,EL150800460641,5.2C(58%)-4C,10,5,520.0,6.253828811575473,6.190770868311928,488.22231630440706,outer_fold_train_only
M4,P3 策略先验＋早期残差 Ridge,EL150800463871,5.4C(60%)-3.6C,10,5,559.0,6.326149473155099,6.472847720196974,647.3245037758262,outer_fold_train_only
M1,策略参数 Ridge（设计前基线）,EL150800453113,5.4C(50%)-3C,20,1,719.0,6.577861357721047,6.522119377053818,680.0180738810836,outer_fold_train_only
M1,策略参数 Ridge（设计前基线）,EL150800460478,4.4C(24%)-5C,20,1,494.0,6.202535517187923,6.4130425180724355,609.7460250383199,outer_fold_train_only
M1,策略参数 Ridge（设计前基线）,EL150800460511,5.6C(38%)-4.25C,20,1,478.0,6.169610732491456,6.464669060138984,642.051847733764,outer_fold_train_only
M1,策略参数 Ridge（设计前基线）,EL150800460518,1C(4%)-6C,20,1,300.0,5.703782474656201,6.335982467733363,564.5237569989812,outer_fold_train_only
M1,策略参数 Ridge（设计前基线）,EL150800460608,5.2C(37%)-4.5C,20,1,492.0,6.198478716492308,6.45446637345314,635.5344976707244,outer_fold_train_only
M1,策略参数 Ridge（设计前基线）,EL150800460611,4.8C(80%)-4.8C,20,1,461.0,6.133398042996649,6.5269315412902245,683.2983187448043,outer_fold_train_only
M1,策略参数 Ridge（设计前基线）,EL150800460613,6C(4%)-4.75C,20,1,487.0,6.18826412308259,6.386903655917334,594.0144560893903,outer_fold_train_only
M1,策略参数 Ridge（设计前基线）,EL150800460614,4.9C(27%)-4.75C,20,1,468.0,6.148468295917647,6.42738213394885,618.5525389302885,outer_fold_train_only
M1,策略参数 Ridge（设计前基线）,EL150800465027,4.8C(80%)-4.8C,20,1,870.0,6.76849321164863,6.5269315412902245,683.2983187448043,outer_fold_train_only
M1,策略参数 Ridge（设计前基线）,EL150800460486,3.6C(80%)-3.6C,20,2,2160.0,7.67786350067821,6.381847721695436,591.0187375320273,outer_fold_train_only
M1,策略参数 Ridge（设计前基线）,EL150800460498,6C(31%)-4.25C,20,2,462.0,6.135564891081739,6.390973201871645,596.4367506925639,outer_fold_train_only
M1,策略参数 Ridge（设计前基线）,EL150800460501,4.65C(69%)-6C,20,2,527.0,6.267200548541362,6.278973187328919,533.2408441640833,outer_fold_train_only
M1,策略参数 Ridge（设计前基线）,EL150800460522,5.4C(50%)-3.6C,20,2,857.0,6.75343791859778,6.432720411461585,621.8633732530546,outer_fold_train_only
M1,策略参数 Ridge（设计前基线）,EL150800460525,6C(50%)-3C,20,2,742.0,6.60934924316738,6.5074536907020475,670.1179158474258,outer_fold_train_only
M1,策略参数 Ridge（设计前基线）,EL150800460618,7C(40%)-3C,20,2,702.0,6.553933404025811,6.54984570026774,699.1362889505982,outer_fold_train_only
M1,策略参数 Ridge（设计前基线）,EL150800460659,5.4C(80%)-5.4C,20,2,870.0,6.76849321164863,6.38655790076684,593.8091080338489,outer_fold_train_only
M1,策略参数 Ridge（设计前基线）,EL150800464977,4C(80%)-4C,20,2,1434.0,7.2682230211595655,6.382894428155748,591.6376845341704,outer_fold_train_only
M1,策略参数 Ridge（设计前基线）,EL150800460485,7C(40%)-3.6C,20,3,616.0,6.423246963533519,6.43346810740202,622.3285118421893,outer_fold_train_only
M1,策略参数 Ridge（设计前基线）,EL150800460506,6C(50%)-3.6C,20,3,704.0,6.556778356158042,6.467368364104061,643.7872820107165,outer_fold_train_only
M1,策略参数 Ridge（设计前基线）,EL150800460507,6C(30%)-3.6C,20,3,860.0,6.756932389247553,6.384918122953342,592.8361909349826,outer_fold_train_only
M1,策略参数 Ridge（设计前基线）,EL150800460603,4.65C(19%)-4.85C,20,3,489.0,6.192362489474872,6.253752028250745,519.9600742039788,outer_fold_train_only
M1,策略参数 Ridge（设计前基线）,EL150800460630,5.4C(70%)-3C,20,3,1017.0,6.92461239604856,6.581870036934336,721.8880250699599,outer_fold_train_only
M1,策略参数 Ridge（设计前基线）,EL150800460634,3.6C(30%)-6C,20,3,511.0,6.236369590203704,6.2215530496431946,503.4845616601752,outer_fold_train_only
M1,策略参数 Ridge（设计前基线）,EL150800463208,4C(40%)-6C,20,3,483.0,6.180016653652572,6.265708115767882,526.214074544707,outer_fold_train_only
M1,策略参数 Ridge（设计前基线）,EL150800463882,5.4C(40%)-3.6C,20,3,788.0,6.669498089857879,6.42174832520471,615.0775301864124,outer_fold_train_only
M1,策略参数 Ridge（设计前基线）,EL150800460466,4C(13%)-5C,20,4,477.0,6.1675164908883415,6.214004257934863,499.698170893824,outer_fold_train_only
M1,策略参数 Ridge（设计前基线）,EL150800460513,5.6C(65%)-3C,20,4,429.0,6.061456918928017,6.628459291818163,756.3160102510177,outer_fold_train_only
M1,策略参数 Ridge（设计前基线）,EL150800460615,6C(40%)-3C,20,4,709.0,6.5638555265321274,6.513464724885064,674.1581483688212,outer_fold_train_only
M1,策略参数 Ridge（设计前基线）,EL150800460628,5.2C(71%)-3C,20,4,463.0,6.137727054086234,6.656064737237859,777.48530008989,outer_fold_train_only
M1,策略参数 Ridge（设计前基线）,EL150800460655,3.6C(22%)-5.5C,20,4,444.0,6.095824562432225,6.211577903321662,498.4871956534523,outer_fold_train_only
M1,策略参数 Ridge（设计前基线）,EL150800463229,7C(30%)-3.6C,20,4,966.0,6.873163834212518,6.41485214972365,610.8504397349354,outer_fold_train_only
M1,策略参数 Ridge（设计前基线）,EL150800464881,5.4C(60%)-3C,20,4,788.0,6.669498089857879,6.60546659494342,739.1246605956709,outer_fold_train_only
M1,策略参数 Ridge（设计前基线）,EL150800464883,4.4C(80%)-4.4C,20,4,1074.0,6.97914527506881,6.574753115077098,716.7686431347423,outer_fold_train_only
M1,策略参数 Ridge（设计前基线）,EL150800440551,4.4C(55%)-6C,20,5,461.0,6.133398042996649,6.381243527428766,590.6617552534984,outer_fold_train_only
M1,策略参数 Ridge（设计前基线）,EL150800453773,6C(60%)-3C,20,5,617.0,6.424869023905388,6.636264543599737,762.2423453191744,outer_fold_train_only
M1,策略参数 Ridge（设计前基线）,EL150800460602,2C(2%)-5C,20,5,438.0,6.082218910376446,6.176156102327466,481.13894836405655,outer_fold_train_only
M1,策略参数 Ridge（设计前基线）,EL150800460604,4.9C(69%)-4.25C,20,5,498.0,6.210600077024653,6.578663351970814,719.576865155932,outer_fold_train_only
M1,策略参数 Ridge（设计前基线）,EL150800460627,5.6C(58%)-3.5C,20,5,459.0,6.129050210060545,6.586871158898876,725.5073178468024,outer_fold_train_only
M1,策略参数 Ridge（设计前基线）,EL150800460640,6C(40%)-3.6C,20,5,731.0,6.594413459749778,6.497669464945299,663.5933020728133,outer_fold_train_only
M1,策略参数 Ridge（设计前基线）,EL150800460641,5.2C(58%)-4C,20,5,520.0,6.253828811575473,6.547030672568099,697.170968445038,outer_fold_train_only
M1,策略参数 Ridge（设计前基线）,EL150800463871,5.4C(60%)-3.6C,20,5,559.0,6.326149473155099,6.58727033784197,725.7969829013962,outer_fold_train_only
M2,早期运行特征 Ridge（运行后基线）,EL150800453113,5.4C(50%)-3C,20,1,719.0,6.577861357721047,6.309257539589016,549.636713781212,outer_fold_train_only
M2,早期运行特征 Ridge（运行后基线）,EL150800460478,4.4C(24%)-5C,20,1,494.0,6.202535517187923,6.2961572123523775,542.4832516222746,outer_fold_train_only
M2,早期运行特征 Ridge（运行后基线）,EL150800460511,5.6C(38%)-4.25C,20,1,478.0,6.169610732491456,6.227065888561078,506.2678558234283,outer_fold_train_only
M2,早期运行特征 Ridge（运行后基线）,EL150800460518,1C(4%)-6C,20,1,300.0,5.703782474656201,6.515307793071722,675.4018135326548,outer_fold_train_only
M2,早期运行特征 Ridge（运行后基线）,EL150800460608,5.2C(37%)-4.5C,20,1,492.0,6.198478716492308,6.086051626406137,439.6819507819189,outer_fold_train_only
M2,早期运行特征 Ridge（运行后基线）,EL150800460611,4.8C(80%)-4.8C,20,1,461.0,6.133398042996649,6.478130013968657,650.7529089201603,outer_fold_train_only
M2,早期运行特征 Ridge（运行后基线）,EL150800460613,6C(4%)-4.75C,20,1,487.0,6.18826412308259,6.350216672061327,572.6167656283436,outer_fold_train_only
M2,早期运行特征 Ridge（运行后基线）,EL150800460614,4.9C(27%)-4.75C,20,1,468.0,6.148468295917647,6.207222259952202,496.32068490421887,outer_fold_train_only
M2,早期运行特征 Ridge（运行后基线）,EL150800465027,4.8C(80%)-4.8C,20,1,870.0,6.76849321164863,6.487018420023802,656.5628473114664,outer_fold_train_only
M2,早期运行特征 Ridge（运行后基线）,EL150800460486,3.6C(80%)-3.6C,20,2,2160.0,7.67786350067821,7.10047009447767,1212.5369474579857,outer_fold_train_only
M2,早期运行特征 Ridge（运行后基线）,EL150800460498,6C(31%)-4.25C,20,2,462.0,6.135564891081739,6.203551702617865,494.5022507491184,outer_fold_train_only
M2,早期运行特征 Ridge（运行后基线）,EL150800460501,4.65C(69%)-6C,20,2,527.0,6.267200548541362,6.243036745377641,514.4182987959215,outer_fold_train_only
M2,早期运行特征 Ridge（运行后基线）,EL150800460522,5.4C(50%)-3.6C,20,2,857.0,6.75343791859778,6.320312632408414,555.746709727493,outer_fold_train_only
M2,早期运行特征 Ridge（运行后基线）,EL150800460525,6C(50%)-3C,20,2,742.0,6.60934924316738,6.590547743321265,728.1796162050035,outer_fold_train_only
M2,早期运行特征 Ridge（运行后基线）,EL150800460618,7C(40%)-3C,20,2,702.0,6.553933404025811,6.650081610789536,772.8473956476638,outer_fold_train_only
M2,早期运行特征 Ridge（运行后基线）,EL150800460659,5.4C(80%)-5.4C,20,2,870.0,6.76849321164863,6.661314022908106,781.5772731059485,outer_fold_train_only
M2,早期运行特征 Ridge（运行后基线）,EL150800464977,4C(80%)-4C,20,2,1434.0,7.2682230211595655,6.823574248528598,919.2648261027392,outer_fold_train_only
M2,早期运行特征 Ridge（运行后基线）,EL150800460485,7C(40%)-3.6C,20,3,616.0,6.423246963533519,6.326628536708677,559.2678606824724,outer_fold_train_only
M2,早期运行特征 Ridge（运行后基线）,EL150800460506,6C(50%)-3.6C,20,3,704.0,6.556778356158042,6.990533124026129,1086.3004547105274,outer_fold_train_only
M2,早期运行特征 Ridge（运行后基线）,EL150800460507,6C(30%)-3.6C,20,3,860.0,6.756932389247553,6.638187520604577,763.7095300504701,outer_fold_train_only
M2,早期运行特征 Ridge（运行后基线）,EL150800460603,4.65C(19%)-4.85C,20,3,489.0,6.192362489474872,6.175201985474939,480.6801045151484,outer_fold_train_only
M2,早期运行特征 Ridge（运行后基线）,EL150800460630,5.4C(70%)-3C,20,3,1017.0,6.92461239604856,7.043633253350718,1145.5420995677912,outer_fold_train_only
M2,早期运行特征 Ridge（运行后基线）,EL150800460634,3.6C(30%)-6C,20,3,511.0,6.236369590203704,6.305298205066332,547.4648206284488,outer_fold_train_only
M2,早期运行特征 Ridge（运行后基线）,EL150800463208,4C(40%)-6C,20,3,483.0,6.180016653652572,6.294736557395969,541.7131172792022,outer_fold_train_only
M2,早期运行特征 Ridge（运行后基线）,EL150800463882,5.4C(40%)-3.6C,20,3,788.0,6.669498089857879,6.919272335205623,1011.5836328589736,outer_fold_train_only
M2,早期运行特征 Ridge（运行后基线）,EL150800460466,4C(13%)-5C,20,4,477.0,6.1675164908883415,6.194621979351107,490.1061397346474,outer_fold_train_only
M2,早期运行特征 Ridge（运行后基线）,EL150800460513,5.6C(65%)-3C,20,4,429.0,6.061456918928017,6.136364163591526,462.36941151008773,outer_fold_train_only
M2,早期运行特征 Ridge（运行后基线）,EL150800460615,6C(40%)-3C,20,4,709.0,6.5638555265321274,6.584683339959257,723.9217742695597,outer_fold_train_only
M2,早期运行特征 Ridge（运行后基线）,EL150800460628,5.2C(71%)-3C,20,4,463.0,6.137727054086234,6.204855838883059,495.1475697680463,outer_fold_train_only
M2,早期运行特征 Ridge（运行后基线）,EL150800460655,3.6C(22%)-5.5C,20,4,444.0,6.095824562432225,6.301234534335359,545.2446180020988,outer_fold_train_only
M2,早期运行特征 Ridge（运行后基线）,EL150800463229,7C(30%)-3.6C,20,4,966.0,6.873163834212518,6.893992777085304,986.3317683719513,outer_fold_train_only
M2,早期运行特征 Ridge（运行后基线）,EL150800464881,5.4C(60%)-3C,20,4,788.0,6.669498089857879,6.443888224639339,628.8471514078739,outer_fold_train_only
M2,早期运行特征 Ridge（运行后基线）,EL150800464883,4.4C(80%)-4.4C,20,4,1074.0,6.97914527506881,6.6319364492492126,758.9504175564514,outer_fold_train_only
M2,早期运行特征 Ridge（运行后基线）,EL150800440551,4.4C(55%)-6C,20,5,461.0,6.133398042996649,5.0262905487004765,152.36676601447195,outer_fold_train_only
M2,早期运行特征 Ridge（运行后基线）,EL150800453773,6C(60%)-3C,20,5,617.0,6.424869023905388,6.487426076774017,656.8305541506554,outer_fold_train_only
M2,早期运行特征 Ridge（运行后基线）,EL150800460602,2C(2%)-5C,20,5,438.0,6.082218910376446,6.216178534934483,500.78583514674216,outer_fold_train_only
M2,早期运行特征 Ridge（运行后基线）,EL150800460604,4.9C(69%)-4.25C,20,5,498.0,6.210600077024653,6.417458555344758,612.4446404190318,outer_fold_train_only
M2,早期运行特征 Ridge（运行后基线）,EL150800460627,5.6C(58%)-3.5C,20,5,459.0,6.129050210060545,6.397958637570101,600.6177071627552,outer_fold_train_only
M2,早期运行特征 Ridge（运行后基线）,EL150800460640,6C(40%)-3.6C,20,5,731.0,6.594413459749778,6.613449116249718,745.0483504821731,outer_fold_train_only
M2,早期运行特征 Ridge（运行后基线）,EL150800460641,5.2C(58%)-4C,20,5,520.0,6.253828811575473,6.238071206591847,511.87026619396204,outer_fold_train_only
M2,早期运行特征 Ridge（运行后基线）,EL150800463871,5.4C(60%)-3.6C,20,5,559.0,6.326149473155099,6.629745758353522,757.289611606868,outer_fold_train_only
M3,策略＋早期特征联合 Ridge,EL150800453113,5.4C(50%)-3C,20,1,719.0,6.577861357721047,6.423761153547265,616.3168224949684,outer_fold_train_only
M3,策略＋早期特征联合 Ridge,EL150800460478,4.4C(24%)-5C,20,1,494.0,6.202535517187923,6.238166913610798,511.91925811562703,outer_fold_train_only
M3,策略＋早期特征联合 Ridge,EL150800460511,5.6C(38%)-4.25C,20,1,478.0,6.169610732491456,6.204730627310347,495.08557544339556,outer_fold_train_only
M3,策略＋早期特征联合 Ridge,EL150800460518,1C(4%)-6C,20,1,300.0,5.703782474656201,6.55159948353263,700.3634982890877,outer_fold_train_only
M3,策略＋早期特征联合 Ridge,EL150800460608,5.2C(37%)-4.5C,20,1,492.0,6.198478716492308,6.267508834014433,527.1624914899041,outer_fold_train_only
M3,策略＋早期特征联合 Ridge,EL150800460611,4.8C(80%)-4.8C,20,1,461.0,6.133398042996649,6.458735355954872,638.2533826275537,outer_fold_train_only
M3,策略＋早期特征联合 Ridge,EL150800460613,6C(4%)-4.75C,20,1,487.0,6.18826412308259,6.183722762981208,484.79337196932363,outer_fold_train_only
M3,策略＋早期特征联合 Ridge,EL150800460614,4.9C(27%)-4.75C,20,1,468.0,6.148468295917647,6.2115912240803475,498.49383592532,outer_fold_train_only
M3,策略＋早期特征联合 Ridge,EL150800465027,4.8C(80%)-4.8C,20,1,870.0,6.76849321164863,6.7108594251359674,821.2761616123234,outer_fold_train_only
M3,策略＋早期特征联合 Ridge,EL150800460486,3.6C(80%)-3.6C,20,2,2160.0,7.67786350067821,7.05166397122249,1154.7786634583613,outer_fold_train_only
M3,策略＋早期特征联合 Ridge,EL150800460498,6C(31%)-4.25C,20,2,462.0,6.135564891081739,6.2154924214826925,500.44235709471235,outer_fold_train_only
M3,策略＋早期特征联合 Ridge,EL150800460501,4.65C(69%)-6C,20,2,527.0,6.267200548541362,6.262841280027806,524.7076655741423,outer_fold_train_only
M3,策略＋早期特征联合 Ridge,EL150800460522,5.4C(50%)-3.6C,20,2,857.0,6.75343791859778,6.372050730428338,585.2568030190846,outer_fold_train_only
M3,策略＋早期特征联合 Ridge,EL150800460525,6C(50%)-3C,20,2,742.0,6.60934924316738,6.6611133312871935,781.4204328349314,outer_fold_train_only
M3,策略＋早期特征联合 Ridge,EL150800460618,7C(40%)-3C,20,2,702.0,6.553933404025811,6.702964838784063,814.818051630676,outer_fold_train_only
M3,策略＋早期特征联合 Ridge,EL150800460659,5.4C(80%)-5.4C,20,2,870.0,6.76849321164863,6.639049869436781,764.3683981180767,outer_fold_train_only
M3,策略＋早期特征联合 Ridge,EL150800464977,4C(80%)-4C,20,2,1434.0,7.2682230211595655,6.795546740822769,893.8578345953251,outer_fold_train_only
M3,策略＋早期特征联合 Ridge,EL150800460485,7C(40%)-3.6C,20,3,616.0,6.423246963533519,6.339698476511786,566.6254347436358,outer_fold_train_only
M3,策略＋早期特征联合 Ridge,EL150800460506,6C(50%)-3.6C,20,3,704.0,6.556778356158042,6.94163421268653,1034.4593609839617,outer_fold_train_only
M3,策略＋早期特征联合 Ridge,EL150800460507,6C(30%)-3.6C,20,3,860.0,6.756932389247553,6.582816415814235,722.5715280259051,outer_fold_train_only
M3,策略＋早期特征联合 Ridge,EL150800460603,4.65C(19%)-4.85C,20,3,489.0,6.192362489474872,6.089558358712535,441.2265042682676,outer_fold_train_only
M3,策略＋早期特征联合 Ridge,EL150800460630,5.4C(70%)-3C,20,3,1017.0,6.92461239604856,7.070197194431539,1176.3799869613322,outer_fold_train_only
M3,策略＋早期特征联合 Ridge,EL150800460634,3.6C(30%)-6C,20,3,511.0,6.236369590203704,6.290589089896687,539.4710324323005,outer_fold_train_only
M3,策略＋早期特征联合 Ridge,EL150800463208,4C(40%)-6C,20,3,483.0,6.180016653652572,6.275770663274043,531.5358591186325,outer_fold_train_only
M3,策略＋早期特征联合 Ridge,EL150800463882,5.4C(40%)-3.6C,20,3,788.0,6.669498089857879,6.86728947255338,960.3420014726482,outer_fold_train_only
M3,策略＋早期特征联合 Ridge,EL150800460466,4C(13%)-5C,20,4,477.0,6.1675164908883415,6.106572141926048,448.79766073373787,outer_fold_train_only
M3,策略＋早期特征联合 Ridge,EL150800460513,5.6C(65%)-3C,20,4,429.0,6.061456918928017,6.338182409126007,565.7670432561521,outer_fold_train_only
M3,策略＋早期特征联合 Ridge,EL150800460615,6C(40%)-3C,20,4,709.0,6.5638555265321274,6.538878902111757,691.510891907081,outer_fold_train_only
M3,策略＋早期特征联合 Ridge,EL150800460628,5.2C(71%)-3C,20,4,463.0,6.137727054086234,6.400779673918678,602.3144637269647,outer_fold_train_only
M3,策略＋早期特征联合 Ridge,EL150800460655,3.6C(22%)-5.5C,20,4,444.0,6.095824562432225,6.198306368088298,491.91521189198454,outer_fold_train_only
M3,策略＋早期特征联合 Ridge,EL150800463229,7C(30%)-3.6C,20,4,966.0,6.873163834212518,6.786468026640767,885.7794808150114,outer_fold_train_only
M3,策略＋早期特征联合 Ridge,EL150800464881,5.4C(60%)-3C,20,4,788.0,6.669498089857879,6.515178450082102,675.3144606922582,outer_fold_train_only
M3,策略＋早期特征联合 Ridge,EL150800464883,4.4C(80%)-4.4C,20,4,1074.0,6.97914527506881,6.662637248007314,782.6121603140571,outer_fold_train_only
M3,策略＋早期特征联合 Ridge,EL150800440551,4.4C(55%)-6C,20,5,461.0,6.133398042996649,5.522449834924584,250.2473515505104,outer_fold_train_only
M3,策略＋早期特征联合 Ridge,EL150800453773,6C(60%)-3C,20,5,617.0,6.424869023905388,6.603540452014077,737.7023710629525,outer_fold_train_only
M3,策略＋早期特征联合 Ridge,EL150800460602,2C(2%)-5C,20,5,438.0,6.082218910376446,6.01914089512597,411.2251583906377,outer_fold_train_only
M3,策略＋早期特征联合 Ridge,EL150800460604,4.9C(69%)-4.25C,20,5,498.0,6.210600077024653,6.463913688010117,641.5670427898216,outer_fold_train_only
M3,策略＋早期特征联合 Ridge,EL150800460627,5.6C(58%)-3.5C,20,5,459.0,6.129050210060545,6.405738233374392,605.3084927071554,outer_fold_train_only
M3,策略＋早期特征联合 Ridge,EL150800460640,6C(40%)-3.6C,20,5,731.0,6.594413459749778,6.520982620140936,679.2454978334904,outer_fold_train_only
M3,策略＋早期特征联合 Ridge,EL150800460641,5.2C(58%)-4C,20,5,520.0,6.253828811575473,6.3602511950361444,578.3916272530166,outer_fold_train_only
M3,策略＋早期特征联合 Ridge,EL150800463871,5.4C(60%)-3.6C,20,5,559.0,6.326149473155099,6.524464404006371,681.6146058161357,outer_fold_train_only
M4,P3 策略先验＋早期残差 Ridge,EL150800453113,5.4C(50%)-3C,20,1,719.0,6.577861357721047,6.365882448500329,581.6578850390189,outer_fold_train_only
M4,P3 策略先验＋早期残差 Ridge,EL150800460478,4.4C(24%)-5C,20,1,494.0,6.202535517187923,5.794147291098847,328.37205878888295,outer_fold_train_only
M4,P3 策略先验＋早期残差 Ridge,EL150800460511,5.6C(38%)-4.25C,20,1,478.0,6.169610732491456,6.061651804362804,429.0836139988344,outer_fold_train_only
M4,P3 策略先验＋早期残差 Ridge,EL150800460518,1C(4%)-6C,20,1,300.0,5.703782474656201,5.8071857079101745,332.68154394141754,outer_fold_train_only
M4,P3 策略先验＋早期残差 Ridge,EL150800460608,5.2C(37%)-4.5C,20,1,492.0,6.198478716492308,5.984417017282886,397.1908983107166,outer_fold_train_only
M4,P3 策略先验＋早期残差 Ridge,EL150800460611,4.8C(80%)-4.8C,20,1,461.0,6.133398042996649,6.6753253384911995,792.6052769382201,outer_fold_train_only
M4,P3 策略先验＋早期残差 Ridge,EL150800460613,6C(4%)-4.75C,20,1,487.0,6.18826412308259,6.135725040185288,462.0739948107828,outer_fold_train_only
M4,P3 策略先验＋早期残差 Ridge,EL150800460614,4.9C(27%)-4.75C,20,1,468.0,6.148468295917647,5.928145922085874,375.4577401842697,outer_fold_train_only
M4,P3 策略先验＋早期残差 Ridge,EL150800465027,4.8C(80%)-4.8C,20,1,870.0,6.76849321164863,6.906086426192279,998.332538970637,outer_fold_train_only
M4,P3 策略先验＋早期残差 Ridge,EL150800460486,3.6C(80%)-3.6C,20,2,2160.0,7.67786350067821,7.593847280784119,1985.9393011790946,outer_fold_train_only
M4,P3 策略先验＋早期残差 Ridge,EL150800460498,6C(31%)-4.25C,20,2,462.0,6.135564891081739,6.178499441664851,482.2677422455193,outer_fold_train_only
M4,P3 策略先验＋早期残差 Ridge,EL150800460501,4.65C(69%)-6C,20,2,527.0,6.267200548541362,5.900547257541421,365.23729204517673,outer_fold_train_only
M4,P3 策略先验＋早期残差 Ridge,EL150800460522,5.4C(50%)-3.6C,20,2,857.0,6.75343791859778,6.334216754903926,563.5278496606567,outer_fold_train_only
M4,P3 策略先验＋早期残差 Ridge,EL150800460525,6C(50%)-3C,20,2,742.0,6.60934924316738,6.558632071110274,705.3062256373246,outer_fold_train_only
M4,P3 策略先验＋早期残差 Ridge,EL150800460618,7C(40%)-3C,20,2,702.0,6.553933404025811,6.775945478496894,876.5076905635964,outer_fold_train_only
M4,P3 策略先验＋早期残差 Ridge,EL150800460659,5.4C(80%)-5.4C,20,2,870.0,6.76849321164863,6.17199778173289,479.14237244460736,outer_fold_train_only
M4,P3 策略先验＋早期残差 Ridge,EL150800464977,4C(80%)-4C,20,2,1434.0,7.2682230211595655,7.015763416000247,1114.0568104500287,outer_fold_train_only
M4,P3 策略先验＋早期残差 Ridge,EL150800460485,7C(40%)-3.6C,20,3,616.0,6.423246963533519,7.054869244202604,1158.4859826173085,outer_fold_train_only
M4,P3 策略先验＋早期残差 Ridge,EL150800460506,6C(50%)-3.6C,20,3,704.0,6.556778356158042,6.74549038387439,850.2159566605718,outer_fold_train_only
M4,P3 策略先验＋早期残差 Ridge,EL150800460507,6C(30%)-3.6C,20,3,860.0,6.756932389247553,6.477046296590588,650.0480586821448,outer_fold_train_only
M4,P3 策略先验＋早期残差 Ridge,EL150800460603,4.65C(19%)-4.85C,20,3,489.0,6.192362489474872,5.766598138944067,319.4491604531893,outer_fold_train_only
M4,P3 策略先验＋早期残差 Ridge,EL150800460630,5.4C(70%)-3C,20,3,1017.0,6.92461239604856,6.607577067149438,740.6862098722069,outer_fold_train_only
M4,P3 策略先验＋早期残差 Ridge,EL150800460634,3.6C(30%)-6C,20,3,511.0,6.236369590203704,6.578307040581238,719.3205173957267,outer_fold_train_only
M4,P3 策略先验＋早期残差 Ridge,EL150800463208,4C(40%)-6C,20,3,483.0,6.180016653652572,6.521485966252154,679.5874794737313,outer_fold_train_only
M4,P3 策略先验＋早期残差 Ridge,EL150800463882,5.4C(40%)-3.6C,20,3,788.0,6.669498089857879,6.4435365253639745,628.62602520765,outer_fold_train_only
M4,P3 策略先验＋早期残差 Ridge,EL150800460466,4C(13%)-5C,20,4,477.0,6.1675164908883415,6.104986588953765,448.08663210454546,outer_fold_train_only
M4,P3 策略先验＋早期残差 Ridge,EL150800460513,5.6C(65%)-3C,20,4,429.0,6.061456918928017,6.282731778475751,535.2488497521751,outer_fold_train_only
M4,P3 策略先验＋早期残差 Ridge,EL150800460615,6C(40%)-3C,20,4,709.0,6.5638555265321274,6.624936198661524,753.6561267509707,outer_fold_train_only
M4,P3 策略先验＋早期残差 Ridge,EL150800460628,5.2C(71%)-3C,20,4,463.0,6.137727054086234,6.532847073012493,687.3523707395808,outer_fold_train_only
M4,P3 策略先验＋早期残差 Ridge,EL150800460655,3.6C(22%)-5.5C,20,4,444.0,6.095824562432225,6.107173199877821,449.06749522141797,outer_fold_train_only
M4,P3 策略先验＋早期残差 Ridge,EL150800463229,7C(30%)-3.6C,20,4,966.0,6.873163834212518,6.570587024780083,713.7887318451487,outer_fold_train_only
M4,P3 策略先验＋早期残差 Ridge,EL150800464881,5.4C(60%)-3C,20,4,788.0,6.669498089857879,6.374180606962046,586.5046561648668,outer_fold_train_only
M4,P3 策略先验＋早期残差 Ridge,EL150800464883,4.4C(80%)-4.4C,20,4,1074.0,6.97914527506881,7.021546187505967,1120.5178096654515,outer_fold_train_only
M4,P3 策略先验＋早期残差 Ridge,EL150800440551,4.4C(55%)-6C,20,5,461.0,6.133398042996649,5.454362339723386,233.77575401953948,outer_fold_train_only
M4,P3 策略先验＋早期残差 Ridge,EL150800453773,6C(60%)-3C,20,5,617.0,6.424869023905388,6.268005278223403,527.4242632281461,outer_fold_train_only
M4,P3 策略先验＋早期残差 Ridge,EL150800460602,2C(2%)-5C,20,5,438.0,6.082218910376446,5.851855555549453,347.8792913092878,outer_fold_train_only
M4,P3 策略先验＋早期残差 Ridge,EL150800460604,4.9C(69%)-4.25C,20,5,498.0,6.210600077024653,6.1661459317467715,476.3466910909864,outer_fold_train_only
M4,P3 策略先验＋早期残差 Ridge,EL150800460627,5.6C(58%)-3.5C,20,5,459.0,6.129050210060545,6.539482653939208,691.9285189306255,outer_fold_train_only
M4,P3 策略先验＋早期残差 Ridge,EL150800460640,6C(40%)-3.6C,20,5,731.0,6.594413459749778,6.66501710392697,784.4768825015386,outer_fold_train_only
M4,P3 策略先验＋早期残差 Ridge,EL150800460641,5.2C(58%)-4C,20,5,520.0,6.253828811575473,6.1922489463595305,488.94448056858226,outer_fold_train_only
M4,P3 策略先验＋早期残差 Ridge,EL150800463871,5.4C(60%)-3.6C,20,5,559.0,6.326149473155099,6.369436073174425,583.7285558655681,outer_fold_train_only
M1,策略参数 Ridge（设计前基线）,EL150800453113,5.4C(50%)-3C,50,1,719.0,6.577861357721047,6.522119377053818,680.0180738810836,outer_fold_train_only
M1,策略参数 Ridge（设计前基线）,EL150800460478,4.4C(24%)-5C,50,1,494.0,6.202535517187923,6.4130425180724355,609.7460250383199,outer_fold_train_only
M1,策略参数 Ridge（设计前基线）,EL150800460511,5.6C(38%)-4.25C,50,1,478.0,6.169610732491456,6.464669060138984,642.051847733764,outer_fold_train_only
M1,策略参数 Ridge（设计前基线）,EL150800460518,1C(4%)-6C,50,1,300.0,5.703782474656201,6.335982467733363,564.5237569989812,outer_fold_train_only
M1,策略参数 Ridge（设计前基线）,EL150800460608,5.2C(37%)-4.5C,50,1,492.0,6.198478716492308,6.45446637345314,635.5344976707244,outer_fold_train_only
M1,策略参数 Ridge（设计前基线）,EL150800460611,4.8C(80%)-4.8C,50,1,461.0,6.133398042996649,6.5269315412902245,683.2983187448043,outer_fold_train_only
M1,策略参数 Ridge（设计前基线）,EL150800460613,6C(4%)-4.75C,50,1,487.0,6.18826412308259,6.386903655917334,594.0144560893903,outer_fold_train_only
M1,策略参数 Ridge（设计前基线）,EL150800460614,4.9C(27%)-4.75C,50,1,468.0,6.148468295917647,6.42738213394885,618.5525389302885,outer_fold_train_only
M1,策略参数 Ridge（设计前基线）,EL150800465027,4.8C(80%)-4.8C,50,1,870.0,6.76849321164863,6.5269315412902245,683.2983187448043,outer_fold_train_only
M1,策略参数 Ridge（设计前基线）,EL150800460486,3.6C(80%)-3.6C,50,2,2160.0,7.67786350067821,6.381847721695436,591.0187375320273,outer_fold_train_only
M1,策略参数 Ridge（设计前基线）,EL150800460498,6C(31%)-4.25C,50,2,462.0,6.135564891081739,6.390973201871645,596.4367506925639,outer_fold_train_only
M1,策略参数 Ridge（设计前基线）,EL150800460501,4.65C(69%)-6C,50,2,527.0,6.267200548541362,6.278973187328919,533.2408441640833,outer_fold_train_only
M1,策略参数 Ridge（设计前基线）,EL150800460522,5.4C(50%)-3.6C,50,2,857.0,6.75343791859778,6.432720411461585,621.8633732530546,outer_fold_train_only
M1,策略参数 Ridge（设计前基线）,EL150800460525,6C(50%)-3C,50,2,742.0,6.60934924316738,6.5074536907020475,670.1179158474258,outer_fold_train_only
M1,策略参数 Ridge（设计前基线）,EL150800460618,7C(40%)-3C,50,2,702.0,6.553933404025811,6.54984570026774,699.1362889505982,outer_fold_train_only
M1,策略参数 Ridge（设计前基线）,EL150800460659,5.4C(80%)-5.4C,50,2,870.0,6.76849321164863,6.38655790076684,593.8091080338489,outer_fold_train_only
M1,策略参数 Ridge（设计前基线）,EL150800464977,4C(80%)-4C,50,2,1434.0,7.2682230211595655,6.382894428155748,591.6376845341704,outer_fold_train_only
M1,策略参数 Ridge（设计前基线）,EL150800460485,7C(40%)-3.6C,50,3,616.0,6.423246963533519,6.43346810740202,622.3285118421893,outer_fold_train_only
M1,策略参数 Ridge（设计前基线）,EL150800460506,6C(50%)-3.6C,50,3,704.0,6.556778356158042,6.467368364104061,643.7872820107165,outer_fold_train_only
M1,策略参数 Ridge（设计前基线）,EL150800460507,6C(30%)-3.6C,50,3,860.0,6.756932389247553,6.384918122953342,592.8361909349826,outer_fold_train_only
M1,策略参数 Ridge（设计前基线）,EL150800460603,4.65C(19%)-4.85C,50,3,489.0,6.192362489474872,6.253752028250745,519.9600742039788,outer_fold_train_only
M1,策略参数 Ridge（设计前基线）,EL150800460630,5.4C(70%)-3C,50,3,1017.0,6.92461239604856,6.581870036934336,721.8880250699599,outer_fold_train_only
M1,策略参数 Ridge（设计前基线）,EL150800460634,3.6C(30%)-6C,50,3,511.0,6.236369590203704,6.2215530496431946,503.4845616601752,outer_fold_train_only
M1,策略参数 Ridge（设计前基线）,EL150800463208,4C(40%)-6C,50,3,483.0,6.180016653652572,6.265708115767882,526.214074544707,outer_fold_train_only
M1,策略参数 Ridge（设计前基线）,EL150800463882,5.4C(40%)-3.6C,50,3,788.0,6.669498089857879,6.42174832520471,615.0775301864124,outer_fold_train_only
M1,策略参数 Ridge（设计前基线）,EL150800460466,4C(13%)-5C,50,4,477.0,6.1675164908883415,6.214004257934863,499.698170893824,outer_fold_train_only
M1,策略参数 Ridge（设计前基线）,EL150800460513,5.6C(65%)-3C,50,4,429.0,6.061456918928017,6.628459291818163,756.3160102510177,outer_fold_train_only
M1,策略参数 Ridge（设计前基线）,EL150800460615,6C(40%)-3C,50,4,709.0,6.5638555265321274,6.513464724885064,674.1581483688212,outer_fold_train_only
M1,策略参数 Ridge（设计前基线）,EL150800460628,5.2C(71%)-3C,50,4,463.0,6.137727054086234,6.656064737237859,777.48530008989,outer_fold_train_only
M1,策略参数 Ridge（设计前基线）,EL150800460655,3.6C(22%)-5.5C,50,4,444.0,6.095824562432225,6.211577903321662,498.4871956534523,outer_fold_train_only
M1,策略参数 Ridge（设计前基线）,EL150800463229,7C(30%)-3.6C,50,4,966.0,6.873163834212518,6.41485214972365,610.8504397349354,outer_fold_train_only
M1,策略参数 Ridge（设计前基线）,EL150800464881,5.4C(60%)-3C,50,4,788.0,6.669498089857879,6.60546659494342,739.1246605956709,outer_fold_train_only
M1,策略参数 Ridge（设计前基线）,EL150800464883,4.4C(80%)-4.4C,50,4,1074.0,6.97914527506881,6.574753115077098,716.7686431347423,outer_fold_train_only
M1,策略参数 Ridge（设计前基线）,EL150800440551,4.4C(55%)-6C,50,5,461.0,6.133398042996649,6.381243527428766,590.6617552534984,outer_fold_train_only
M1,策略参数 Ridge（设计前基线）,EL150800453773,6C(60%)-3C,50,5,617.0,6.424869023905388,6.636264543599737,762.2423453191744,outer_fold_train_only
M1,策略参数 Ridge（设计前基线）,EL150800460602,2C(2%)-5C,50,5,438.0,6.082218910376446,6.176156102327466,481.13894836405655,outer_fold_train_only
M1,策略参数 Ridge（设计前基线）,EL150800460604,4.9C(69%)-4.25C,50,5,498.0,6.210600077024653,6.578663351970814,719.576865155932,outer_fold_train_only
M1,策略参数 Ridge（设计前基线）,EL150800460627,5.6C(58%)-3.5C,50,5,459.0,6.129050210060545,6.586871158898876,725.5073178468024,outer_fold_train_only
M1,策略参数 Ridge（设计前基线）,EL150800460640,6C(40%)-3.6C,50,5,731.0,6.594413459749778,6.497669464945299,663.5933020728133,outer_fold_train_only
M1,策略参数 Ridge（设计前基线）,EL150800460641,5.2C(58%)-4C,50,5,520.0,6.253828811575473,6.547030672568099,697.170968445038,outer_fold_train_only
M1,策略参数 Ridge（设计前基线）,EL150800463871,5.4C(60%)-3.6C,50,5,559.0,6.326149473155099,6.58727033784197,725.7969829013962,outer_fold_train_only
M2,早期运行特征 Ridge（运行后基线）,EL150800453113,5.4C(50%)-3C,50,1,719.0,6.577861357721047,6.365134177354798,581.2228100244133,outer_fold_train_only
M2,早期运行特征 Ridge（运行后基线）,EL150800460478,4.4C(24%)-5C,50,1,494.0,6.202535517187923,6.251664200799236,518.875619758178,outer_fold_train_only
M2,早期运行特征 Ridge（运行后基线）,EL150800460511,5.6C(38%)-4.25C,50,1,478.0,6.169610732491456,6.24849396676397,517.2332673046965,outer_fold_train_only
M2,早期运行特征 Ridge（运行后基线）,EL150800460518,1C(4%)-6C,50,1,300.0,5.703782474656201,6.712776962997385,822.8525006087384,outer_fold_train_only
M2,早期运行特征 Ridge（运行后基线）,EL150800460608,5.2C(37%)-4.5C,50,1,492.0,6.198478716492308,6.300753444175401,544.9823692693083,outer_fold_train_only
M2,早期运行特征 Ridge（运行后基线）,EL150800460611,4.8C(80%)-4.8C,50,1,461.0,6.133398042996649,6.396120879148682,599.5149305422465,outer_fold_train_only
M2,早期运行特征 Ridge（运行后基线）,EL150800460613,6C(4%)-4.75C,50,1,487.0,6.18826412308259,6.294364148195599,541.5114158904238,outer_fold_train_only
M2,早期运行特征 Ridge（运行后基线）,EL150800460614,4.9C(27%)-4.75C,50,1,468.0,6.148468295917647,6.163184912521488,474.93830553813245,outer_fold_train_only
M2,早期运行特征 Ridge（运行后基线）,EL150800465027,4.8C(80%)-4.8C,50,1,870.0,6.76849321164863,6.926013720036057,1018.4261455078613,outer_fold_train_only
M2,早期运行特征 Ridge（运行后基线）,EL150800460486,3.6C(80%)-3.6C,50,2,2160.0,7.67786350067821,7.109244421744422,1223.2229561682993,outer_fold_train_only
M2,早期运行特征 Ridge（运行后基线）,EL150800460498,6C(31%)-4.25C,50,2,462.0,6.135564891081739,6.17681931160456,481.45815001523084,outer_fold_train_only
M2,早期运行特征 Ridge（运行后基线）,EL150800460501,4.65C(69%)-6C,50,2,527.0,6.267200548541362,6.192361997184938,488.99975927028163,outer_fold_train_only
M2,早期运行特征 Ridge（运行后基线）,EL150800460522,5.4C(50%)-3.6C,50,2,857.0,6.75343791859778,6.335182541188048,564.0723600265771,outer_fold_train_only
M2,早期运行特征 Ridge（运行后基线）,EL150800460525,6C(50%)-3C,50,2,742.0,6.60934924316738,6.514007570427204,674.5242114632306,outer_fold_train_only
M2,早期运行特征 Ridge（运行后基线）,EL150800460618,7C(40%)-3C,50,2,702.0,6.553933404025811,6.60920720121943,741.8946123595309,outer_fold_train_only
M2,早期运行特征 Ridge（运行后基线）,EL150800460659,5.4C(80%)-5.4C,50,2,870.0,6.76849321164863,6.642749786748062,767.2017363127655,outer_fold_train_only
M2,早期运行特征 Ridge（运行后基线）,EL150800464977,4C(80%)-4C,50,2,1434.0,7.2682230211595655,6.9865556488541625,1081.9883030456754,outer_fold_train_only
M2,早期运行特征 Ridge（运行后基线）,EL150800460485,7C(40%)-3.6C,50,3,616.0,6.423246963533519,6.216239334384454,500.81628357568707,outer_fold_train_only
M2,早期运行特征 Ridge（运行后基线）,EL150800460506,6C(50%)-3.6C,50,3,704.0,6.556778356158042,6.936376658180826,1029.0349066868882,outer_fold_train_only
M2,早期运行特征 Ridge（运行后基线）,EL150800460507,6C(30%)-3.6C,50,3,860.0,6.756932389247553,6.7375098698982105,843.4577989896413,outer_fold_train_only
M2,早期运行特征 Ridge（运行后基线）,EL150800460603,4.65C(19%)-4.85C,50,3,489.0,6.192362489474872,6.036580275754983,418.45956892109126,outer_fold_train_only
M2,早期运行特征 Ridge（运行后基线）,EL150800460630,5.4C(70%)-3C,50,3,1017.0,6.92461239604856,6.978043556173549,1072.817405469478,outer_fold_train_only
M2,早期运行特征 Ridge（运行后基线）,EL150800460634,3.6C(30%)-6C,50,3,511.0,6.236369590203704,5.921246448630806,372.87619536305994,outer_fold_train_only
M2,早期运行特征 Ridge（运行后基线）,EL150800463208,4C(40%)-6C,50,3,483.0,6.180016653652572,6.148305285405961,467.923717298141,outer_fold_train_only
M2,早期运行特征 Ridge（运行后基线）,EL150800463882,5.4C(40%)-3.6C,50,3,788.0,6.669498089857879,7.087482798443988,1196.8911891304756,outer_fold_train_only
M2,早期运行特征 Ridge（运行后基线）,EL150800460466,4C(13%)-5C,50,4,477.0,6.1675164908883415,6.220072593768615,502.73972646696484,outer_fold_train_only
M2,早期运行特征 Ridge（运行后基线）,EL150800460513,5.6C(65%)-3C,50,4,429.0,6.061456918928017,6.2454356953004275,515.6538439470273,outer_fold_train_only
M2,早期运行特征 Ridge（运行后基线）,EL150800460615,6C(40%)-3C,50,4,709.0,6.5638555265321274,6.509439694578339,671.4500950445297,outer_fold_train_only
M2,早期运行特征 Ridge（运行后基线）,EL150800460628,5.2C(71%)-3C,50,4,463.0,6.137727054086234,6.275043179309089,531.1493159233611,outer_fold_train_only
M2,早期运行特征 Ridge（运行后基线）,EL150800460655,3.6C(22%)-5.5C,50,4,444.0,6.095824562432225,6.27694610830944,532.1610176531366,outer_fold_train_only
M2,早期运行特征 Ridge（运行后基线）,EL150800463229,7C(30%)-3.6C,50,4,966.0,6.873163834212518,6.836128636113644,930.8783810212485,outer_fold_train_only
M2,早期运行特征 Ridge（运行后基线）,EL150800464881,5.4C(60%)-3C,50,4,788.0,6.669498089857879,6.4036360463049045,604.0373575707746,outer_fold_train_only
M2,早期运行特征 Ridge（运行后基线）,EL150800464883,4.4C(80%)-4.4C,50,4,1074.0,6.97914527506881,6.585894847342296,724.7993423265821,outer_fold_train_only
M2,早期运行特征 Ridge（运行后基线）,EL150800440551,4.4C(55%)-6C,50,5,461.0,6.133398042996649,5.4017554416617894,221.79542359137022,outer_fold_train_only
M2,早期运行特征 Ridge（运行后基线）,EL150800453773,6C(60%)-3C,50,5,617.0,6.424869023905388,6.426721035098394,618.1437496977894,outer_fold_train_only
M2,早期运行特征 Ridge（运行后基线）,EL150800460602,2C(2%)-5C,50,5,438.0,6.082218910376446,6.226399915383332,505.930807255805,outer_fold_train_only
M2,早期运行特征 Ridge（运行后基线）,EL150800460604,4.9C(69%)-4.25C,50,5,498.0,6.210600077024653,6.362411677251975,579.6425829246342,outer_fold_train_only
M2,早期运行特征 Ridge（运行后基线）,EL150800460627,5.6C(58%)-3.5C,50,5,459.0,6.129050210060545,6.361170667956032,578.9236872612654,outer_fold_train_only
M2,早期运行特征 Ridge（运行后基线）,EL150800460640,6C(40%)-3.6C,50,5,731.0,6.594413459749778,6.464267772800324,641.7942521448858,outer_fold_train_only
M2,早期运行特征 Ridge（运行后基线）,EL150800460641,5.2C(58%)-4C,50,5,520.0,6.253828811575473,6.293045762855171,540.7979655825928,outer_fold_train_only
M2,早期运行特征 Ridge（运行后基线）,EL150800463871,5.4C(60%)-3.6C,50,5,559.0,6.326149473155099,6.533141873559302,687.5550324652511,outer_fold_train_only
M3,策略＋早期特征联合 Ridge,EL150800453113,5.4C(50%)-3C,50,1,719.0,6.577861357721047,6.365198980812349,581.260476492556,outer_fold_train_only
M3,策略＋早期特征联合 Ridge,EL150800460478,4.4C(24%)-5C,50,1,494.0,6.202535517187923,6.027041757829046,414.4870608606172,outer_fold_train_only
M3,策略＋早期特征联合 Ridge,EL150800460511,5.6C(38%)-4.25C,50,1,478.0,6.169610732491456,6.174171311249879,480.18493514391355,outer_fold_train_only
M3,策略＋早期特征联合 Ridge,EL150800460518,1C(4%)-6C,50,1,300.0,5.703782474656201,6.947165882090095,1040.1975043043121,outer_fold_train_only
M3,策略＋早期特征联合 Ridge,EL150800460608,5.2C(37%)-4.5C,50,1,492.0,6.198478716492308,6.192053924389051,488.84913495007413,outer_fold_train_only
M3,策略＋早期特征联合 Ridge,EL150800460611,4.8C(80%)-4.8C,50,1,461.0,6.133398042996649,6.361060944195349,578.8601690619419,outer_fold_train_only
M3,策略＋早期特征联合 Ridge,EL150800460613,6C(4%)-4.75C,50,1,487.0,6.18826412308259,6.170153985486024,478.2597454787702,outer_fold_train_only
M3,策略＋早期特征联合 Ridge,EL150800460614,4.9C(27%)-4.75C,50,1,468.0,6.148468295917647,6.021273826047486,412.1032093247853,outer_fold_train_only
M3,策略＋早期特征联合 Ridge,EL150800465027,4.8C(80%)-4.8C,50,1,870.0,6.76849321164863,6.920028591957612,1012.3489391590788,outer_fold_train_only
M3,策略＋早期特征联合 Ridge,EL150800460486,3.6C(80%)-3.6C,50,2,2160.0,7.67786350067821,7.043379865374549,1145.2518697454916,outer_fold_train_only
M3,策略＋早期特征联合 Ridge,EL150800460498,6C(31%)-4.25C,50,2,462.0,6.135564891081739,6.1832591589823975,484.56867191342843,outer_fold_train_only
M3,策略＋早期特征联合 Ridge,EL150800460501,4.65C(69%)-6C,50,2,527.0,6.267200548541362,6.232794855854663,509.17657182506167,outer_fold_train_only
M3,策略＋早期特征联合 Ridge,EL150800460522,5.4C(50%)-3.6C,50,2,857.0,6.75343791859778,6.372529833258582,585.5372683903424,outer_fold_train_only
M3,策略＋早期特征联合 Ridge,EL150800460525,6C(50%)-3C,50,2,742.0,6.60934924316738,6.567081196991927,711.2906928799637,outer_fold_train_only
M3,策略＋早期特征联合 Ridge,EL150800460618,7C(40%)-3C,50,2,702.0,6.553933404025811,6.658800762463677,779.6154322024181,outer_fold_train_only
M3,策略＋早期特征联合 Ridge,EL150800460659,5.4C(80%)-5.4C,50,2,870.0,6.76849321164863,6.658636534406337,779.4874079873871,outer_fold_train_only
M3,策略＋早期特征联合 Ridge,EL150800464977,4C(80%)-4C,50,2,1434.0,7.2682230211595655,6.926367035310127,1018.7860345939937,outer_fold_train_only
M3,策略＋早期特征联合 Ridge,EL150800460485,7C(40%)-3.6C,50,3,616.0,6.423246963533519,6.250753830311133,518.403465657143,outer_fold_train_only
M3,策略＋早期特征联合 Ridge,EL150800460506,6C(50%)-3.6C,50,3,704.0,6.556778356158042,6.8837380749058275,976.2689138085385,outer_fold_train_only
M3,策略＋早期特征联合 Ridge,EL150800460507,6C(30%)-3.6C,50,3,860.0,6.756932389247553,6.611975582027545,743.9513047063126,outer_fold_train_only
M3,策略＋早期特征联合 Ridge,EL150800460603,4.65C(19%)-4.85C,50,3,489.0,6.192362489474872,6.095739451983866,443.9622125690043,outer_fold_train_only
M3,策略＋早期特征联合 Ridge,EL150800460630,5.4C(70%)-3C,50,3,1017.0,6.92461239604856,6.9761453445792085,1070.7829026011664,outer_fold_train_only
M3,策略＋早期特征联合 Ridge,EL150800460634,3.6C(30%)-6C,50,3,511.0,6.236369590203704,6.135839914400759,462.1270782473272,outer_fold_train_only
M3,策略＋早期特征联合 Ridge,EL150800463208,4C(40%)-6C,50,3,483.0,6.180016653652572,6.203265910632694,494.36094616202604,outer_fold_train_only
M3,策略＋早期特征联合 Ridge,EL150800463882,5.4C(40%)-3.6C,50,3,788.0,6.669498089857879,7.043524791238244,1145.4178583895966,outer_fold_train_only
M3,策略＋早期特征联合 Ridge,EL150800460466,4C(13%)-5C,50,4,477.0,6.1675164908883415,6.1224617548929565,455.98583931250664,outer_fold_train_only
M3,策略＋早期特征联合 Ridge,EL150800460513,5.6C(65%)-3C,50,4,429.0,6.061456918928017,6.34818482264899,571.4544757884388,outer_fold_train_only
M3,策略＋早期特征联合 Ridge,EL150800460615,6C(40%)-3C,50,4,709.0,6.5638555265321274,6.493798936193159,661.0298093538551,outer_fold_train_only
M3,策略＋早期特征联合 Ridge,EL150800460628,5.2C(71%)-3C,50,4,463.0,6.137727054086234,6.395776753249951,599.3086574219683,outer_fold_train_only
M3,策略＋早期特征联合 Ridge,EL150800460655,3.6C(22%)-5.5C,50,4,444.0,6.095824562432225,6.200421931068386,492.9569910898081,outer_fold_train_only
M3,策略＋早期特征联合 Ridge,EL150800463229,7C(30%)-3.6C,50,4,966.0,6.873163834212518,6.779614414226016,879.7294475419706,outer_fold_train_only
M3,策略＋早期特征联合 Ridge,EL150800464881,5.4C(60%)-3C,50,4,788.0,6.669498089857879,6.462471118470391,640.6422049480333,outer_fold_train_only
M3,策略＋早期特征联合 Ridge,EL150800464883,4.4C(80%)-4.4C,50,4,1074.0,6.97914527506881,6.6525584943860165,774.7640213340203,outer_fold_train_only
M3,策略＋早期特征联合 Ridge,EL150800440551,4.4C(55%)-6C,50,5,461.0,6.133398042996649,5.643232295093725,282.3739609481935,outer_fold_train_only
M3,策略＋早期特征联合 Ridge,EL150800453773,6C(60%)-3C,50,5,617.0,6.424869023905388,6.50497156858086,668.4566639126896,outer_fold_train_only
M3,策略＋早期特征联合 Ridge,EL150800460602,2C(2%)-5C,50,5,438.0,6.082218910376446,6.1471228882819835,467.3707726050953,outer_fold_train_only
M3,策略＋早期特征联合 Ridge,EL150800460604,4.9C(69%)-4.25C,50,5,498.0,6.210600077024653,6.417407790045208,612.4135502725602,outer_fold_train_only
M3,策略＋早期特征联合 Ridge,EL150800460627,5.6C(58%)-3.5C,50,5,459.0,6.129050210060545,6.399385942320174,601.4755837491916,outer_fold_train_only
M3,策略＋早期特征联合 Ridge,EL150800460640,6C(40%)-3.6C,50,5,731.0,6.594413459749778,6.4760516175902945,649.4017909967235,outer_fold_train_only
M3,策略＋早期特征联合 Ridge,EL150800460641,5.2C(58%)-4C,50,5,520.0,6.253828811575473,6.37671446904353,587.992662478985,outer_fold_train_only
M3,策略＋早期特征联合 Ridge,EL150800463871,5.4C(60%)-3.6C,50,5,559.0,6.326149473155099,6.632367246971653,759.2774421034376,outer_fold_train_only
M4,P3 策略先验＋早期残差 Ridge,EL150800453113,5.4C(50%)-3C,50,1,719.0,6.577861357721047,6.347455235802242,571.0377021741492,outer_fold_train_only
M4,P3 策略先验＋早期残差 Ridge,EL150800460478,4.4C(24%)-5C,50,1,494.0,6.202535517187923,5.754371475346142,315.56714345020475,outer_fold_train_only
M4,P3 策略先验＋早期残差 Ridge,EL150800460511,5.6C(38%)-4.25C,50,1,478.0,6.169610732491456,6.0168639561305435,410.28988897137515,outer_fold_train_only
M4,P3 策略先验＋早期残差 Ridge,EL150800460518,1C(4%)-6C,50,1,300.0,5.703782474656201,6.020862164999175,411.9335973993292,outer_fold_train_only
M4,P3 策略先验＋早期残差 Ridge,EL150800460608,5.2C(37%)-4.5C,50,1,492.0,6.198478716492308,5.949467500178333,383.5490448746339,outer_fold_train_only
M4,P3 策略先验＋早期残差 Ridge,EL150800460611,4.8C(80%)-4.8C,50,1,461.0,6.133398042996649,6.617622405412455,748.164149732426,outer_fold_train_only
M4,P3 策略先验＋早期残差 Ridge,EL150800460613,6C(4%)-4.75C,50,1,487.0,6.18826412308259,6.151556133578457,469.4473414529804,outer_fold_train_only
M4,P3 策略先验＋早期残差 Ridge,EL150800460614,4.9C(27%)-4.75C,50,1,468.0,6.148468295917647,5.809509598191967,333.4555583622736,outer_fold_train_only
M4,P3 策略先验＋早期残差 Ridge,EL150800465027,4.8C(80%)-4.8C,50,1,870.0,6.76849321164863,6.904806089771401,997.0551553757122,outer_fold_train_only
M4,P3 策略先验＋早期残差 Ridge,EL150800460486,3.6C(80%)-3.6C,50,2,2160.0,7.67786350067821,7.3363814292914045,1535.1470128691594,outer_fold_train_only
M4,P3 策略先验＋早期残差 Ridge,EL150800460498,6C(31%)-4.25C,50,2,462.0,6.135564891081739,6.2013875356585455,493.43322251177614,outer_fold_train_only
M4,P3 策略先验＋早期残差 Ridge,EL150800460501,4.65C(69%)-6C,50,2,527.0,6.267200548541362,5.8977825621507245,364.22891675490405,outer_fold_train_only
M4,P3 策略先验＋早期残差 Ridge,EL150800460522,5.4C(50%)-3.6C,50,2,857.0,6.75343791859778,6.366362216324577,581.9370127298691,outer_fold_train_only
M4,P3 策略先验＋早期残差 Ridge,EL150800460525,6C(50%)-3C,50,2,742.0,6.60934924316738,6.41359808923566,610.0848764660471,outer_fold_train_only
M4,P3 策略先验＋早期残差 Ridge,EL150800460618,7C(40%)-3C,50,2,702.0,6.553933404025811,6.675419785446262,792.6801396284139,outer_fold_train_only
M4,P3 策略先验＋早期残差 Ridge,EL150800460659,5.4C(80%)-5.4C,50,2,870.0,6.76849321164863,6.1183086378636995,454.0960038285061,outer_fold_train_only
M4,P3 策略先验＋早期残差 Ridge,EL150800464977,4C(80%)-4C,50,2,1434.0,7.2682230211595655,7.01945317056918,1118.1749995377545,outer_fold_train_only
M4,P3 策略先验＋早期残差 Ridge,EL150800460485,7C(40%)-3.6C,50,3,616.0,6.423246963533519,6.960053011902435,1053.6894138421774,outer_fold_train_only
M4,P3 策略先验＋早期残差 Ridge,EL150800460506,6C(50%)-3.6C,50,3,704.0,6.556778356158042,6.738289497387705,844.1156382774379,outer_fold_train_only
M4,P3 策略先验＋早期残差 Ridge,EL150800460507,6C(30%)-3.6C,50,3,860.0,6.756932389247553,6.65788077279601,778.8985238847251,outer_fold_train_only
M4,P3 策略先验＋早期残差 Ridge,EL150800460603,4.65C(19%)-4.85C,50,3,489.0,6.192362489474872,5.978141810420381,394.70624726298854,outer_fold_train_only
M4,P3 策略先验＋早期残差 Ridge,EL150800460630,5.4C(70%)-3C,50,3,1017.0,6.92461239604856,6.44399451217101,628.9139935715763,outer_fold_train_only
M4,P3 策略先验＋早期残差 Ridge,EL150800460634,3.6C(30%)-6C,50,3,511.0,6.236369590203704,6.715292501412214,824.9250233461398,outer_fold_train_only
M4,P3 策略先验＋早期残差 Ridge,EL150800463208,4C(40%)-6C,50,3,483.0,6.180016653652572,6.677955881104989,794.6930036182397,outer_fold_train_only
M4,P3 策略先验＋早期残差 Ridge,EL150800463882,5.4C(40%)-3.6C,50,3,788.0,6.669498089857879,6.542337955426639,693.9070067052912,outer_fold_train_only
M4,P3 策略先验＋早期残差 Ridge,EL150800460466,4C(13%)-5C,50,4,477.0,6.1675164908883415,6.132832789340287,460.73949169798874,outer_fold_train_only
M4,P3 策略先验＋早期残差 Ridge,EL150800460513,5.6C(65%)-3C,50,4,429.0,6.061456918928017,6.3638235808594175,580.4615604010686,outer_fold_train_only
M4,P3 策略先验＋早期残差 Ridge,EL150800460615,6C(40%)-3C,50,4,709.0,6.5638555265321274,6.569345261753419,712.9029254837129,outer_fold_train_only
M4,P3 策略先验＋早期残差 Ridge,EL150800460628,5.2C(71%)-3C,50,4,463.0,6.137727054086234,6.594365114759024,730.9646606660054,outer_fold_train_only
M4,P3 策略先验＋早期残差 Ridge,EL150800460655,3.6C(22%)-5.5C,50,4,444.0,6.095824562432225,6.087158302160276,440.168805481839,outer_fold_train_only
M4,P3 策略先验＋早期残差 Ridge,EL150800463229,7C(30%)-3.6C,50,4,966.0,6.873163834212518,6.6619508687675655,782.0751758830071,outer_fold_train_only
M4,P3 策略先验＋早期残差 Ridge,EL150800464881,5.4C(60%)-3C,50,4,788.0,6.669498089857879,6.3811266712666255,590.5927368203495,outer_fold_train_only
M4,P3 策略先验＋早期残差 Ridge,EL150800464883,4.4C(80%)-4.4C,50,4,1074.0,6.97914527506881,6.923555243233105,1015.9254436718808,outer_fold_train_only
M4,P3 策略先验＋早期残差 Ridge,EL150800440551,4.4C(55%)-6C,50,5,461.0,6.133398042996649,5.077219156586421,160.3275895184056,outer_fold_train_only
M4,P3 策略先验＋早期残差 Ridge,EL150800453773,6C(60%)-3C,50,5,617.0,6.424869023905388,6.118484595557194,454.17591254403544,outer_fold_train_only
M4,P3 策略先验＋早期残差 Ridge,EL150800460602,2C(2%)-5C,50,5,438.0,6.082218910376446,5.865618145540841,352.7001087370158,outer_fold_train_only
M4,P3 策略先验＋早期残差 Ridge,EL150800460604,4.9C(69%)-4.25C,50,5,498.0,6.210600077024653,6.278793230374966,533.1448923998964,outer_fold_train_only
M4,P3 策略先验＋早期残差 Ridge,EL150800460627,5.6C(58%)-3.5C,50,5,459.0,6.129050210060545,6.6346566169955015,761.017700406681,outer_fold_train_only
M4,P3 策略先验＋早期残差 Ridge,EL150800460640,6C(40%)-3.6C,50,5,731.0,6.594413459749778,6.681881371499498,797.8186942911127,outer_fold_train_only
M4,P3 策略先验＋早期残差 Ridge,EL150800460641,5.2C(58%)-4C,50,5,520.0,6.253828811575473,6.146843649624736,467.2402828378578,outer_fold_train_only
M4,P3 策略先验＋早期残差 Ridge,EL150800463871,5.4C(60%)-3.6C,50,5,559.0,6.326149473155099,5.875028662956526,356.0348655364001,outer_fold_train_only
M1,策略参数 Ridge（设计前基线）,EL150800453113,5.4C(50%)-3C,100,1,719.0,6.577861357721047,6.522119377053818,680.0180738810836,outer_fold_train_only
M1,策略参数 Ridge（设计前基线）,EL150800460478,4.4C(24%)-5C,100,1,494.0,6.202535517187923,6.4130425180724355,609.7460250383199,outer_fold_train_only
M1,策略参数 Ridge（设计前基线）,EL150800460511,5.6C(38%)-4.25C,100,1,478.0,6.169610732491456,6.464669060138984,642.051847733764,outer_fold_train_only
M1,策略参数 Ridge（设计前基线）,EL150800460518,1C(4%)-6C,100,1,300.0,5.703782474656201,6.335982467733363,564.5237569989812,outer_fold_train_only
M1,策略参数 Ridge（设计前基线）,EL150800460608,5.2C(37%)-4.5C,100,1,492.0,6.198478716492308,6.45446637345314,635.5344976707244,outer_fold_train_only
M1,策略参数 Ridge（设计前基线）,EL150800460611,4.8C(80%)-4.8C,100,1,461.0,6.133398042996649,6.5269315412902245,683.2983187448043,outer_fold_train_only
M1,策略参数 Ridge（设计前基线）,EL150800460613,6C(4%)-4.75C,100,1,487.0,6.18826412308259,6.386903655917334,594.0144560893903,outer_fold_train_only
M1,策略参数 Ridge（设计前基线）,EL150800460614,4.9C(27%)-4.75C,100,1,468.0,6.148468295917647,6.42738213394885,618.5525389302885,outer_fold_train_only
M1,策略参数 Ridge（设计前基线）,EL150800465027,4.8C(80%)-4.8C,100,1,870.0,6.76849321164863,6.5269315412902245,683.2983187448043,outer_fold_train_only
M1,策略参数 Ridge（设计前基线）,EL150800460486,3.6C(80%)-3.6C,100,2,2160.0,7.67786350067821,6.381847721695436,591.0187375320273,outer_fold_train_only
M1,策略参数 Ridge（设计前基线）,EL150800460498,6C(31%)-4.25C,100,2,462.0,6.135564891081739,6.390973201871645,596.4367506925639,outer_fold_train_only
M1,策略参数 Ridge（设计前基线）,EL150800460501,4.65C(69%)-6C,100,2,527.0,6.267200548541362,6.278973187328919,533.2408441640833,outer_fold_train_only
M1,策略参数 Ridge（设计前基线）,EL150800460522,5.4C(50%)-3.6C,100,2,857.0,6.75343791859778,6.432720411461585,621.8633732530546,outer_fold_train_only
M1,策略参数 Ridge（设计前基线）,EL150800460525,6C(50%)-3C,100,2,742.0,6.60934924316738,6.5074536907020475,670.1179158474258,outer_fold_train_only
M1,策略参数 Ridge（设计前基线）,EL150800460618,7C(40%)-3C,100,2,702.0,6.553933404025811,6.54984570026774,699.1362889505982,outer_fold_train_only
M1,策略参数 Ridge（设计前基线）,EL150800460659,5.4C(80%)-5.4C,100,2,870.0,6.76849321164863,6.38655790076684,593.8091080338489,outer_fold_train_only
M1,策略参数 Ridge（设计前基线）,EL150800464977,4C(80%)-4C,100,2,1434.0,7.2682230211595655,6.382894428155748,591.6376845341704,outer_fold_train_only
M1,策略参数 Ridge（设计前基线）,EL150800460485,7C(40%)-3.6C,100,3,616.0,6.423246963533519,6.43346810740202,622.3285118421893,outer_fold_train_only
M1,策略参数 Ridge（设计前基线）,EL150800460506,6C(50%)-3.6C,100,3,704.0,6.556778356158042,6.467368364104061,643.7872820107165,outer_fold_train_only
M1,策略参数 Ridge（设计前基线）,EL150800460507,6C(30%)-3.6C,100,3,860.0,6.756932389247553,6.384918122953342,592.8361909349826,outer_fold_train_only
M1,策略参数 Ridge（设计前基线）,EL150800460603,4.65C(19%)-4.85C,100,3,489.0,6.192362489474872,6.253752028250745,519.9600742039788,outer_fold_train_only
M1,策略参数 Ridge（设计前基线）,EL150800460630,5.4C(70%)-3C,100,3,1017.0,6.92461239604856,6.581870036934336,721.8880250699599,outer_fold_train_only
M1,策略参数 Ridge（设计前基线）,EL150800460634,3.6C(30%)-6C,100,3,511.0,6.236369590203704,6.2215530496431946,503.4845616601752,outer_fold_train_only
M1,策略参数 Ridge（设计前基线）,EL150800463208,4C(40%)-6C,100,3,483.0,6.180016653652572,6.265708115767882,526.214074544707,outer_fold_train_only
M1,策略参数 Ridge（设计前基线）,EL150800463882,5.4C(40%)-3.6C,100,3,788.0,6.669498089857879,6.42174832520471,615.0775301864124,outer_fold_train_only
M1,策略参数 Ridge（设计前基线）,EL150800460466,4C(13%)-5C,100,4,477.0,6.1675164908883415,6.214004257934863,499.698170893824,outer_fold_train_only
M1,策略参数 Ridge（设计前基线）,EL150800460513,5.6C(65%)-3C,100,4,429.0,6.061456918928017,6.628459291818163,756.3160102510177,outer_fold_train_only
M1,策略参数 Ridge（设计前基线）,EL150800460615,6C(40%)-3C,100,4,709.0,6.5638555265321274,6.513464724885064,674.1581483688212,outer_fold_train_only
M1,策略参数 Ridge（设计前基线）,EL150800460628,5.2C(71%)-3C,100,4,463.0,6.137727054086234,6.656064737237859,777.48530008989,outer_fold_train_only
M1,策略参数 Ridge（设计前基线）,EL150800460655,3.6C(22%)-5.5C,100,4,444.0,6.095824562432225,6.211577903321662,498.4871956534523,outer_fold_train_only
M1,策略参数 Ridge（设计前基线）,EL150800463229,7C(30%)-3.6C,100,4,966.0,6.873163834212518,6.41485214972365,610.8504397349354,outer_fold_train_only
M1,策略参数 Ridge（设计前基线）,EL150800464881,5.4C(60%)-3C,100,4,788.0,6.669498089857879,6.60546659494342,739.1246605956709,outer_fold_train_only
M1,策略参数 Ridge（设计前基线）,EL150800464883,4.4C(80%)-4.4C,100,4,1074.0,6.97914527506881,6.574753115077098,716.7686431347423,outer_fold_train_only
M1,策略参数 Ridge（设计前基线）,EL150800440551,4.4C(55%)-6C,100,5,461.0,6.133398042996649,6.381243527428766,590.6617552534984,outer_fold_train_only
M1,策略参数 Ridge（设计前基线）,EL150800453773,6C(60%)-3C,100,5,617.0,6.424869023905388,6.636264543599737,762.2423453191744,outer_fold_train_only
M1,策略参数 Ridge（设计前基线）,EL150800460602,2C(2%)-5C,100,5,438.0,6.082218910376446,6.176156102327466,481.13894836405655,outer_fold_train_only
M1,策略参数 Ridge（设计前基线）,EL150800460604,4.9C(69%)-4.25C,100,5,498.0,6.210600077024653,6.578663351970814,719.576865155932,outer_fold_train_only
M1,策略参数 Ridge（设计前基线）,EL150800460627,5.6C(58%)-3.5C,100,5,459.0,6.129050210060545,6.586871158898876,725.5073178468024,outer_fold_train_only
M1,策略参数 Ridge（设计前基线）,EL150800460640,6C(40%)-3.6C,100,5,731.0,6.594413459749778,6.497669464945299,663.5933020728133,outer_fold_train_only
M1,策略参数 Ridge（设计前基线）,EL150800460641,5.2C(58%)-4C,100,5,520.0,6.253828811575473,6.547030672568099,697.170968445038,outer_fold_train_only
M1,策略参数 Ridge（设计前基线）,EL150800463871,5.4C(60%)-3.6C,100,5,559.0,6.326149473155099,6.58727033784197,725.7969829013962,outer_fold_train_only
M2,早期运行特征 Ridge（运行后基线）,EL150800453113,5.4C(50%)-3C,100,1,719.0,6.577861357721047,6.493443024323056,660.7945828606472,outer_fold_train_only
M2,早期运行特征 Ridge（运行后基线）,EL150800460478,4.4C(24%)-5C,100,1,494.0,6.202535517187923,6.380702404271071,590.3422209608658,outer_fold_train_only
M2,早期运行特征 Ridge（运行后基线）,EL150800460511,5.6C(38%)-4.25C,100,1,478.0,6.169610732491456,6.293546882459751,541.0690379594315,outer_fold_train_only
M2,早期运行特征 Ridge（运行后基线）,EL150800460518,1C(4%)-6C,100,1,300.0,5.703782474656201,6.360924043714324,578.7809282505278,outer_fold_train_only
M2,早期运行特征 Ridge（运行后基线）,EL150800460608,5.2C(37%)-4.5C,100,1,492.0,6.198478716492308,6.355877915694638,575.8676820795505,outer_fold_train_only
M2,早期运行特征 Ridge（运行后基线）,EL150800460611,4.8C(80%)-4.8C,100,1,461.0,6.133398042996649,6.539661240648529,692.0520992024753,outer_fold_train_only
M2,早期运行特征 Ridge（运行后基线）,EL150800460613,6C(4%)-4.75C,100,1,487.0,6.18826412308259,6.302707647968904,546.0484171809013,outer_fold_train_only
M2,早期运行特征 Ridge（运行后基线）,EL150800460614,4.9C(27%)-4.75C,100,1,468.0,6.148468295917647,6.277088492787576,532.2367945165159,outer_fold_train_only
M2,早期运行特征 Ridge（运行后基线）,EL150800465027,4.8C(80%)-4.8C,100,1,870.0,6.76849321164863,6.799145897744005,897.0807656454726,outer_fold_train_only
M2,早期运行特征 Ridge（运行后基线）,EL150800460486,3.6C(80%)-3.6C,100,2,2160.0,7.67786350067821,7.131220133571053,1250.4016936226649,outer_fold_train_only
M2,早期运行特征 Ridge（运行后基线）,EL150800460498,6C(31%)-4.25C,100,2,462.0,6.135564891081739,6.067892527872482,431.76977928567794,outer_fold_train_only
M2,早期运行特征 Ridge（运行后基线）,EL150800460501,4.65C(69%)-6C,100,2,527.0,6.267200548541362,6.19281720134386,489.2224046651233,outer_fold_train_only
M2,早期运行特征 Ridge（运行后基线）,EL150800460522,5.4C(50%)-3.6C,100,2,857.0,6.75343791859778,6.403821832533532,604.1495898186678,outer_fold_train_only
M2,早期运行特征 Ridge（运行后基线）,EL150800460525,6C(50%)-3C,100,2,742.0,6.60934924316738,6.555032588125831,702.7720514738334,outer_fold_train_only
M2,早期运行特征 Ridge（运行后基线）,EL150800460618,7C(40%)-3C,100,2,702.0,6.553933404025811,6.644349881402411,768.4303143683088,outer_fold_train_only
M2,早期运行特征 Ridge（运行后基线）,EL150800460659,5.4C(80%)-5.4C,100,2,870.0,6.76849321164863,6.701317321613336,813.4767301280968,outer_fold_train_only
M2,早期运行特征 Ridge（运行后基线）,EL150800464977,4C(80%)-4C,100,2,1434.0,7.2682230211595655,7.038449694305155,1139.6194778465792,outer_fold_train_only
M2,早期运行特征 Ridge（运行后基线）,EL150800460485,7C(40%)-3.6C,100,3,616.0,6.423246963533519,6.242230768087269,514.0038563673677,outer_fold_train_only
M2,早期运行特征 Ridge（运行后基线）,EL150800460506,6C(50%)-3.6C,100,3,704.0,6.556778356158042,6.96066755054316,1054.3371457100525,outer_fold_train_only
M2,早期运行特征 Ridge（运行后基线）,EL150800460507,6C(30%)-3.6C,100,3,860.0,6.756932389247553,6.677862382347716,794.6187042834902,outer_fold_train_only
M2,早期运行特征 Ridge（运行后基线）,EL150800460603,4.65C(19%)-4.85C,100,3,489.0,6.192362489474872,6.100953514865726,446.28310484357286,outer_fold_train_only
M2,早期运行特征 Ridge（运行后基线）,EL150800460630,5.4C(70%)-3C,100,3,1017.0,6.92461239604856,7.018017425267137,1116.5707369671113,outer_fold_train_only
M2,早期运行特征 Ridge（运行后基线）,EL150800460634,3.6C(30%)-6C,100,3,511.0,6.236369590203704,6.0790958131667745,436.63421726840636,outer_fold_train_only
M2,早期运行特征 Ridge（运行后基线）,EL150800463208,4C(40%)-6C,100,3,483.0,6.180016653652572,6.172085568982272,479.1844368818802,outer_fold_train_only
M2,早期运行特征 Ridge（运行后基线）,EL150800463882,5.4C(40%)-3.6C,100,3,788.0,6.669498089857879,7.081104300486198,1189.2811173400441,outer_fold_train_only
M2,早期运行特征 Ridge（运行后基线）,EL150800460466,4C(13%)-5C,100,4,477.0,6.1675164908883415,6.132910693567217,460.7753866500716,outer_fold_train_only
M2,早期运行特征 Ridge（运行后基线）,EL150800460513,5.6C(65%)-3C,100,4,429.0,6.061456918928017,6.1653269471534005,475.95673019765815,outer_fold_train_only
M2,早期运行特征 Ridge（运行后基线）,EL150800460615,6C(40%)-3C,100,4,709.0,6.5638555265321274,6.55752093820486,704.522971911704,outer_fold_train_only
M2,早期运行特征 Ridge（运行后基线）,EL150800460628,5.2C(71%)-3C,100,4,463.0,6.137727054086234,6.243731322246632,514.7757259632025,outer_fold_train_only
M2,早期运行特征 Ridge（运行后基线）,EL150800460655,3.6C(22%)-5.5C,100,4,444.0,6.095824562432225,6.28580423953105,536.8959099664249,outer_fold_train_only
M2,早期运行特征 Ridge（运行后基线）,EL150800463229,7C(30%)-3.6C,100,4,966.0,6.873163834212518,6.937181977374006,1029.863942021924,outer_fold_train_only
M2,早期运行特征 Ridge（运行后基线）,EL150800464881,5.4C(60%)-3C,100,4,788.0,6.669498089857879,6.427172166733059,618.4226768097399,outer_fold_train_only
M2,早期运行特征 Ridge（运行后基线）,EL150800464883,4.4C(80%)-4.4C,100,4,1074.0,6.97914527506881,6.736508681251136,842.6137612080327,outer_fold_train_only
M2,早期运行特征 Ridge（运行后基线）,EL150800440551,4.4C(55%)-6C,100,5,461.0,6.133398042996649,5.567569659312331,261.79706938440677,outer_fold_train_only
M2,早期运行特征 Ridge（运行后基线）,EL150800453773,6C(60%)-3C,100,5,617.0,6.424869023905388,6.466921900674831,643.4999186864761,outer_fold_train_only
M2,早期运行特征 Ridge（运行后基线）,EL150800460602,2C(2%)-5C,100,5,438.0,6.082218910376446,6.2017697188386665,493.62184043093526,outer_fold_train_only
M2,早期运行特征 Ridge（运行后基线）,EL150800460604,4.9C(69%)-4.25C,100,5,498.0,6.210600077024653,6.3206399278429295,555.9286328580148,outer_fold_train_only
M2,早期运行特征 Ridge（运行后基线）,EL150800460627,5.6C(58%)-3.5C,100,5,459.0,6.129050210060545,6.330975975986778,561.7045365593809,outer_fold_train_only
M2,早期运行特征 Ridge（运行后基线）,EL150800460640,6C(40%)-3.6C,100,5,731.0,6.594413459749778,6.508358546653299,670.7245504486943,outer_fold_train_only
M2,早期运行特征 Ridge（运行后基线）,EL150800460641,5.2C(58%)-4C,100,5,520.0,6.253828811575473,6.250854618838636,518.4557174122433,outer_fold_train_only
M2,早期运行特征 Ridge（运行后基线）,EL150800463871,5.4C(60%)-3.6C,100,5,559.0,6.326149473155099,6.394762044182555,598.7008419232143,outer_fold_train_only
M3,策略＋早期特征联合 Ridge,EL150800453113,5.4C(50%)-3C,100,1,719.0,6.577861357721047,6.484202329647329,654.7165079450418,outer_fold_train_only
M3,策略＋早期特征联合 Ridge,EL150800460478,4.4C(24%)-5C,100,1,494.0,6.202535517187923,6.343578728183911,568.8283552131913,outer_fold_train_only
M3,策略＋早期特征联合 Ridge,EL150800460511,5.6C(38%)-4.25C,100,1,478.0,6.169610732491456,6.330934932111567,561.6814825015938,outer_fold_train_only
M3,策略＋早期特征联合 Ridge,EL150800460518,1C(4%)-6C,100,1,300.0,5.703782474656201,6.328067533919823,560.0732248937318,outer_fold_train_only
M3,策略＋早期特征联合 Ridge,EL150800460608,5.2C(37%)-4.5C,100,1,492.0,6.198478716492308,6.37600194626845,587.5738535385617,outer_fold_train_only
M3,策略＋早期特征联合 Ridge,EL150800460611,4.8C(80%)-4.8C,100,1,461.0,6.133398042996649,6.620192646242713,750.0895851341725,outer_fold_train_only
M3,策略＋早期特征联合 Ridge,EL150800460613,6C(4%)-4.75C,100,1,487.0,6.18826412308259,6.247557820916764,516.749288102378,outer_fold_train_only
M3,策略＋早期特征联合 Ridge,EL150800460614,4.9C(27%)-4.75C,100,1,468.0,6.148468295917647,6.2845959516754135,536.2475769240208,outer_fold_train_only
M3,策略＋早期特征联合 Ridge,EL150800465027,4.8C(80%)-4.8C,100,1,870.0,6.76849321164863,6.821979482640614,917.7999822679952,outer_fold_train_only
M3,策略＋早期特征联合 Ridge,EL150800460486,3.6C(80%)-3.6C,100,2,2160.0,7.67786350067821,7.102931801298709,1215.5255349361587,outer_fold_train_only
M3,策略＋早期特征联合 Ridge,EL150800460498,6C(31%)-4.25C,100,2,462.0,6.135564891081739,6.084876256672217,439.1654655144548,outer_fold_train_only
M3,策略＋早期特征联合 Ridge,EL150800460501,4.65C(69%)-6C,100,2,527.0,6.267200548541362,6.2550018164834364,520.6103204365944,outer_fold_train_only
M3,策略＋早期特征联合 Ridge,EL150800460522,5.4C(50%)-3.6C,100,2,857.0,6.75343791859778,6.413081172008499,609.7695945777116,outer_fold_train_only
M3,策略＋早期特征联合 Ridge,EL150800460525,6C(50%)-3C,100,2,742.0,6.60934924316738,6.5777282088929745,718.9042723657686,outer_fold_train_only
M3,策略＋早期特征联合 Ridge,EL150800460618,7C(40%)-3C,100,2,702.0,6.553933404025811,6.670659522711991,788.9157407718101,outer_fold_train_only
M3,策略＋早期特征联合 Ridge,EL150800460659,5.4C(80%)-5.4C,100,2,870.0,6.76849321164863,6.737236694917898,843.2274188904798,outer_fold_train_only
M3,策略＋早期特征联合 Ridge,EL150800464977,4C(80%)-4C,100,2,1434.0,7.2682230211595655,6.994088757074587,1090.1698154447618,outer_fold_train_only
M3,策略＋早期特征联合 Ridge,EL150800460485,7C(40%)-3.6C,100,3,616.0,6.423246963533519,6.209671958792991,497.5380115437501,outer_fold_train_only
M3,策略＋早期特征联合 Ridge,EL150800460506,6C(50%)-3.6C,100,3,704.0,6.556778356158042,6.911221360160174,1003.4720949835086,outer_fold_train_only
M3,策略＋早期特征联合 Ridge,EL150800460507,6C(30%)-3.6C,100,3,860.0,6.756932389247553,6.64161020241962,766.3279432123347,outer_fold_train_only
M3,策略＋早期特征联合 Ridge,EL150800460603,4.65C(19%)-4.85C,100,3,489.0,6.192362489474872,6.070585612336524,432.9341389260144,outer_fold_train_only
M3,策略＋早期特征联合 Ridge,EL150800460630,5.4C(70%)-3C,100,3,1017.0,6.92461239604856,7.03614012357688,1136.9904831523818,outer_fold_train_only
M3,策略＋早期特征联合 Ridge,EL150800460634,3.6C(30%)-6C,100,3,511.0,6.236369590203704,6.105614734724867,448.3681842462251,outer_fold_train_only
M3,策略＋早期特征联合 Ridge,EL150800463208,4C(40%)-6C,100,3,483.0,6.180016653652572,6.203339608514819,494.397380859327,outer_fold_train_only
M3,策略＋早期特征联合 Ridge,EL150800463882,5.4C(40%)-3.6C,100,3,788.0,6.669498089857879,7.045681107297514,1147.8904061513895,outer_fold_train_only
M3,策略＋早期特征联合 Ridge,EL150800460466,4C(13%)-5C,100,4,477.0,6.1675164908883415,6.074930939981003,434.81947283836075,outer_fold_train_only
M3,策略＋早期特征联合 Ridge,EL150800460513,5.6C(65%)-3C,100,4,429.0,6.061456918928017,6.2527553810822285,519.442115622133,outer_fold_train_only
M3,策略＋早期特征联合 Ridge,EL150800460615,6C(40%)-3C,100,4,709.0,6.5638555265321274,6.516045333516615,675.9001334296396,outer_fold_train_only
M3,策略＋早期特征联合 Ridge,EL150800460628,5.2C(71%)-3C,100,4,463.0,6.137727054086234,6.348459618089274,571.6115304506798,outer_fold_train_only
M3,策略＋早期特征联合 Ridge,EL150800460655,3.6C(22%)-5.5C,100,4,444.0,6.095824562432225,6.242513751233015,514.1493313780855,outer_fold_train_only
M3,策略＋早期特征联合 Ridge,EL150800463229,7C(30%)-3.6C,100,4,966.0,6.873163834212518,6.8675370715594966,960.5798106371864,outer_fold_train_only
M3,策略＋早期特征联合 Ridge,EL150800464881,5.4C(60%)-3C,100,4,788.0,6.669498089857879,6.451814136829891,633.8511431147425,outer_fold_train_only
M3,策略＋早期特征联合 Ridge,EL150800464883,4.4C(80%)-4.4C,100,4,1074.0,6.97914527506881,6.775516928805652,876.1321439393764,outer_fold_train_only
M3,策略＋早期特征联合 Ridge,EL150800440551,4.4C(55%)-6C,100,5,461.0,6.133398042996649,5.4207304772586395,226.04418234311296,outer_fold_train_only
M3,策略＋早期特征联合 Ridge,EL150800453773,6C(60%)-3C,100,5,617.0,6.424869023905388,6.4569969544879875,637.1448058658647,outer_fold_train_only
M3,策略＋早期特征联合 Ridge,EL150800460602,2C(2%)-5C,100,5,438.0,6.082218910376446,6.399222589946665,601.3773393094278,outer_fold_train_only
M3,策略＋早期特征联合 Ridge,EL150800460604,4.9C(69%)-4.25C,100,5,498.0,6.210600077024653,6.373370737227249,586.0298560835805,outer_fold_train_only
M3,策略＋早期特征联合 Ridge,EL150800460627,5.6C(58%)-3.5C,100,5,459.0,6.129050210060545,6.367280253326352,582.4714977412277,outer_fold_train_only
M3,策略＋早期特征联合 Ridge,EL150800460640,6C(40%)-3.6C,100,5,731.0,6.594413459749778,6.450117879604665,632.776879904463,outer_fold_train_only
M3,策略＋早期特征联合 Ridge,EL150800460641,5.2C(58%)-4C,100,5,520.0,6.253828811575473,6.262471545378265,524.5136988296225,outer_fold_train_only
M3,策略＋早期特征联合 Ridge,EL150800463871,5.4C(60%)-3.6C,100,5,559.0,6.326149473155099,6.316508699856919,553.6367024349856,outer_fold_train_only
M4,P3 策略先验＋早期残差 Ridge,EL150800453113,5.4C(50%)-3C,100,1,719.0,6.577861357721047,6.475351376970728,648.9472126599314,outer_fold_train_only
M4,P3 策略先验＋早期残差 Ridge,EL150800460478,4.4C(24%)-5C,100,1,494.0,6.202535517187923,6.049629232127335,423.95581170640037,outer_fold_train_only
M4,P3 策略先验＋早期残差 Ridge,EL150800460511,5.6C(38%)-4.25C,100,1,478.0,6.169610732491456,6.161814561166894,474.28791891866024,outer_fold_train_only
M4,P3 策略先验＋早期残差 Ridge,EL150800460518,1C(4%)-6C,100,1,300.0,5.703782474656201,5.7775751342106565,322.9750689113394,outer_fold_train_only
M4,P3 策略先验＋早期残差 Ridge,EL150800460608,5.2C(37%)-4.5C,100,1,492.0,6.198478716492308,6.107346607238105,449.1453735824988,outer_fold_train_only
M4,P3 策略先验＋早期残差 Ridge,EL150800460611,4.8C(80%)-4.8C,100,1,461.0,6.133398042996649,6.848839760502059,942.7864138220023,outer_fold_train_only
M4,P3 策略先验＋早期残差 Ridge,EL150800460613,6C(4%)-4.75C,100,1,487.0,6.18826412308259,6.185575542229896,485.69241968009374,outer_fold_train_only
M4,P3 策略先验＋早期残差 Ridge,EL150800460614,4.9C(27%)-4.75C,100,1,468.0,6.148468295917647,6.0231387376368035,412.87246244743324,outer_fold_train_only
M4,P3 策略先验＋早期残差 Ridge,EL150800465027,4.8C(80%)-4.8C,100,1,870.0,6.76849321164863,6.836011313619388,930.7691744540571,outer_fold_train_only
M4,P3 策略先验＋早期残差 Ridge,EL150800460486,3.6C(80%)-3.6C,100,2,2160.0,7.67786350067821,7.574211440021216,1947.32407522956,outer_fold_train_only
M4,P3 策略先验＋早期残差 Ridge,EL150800460498,6C(31%)-4.25C,100,2,462.0,6.135564891081739,6.039495828512352,419.68139014772737,outer_fold_train_only
M4,P3 策略先验＋早期残差 Ridge,EL150800460501,4.65C(69%)-6C,100,2,527.0,6.267200548541362,5.916746208206244,371.20193295263925,outer_fold_train_only
M4,P3 策略先验＋早期残差 Ridge,EL150800460522,5.4C(50%)-3.6C,100,2,857.0,6.75343791859778,6.363409738117331,580.2213902969912,outer_fold_train_only
M4,P3 策略先验＋早期残差 Ridge,EL150800460525,6C(50%)-3C,100,2,742.0,6.60934924316738,6.5005828281145615,665.5294092807349,outer_fold_train_only
M4,P3 策略先验＋早期残差 Ridge,EL150800460618,7C(40%)-3C,100,2,702.0,6.553933404025811,6.789468547230198,888.441271767135,outer_fold_train_only
M4,P3 策略先验＋早期残差 Ridge,EL150800460659,5.4C(80%)-5.4C,100,2,870.0,6.76849321164863,6.251081697589194,518.5734610568068,outer_fold_train_only
M4,P3 策略先验＋早期残差 Ridge,EL150800464977,4C(80%)-4C,100,2,1434.0,7.2682230211595655,7.184701951209029,1319.0960247057562,outer_fold_train_only
M4,P3 策略先验＋早期残差 Ridge,EL150800460485,7C(40%)-3.6C,100,3,616.0,6.423246963533519,6.944433456523645,1037.3591216500413,outer_fold_train_only
M4,P3 策略先验＋早期残差 Ridge,EL150800460506,6C(50%)-3.6C,100,3,704.0,6.556778356158042,6.727297344718831,834.8878001286455,outer_fold_train_only
M4,P3 策略先验＋早期残差 Ridge,EL150800460507,6C(30%)-3.6C,100,3,860.0,6.756932389247553,6.662135741098862,782.2197733096418,outer_fold_train_only
M4,P3 策略先验＋早期残差 Ridge,EL150800460603,4.65C(19%)-4.85C,100,3,489.0,6.192362489474872,5.966014802666334,389.9485481758906,outer_fold_train_only
M4,P3 策略先验＋早期残差 Ridge,EL150800460630,5.4C(70%)-3C,100,3,1017.0,6.92461239604856,6.513738120452111,674.3424854153917,outer_fold_train_only
M4,P3 策略先验＋早期残差 Ridge,EL150800460634,3.6C(30%)-6C,100,3,511.0,6.236369590203704,6.704786808121765,816.3039783819894,outer_fold_train_only
M4,P3 策略先验＋早期残差 Ridge,EL150800463208,4C(40%)-6C,100,3,483.0,6.180016653652572,6.813794425927859,910.3183977281576,outer_fold_train_only
M4,P3 策略先验＋早期残差 Ridge,EL150800463882,5.4C(40%)-3.6C,100,3,788.0,6.669498089857879,6.736055556212821,842.2320383058342,outer_fold_train_only
M4,P3 策略先验＋早期残差 Ridge,EL150800460466,4C(13%)-5C,100,4,477.0,6.1675164908883415,6.150215487458453,468.81840038401873,outer_fold_train_only
M4,P3 策略先验＋早期残差 Ridge,EL150800460513,5.6C(65%)-3C,100,4,429.0,6.061456918928017,6.3727995635762165,585.6952268458665,outer_fold_train_only
M4,P3 策略先验＋早期残差 Ridge,EL150800460615,6C(40%)-3C,100,4,709.0,6.5638555265321274,6.572925874413971,715.4601301720717,outer_fold_train_only
M4,P3 策略先验＋早期残差 Ridge,EL150800460628,5.2C(71%)-3C,100,4,463.0,6.137727054086234,6.639868324234284,764.9942551834978,outer_fold_train_only
M4,P3 策略先验＋早期残差 Ridge,EL150800460655,3.6C(22%)-5.5C,100,4,444.0,6.095824562432225,6.119331337623315,454.5606452563042,outer_fold_train_only
M4,P3 策略先验＋早期残差 Ridge,EL150800463229,7C(30%)-3.6C,100,4,966.0,6.873163834212518,6.664277639564712,783.8970042299949,outer_fold_train_only
M4,P3 策略先验＋早期残差 Ridge,EL150800464881,5.4C(60%)-3C,100,4,788.0,6.669498089857879,6.370057506958406,584.0914172463404,outer_fold_train_only
M4,P3 策略先验＋早期残差 Ridge,EL150800464883,4.4C(80%)-4.4C,100,4,1074.0,6.97914527506881,6.843141655870773,937.4295945433965,outer_fold_train_only
M4,P3 策略先验＋早期残差 Ridge,EL150800440551,4.4C(55%)-6C,100,5,461.0,6.133398042996649,5.381597121251727,217.3691632503491,outer_fold_train_only
M4,P3 策略先验＋早期残差 Ridge,EL150800453773,6C(60%)-3C,100,5,617.0,6.424869023905388,6.153312035122779,470.27236888631137,outer_fold_train_only
M4,P3 策略先验＋早期残差 Ridge,EL150800460602,2C(2%)-5C,100,5,438.0,6.082218910376446,5.877558681156231,356.93678067569925,outer_fold_train_only
M4,P3 策略先验＋早期残差 Ridge,EL150800460604,4.9C(69%)-4.25C,100,5,498.0,6.210600077024653,6.080056574731261,437.0539202270486,outer_fold_train_only
M4,P3 策略先验＋早期残差 Ridge,EL150800460627,5.6C(58%)-3.5C,100,5,459.0,6.129050210060545,6.484741796150816,655.0698008566361,outer_fold_train_only
M4,P3 策略先验＋早期残差 Ridge,EL150800460640,6C(40%)-3.6C,100,5,731.0,6.594413459749778,6.650486915284689,773.1606976582544,outer_fold_train_only
M4,P3 策略先验＋早期残差 Ridge,EL150800460641,5.2C(58%)-4C,100,5,520.0,6.253828811575473,6.1559386175929935,471.5092016572227,outer_fold_train_only
M4,P3 策略先验＋早期残差 Ridge,EL150800463871,5.4C(60%)-3.6C,100,5,559.0,6.326149473155099,6.241344168722372,513.548342833601,outer_fold_train_only
