model_id,model_name,barcode,policy_table9,k,outer_fold,predicted_cycle_life,predicted_soh_nom_120,actual_soh_nom_120,prediction_role
M1,策略参数 Ridge（设计前基线）,EL150800453113,5.4C(50%)-3C,5,1,680.0180738810836,0.9655411019484441,0.970087636364,outer_fold_train_only
M1,策略参数 Ridge（设计前基线）,EL150800460478,4.4C(24%)-5C,5,1,609.7460250383199,0.9716815543936757,0.970028727273,outer_fold_train_only
M1,策略参数 Ridge（设计前基线）,EL150800460511,5.6C(38%)-4.25C,5,1,642.051847733764,0.9764334801467286,0.982467909091,outer_fold_train_only
M1,策略参数 Ridge（设计前基线）,EL150800460518,1C(4%)-6C,5,1,564.5237569989812,0.9706957071872662,0.935368727273,outer_fold_train_only
M1,策略参数 Ridge（设计前基线）,EL150800460608,5.2C(37%)-4.5C,5,1,635.5344976707244,0.9758173094178109,0.979428727273,outer_fold_train_only
M1,策略参数 Ridge（设计前基线）,EL150800460611,4.8C(80%)-4.8C,5,1,683.2983187448043,0.9702888351519281,0.96855,outer_fold_train_only
M1,策略参数 Ridge（设计前基线）,EL150800460613,6C(4%)-4.75C,5,1,594.0144560893903,0.9723835696544324,0.974183727273,outer_fold_train_only
M1,策略参数 Ridge（设计前基线）,EL150800460614,4.9C(27%)-4.75C,5,1,618.5525389302885,0.968324078720039,0.970763181818,outer_fold_train_only
M1,策略参数 Ridge（设计前基线）,EL150800465027,4.8C(80%)-4.8C,5,1,683.2983187448043,0.9941422278505128,0.995382545455,outer_fold_train_only
M1,策略参数 Ridge（设计前基线）,EL150800460486,3.6C(80%)-3.6C,5,2,591.0187375320273,0.9769068764628821,0.982120727273,outer_fold_train_only
M1,策略参数 Ridge（设计前基线）,EL150800460498,6C(31%)-4.25C,5,2,596.4367506925639,0.9758636508081721,0.979719181818,outer_fold_train_only
M1,策略参数 Ridge（设计前基线）,EL150800460501,4.65C(69%)-6C,5,2,533.2408441640833,0.975113757211573,0.971969363636,outer_fold_train_only
M1,策略参数 Ridge（设计前基线）,EL150800460522,5.4C(50%)-3.6C,5,2,621.8633732530546,0.9740727091172141,0.978713272727,outer_fold_train_only
M1,策略参数 Ridge（设计前基线）,EL150800460525,6C(50%)-3C,5,2,670.1179158474258,0.9788074592767266,0.980681909091,outer_fold_train_only
M1,策略参数 Ridge（设计前基线）,EL150800460618,7C(40%)-3C,5,2,699.1362889505982,0.9825773025418665,0.984202181818,outer_fold_train_only
M1,策略参数 Ridge（设计前基线）,EL150800460659,5.4C(80%)-5.4C,5,2,593.8091080338489,0.9875993814326329,0.989694090909,outer_fold_train_only
M1,策略参数 Ridge（设计前基线）,EL150800464977,4C(80%)-4C,5,2,591.6376845341704,0.9809961246165825,0.985516090909,outer_fold_train_only
M1,策略参数 Ridge（设计前基线）,EL150800460485,7C(40%)-3.6C,5,3,622.3285118421893,0.9856569919750442,0.985298454545,outer_fold_train_only
M1,策略参数 Ridge（设计前基线）,EL150800460506,6C(50%)-3.6C,5,3,643.7872820107165,0.9797939202679015,0.981420636364,outer_fold_train_only
M1,策略参数 Ridge（设计前基线）,EL150800460507,6C(30%)-3.6C,5,3,592.8361909349826,0.9791477584833372,0.981020363636,outer_fold_train_only
M1,策略参数 Ridge（设计前基线）,EL150800460603,4.65C(19%)-4.85C,5,3,519.9600742039788,0.9779203150666567,0.976471545455,outer_fold_train_only
M1,策略参数 Ridge（设计前基线）,EL150800460630,5.4C(70%)-3C,5,3,721.8880250699599,0.9777504605224225,0.979219,outer_fold_train_only
M1,策略参数 Ridge（设计前基线）,EL150800460634,3.6C(30%)-6C,5,3,503.4845616601752,0.9700572958831094,0.950255090909,outer_fold_train_only
M1,策略参数 Ridge（设计前基线）,EL150800463208,4C(40%)-6C,5,3,526.214074544707,0.9803214519836014,0.970479545455,outer_fold_train_only
M1,策略参数 Ridge（设计前基线）,EL150800463882,5.4C(40%)-3.6C,5,3,615.0775301864124,0.9580474525928492,0.962972,outer_fold_train_only
M1,策略参数 Ridge（设计前基线）,EL150800460466,4C(13%)-5C,5,4,499.698170893824,0.9725050396322691,0.970868,outer_fold_train_only
M1,策略参数 Ridge（设计前基线）,EL150800460513,5.6C(65%)-3C,5,4,756.3160102510177,0.9734677055409696,0.975053818182,outer_fold_train_only
M1,策略参数 Ridge（设计前基线）,EL150800460615,6C(40%)-3C,5,4,674.1581483688212,0.9823155577402857,0.982214181818,outer_fold_train_only
M1,策略参数 Ridge（设计前基线）,EL150800460628,5.2C(71%)-3C,5,4,777.48530008989,0.9738092784285672,0.972732090909,outer_fold_train_only
M1,策略参数 Ridge（设计前基线）,EL150800460655,3.6C(22%)-5.5C,5,4,498.4871956534523,0.9732652290152384,0.964618090909,outer_fold_train_only
M1,策略参数 Ridge（设计前基线）,EL150800463229,7C(30%)-3.6C,5,4,610.8504397349354,0.985008982426198,0.986640818182,outer_fold_train_only
M1,策略参数 Ridge（设计前基线）,EL150800464881,5.4C(60%)-3C,5,4,739.1246605956709,0.9876703065307257,0.987258909091,outer_fold_train_only
M1,策略参数 Ridge（设计前基线）,EL150800464883,4.4C(80%)-4.4C,5,4,716.7686431347423,0.9793622249645222,0.981087272727,outer_fold_train_only
M1,策略参数 Ridge（设计前基线）,EL150800440551,4.4C(55%)-6C,5,5,590.6617552534984,0.9510940590514714,0.934885272727,outer_fold_train_only
M1,策略参数 Ridge（设计前基线）,EL150800453773,6C(60%)-3C,5,5,762.2423453191744,0.9743773390319289,0.976511363636,outer_fold_train_only
M1,策略参数 Ridge（设计前基线）,EL150800460602,2C(2%)-5C,5,5,481.13894836405655,0.9733176975846777,0.976273818182,outer_fold_train_only
M1,策略参数 Ridge（设计前基线）,EL150800460604,4.9C(69%)-4.25C,5,5,719.576865155932,0.9739745384882532,0.979923727273,outer_fold_train_only
M1,策略参数 Ridge（设计前基线）,EL150800460627,5.6C(58%)-3.5C,5,5,725.5073178468024,0.9807434491611206,0.986781909091,outer_fold_train_only
M1,策略参数 Ridge（设计前基线）,EL150800460640,6C(40%)-3.6C,5,5,663.5933020728133,0.9786278534186968,0.980542454545,outer_fold_train_only
M1,策略参数 Ridge（设计前基线）,EL150800460641,5.2C(58%)-4C,5,5,697.170968445038,0.9804233834003101,0.985408909091,outer_fold_train_only
M1,策略参数 Ridge（设计前基线）,EL150800463871,5.4C(60%)-3.6C,5,5,725.7969829013962,0.9831546411691084,0.975936909091,outer_fold_train_only
M2,早期运行特征 Ridge（运行后基线）,EL150800453113,5.4C(50%)-3C,5,1,580.6801004603568,0.9646444939988786,0.970087636364,outer_fold_train_only
M2,早期运行特征 Ridge（运行后基线）,EL150800460478,4.4C(24%)-5C,5,1,567.2513700774842,0.9710926021707955,0.970028727273,outer_fold_train_only
M2,早期运行特征 Ridge（运行后基线）,EL150800460511,5.6C(38%)-4.25C,5,1,509.32583539781973,0.974623299873959,0.982467909091,outer_fold_train_only
M2,早期运行特征 Ridge（运行后基线）,EL150800460518,1C(4%)-6C,5,1,863.8067562647695,0.9733075543689584,0.935368727273,outer_fold_train_only
M2,早期运行特征 Ridge（运行后基线）,EL150800460608,5.2C(37%)-4.5C,5,1,588.4895640786567,0.9753394577048704,0.979428727273,outer_fold_train_only
M2,早期运行特征 Ridge（运行后基线）,EL150800460611,4.8C(80%)-4.8C,5,1,604.9092066562546,0.9693733575620456,0.96855,outer_fold_train_only
M2,早期运行特征 Ridge（运行后基线）,EL150800460613,6C(4%)-4.75C,5,1,518.417356838248,0.9712701203024903,0.974183727273,outer_fold_train_only
M2,早期运行特征 Ridge（运行后基线）,EL150800460614,4.9C(27%)-4.75C,5,1,553.8071929405567,0.9675855239813296,0.970763181818,outer_fold_train_only
M2,早期运行特征 Ridge（运行后基线）,EL150800465027,4.8C(80%)-4.8C,5,1,786.8269036213497,0.9951278407803663,0.995382545455,outer_fold_train_only
M2,早期运行特征 Ridge（运行后基线）,EL150800460486,3.6C(80%)-3.6C,5,2,1014.7071428653836,0.980136818182,0.982120727273,outer_fold_train_only
M2,早期运行特征 Ridge（运行后基线）,EL150800460498,6C(31%)-4.25C,5,2,458.4718500876992,0.9735099980148844,0.979719181818,outer_fold_train_only
M2,早期运行特征 Ridge（运行后基线）,EL150800460501,4.65C(69%)-6C,5,2,488.8729610891748,0.9742864626783604,0.971969363636,outer_fold_train_only
M2,早期运行特征 Ridge（运行后基线）,EL150800460522,5.4C(50%)-3.6C,5,2,542.0177843153094,0.9731141993785594,0.978713272727,outer_fold_train_only
M2,早期运行特征 Ridge（运行后基线）,EL150800460525,6C(50%)-3C,5,2,678.8803669189451,0.9788440922813961,0.980681909091,outer_fold_train_only
M2,早期运行特征 Ridge（运行后基线）,EL150800460618,7C(40%)-3C,5,2,777.8897519727323,0.983129403192126,0.984202181818,outer_fold_train_only
M2,早期运行特征 Ridge（运行后基线）,EL150800460659,5.4C(80%)-5.4C,5,2,786.0360798868052,0.9899152060302573,0.989694090909,outer_fold_train_only
M2,早期运行特征 Ridge（运行后基线）,EL150800464977,4C(80%)-4C,5,2,908.7100237137307,0.9840339975242459,0.985516090909,outer_fold_train_only
M2,早期运行特征 Ridge（运行后基线）,EL150800460485,7C(40%)-3.6C,5,3,573.6811090605913,0.9850714785950714,0.985298454545,outer_fold_train_only
M2,早期运行特征 Ridge（运行后基线）,EL150800460506,6C(50%)-3.6C,5,3,1151.7877877856654,0.982270545455,0.981420636364,outer_fold_train_only
M2,早期运行特征 Ridge（运行后基线）,EL150800460507,6C(30%)-3.6C,5,3,829.3523935131816,0.9815042669805873,0.981020363636,outer_fold_train_only
M2,早期运行特征 Ridge（运行后基线）,EL150800460603,4.65C(19%)-4.85C,5,3,532.1567666727993,0.9779203150666567,0.976471545455,outer_fold_train_only
M2,早期运行特征 Ridge（运行后基线）,EL150800460630,5.4C(70%)-3C,5,3,1153.4880410507933,0.978613727273,0.979219,outer_fold_train_only
M2,早期运行特征 Ridge（运行后基线）,EL150800460634,3.6C(30%)-6C,5,3,603.9242694883682,0.9712678861510793,0.950255090909,outer_fold_train_only
M2,早期运行特征 Ridge（运行后基线）,EL150800463208,4C(40%)-6C,5,3,594.7799527413558,0.9815056783659879,0.970479545455,outer_fold_train_only
M2,早期运行特征 Ridge（运行后基线）,EL150800463882,5.4C(40%)-3.6C,5,3,918.2941547588701,0.960283899123212,0.962972,outer_fold_train_only
M2,早期运行特征 Ridge（运行后基线）,EL150800460466,4C(13%)-5C,5,4,499.1529786146971,0.9725050396322691,0.970868,outer_fold_train_only
M2,早期运行特征 Ridge（运行后基线）,EL150800460513,5.6C(65%)-3C,5,4,455.87115854261367,0.9689287186138972,0.975053818182,outer_fold_train_only
M2,早期运行特征 Ridge（运行后基线）,EL150800460615,6C(40%)-3C,5,4,665.673055107,0.9823155577402857,0.982214181818,outer_fold_train_only
M2,早期运行特征 Ridge（运行后基线）,EL150800460628,5.2C(71%)-3C,5,4,563.2907520428812,0.9714701211208593,0.972732090909,outer_fold_train_only
M2,早期运行特征 Ridge（运行后基线）,EL150800460655,3.6C(22%)-5.5C,5,4,612.3883322344594,0.9753111481271372,0.964618090909,outer_fold_train_only
M2,早期运行特征 Ridge（运行后基线）,EL150800463229,7C(30%)-3.6C,5,4,1072.9594656289235,0.98734,0.986640818182,outer_fold_train_only
M2,早期运行特征 Ridge（运行后基线）,EL150800464881,5.4C(60%)-3C,5,4,606.1339526904294,0.9861163649227498,0.987258909091,outer_fold_train_only
M2,早期运行特征 Ridge（运行后基线）,EL150800464883,4.4C(80%)-4.4C,5,4,764.3017827850693,0.9797960195871446,0.981087272727,outer_fold_train_only
M2,早期运行特征 Ridge（运行后基线）,EL150800440551,4.4C(55%)-6C,5,5,342.51648537449717,0.9463038194397738,0.934885272727,outer_fold_train_only
M2,早期运行特征 Ridge（运行后基线）,EL150800453773,6C(60%)-3C,5,5,672.098506280709,0.9738836891447727,0.976511363636,outer_fold_train_only
M2,早期运行特征 Ridge（运行后基线）,EL150800460602,2C(2%)-5C,5,5,460.3679164682601,0.9729814107208885,0.976273818182,outer_fold_train_only
M2,早期运行特征 Ridge（运行后基线）,EL150800460604,4.9C(69%)-4.25C,5,5,474.14132486965644,0.9717312815666403,0.979923727273,outer_fold_train_only
M2,早期运行特征 Ridge（运行后基线）,EL150800460627,5.6C(58%)-3.5C,5,5,497.69180876555623,0.9789031890209203,0.986781909091,outer_fold_train_only
M2,早期运行特征 Ridge（运行后基线）,EL150800460640,6C(40%)-3.6C,5,5,674.5524074126837,0.9786645441979999,0.980542454545,outer_fold_train_only
M2,早期运行特征 Ridge（运行后基线）,EL150800460641,5.2C(58%)-4C,5,5,504.8327425791528,0.9788135938681873,0.985408909091,outer_fold_train_only
M2,早期运行特征 Ridge（运行后基线）,EL150800463871,5.4C(60%)-3.6C,5,5,626.9779311520938,0.9825181779602697,0.975936909091,outer_fold_train_only
M3,策略＋早期特征联合 Ridge,EL150800453113,5.4C(50%)-3C,5,1,606.657424575268,0.9647274010955657,0.970087636364,outer_fold_train_only
M3,策略＋早期特征联合 Ridge,EL150800460478,4.4C(24%)-5C,5,1,497.12198016901414,0.9698598867972681,0.970028727273,outer_fold_train_only
M3,策略＋早期特征联合 Ridge,EL150800460511,5.6C(38%)-4.25C,5,1,504.0412418263866,0.9743646336877518,0.982467909091,outer_fold_train_only
M3,策略＋早期特征联合 Ridge,EL150800460518,1C(4%)-6C,5,1,767.1091256371802,0.9728660807900346,0.935368727273,outer_fold_train_only
M3,策略＋早期特征联合 Ridge,EL150800460608,5.2C(37%)-4.5C,5,1,532.9052925086621,0.9746030494436796,0.979428727273,outer_fold_train_only
M3,策略＋早期特征联合 Ridge,EL150800460611,4.8C(80%)-4.8C,5,1,651.5728501938117,0.9701769074784315,0.96855,outer_fold_train_only
M3,策略＋早期特征联合 Ridge,EL150800460613,6C(4%)-4.75C,5,1,455.9879181393288,0.9701412243847921,0.974183727273,outer_fold_train_only
M3,策略＋早期特征联合 Ridge,EL150800460614,4.9C(27%)-4.75C,5,1,516.3030612688908,0.966940799338128,0.970763181818,outer_fold_train_only
M3,策略＋早期特征联合 Ridge,EL150800465027,4.8C(80%)-4.8C,5,1,807.5984520047142,0.9952086307501763,0.995382545455,outer_fold_train_only
M3,策略＋早期特征联合 Ridge,EL150800460486,3.6C(80%)-3.6C,5,2,1018.5355318492334,0.980136818182,0.982120727273,outer_fold_train_only
M3,策略＋早期特征联合 Ridge,EL150800460498,6C(31%)-4.25C,5,2,466.8340616554917,0.9740507715951086,0.979719181818,outer_fold_train_only
M3,策略＋早期特征联合 Ridge,EL150800460501,4.65C(69%)-6C,5,2,507.25854638701423,0.9745158862490377,0.971969363636,outer_fold_train_only
M3,策略＋早期特征联合 Ridge,EL150800460522,5.4C(50%)-3.6C,5,2,577.7674476667403,0.9736544408092299,0.978713272727,outer_fold_train_only
M3,策略＋早期特征联合 Ridge,EL150800460525,6C(50%)-3C,5,2,716.2986907692868,0.9790685724414688,0.980681909091,outer_fold_train_only
M3,策略＋早期特征联合 Ridge,EL150800460618,7C(40%)-3C,5,2,805.620759571024,0.983305488128743,0.984202181818,outer_fold_train_only
M3,策略＋早期特征联合 Ridge,EL150800460659,5.4C(80%)-5.4C,5,2,794.2916354362453,0.9899876854521323,0.989694090909,outer_fold_train_only
M3,策略＋早期特征联合 Ridge,EL150800464977,4C(80%)-4C,5,2,918.4788958821755,0.9840911775703987,0.985516090909,outer_fold_train_only
M3,策略＋早期特征联合 Ridge,EL150800460485,7C(40%)-3.6C,5,3,589.1612151868288,0.9855139541985415,0.985298454545,outer_fold_train_only
M3,策略＋早期特征联合 Ridge,EL150800460506,6C(50%)-3.6C,5,3,1099.8852216105447,0.982270545455,0.981420636364,outer_fold_train_only
M3,策略＋早期特征联合 Ridge,EL150800460507,6C(30%)-3.6C,5,3,769.4769866395932,0.9813775605968124,0.981020363636,outer_fold_train_only
M3,策略＋早期特征联合 Ridge,EL150800460603,4.65C(19%)-4.85C,5,3,462.6492791927705,0.9772524160056038,0.976471545455,outer_fold_train_only
M3,策略＋早期特征联合 Ridge,EL150800460630,5.4C(70%)-3C,5,3,1205.4676912654652,0.978613727273,0.979219,outer_fold_train_only
M3,策略＋早期特征联合 Ridge,EL150800460634,3.6C(30%)-6C,5,3,514.488839977153,0.9700572958831094,0.950255090909,outer_fold_train_only
M3,策略＋早期特征联合 Ridge,EL150800463208,4C(40%)-6C,5,3,525.0363314054447,0.9803214519836014,0.970479545455,outer_fold_train_only
M3,策略＋早期特征联合 Ridge,EL150800463882,5.4C(40%)-3.6C,5,3,902.2402094531857,0.960283899123212,0.962972,outer_fold_train_only
M3,策略＋早期特征联合 Ridge,EL150800460466,4C(13%)-5C,5,4,444.49240193758266,0.9710858522918364,0.970868,outer_fold_train_only
M3,策略＋早期特征联合 Ridge,EL150800460513,5.6C(65%)-3C,5,4,563.8671100913706,0.9713041643238927,0.975053818182,outer_fold_train_only
M3,策略＋早期特征联合 Ridge,EL150800460615,6C(40%)-3C,5,4,650.8958889208335,0.9822834895116982,0.982214181818,outer_fold_train_only
M3,策略＋早期特征联合 Ridge,EL150800460628,5.2C(71%)-3C,5,4,665.4391600953943,0.9729231167893035,0.972732090909,outer_fold_train_only
M3,策略＋早期特征联合 Ridge,EL150800460655,3.6C(22%)-5.5C,5,4,527.8774388518565,0.9742045381842643,0.964618090909,outer_fold_train_only
M3,策略＋早期特征联合 Ridge,EL150800463229,7C(30%)-3.6C,5,4,921.7523916241532,0.9871292344277254,0.986640818182,outer_fold_train_only
M3,策略＋早期特征联合 Ridge,EL150800464881,5.4C(60%)-3C,5,4,659.5798557905116,0.9870667914625186,0.987258909091,outer_fold_train_only
M3,策略＋早期特征联合 Ridge,EL150800464883,4.4C(80%)-4.4C,5,4,826.1925404441175,0.9802296998649925,0.981087272727,outer_fold_train_only
M3,策略＋早期特征联合 Ridge,EL150800440551,4.4C(55%)-6C,5,5,398.1650463093324,0.9475334940675889,0.934885272727,outer_fold_train_only
M3,策略＋早期特征联合 Ridge,EL150800453773,6C(60%)-3C,5,5,734.9641970917563,0.9742161221748694,0.976511363636,outer_fold_train_only
M3,策略＋早期特征联合 Ridge,EL150800460602,2C(2%)-5C,5,5,390.8695705648259,0.9703945260365366,0.976273818182,outer_fold_train_only
M3,策略＋早期特征联合 Ridge,EL150800460604,4.9C(69%)-4.25C,5,5,585.3144523355419,0.9733046803914777,0.979923727273,outer_fold_train_only
M3,策略＋早期特征联合 Ridge,EL150800460627,5.6C(58%)-3.5C,5,5,559.1007624822387,0.9795525969418433,0.986781909091,outer_fold_train_only
M3,策略＋早期特征联合 Ridge,EL150800460640,6C(40%)-3.6C,5,5,682.7691690345059,0.9787093780897596,0.980542454545,outer_fold_train_only
M3,策略＋早期特征联合 Ridge,EL150800460641,5.2C(58%)-4C,5,5,576.6820207432224,0.9798503164022905,0.985408909091,outer_fold_train_only
M3,策略＋早期特征联合 Ridge,EL150800463871,5.4C(60%)-3.6C,5,5,693.237369126134,0.9829658134711348,0.975936909091,outer_fold_train_only
M4,P3 策略先验＋早期残差 Ridge,EL150800453113,5.4C(50%)-3C,5,1,525.3641364028762,0.9638072527538647,0.970087636364,outer_fold_train_only
M4,P3 策略先验＋早期残差 Ridge,EL150800460478,4.4C(24%)-5C,5,1,219.48949463267806,0.9553739231150579,0.970028727273,outer_fold_train_only
M4,P3 策略先验＋早期残差 Ridge,EL150800460511,5.6C(38%)-4.25C,5,1,513.1330208263678,0.9746295369181242,0.982467909091,outer_fold_train_only
M4,P3 策略先验＋早期残差 Ridge,EL150800460518,1C(4%)-6C,5,1,401.59246840788654,0.9672580157498395,0.935368727273,outer_fold_train_only
M4,P3 策略先验＋早期残差 Ridge,EL150800460608,5.2C(37%)-4.5C,5,1,392.16384696149424,0.971165139202619,0.979428727273,outer_fold_train_only
M4,P3 策略先验＋早期残差 Ridge,EL150800460611,4.8C(80%)-4.8C,5,1,924.0384310147163,0.9715204764576988,0.96855,outer_fold_train_only
M4,P3 策略先验＋早期残差 Ridge,EL150800460613,6C(4%)-4.75C,5,1,458.5884129098706,0.9701412243847921,0.974183727273,outer_fold_train_only
M4,P3 策略先验＋早期残差 Ridge,EL150800460614,4.9C(27%)-4.75C,5,1,406.0892884632148,0.9644500601121486,0.970763181818,outer_fold_train_only
M4,P3 策略先验＋早期残差 Ridge,EL150800465027,4.8C(80%)-4.8C,5,1,849.0694940976329,0.995477951588637,0.995382545455,outer_fold_train_only
M4,P3 策略先验＋早期残差 Ridge,EL150800460486,3.6C(80%)-3.6C,5,2,1537.431405295946,0.980136818182,0.982120727273,outer_fold_train_only
M4,P3 策略先验＋早期残差 Ridge,EL150800460498,6C(31%)-4.25C,5,2,483.75855983386253,0.9740726504413544,0.979719181818,outer_fold_train_only
M4,P3 策略先验＋早期残差 Ridge,EL150800460501,4.65C(69%)-6C,5,2,366.90050327369846,0.9712009002063354,0.971969363636,outer_fold_train_only
M4,P3 策略先验＋早期残差 Ridge,EL150800460522,5.4C(50%)-3.6C,5,2,578.013614798926,0.9736544408092299,0.978713272727,outer_fold_train_only
M4,P3 策略先验＋早期残差 Ridge,EL150800460525,6C(50%)-3C,5,2,610.9227447023948,0.9774316945418462,0.980681909091,outer_fold_train_only
M4,P3 策略先验＋早期残差 Ridge,EL150800460618,7C(40%)-3C,5,2,801.6615326992568,0.9833038445611947,0.984202181818,outer_fold_train_only
M4,P3 策略先验＋早期残差 Ridge,EL150800460659,5.4C(80%)-5.4C,5,2,454.60494089004817,0.9850848816319787,0.989694090909,outer_fold_train_only
M4,P3 策略先验＋早期残差 Ridge,EL150800464977,4C(80%)-4C,5,2,1120.462505782666,0.984300727273,0.985516090909,outer_fold_train_only
M4,P3 策略先验＋早期残差 Ridge,EL150800460485,7C(40%)-3.6C,5,3,1076.2217341938428,0.988417,0.985298454545,outer_fold_train_only
M4,P3 策略先验＋早期残差 Ridge,EL150800460506,6C(50%)-3.6C,5,3,894.4154114724968,0.9821336593257445,0.981420636364,outer_fold_train_only
M4,P3 策略先验＋早期残差 Ridge,EL150800460507,6C(30%)-3.6C,5,3,714.6967641398269,0.9809988331098862,0.981020363636,outer_fold_train_only
M4,P3 策略先验＋早期残差 Ridge,EL150800460603,4.65C(19%)-4.85C,5,3,325.01552406934417,0.9726529017913784,0.976471545455,outer_fold_train_only
M4,P3 策略先验＋早期残差 Ridge,EL150800460630,5.4C(70%)-3C,5,3,666.938168802008,0.9767307766512074,0.979219,outer_fold_train_only
M4,P3 策略先验＋早期残差 Ridge,EL150800460634,3.6C(30%)-6C,5,3,481.0963218645228,0.9696349238361737,0.950255090909,outer_fold_train_only
M4,P3 策略先验＋早期残差 Ridge,EL150800463208,4C(40%)-6C,5,3,538.4849323872037,0.9805505386527027,0.970479545455,outer_fold_train_only
M4,P3 策略先验＋早期残差 Ridge,EL150800463882,5.4C(40%)-3.6C,5,3,877.377030938311,0.960283899123212,0.962972,outer_fold_train_only
M4,P3 策略先验＋早期残差 Ridge,EL150800460466,4C(13%)-5C,5,4,455.3010462890818,0.971399951965243,0.970868,outer_fold_train_only
M4,P3 策略先验＋早期残差 Ridge,EL150800460513,5.6C(65%)-3C,5,4,597.5471451313441,0.9718002289549225,0.975053818182,outer_fold_train_only
M4,P3 策略先验＋早期残差 Ridge,EL150800460615,6C(40%)-3C,5,4,739.5228812560729,0.9828835701598938,0.982214181818,outer_fold_train_only
M4,P3 策略先验＋早期残差 Ridge,EL150800460628,5.2C(71%)-3C,5,4,779.8120969016886,0.9738348365841669,0.972732090909,outer_fold_train_only
M4,P3 策略先验＋早期残差 Ridge,EL150800460655,3.6C(22%)-5.5C,5,4,467.8590608866493,0.972387049543681,0.964618090909,outer_fold_train_only
M4,P3 策略先验＋早期残差 Ridge,EL150800463229,7C(30%)-3.6C,5,4,700.9370312219348,0.9859952192090948,0.986640818182,outer_fold_train_only
M4,P3 策略先验＋早期残差 Ridge,EL150800464881,5.4C(60%)-3C,5,4,608.8983952514111,0.9862251740646308,0.987258909091,outer_fold_train_only
M4,P3 策略先验＋早期残差 Ridge,EL150800464883,4.4C(80%)-4.4C,5,4,1012.7205062136738,0.9803173918480076,0.981087272727,outer_fold_train_only
M4,P3 策略先验＋早期残差 Ridge,EL150800440551,4.4C(55%)-6C,5,5,314.38468436718193,0.9450864267767902,0.934885272727,outer_fold_train_only
M4,P3 策略先验＋早期残差 Ridge,EL150800453773,6C(60%)-3C,5,5,506.69247956151605,0.9724642523898892,0.976511363636,outer_fold_train_only
M4,P3 策略先验＋早期残差 Ridge,EL150800460602,2C(2%)-5C,5,5,353.1044447917907,0.9701778043143756,0.976273818182,outer_fold_train_only
M4,P3 策略先验＋早期残差 Ridge,EL150800460604,4.9C(69%)-4.25C,5,5,463.69330679076046,0.9714722796237885,0.979923727273,outer_fold_train_only
M4,P3 策略先验＋早期残差 Ridge,EL150800460627,5.6C(58%)-3.5C,5,5,614.1630989497946,0.9801188437467468,0.986781909091,outer_fold_train_only
M4,P3 策略先验＋早期残差 Ridge,EL150800460640,6C(40%)-3.6C,5,5,812.2485339609406,0.9797127176915867,0.980542454545,outer_fold_train_only
M4,P3 策略先验＋早期残差 Ridge,EL150800460641,5.2C(58%)-4C,5,5,486.47288536522575,0.9783363364224114,0.985408909091,outer_fold_train_only
M4,P3 策略先验＋早期残差 Ridge,EL150800463871,5.4C(60%)-3.6C,5,5,661.4194497062251,0.982767561309181,0.975936909091,outer_fold_train_only
M1,策略参数 Ridge（设计前基线）,EL150800453113,5.4C(50%)-3C,10,1,680.0180738810836,0.9673141990961708,0.970087636364,outer_fold_train_only
M1,策略参数 Ridge（设计前基线）,EL150800460478,4.4C(24%)-5C,10,1,609.7460250383199,0.9725123943202222,0.970028727273,outer_fold_train_only
M1,策略参数 Ridge（设计前基线）,EL150800460511,5.6C(38%)-4.25C,10,1,642.051847733764,0.9777550366923942,0.982467909091,outer_fold_train_only
M1,策略参数 Ridge（设计前基线）,EL150800460518,1C(4%)-6C,10,1,564.5237569989812,0.9719831983154955,0.935368727273,outer_fold_train_only
M1,策略参数 Ridge（设计前基线）,EL150800460608,5.2C(37%)-4.5C,10,1,635.5344976707244,0.9773763382664202,0.979428727273,outer_fold_train_only
M1,策略参数 Ridge（设计前基线）,EL150800460611,4.8C(80%)-4.8C,10,1,683.2983187448043,0.9715196609232748,0.96855,outer_fold_train_only
M1,策略参数 Ridge（设计前基线）,EL150800460613,6C(4%)-4.75C,10,1,594.0144560893903,0.9730300168495182,0.974183727273,outer_fold_train_only
M1,策略参数 Ridge（设计前基线）,EL150800460614,4.9C(27%)-4.75C,10,1,618.5525389302885,0.9698624230961521,0.970763181818,outer_fold_train_only
M1,策略参数 Ridge（设计前基线）,EL150800465027,4.8C(80%)-4.8C,10,1,683.2983187448043,0.9951411303163293,0.995382545455,outer_fold_train_only
M1,策略参数 Ridge（设计前基线）,EL150800460486,3.6C(80%)-3.6C,10,2,591.0187375320273,0.9783586430330543,0.982120727273,outer_fold_train_only
M1,策略参数 Ridge（设计前基线）,EL150800460498,6C(31%)-4.25C,10,2,596.4367506925639,0.9770391880096347,0.979719181818,outer_fold_train_only
M1,策略参数 Ridge（设计前基线）,EL150800460501,4.65C(69%)-6C,10,2,533.2408441640833,0.9760353931199811,0.971969363636,outer_fold_train_only
M1,策略参数 Ridge（设计前基线）,EL150800460522,5.4C(50%)-3.6C,10,2,621.8633732530546,0.9751854785808426,0.978713272727,outer_fold_train_only
M1,策略参数 Ridge（设计前基线）,EL150800460525,6C(50%)-3C,10,2,670.1179158474258,0.9799746079128602,0.980681909091,outer_fold_train_only
M1,策略参数 Ridge（设计前基线）,EL150800460618,7C(40%)-3C,10,2,699.1362889505982,0.9835463294679211,0.984202181818,outer_fold_train_only
M1,策略参数 Ridge（设计前基线）,EL150800460659,5.4C(80%)-5.4C,10,2,593.8091080338489,0.988410392287612,0.989694090909,outer_fold_train_only
M1,策略参数 Ridge（设计前基线）,EL150800464977,4C(80%)-4C,10,2,591.6376845341704,0.9824040551747079,0.985516090909,outer_fold_train_only
M1,策略参数 Ridge（设计前基线）,EL150800460485,7C(40%)-3.6C,10,3,622.3285118421893,0.9865147853299583,0.985298454545,outer_fold_train_only
M1,策略参数 Ridge（设计前基线）,EL150800460506,6C(50%)-3.6C,10,3,643.7872820107165,0.9807277837576523,0.981420636364,outer_fold_train_only
M1,策略参数 Ridge（设计前基线）,EL150800460507,6C(30%)-3.6C,10,3,592.8361909349826,0.9798863818316819,0.981020363636,outer_fold_train_only
M1,策略参数 Ridge（设计前基线）,EL150800460603,4.65C(19%)-4.85C,10,3,519.9600742039788,0.978398728391941,0.976471545455,outer_fold_train_only
M1,策略参数 Ridge（设计前基线）,EL150800460630,5.4C(70%)-3C,10,3,721.8880250699599,0.9788622428342785,0.979219,outer_fold_train_only
M1,策略参数 Ridge（设计前基线）,EL150800460634,3.6C(30%)-6C,10,3,503.4845616601752,0.9710669240905686,0.950255090909,outer_fold_train_only
M1,策略参数 Ridge（设计前基线）,EL150800463208,4C(40%)-6C,10,3,526.214074544707,0.9805996964617986,0.970479545455,outer_fold_train_only
M1,策略参数 Ridge（设计前基线）,EL150800463882,5.4C(40%)-3.6C,10,3,615.0775301864124,0.9595303387859705,0.962972,outer_fold_train_only
M1,策略参数 Ridge（设计前基线）,EL150800460466,4C(13%)-5C,10,4,499.698170893824,0.973242865284549,0.970868,outer_fold_train_only
M1,策略参数 Ridge（设计前基线）,EL150800460513,5.6C(65%)-3C,10,4,756.3160102510177,0.9750230088665385,0.975053818182,outer_fold_train_only
M1,策略参数 Ridge（设计前基线）,EL150800460615,6C(40%)-3C,10,4,674.1581483688212,0.9833787100240782,0.982214181818,outer_fold_train_only
M1,策略参数 Ridge（设计前基线）,EL150800460628,5.2C(71%)-3C,10,4,777.48530008989,0.9746693251009885,0.972732090909,outer_fold_train_only
M1,策略参数 Ridge（设计前基线）,EL150800460655,3.6C(22%)-5.5C,10,4,498.4871956534523,0.9732864390625159,0.964618090909,outer_fold_train_only
M1,策略参数 Ridge（设计前基线）,EL150800463229,7C(30%)-3.6C,10,4,610.8504397349354,0.9859916917060937,0.986640818182,outer_fold_train_only
M1,策略参数 Ridge（设计前基线）,EL150800464881,5.4C(60%)-3C,10,4,739.1246605956709,0.9887169208186614,0.987258909091,outer_fold_train_only
M1,策略参数 Ridge（设计前基线）,EL150800464883,4.4C(80%)-4.4C,10,4,716.7686431347423,0.9808555007394096,0.981087272727,outer_fold_train_only
M1,策略参数 Ridge（设计前基线）,EL150800440551,4.4C(55%)-6C,10,5,590.6617552534984,0.9505840002412652,0.934885272727,outer_fold_train_only
M1,策略参数 Ridge（设计前基线）,EL150800453773,6C(60%)-3C,10,5,762.2423453191744,0.9755108719422003,0.976511363636,outer_fold_train_only
M1,策略参数 Ridge（设计前基线）,EL150800460602,2C(2%)-5C,10,5,481.13894836405655,0.9746381839550748,0.976273818182,outer_fold_train_only
M1,策略参数 Ridge（设计前基线）,EL150800460604,4.9C(69%)-4.25C,10,5,719.576865155932,0.9754012150711384,0.979923727273,outer_fold_train_only
M1,策略参数 Ridge（设计前基线）,EL150800460627,5.6C(58%)-3.5C,10,5,725.5073178468024,0.982543936551938,0.986781909091,outer_fold_train_only
M1,策略参数 Ridge（设计前基线）,EL150800460640,6C(40%)-3.6C,10,5,663.5933020728133,0.9794248963963278,0.980542454545,outer_fold_train_only
M1,策略参数 Ridge（设计前基线）,EL150800460641,5.2C(58%)-4C,10,5,697.170968445038,0.9817077746571496,0.985408909091,outer_fold_train_only
M1,策略参数 Ridge（设计前基线）,EL150800463871,5.4C(60%)-3.6C,10,5,725.7969829013962,0.9840335749854224,0.975936909091,outer_fold_train_only
M2,早期运行特征 Ridge（运行后基线）,EL150800453113,5.4C(50%)-3C,10,1,564.3990249015911,0.9659710145881756,0.970087636364,outer_fold_train_only
M2,早期运行特征 Ridge（运行后基线）,EL150800460478,4.4C(24%)-5C,10,1,370.69827644797107,0.9673899624245937,0.970028727273,outer_fold_train_only
M2,早期运行特征 Ridge（运行后基线）,EL150800460511,5.6C(38%)-4.25C,10,1,534.4325738839366,0.9764789953430255,0.982467909091,outer_fold_train_only
M2,早期运行特征 Ridge（运行后基线）,EL150800460518,1C(4%)-6C,10,1,656.2588897676427,0.9732968516552016,0.935368727273,outer_fold_train_only
M2,早期运行特征 Ridge（运行后基线）,EL150800460608,5.2C(37%)-4.5C,10,1,565.7033031273974,0.9764252173338196,0.979428727273,outer_fold_train_only
M2,早期运行特征 Ridge（运行后基线）,EL150800460611,4.8C(80%)-4.8C,10,1,572.720831561842,0.9703678579683428,0.96855,outer_fold_train_only
M2,早期运行特征 Ridge（运行后基线）,EL150800460613,6C(4%)-4.75C,10,1,598.3912214246601,0.9730300168495182,0.974183727273,outer_fold_train_only
M2,早期运行特征 Ridge（运行后基线）,EL150800460614,4.9C(27%)-4.75C,10,1,505.0357637973524,0.9682270046141783,0.970763181818,outer_fold_train_only
M2,早期运行特征 Ridge（运行后基线）,EL150800465027,4.8C(80%)-4.8C,10,1,770.8102730609314,0.9960444662198962,0.995382545455,outer_fold_train_only
M2,早期运行特征 Ridge（运行后基线）,EL150800460486,3.6C(80%)-3.6C,10,2,1103.4488839963497,0.981615090909,0.982120727273,outer_fold_train_only
M2,早期运行特征 Ridge（运行后基线）,EL150800460498,6C(31%)-4.25C,10,2,494.5873067362472,0.9755073219167282,0.979719181818,outer_fold_train_only
M2,早期运行特征 Ridge（运行后基线）,EL150800460501,4.65C(69%)-6C,10,2,499.6900227923018,0.975214021161842,0.971969363636,outer_fold_train_only
M2,早期运行特征 Ridge（运行后基线）,EL150800460522,5.4C(50%)-3.6C,10,2,544.043787356913,0.9742208415154335,0.978713272727,outer_fold_train_only
M2,早期运行特征 Ridge（运行后基线）,EL150800460525,6C(50%)-3C,10,2,642.7383396242823,0.9792742048511854,0.980681909091,outer_fold_train_only
M2,早期运行特征 Ridge（运行后基线）,EL150800460618,7C(40%)-3C,10,2,765.5334579874774,0.9840239754934988,0.984202181818,outer_fold_train_only
M2,早期运行特征 Ridge（运行后基线）,EL150800460659,5.4C(80%)-5.4C,10,2,808.3954159887329,0.990884842709574,0.989694090909,outer_fold_train_only
M2,早期运行特征 Ridge（运行后基线）,EL150800464977,4C(80%)-4C,10,2,1034.8233783681235,0.985734363636,0.985516090909,outer_fold_train_only
M2,早期运行特征 Ridge（运行后基线）,EL150800460485,7C(40%)-3.6C,10,3,549.396901342032,0.9853970728557305,0.985298454545,outer_fold_train_only
M2,早期运行特征 Ridge（运行后基线）,EL150800460506,6C(50%)-3.6C,10,3,1101.5075580763187,0.983217272727,0.981420636364,outer_fold_train_only
M2,早期运行特征 Ridge（运行后基线）,EL150800460507,6C(30%)-3.6C,10,3,789.373833150431,0.9822101178622609,0.981020363636,outer_fold_train_only
M2,早期运行特征 Ridge（运行后基线）,EL150800460603,4.65C(19%)-4.85C,10,3,508.35706687003017,0.9783010523956375,0.976471545455,outer_fold_train_only
M2,早期运行特征 Ridge（运行后基线）,EL150800460630,5.4C(70%)-3C,10,3,1179.492852616467,0.979730909091,0.979219,outer_fold_train_only
M2,早期运行特征 Ridge（运行后基线）,EL150800460634,3.6C(30%)-6C,10,3,562.2039774080702,0.971532492244708,0.950255090909,outer_fold_train_only
M2,早期运行特征 Ridge（运行后基线）,EL150800463208,4C(40%)-6C,10,3,509.6970738586382,0.9805008154022584,0.970479545455,outer_fold_train_only
M2,早期运行特征 Ridge（运行后基线）,EL150800463882,5.4C(40%)-3.6C,10,3,1035.4721109448965,0.961909363636,0.962972,outer_fold_train_only
M2,早期运行特征 Ridge（运行后基线）,EL150800460466,4C(13%)-5C,10,4,509.6280858051955,0.9736682455578901,0.970868,outer_fold_train_only
M2,早期运行特征 Ridge（运行后基线）,EL150800460513,5.6C(65%)-3C,10,4,504.4576599449003,0.9715943493946237,0.975053818182,outer_fold_train_only
M2,早期运行特征 Ridge（运行后基线）,EL150800460615,6C(40%)-3C,10,4,695.607630089924,0.9835463793319094,0.982214181818,outer_fold_train_only
M2,早期运行特征 Ridge（运行后基线）,EL150800460628,5.2C(71%)-3C,10,4,528.3139485759172,0.9719813283354671,0.972732090909,outer_fold_train_only
M2,早期运行特征 Ridge（运行后基线）,EL150800460655,3.6C(22%)-5.5C,10,4,523.2401388417512,0.9739091890622067,0.964618090909,outer_fold_train_only
M2,早期运行特征 Ridge（运行后基线）,EL150800463229,7C(30%)-3.6C,10,4,974.9385187533395,0.9881659961339032,0.986640818182,outer_fold_train_only
M2,早期运行特征 Ridge（运行后基线）,EL150800464881,5.4C(60%)-3C,10,4,628.7171909967002,0.9875463607503562,0.987258909091,outer_fold_train_only
M2,早期运行特征 Ridge（运行后基线）,EL150800464883,4.4C(80%)-4.4C,10,4,813.1417687107312,0.9816303831095636,0.981087272727,outer_fold_train_only
M2,早期运行特征 Ridge（运行后基线）,EL150800440551,4.4C(55%)-6C,10,5,223.4931174754292,0.9347088166212871,0.934885272727,outer_fold_train_only
M2,早期运行特征 Ridge（运行后基线）,EL150800453773,6C(60%)-3C,10,5,650.6981101806183,0.9748830021451682,0.976511363636,outer_fold_train_only
M2,早期运行特征 Ridge（运行后基线）,EL150800460602,2C(2%)-5C,10,5,452.76561327165814,0.9740771204184578,0.976273818182,outer_fold_train_only
M2,早期运行特征 Ridge（运行后基线）,EL150800460604,4.9C(69%)-4.25C,10,5,532.6717549488867,0.97402110558258,0.979923727273,outer_fold_train_only
M2,早期运行特征 Ridge（运行后基线）,EL150800460627,5.6C(58%)-3.5C,10,5,620.8649936568189,0.9819131090909118,0.986781909091,outer_fold_train_only
M2,早期运行特征 Ridge（运行后基线）,EL150800460640,6C(40%)-3.6C,10,5,671.7836396656362,0.979459611692499,0.980542454545,outer_fold_train_only
M2,早期运行特征 Ridge（运行后基线）,EL150800460641,5.2C(58%)-4C,10,5,545.8885225320079,0.9805461322267599,0.985408909091,outer_fold_train_only
M2,早期运行特征 Ridge（运行后基线）,EL150800463871,5.4C(60%)-3.6C,10,5,638.4469008226513,0.9834507235611398,0.975936909091,outer_fold_train_only
M3,策略＋早期特征联合 Ridge,EL150800453113,5.4C(50%)-3C,10,1,567.2148464069592,0.9660787613395653,0.970087636364,outer_fold_train_only
M3,策略＋早期特征联合 Ridge,EL150800460478,4.4C(24%)-5C,10,1,352.7487457255381,0.9668172761394795,0.970028727273,outer_fold_train_only
M3,策略＋早期特征联合 Ridge,EL150800460511,5.6C(38%)-4.25C,10,1,521.1715643481299,0.9761437376934998,0.982467909091,outer_fold_train_only
M3,策略＋早期特征联合 Ridge,EL150800460518,1C(4%)-6C,10,1,638.3184320234645,0.9729585362902242,0.935368727273,outer_fold_train_only
M3,策略＋早期特征联合 Ridge,EL150800460608,5.2C(37%)-4.5C,10,1,525.9898575738105,0.9760075514494861,0.979428727273,outer_fold_train_only
M3,策略＋早期特征联合 Ridge,EL150800460611,4.8C(80%)-4.8C,10,1,611.2951482803908,0.9708017732351327,0.96855,outer_fold_train_only
M3,策略＋早期特征联合 Ridge,EL150800460613,6C(4%)-4.75C,10,1,521.6845351788975,0.9719759829255148,0.974183727273,outer_fold_train_only
M3,策略＋早期特征联合 Ridge,EL150800460614,4.9C(27%)-4.75C,10,1,474.328516872924,0.967590621177842,0.970763181818,outer_fold_train_only
M3,策略＋早期特征联合 Ridge,EL150800465027,4.8C(80%)-4.8C,10,1,807.3484199223016,0.99621154432269,0.995382545455,outer_fold_train_only
M3,策略＋早期特征联合 Ridge,EL150800460486,3.6C(80%)-3.6C,10,2,1070.9991685482917,0.981615090909,0.982120727273,outer_fold_train_only
M3,策略＋早期特征联合 Ridge,EL150800460498,6C(31%)-4.25C,10,2,487.8390143542077,0.9755073219167282,0.979719181818,outer_fold_train_only
M3,策略＋早期特征联合 Ridge,EL150800460501,4.65C(69%)-6C,10,2,541.298620785266,0.9761831421306335,0.971969363636,outer_fold_train_only
M3,策略＋早期特征联合 Ridge,EL150800460522,5.4C(50%)-3.6C,10,2,562.4759193433146,0.9744332054222821,0.978713272727,outer_fold_train_only
M3,策略＋早期特征联合 Ridge,EL150800460525,6C(50%)-3C,10,2,676.0099107808121,0.9800114800359736,0.980681909091,outer_fold_train_only
M3,策略＋早期特征联合 Ridge,EL150800460618,7C(40%)-3C,10,2,796.9702404615067,0.9842477040327329,0.984202181818,outer_fold_train_only
M3,策略＋早期特征联合 Ridge,EL150800460659,5.4C(80%)-5.4C,10,2,837.3501943738795,0.9911268287847232,0.989694090909,outer_fold_train_only
M3,策略＋早期特征联合 Ridge,EL150800464977,4C(80%)-4C,10,2,1032.4668736302567,0.985734363636,0.985516090909,outer_fold_train_only
M3,策略＋早期特征联合 Ridge,EL150800460485,7C(40%)-3.6C,10,3,538.1813821741896,0.985390343658925,0.985298454545,outer_fold_train_only
M3,策略＋早期特征联合 Ridge,EL150800460506,6C(50%)-3.6C,10,3,1029.100860760865,0.983217272727,0.981420636364,outer_fold_train_only
M3,策略＋早期特征联合 Ridge,EL150800460507,6C(30%)-3.6C,10,3,747.4826034706092,0.9818201656512159,0.981020363636,outer_fold_train_only
M3,策略＋早期特征联合 Ridge,EL150800460603,4.65C(19%)-4.85C,10,3,460.78978757362484,0.9777222447552302,0.976471545455,outer_fold_train_only
M3,策略＋早期特征联合 Ridge,EL150800460630,5.4C(70%)-3C,10,3,1243.1333144886892,0.979730909091,0.979219,outer_fold_train_only
M3,策略＋早期特征联合 Ridge,EL150800460634,3.6C(30%)-6C,10,3,558.7160514813817,0.9713990451418116,0.950255090909,outer_fold_train_only
M3,策略＋早期特征联合 Ridge,EL150800463208,4C(40%)-6C,10,3,511.5114425595621,0.9805008154022584,0.970479545455,outer_fold_train_only
M3,策略＋早期特征联合 Ridge,EL150800463882,5.4C(40%)-3.6C,10,3,984.559391970018,0.961909363636,0.962972,outer_fold_train_only
M3,策略＋早期特征联合 Ridge,EL150800460466,4C(13%)-5C,10,4,455.80301023969554,0.9721330510192131,0.970868,outer_fold_train_only
M3,策略＋早期特征联合 Ridge,EL150800460513,5.6C(65%)-3C,10,4,579.2395318780525,0.9733130121340644,0.975053818182,outer_fold_train_only
M3,策略＋早期特征联合 Ridge,EL150800460615,6C(40%)-3C,10,4,679.0363418231977,0.9833787100240782,0.982214181818,outer_fold_train_only
M3,策略＋早期特征联合 Ridge,EL150800460628,5.2C(71%)-3C,10,4,620.4112330803653,0.9731050354220514,0.972732090909,outer_fold_train_only
M3,策略＋早期特征联合 Ridge,EL150800460655,3.6C(22%)-5.5C,10,4,478.50410362426936,0.9726456649271196,0.964618090909,outer_fold_train_only
M3,策略＋早期特征联合 Ridge,EL150800463229,7C(30%)-3.6C,10,4,875.3774617073626,0.9881232058165754,0.986640818182,outer_fold_train_only
M3,策略＋早期特征联合 Ridge,EL150800464881,5.4C(60%)-3C,10,4,682.7240272430383,0.9881455663154299,0.987258909091,outer_fold_train_only
M3,策略＋早期特征联合 Ridge,EL150800464883,4.4C(80%)-4.4C,10,4,857.7489549741601,0.981773448522215,0.981087272727,outer_fold_train_only
M3,策略＋早期特征联合 Ridge,EL150800440551,4.4C(55%)-6C,10,5,250.31754696359866,0.9386580933170867,0.934885272727,outer_fold_train_only
M3,策略＋早期特征联合 Ridge,EL150800453773,6C(60%)-3C,10,5,703.5748083257911,0.9751641855843938,0.976511363636,outer_fold_train_only
M3,策略＋早期特征联合 Ridge,EL150800460602,2C(2%)-5C,10,5,412.11869808696923,0.9727507833226785,0.976273818182,outer_fold_train_only
M3,策略＋早期特征联合 Ridge,EL150800460604,4.9C(69%)-4.25C,10,5,595.5913410673908,0.9747266325198982,0.979923727273,outer_fold_train_only
M3,策略＋早期特征联合 Ridge,EL150800460627,5.6C(58%)-3.5C,10,5,602.4722647023998,0.9819131090909118,0.986781909091,outer_fold_train_only
M3,策略＋早期特征联合 Ridge,EL150800460640,6C(40%)-3.6C,10,5,639.8928323332908,0.9792279953652142,0.980542454545,outer_fold_train_only
M3,策略＋早期特征联合 Ridge,EL150800460641,5.2C(58%)-4C,10,5,564.2966821072879,0.9807579149582633,0.985408909091,outer_fold_train_only
M3,策略＋早期特征联合 Ridge,EL150800463871,5.4C(60%)-3.6C,10,5,669.9031868930707,0.9836992558488913,0.975936909091,outer_fold_train_only
M4,P3 策略先验＋早期残差 Ridge,EL150800453113,5.4C(50%)-3C,10,1,486.93144619748097,0.9645352301874671,0.970087636364,outer_fold_train_only
M4,P3 策略先验＋早期残差 Ridge,EL150800460478,4.4C(24%)-5C,10,1,321.8232205077242,0.9652856210717445,0.970028727273,outer_fold_train_only
M4,P3 策略先验＋早期残差 Ridge,EL150800460511,5.6C(38%)-4.25C,10,1,469.4709758756347,0.9750615417931953,0.982467909091,outer_fold_train_only
M4,P3 策略先验＋早期残差 Ridge,EL150800460518,1C(4%)-6C,10,1,366.12065599235723,0.9675312265243031,0.935368727273,outer_fold_train_only
M4,P3 策略先验＋早期残差 Ridge,EL150800460608,5.2C(37%)-4.5C,10,1,381.2261822730126,0.9725313662045574,0.979428727273,outer_fold_train_only
M4,P3 策略先验＋早期残差 Ridge,EL150800460611,4.8C(80%)-4.8C,10,1,846.0985586137492,0.9726836945038376,0.96855,outer_fold_train_only
M4,P3 策略先验＋早期残差 Ridge,EL150800460613,6C(4%)-4.75C,10,1,494.3680240563022,0.9713989619159686,0.974183727273,outer_fold_train_only
M4,P3 策略先验＋早期残差 Ridge,EL150800460614,4.9C(27%)-4.75C,10,1,376.3690068931336,0.9651505244225057,0.970763181818,outer_fold_train_only
M4,P3 策略先验＋早期残差 Ridge,EL150800465027,4.8C(80%)-4.8C,10,1,884.9299103554437,0.9964959084011273,0.995382545455,outer_fold_train_only
M4,P3 策略先验＋早期残差 Ridge,EL150800460486,3.6C(80%)-3.6C,10,2,1539.6325892549949,0.981615090909,0.982120727273,outer_fold_train_only
M4,P3 策略先验＋早期残差 Ridge,EL150800460498,6C(31%)-4.25C,10,2,487.9994614149673,0.9755073219167282,0.979719181818,outer_fold_train_only
M4,P3 策略先验＋早期残差 Ridge,EL150800460501,4.65C(69%)-6C,10,2,371.8200935114237,0.9721019424756262,0.971969363636,outer_fold_train_only
M4,P3 策略先验＋早期残差 Ridge,EL150800460522,5.4C(50%)-3.6C,10,2,577.3586195052017,0.9747645364694626,0.978713272727,outer_fold_train_only
M4,P3 策略先验＋早期残差 Ridge,EL150800460525,6C(50%)-3C,10,2,610.0062652083699,0.9785652306034018,0.980681909091,outer_fold_train_only
M4,P3 策略先验＋早期残差 Ridge,EL150800460618,7C(40%)-3C,10,2,799.0214797840953,0.9842673779347545,0.984202181818,outer_fold_train_only
M4,P3 策略先验＋早期残差 Ridge,EL150800460659,5.4C(80%)-5.4C,10,2,464.57194104961485,0.9863195865716088,0.989694090909,outer_fold_train_only
M4,P3 策略先验＋早期残差 Ridge,EL150800464977,4C(80%)-4C,10,2,1130.5587540387887,0.985734363636,0.985516090909,outer_fold_train_only
M4,P3 策略先验＋早期残差 Ridge,EL150800460485,7C(40%)-3.6C,10,3,1027.4848120916133,0.989287545455,0.985298454545,outer_fold_train_only
M4,P3 策略先验＋早期残差 Ridge,EL150800460506,6C(50%)-3.6C,10,3,867.200076826076,0.9830796756006307,0.981420636364,outer_fold_train_only
M4,P3 策略先验＋早期残差 Ridge,EL150800460507,6C(30%)-3.6C,10,3,715.3043662405966,0.9817556928782187,0.981020363636,outer_fold_train_only
M4,P3 策略先验＋早期残差 Ridge,EL150800460603,4.65C(19%)-4.85C,10,3,370.0157025517003,0.9751023297728008,0.976471545455,outer_fold_train_only
M4,P3 策略先验＋早期残差 Ridge,EL150800460630,5.4C(70%)-3C,10,3,629.0428723084309,0.9770981384204992,0.979219,outer_fold_train_only
M4,P3 策略先验＋早期残差 Ridge,EL150800460634,3.6C(30%)-6C,10,3,675.5462623652868,0.9733048210657174,0.950255090909,outer_fold_train_only
M4,P3 策略先验＋早期残差 Ridge,EL150800463208,4C(40%)-6C,10,3,701.5806843802217,0.983432715249769,0.970479545455,outer_fold_train_only
M4,P3 策略先验＋早期残差 Ridge,EL150800463882,5.4C(40%)-3.6C,10,3,801.4601455311342,0.9614740232037663,0.962972,outer_fold_train_only
M4,P3 策略先验＋早期残差 Ridge,EL150800460466,4C(13%)-5C,10,4,456.3111739555598,0.9721330510192131,0.970868,outer_fold_train_only
M4,P3 策略先验＋早期残差 Ridge,EL150800460513,5.6C(65%)-3C,10,4,562.5599757891583,0.9728400694402132,0.975053818182,outer_fold_train_only
M4,P3 策略先验＋早期残差 Ridge,EL150800460615,6C(40%)-3C,10,4,730.837662429087,0.9838669025089518,0.982214181818,outer_fold_train_only
M4,P3 策略先验＋早期残差 Ridge,EL150800460628,5.2C(71%)-3C,10,4,743.7274409495695,0.974362235642116,0.972732090909,outer_fold_train_only
M4,P3 策略先验＋早期残差 Ridge,EL150800460655,3.6C(22%)-5.5C,10,4,486.3637189116926,0.9729015434474719,0.964618090909,outer_fold_train_only
M4,P3 策略先验＋早期残差 Ridge,EL150800463229,7C(30%)-3.6C,10,4,733.3003854722959,0.9873181185299446,0.986640818182,outer_fold_train_only
M4,P3 策略先验＋早期残差 Ridge,EL150800464881,5.4C(60%)-3C,10,4,590.9378162798462,0.9870974918033341,0.987258909091,outer_fold_train_only
M4,P3 策略先验＋早期残差 Ridge,EL150800464883,4.4C(80%)-4.4C,10,4,987.514432216647,0.9818186198411972,0.981087272727,outer_fold_train_only
M4,P3 策略先验＋早期残差 Ridge,EL150800440551,4.4C(55%)-6C,10,5,279.90834902140966,0.941990570070051,0.934885272727,outer_fold_train_only
M4,P3 策略先验＋早期残差 Ridge,EL150800453773,6C(60%)-3C,10,5,500.03117145731665,0.9735404378163662,0.976511363636,outer_fold_train_only
M4,P3 策略先验＋早期残差 Ridge,EL150800460602,2C(2%)-5C,10,5,359.92667547353847,0.9715326018259846,0.976273818182,outer_fold_train_only
M4,P3 策略先验＋早期残差 Ridge,EL150800460604,4.9C(69%)-4.25C,10,5,456.5786735645756,0.9728193270425712,0.979923727273,outer_fold_train_only
M4,P3 策略先验＋早期残差 Ridge,EL150800460627,5.6C(58%)-3.5C,10,5,657.2737690958061,0.9821358797154615,0.986781909091,outer_fold_train_only
M4,P3 策略先验＋早期残差 Ridge,EL150800460640,6C(40%)-3.6C,10,5,819.7058879786387,0.9806560493223708,0.980542454545,outer_fold_train_only
M4,P3 策略先验＋早期残差 Ridge,EL150800460641,5.2C(58%)-4C,10,5,488.22231630440706,0.9798134170176234,0.985408909091,outer_fold_train_only
M4,P3 策略先验＋早期残差 Ridge,EL150800463871,5.4C(60%)-3.6C,10,5,647.3245037758262,0.9835395589751206,0.975936909091,outer_fold_train_only
M1,策略参数 Ridge（设计前基线）,EL150800453113,5.4C(50%)-3C,20,1,680.0180738810836,0.9677263825395676,0.970087636364,outer_fold_train_only
M1,策略参数 Ridge（设计前基线）,EL150800460478,4.4C(24%)-5C,20,1,609.7460250383199,0.973779865053543,0.970028727273,outer_fold_train_only
M1,策略参数 Ridge（设计前基线）,EL150800460511,5.6C(38%)-4.25C,20,1,642.051847733764,0.978991686517307,0.982467909091,outer_fold_train_only
M1,策略参数 Ridge（设计前基线）,EL150800460518,1C(4%)-6C,20,1,564.5237569989812,0.9709128239986705,0.935368727273,outer_fold_train_only
M1,策略参数 Ridge（设计前基线）,EL150800460608,5.2C(37%)-4.5C,20,1,635.5344976707244,0.978254331794483,0.979428727273,outer_fold_train_only
M1,策略参数 Ridge（设计前基线）,EL150800460611,4.8C(80%)-4.8C,20,1,683.2983187448043,0.9721281681271008,0.96855,outer_fold_train_only
M1,策略参数 Ridge（设计前基线）,EL150800460613,6C(4%)-4.75C,20,1,594.0144560893903,0.9740906291232998,0.974183727273,outer_fold_train_only
M1,策略参数 Ridge（设计前基线）,EL150800460614,4.9C(27%)-4.75C,20,1,618.5525389302885,0.9706131530132365,0.970763181818,outer_fold_train_only
M1,策略参数 Ridge（设计前基线）,EL150800465027,4.8C(80%)-4.8C,20,1,683.2983187448043,0.9927246796026944,0.995382545455,outer_fold_train_only
M1,策略参数 Ridge（设计前基线）,EL150800460486,3.6C(80%)-3.6C,20,2,591.0187375320273,0.9802170756586294,0.982120727273,outer_fold_train_only
M1,策略参数 Ridge（设计前基线）,EL150800460498,6C(31%)-4.25C,20,2,596.4367506925639,0.9783729276808946,0.979719181818,outer_fold_train_only
M1,策略参数 Ridge（设计前基线）,EL150800460501,4.65C(69%)-6C,20,2,533.2408441640833,0.9759736780177392,0.971969363636,outer_fold_train_only
M1,策略参数 Ridge（设计前基线）,EL150800460522,5.4C(50%)-3.6C,20,2,621.8633732530546,0.9762448200754617,0.978713272727,outer_fold_train_only
M1,策略参数 Ridge（设计前基线）,EL150800460525,6C(50%)-3C,20,2,670.1179158474258,0.9795527447895941,0.980681909091,outer_fold_train_only
M1,策略参数 Ridge（设计前基线）,EL150800460618,7C(40%)-3C,20,2,699.1362889505982,0.9838915289823229,0.984202181818,outer_fold_train_only
M1,策略参数 Ridge（设计前基线）,EL150800460659,5.4C(80%)-5.4C,20,2,593.8091080338489,0.9876416104214909,0.989694090909,outer_fold_train_only
M1,策略参数 Ridge（设计前基线）,EL150800464977,4C(80%)-4C,20,2,591.6376845341704,0.9829418721494413,0.985516090909,outer_fold_train_only
M1,策略参数 Ridge（设计前基线）,EL150800460485,7C(40%)-3.6C,20,3,622.3285118421893,0.9865352089805385,0.985298454545,outer_fold_train_only
M1,策略参数 Ridge（设计前基线）,EL150800460506,6C(50%)-3.6C,20,3,643.7872820107165,0.9809886449924685,0.981420636364,outer_fold_train_only
M1,策略参数 Ridge（设计前基线）,EL150800460507,6C(30%)-3.6C,20,3,592.8361909349826,0.9801092577578808,0.981020363636,outer_fold_train_only
M1,策略参数 Ridge（设计前基线）,EL150800460603,4.65C(19%)-4.85C,20,3,519.9600742039788,0.9794290955303143,0.976471545455,outer_fold_train_only
M1,策略参数 Ridge（设计前基线）,EL150800460630,5.4C(70%)-3C,20,3,721.8880250699599,0.979400989979183,0.979219,outer_fold_train_only
M1,策略参数 Ridge（设计前基线）,EL150800460634,3.6C(30%)-6C,20,3,503.4845616601752,0.970422486227159,0.950255090909,outer_fold_train_only
M1,策略参数 Ridge（设计前基线）,EL150800463208,4C(40%)-6C,20,3,526.214074544707,0.9804856953688138,0.970479545455,outer_fold_train_only
M1,策略参数 Ridge（设计前基线）,EL150800463882,5.4C(40%)-3.6C,20,3,615.0775301864124,0.9613366742122677,0.962972,outer_fold_train_only
M1,策略参数 Ridge（设计前基线）,EL150800460466,4C(13%)-5C,20,4,499.698170893824,0.9736302370628489,0.970868,outer_fold_train_only
M1,策略参数 Ridge（设计前基线）,EL150800460513,5.6C(65%)-3C,20,4,756.3160102510177,0.9764824243071113,0.975053818182,outer_fold_train_only
M1,策略参数 Ridge（设计前基线）,EL150800460615,6C(40%)-3C,20,4,674.1581483688212,0.9836915238733347,0.982214181818,outer_fold_train_only
M1,策略参数 Ridge（设计前基线）,EL150800460628,5.2C(71%)-3C,20,4,777.48530008989,0.9757557809416986,0.972732090909,outer_fold_train_only
M1,策略参数 Ridge（设计前基线）,EL150800460655,3.6C(22%)-5.5C,20,4,498.4871956534523,0.9735008469021154,0.964618090909,outer_fold_train_only
M1,策略参数 Ridge（设计前基线）,EL150800463229,7C(30%)-3.6C,20,4,610.8504397349354,0.9862434290368137,0.986640818182,outer_fold_train_only
M1,策略参数 Ridge（设计前基线）,EL150800464881,5.4C(60%)-3C,20,4,739.1246605956709,0.9890320538383207,0.987258909091,outer_fold_train_only
M1,策略参数 Ridge（设计前基线）,EL150800464883,4.4C(80%)-4.4C,20,4,716.7686431347423,0.9809274179421985,0.981087272727,outer_fold_train_only
M1,策略参数 Ridge（设计前基线）,EL150800440551,4.4C(55%)-6C,20,5,590.6617552534984,0.9493735010309569,0.934885272727,outer_fold_train_only
M1,策略参数 Ridge（设计前基线）,EL150800453773,6C(60%)-3C,20,5,762.2423453191744,0.9758137023793733,0.976511363636,outer_fold_train_only
M1,策略参数 Ridge（设计前基线）,EL150800460602,2C(2%)-5C,20,5,481.13894836405655,0.9755830276549216,0.976273818182,outer_fold_train_only
M1,策略参数 Ridge（设计前基线）,EL150800460604,4.9C(69%)-4.25C,20,5,719.576865155932,0.9766665413271689,0.979923727273,outer_fold_train_only
M1,策略参数 Ridge（设计前基线）,EL150800460627,5.6C(58%)-3.5C,20,5,725.5073178468024,0.9837297455067212,0.986781909091,outer_fold_train_only
M1,策略参数 Ridge（设计前基线）,EL150800460640,6C(40%)-3.6C,20,5,663.5933020728133,0.979695128861376,0.980542454545,outer_fold_train_only
M1,策略参数 Ridge（设计前基线）,EL150800460641,5.2C(58%)-4C,20,5,697.170968445038,0.9827284628269594,0.985408909091,outer_fold_train_only
M1,策略参数 Ridge（设计前基线）,EL150800463871,5.4C(60%)-3.6C,20,5,725.7969829013962,0.9829763326915216,0.975936909091,outer_fold_train_only
M2,早期运行特征 Ridge（运行后基线）,EL150800453113,5.4C(50%)-3C,20,1,549.636713781212,0.9662655346558449,0.970087636364,outer_fold_train_only
M2,早期运行特征 Ridge（运行后基线）,EL150800460478,4.4C(24%)-5C,20,1,542.4832516222746,0.972884044112068,0.970028727273,outer_fold_train_only
M2,早期运行特征 Ridge（运行后基线）,EL150800460511,5.6C(38%)-4.25C,20,1,506.2678558234283,0.977018934132329,0.982467909091,outer_fold_train_only
M2,早期运行特征 Ridge（运行后基线）,EL150800460518,1C(4%)-6C,20,1,675.4018135326548,0.9722762842604818,0.935368727273,outer_fold_train_only
M2,早期运行特征 Ridge（运行后基线）,EL150800460608,5.2C(37%)-4.5C,20,1,439.6819507819189,0.974738968523093,0.979428727273,outer_fold_train_only
M2,早期运行特征 Ridge（运行后基线）,EL150800460611,4.8C(80%)-4.8C,20,1,650.7529089201603,0.9720150314943645,0.96855,outer_fold_train_only
M2,早期运行特征 Ridge（运行后基线）,EL150800460613,6C(4%)-4.75C,20,1,572.6167656283436,0.9738562173282139,0.974183727273,outer_fold_train_only
M2,早期运行特征 Ridge（运行后基线）,EL150800460614,4.9C(27%)-4.75C,20,1,496.32068490421887,0.9688028219414869,0.970763181818,outer_fold_train_only
M2,早期运行特征 Ridge（运行后基线）,EL150800465027,4.8C(80%)-4.8C,20,1,656.5628473114664,0.9925980052673274,0.995382545455,outer_fold_train_only
M2,早期运行特征 Ridge（运行后基线）,EL150800460486,3.6C(80%)-3.6C,20,2,1212.5369474579857,0.983507454545,0.982120727273,outer_fold_train_only
M2,早期运行特征 Ridge（运行后基线）,EL150800460498,6C(31%)-4.25C,20,2,494.5022507491184,0.9768295211454332,0.979719181818,outer_fold_train_only
M2,早期运行特征 Ridge（运行后基线）,EL150800460501,4.65C(69%)-6C,20,2,514.4182987959215,0.9755314422593062,0.971969363636,outer_fold_train_only
M2,早期运行特征 Ridge（运行后基线）,EL150800460522,5.4C(50%)-3.6C,20,2,555.746709727493,0.9754138043018256,0.978713272727,outer_fold_train_only
M2,早期运行特征 Ridge（运行后基线）,EL150800460525,6C(50%)-3C,20,2,728.1796162050035,0.9798149462974047,0.980681909091,outer_fold_train_only
M2,早期运行特征 Ridge（运行后基线）,EL150800460618,7C(40%)-3C,20,2,772.8473956476638,0.9844349515058239,0.984202181818,outer_fold_train_only
M2,早期运行特征 Ridge（运行后基线）,EL150800460659,5.4C(80%)-5.4C,20,2,781.5772731059485,0.9899204947339693,0.989694090909,outer_fold_train_only
M2,早期运行特征 Ridge（运行后基线）,EL150800464977,4C(80%)-4C,20,2,919.2648261027392,0.9860735187887922,0.985516090909,outer_fold_train_only
M2,早期运行特征 Ridge（运行后基线）,EL150800460485,7C(40%)-3.6C,20,3,559.2678606824724,0.9854485515829962,0.985298454545,outer_fold_train_only
M2,早期运行特征 Ridge（运行后基线）,EL150800460506,6C(50%)-3.6C,20,3,1086.3004547105274,0.983481727273,0.981420636364,outer_fold_train_only
M2,早期运行特征 Ridge（运行后基线）,EL150800460507,6C(30%)-3.6C,20,3,763.7095300504701,0.9823510273842773,0.981020363636,outer_fold_train_only
M2,早期运行特征 Ridge（运行后基线）,EL150800460603,4.65C(19%)-4.85C,20,3,480.6801045151484,0.978885450565346,0.976471545455,outer_fold_train_only
M2,早期运行特征 Ridge（运行后基线）,EL150800460630,5.4C(70%)-3C,20,3,1145.5420995677912,0.980272272727,0.979219,outer_fold_train_only
M2,早期运行特征 Ridge（运行后基线）,EL150800460634,3.6C(30%)-6C,20,3,547.4648206284488,0.97073867266522,0.950255090909,outer_fold_train_only
M2,早期运行特征 Ridge（运行后基线）,EL150800463208,4C(40%)-6C,20,3,541.7131172792022,0.9807181427636837,0.970479545455,outer_fold_train_only
M2,早期运行特征 Ridge（运行后基线）,EL150800463882,5.4C(40%)-3.6C,20,3,1011.5836328589736,0.963742636364,0.962972,outer_fold_train_only
M2,早期运行特征 Ridge（运行后基线）,EL150800460466,4C(13%)-5C,20,4,490.1061397346474,0.9735427378640231,0.970868,outer_fold_train_only
M2,早期运行特征 Ridge（运行后基线）,EL150800460513,5.6C(65%)-3C,20,4,462.36941151008773,0.971864553711026,0.975053818182,outer_fold_train_only
M2,早期运行特征 Ridge（运行后基线）,EL150800460615,6C(40%)-3C,20,4,723.9217742695597,0.9841805491341088,0.982214181818,outer_fold_train_only
M2,早期运行特征 Ridge（运行后基线）,EL150800460628,5.2C(71%)-3C,20,4,495.1475697680463,0.9720884707589009,0.972732090909,outer_fold_train_only
M2,早期运行特征 Ridge（运行后基线）,EL150800460655,3.6C(22%)-5.5C,20,4,545.2446180020988,0.9745488662550301,0.964618090909,outer_fold_train_only
M2,早期运行特征 Ridge（运行后基线）,EL150800463229,7C(30%)-3.6C,20,4,986.3317683719513,0.9884246406535959,0.986640818182,outer_fold_train_only
M2,早期运行特征 Ridge（运行后基线）,EL150800464881,5.4C(60%)-3C,20,4,628.8471514078739,0.987859539085044,0.987258909091,outer_fold_train_only
M2,早期运行特征 Ridge（运行后基线）,EL150800464883,4.4C(80%)-4.4C,20,4,758.9504175564514,0.9813578116001241,0.981087272727,outer_fold_train_only
M2,早期运行特征 Ridge（运行后基线）,EL150800440551,4.4C(55%)-6C,20,5,152.36676601447195,0.9015409586231639,0.934885272727,outer_fold_train_only
M2,早期运行特征 Ridge（运行后基线）,EL150800453773,6C(60%)-3C,20,5,656.8305541506554,0.9752353577174715,0.976511363636,outer_fold_train_only
M2,早期运行特征 Ridge（运行后基线）,EL150800460602,2C(2%)-5C,20,5,500.78583514674216,0.976079524000864,0.976273818182,outer_fold_train_only
M2,早期运行特征 Ridge（运行后基线）,EL150800460604,4.9C(69%)-4.25C,20,5,612.4446404190318,0.9761151413539599,0.979923727273,outer_fold_train_only
M2,早期运行特征 Ridge（运行后基线）,EL150800460627,5.6C(58%)-3.5C,20,5,600.6177071627552,0.9830948201782647,0.986781909091,outer_fold_train_only
M2,早期运行特征 Ridge（运行后基线）,EL150800460640,6C(40%)-3.6C,20,5,745.0483504821731,0.9800966707125862,0.980542454545,outer_fold_train_only
M2,早期运行特征 Ridge（运行后基线）,EL150800460641,5.2C(58%)-4C,20,5,511.87026619396204,0.9810981067104959,0.985408909091,outer_fold_train_only
M2,早期运行特征 Ridge（运行后基线）,EL150800463871,5.4C(60%)-3.6C,20,5,757.289611606868,0.9831024990472782,0.975936909091,outer_fold_train_only
M3,策略＋早期特征联合 Ridge,EL150800453113,5.4C(50%)-3C,20,1,616.3168224949684,0.967062770294836,0.970087636364,outer_fold_train_only
M3,策略＋早期特征联合 Ridge,EL150800460478,4.4C(24%)-5C,20,1,511.91925811562703,0.9723128524108892,0.970028727273,outer_fold_train_only
M3,策略＋早期特征联合 Ridge,EL150800460511,5.6C(38%)-4.25C,20,1,495.08557544339556,0.9767740611564678,0.982467909091,outer_fold_train_only
M3,策略＋早期特征联合 Ridge,EL150800460518,1C(4%)-6C,20,1,700.3634982890877,0.9724401951639814,0.935368727273,outer_fold_train_only
M3,策略＋早期特征联合 Ridge,EL150800460608,5.2C(37%)-4.5C,20,1,527.1624914899041,0.9769516775499049,0.979428727273,outer_fold_train_only
M3,策略＋早期特征联合 Ridge,EL150800460611,4.8C(80%)-4.8C,20,1,638.2533826275537,0.9716789504356106,0.96855,outer_fold_train_only
M3,策略＋早期特征联合 Ridge,EL150800460613,6C(4%)-4.75C,20,1,484.79337196932363,0.9720422580757141,0.974183727273,outer_fold_train_only
M3,策略＋早期特征联合 Ridge,EL150800460614,4.9C(27%)-4.75C,20,1,498.49383592532,0.9688028219414869,0.970763181818,outer_fold_train_only
M3,策略＋早期特征联合 Ridge,EL150800465027,4.8C(80%)-4.8C,20,1,821.2761616123234,0.9939566148593573,0.995382545455,outer_fold_train_only
M3,策略＋早期特征联合 Ridge,EL150800460486,3.6C(80%)-3.6C,20,2,1154.7786634583613,0.983507454545,0.982120727273,outer_fold_train_only
M3,策略＋早期特征联合 Ridge,EL150800460498,6C(31%)-4.25C,20,2,500.44235709471235,0.9768560823603529,0.979719181818,outer_fold_train_only
M3,策略＋早期特征联合 Ridge,EL150800460501,4.65C(69%)-6C,20,2,524.7076655741423,0.9759736780177392,0.971969363636,outer_fold_train_only
M3,策略＋早期特征联合 Ridge,EL150800460522,5.4C(50%)-3.6C,20,2,585.2568030190846,0.9758213325393752,0.978713272727,outer_fold_train_only
M3,策略＋早期特征联合 Ridge,EL150800460525,6C(50%)-3C,20,2,781.4204328349314,0.9801471728807453,0.980681909091,outer_fold_train_only
M3,策略＋早期特征联合 Ridge,EL150800460618,7C(40%)-3C,20,2,814.818051630676,0.9847082244412003,0.984202181818,outer_fold_train_only
M3,策略＋早期特征联合 Ridge,EL150800460659,5.4C(80%)-5.4C,20,2,764.3683981180767,0.9898106633399714,0.989694090909,outer_fold_train_only
M3,策略＋早期特征联合 Ridge,EL150800464977,4C(80%)-4C,20,2,893.8578345953251,0.985934506208973,0.985516090909,outer_fold_train_only
M3,策略＋早期特征联合 Ridge,EL150800460485,7C(40%)-3.6C,20,3,566.6254347436358,0.9857813749297214,0.985298454545,outer_fold_train_only
M3,策略＋早期特征联合 Ridge,EL150800460506,6C(50%)-3.6C,20,3,1034.4593609839617,0.983481727273,0.981420636364,outer_fold_train_only
M3,策略＋早期特征联合 Ridge,EL150800460507,6C(30%)-3.6C,20,3,722.5715280259051,0.9820448553465521,0.981020363636,outer_fold_train_only
M3,策略＋早期特征联合 Ridge,EL150800460603,4.65C(19%)-4.85C,20,3,441.2265042682676,0.978220862007941,0.976471545455,outer_fold_train_only
M3,策略＋早期特征联合 Ridge,EL150800460630,5.4C(70%)-3C,20,3,1176.3799869613322,0.980272272727,0.979219,outer_fold_train_only
M3,策略＋早期特征联合 Ridge,EL150800460634,3.6C(30%)-6C,20,3,539.4710324323005,0.9707324755116566,0.950255090909,outer_fold_train_only
M3,策略＋早期特征联合 Ridge,EL150800463208,4C(40%)-6C,20,3,531.5358591186325,0.9804856953688138,0.970479545455,outer_fold_train_only
M3,策略＋早期特征联合 Ridge,EL150800463882,5.4C(40%)-3.6C,20,3,960.3420014726482,0.963742636364,0.962972,outer_fold_train_only
M3,策略＋早期特征联合 Ridge,EL150800460466,4C(13%)-5C,20,4,448.79766073373787,0.9722399927792142,0.970868,outer_fold_train_only
M3,策略＋早期特征联合 Ridge,EL150800460513,5.6C(65%)-3C,20,4,565.7670432561521,0.9742812826139797,0.975053818182,outer_fold_train_only
M3,策略＋早期特征联合 Ridge,EL150800460615,6C(40%)-3C,20,4,691.510891907081,0.9838594791973646,0.982214181818,outer_fold_train_only
M3,策略＋早期特征联合 Ridge,EL150800460628,5.2C(71%)-3C,20,4,602.3144637269647,0.9739093866829251,0.972732090909,outer_fold_train_only
M3,策略＋早期特征联合 Ridge,EL150800460655,3.6C(22%)-5.5C,20,4,491.91521189198454,0.9734901409599436,0.964618090909,outer_fold_train_only
M3,策略＋早期特征联合 Ridge,EL150800463229,7C(30%)-3.6C,20,4,885.7794808150114,0.9883778281238642,0.986640818182,outer_fold_train_only
M3,策略＋早期特征联合 Ridge,EL150800464881,5.4C(60%)-3C,20,4,675.3144606922582,0.9884522638953274,0.987258909091,outer_fold_train_only
M3,策略＋早期特征联合 Ridge,EL150800464883,4.4C(80%)-4.4C,20,4,782.6121603140571,0.981543971508345,0.981087272727,outer_fold_train_only
M3,策略＋早期特征联合 Ridge,EL150800440551,4.4C(55%)-6C,20,5,250.2473515505104,0.9375434628636901,0.934885272727,outer_fold_train_only
M3,策略＋早期特征联合 Ridge,EL150800453773,6C(60%)-3C,20,5,737.7023710629525,0.9756555126576008,0.976511363636,outer_fold_train_only
M3,策略＋早期特征联合 Ridge,EL150800460602,2C(2%)-5C,20,5,411.2251583906377,0.9735936533514363,0.976273818182,outer_fold_train_only
M3,策略＋早期特征联合 Ridge,EL150800460604,4.9C(69%)-4.25C,20,5,641.5670427898216,0.976200630615119,0.979923727273,outer_fold_train_only
M3,策略＋早期特征联合 Ridge,EL150800460627,5.6C(58%)-3.5C,20,5,605.3084927071554,0.9830948201782647,0.986781909091,outer_fold_train_only
M3,策略＋早期特征联合 Ridge,EL150800460640,6C(40%)-3.6C,20,5,679.2454978334904,0.9797428959655402,0.980542454545,outer_fold_train_only
M3,策略＋早期特征联合 Ridge,EL150800460641,5.2C(58%)-4C,20,5,578.3916272530166,0.9821480743558451,0.985408909091,outer_fold_train_only
M3,策略＋早期特征联合 Ridge,EL150800463871,5.4C(60%)-3.6C,20,5,681.6146058161357,0.9826793778927014,0.975936909091,outer_fold_train_only
M4,P3 策略先验＋早期残差 Ridge,EL150800453113,5.4C(50%)-3C,20,1,581.6578850390189,0.9668418837685554,0.970087636364,outer_fold_train_only
M4,P3 策略先验＋早期残差 Ridge,EL150800460478,4.4C(24%)-5C,20,1,328.37205878888295,0.9667978173747368,0.970028727273,outer_fold_train_only
M4,P3 策略先验＋早期残差 Ridge,EL150800460511,5.6C(38%)-4.25C,20,1,429.0836139988344,0.9752431052078789,0.982467909091,outer_fold_train_only
M4,P3 策略先验＋早期残差 Ridge,EL150800460518,1C(4%)-6C,20,1,332.68154394141754,0.9649391380528604,0.935368727273,outer_fold_train_only
M4,P3 策略先验＋早期残差 Ridge,EL150800460608,5.2C(37%)-4.5C,20,1,397.1908983107166,0.973665595595636,0.979428727273,outer_fold_train_only
M4,P3 策略先验＋早期残差 Ridge,EL150800460611,4.8C(80%)-4.8C,20,1,792.6052769382201,0.9730020210233842,0.96855,outer_fold_train_only
M4,P3 策略先验＋早期残差 Ridge,EL150800460613,6C(4%)-4.75C,20,1,462.0739948107828,0.9718431418632746,0.974183727273,outer_fold_train_only
M4,P3 策略先验＋早期残差 Ridge,EL150800460614,4.9C(27%)-4.75C,20,1,375.4577401842697,0.9658803757901304,0.970763181818,outer_fold_train_only
M4,P3 策略先验＋早期残差 Ridge,EL150800465027,4.8C(80%)-4.8C,20,1,998.332538970637,0.9941726800980043,0.995382545455,outer_fold_train_only
M4,P3 策略先验＋早期残差 Ridge,EL150800460486,3.6C(80%)-3.6C,20,2,1985.9393011790946,0.983507454545,0.982120727273,outer_fold_train_only
M4,P3 策略先验＋早期残差 Ridge,EL150800460498,6C(31%)-4.25C,20,2,482.2677422455193,0.9765563727678199,0.979719181818,outer_fold_train_only
M4,P3 策略先验＋早期残差 Ridge,EL150800460501,4.65C(69%)-6C,20,2,365.23729204517673,0.9720416063762335,0.971969363636,outer_fold_train_only
M4,P3 策略先验＋早期残差 Ridge,EL150800460522,5.4C(50%)-3.6C,20,2,563.5278496606567,0.9755004378318823,0.978713272727,outer_fold_train_only
M4,P3 策略先验＋早期残差 Ridge,EL150800460525,6C(50%)-3C,20,2,705.3062256373246,0.9797433579029317,0.980681909091,outer_fold_train_only
M4,P3 策略先验＋早期残差 Ridge,EL150800460618,7C(40%)-3C,20,2,876.5076905635964,0.9851073806442836,0.984202181818,outer_fold_train_only
M4,P3 策略先验＋早期残差 Ridge,EL150800460659,5.4C(80%)-5.4C,20,2,479.14237244460736,0.9857306629826609,0.989694090909,outer_fold_train_only
M4,P3 策略先验＋早期残差 Ridge,EL150800464977,4C(80%)-4C,20,2,1114.0568104500287,0.986282,0.985516090909,outer_fold_train_only
M4,P3 策略先验＋早期残差 Ridge,EL150800460485,7C(40%)-3.6C,20,3,1158.4859826173085,0.989308272727,0.985298454545,outer_fold_train_only
M4,P3 策略先验＋早期残差 Ridge,EL150800460506,6C(50%)-3.6C,20,3,850.2159566605718,0.9830423748637013,0.981420636364,outer_fold_train_only
M4,P3 策略先验＋早期残差 Ridge,EL150800460507,6C(30%)-3.6C,20,3,650.0480586821448,0.9806163088107936,0.981020363636,outer_fold_train_only
M4,P3 策略先验＋早期残差 Ridge,EL150800460603,4.65C(19%)-4.85C,20,3,319.4491604531893,0.9739161002465351,0.976471545455,outer_fold_train_only
M4,P3 策略先验＋早期残差 Ridge,EL150800460630,5.4C(70%)-3C,20,3,740.6862098722069,0.9794027906373316,0.979219,outer_fold_train_only
M4,P3 策略先验＋早期残差 Ridge,EL150800460634,3.6C(30%)-6C,20,3,719.3205173957267,0.9734745465248535,0.950255090909,outer_fold_train_only
M4,P3 策略先验＋早期残差 Ridge,EL150800463208,4C(40%)-6C,20,3,679.5874794737313,0.9828342005268026,0.970479545455,outer_fold_train_only
M4,P3 策略先验＋早期残差 Ridge,EL150800463882,5.4C(40%)-3.6C,20,3,628.62602520765,0.9613440683452329,0.962972,outer_fold_train_only
M4,P3 策略先验＋早期残差 Ridge,EL150800460466,4C(13%)-5C,20,4,448.08663210454546,0.9722138061658859,0.970868,outer_fold_train_only
M4,P3 策略先验＋早期残差 Ridge,EL150800460513,5.6C(65%)-3C,20,4,535.2488497521751,0.9739620314465274,0.975053818182,outer_fold_train_only
M4,P3 策略先验＋早期残差 Ridge,EL150800460615,6C(40%)-3C,20,4,753.6561267509707,0.984421806003355,0.982214181818,outer_fold_train_only
M4,P3 策略先验＋早期残差 Ridge,EL150800460628,5.2C(71%)-3C,20,4,687.3523707395808,0.9749437031556387,0.972732090909,outer_fold_train_only
M4,P3 策略先验＋早期残差 Ridge,EL150800460655,3.6C(22%)-5.5C,20,4,449.06749522141797,0.9721215473273972,0.964618090909,outer_fold_train_only
M4,P3 策略先验＋早期残差 Ridge,EL150800463229,7C(30%)-3.6C,20,4,713.7887318451487,0.9872362463469797,0.986640818182,outer_fold_train_only
M4,P3 策略先验＋早期残差 Ridge,EL150800464881,5.4C(60%)-3C,20,4,586.5046561648668,0.9874099205845314,0.987258909091,outer_fold_train_only
M4,P3 策略先验＋早期残差 Ridge,EL150800464883,4.4C(80%)-4.4C,20,4,1120.5178096654515,0.982050545455,0.981087272727,outer_fold_train_only
M4,P3 策略先验＋早期残差 Ridge,EL150800440551,4.4C(55%)-6C,20,5,233.77575401953948,0.9353304214833634,0.934885272727,outer_fold_train_only
M4,P3 策略先验＋早期残差 Ridge,EL150800453773,6C(60%)-3C,20,5,527.4242632281461,0.9741875718514974,0.976511363636,outer_fold_train_only
M4,P3 策略先验＋早期残差 Ridge,EL150800460602,2C(2%)-5C,20,5,347.8792913092878,0.972020171495761,0.976273818182,outer_fold_train_only
M4,P3 策略先验＋早期残差 Ridge,EL150800460604,4.9C(69%)-4.25C,20,5,476.3466910909864,0.9744355346194292,0.979923727273,outer_fold_train_only
M4,P3 策略先验＋早期残差 Ridge,EL150800460627,5.6C(58%)-3.5C,20,5,691.9285189306255,0.9835438699347502,0.986781909091,outer_fold_train_only
M4,P3 策略先验＋早期残差 Ridge,EL150800460640,6C(40%)-3.6C,20,5,784.4768825015386,0.9804415941489218,0.980542454545,outer_fold_train_only
M4,P3 策略先验＋早期残差 Ridge,EL150800460641,5.2C(58%)-4C,20,5,488.94448056858226,0.980928140274418,0.985408909091,outer_fold_train_only
M4,P3 策略先验＋早期残差 Ridge,EL150800463871,5.4C(60%)-3.6C,20,5,583.7285558655681,0.9822071122381966,0.975936909091,outer_fold_train_only
M1,策略参数 Ridge（设计前基线）,EL150800453113,5.4C(50%)-3C,50,1,680.0180738810836,0.9689749477883087,0.970087636364,outer_fold_train_only
M1,策略参数 Ridge（设计前基线）,EL150800460478,4.4C(24%)-5C,50,1,609.7460250383199,0.97498415390146,0.970028727273,outer_fold_train_only
M1,策略参数 Ridge（设计前基线）,EL150800460511,5.6C(38%)-4.25C,50,1,642.051847733764,0.9801564039071902,0.982467909091,outer_fold_train_only
M1,策略参数 Ridge（设计前基线）,EL150800460518,1C(4%)-6C,50,1,564.5237569989812,0.9631652102397744,0.935368727273,outer_fold_train_only
M1,策略参数 Ridge（设计前基线）,EL150800460608,5.2C(37%)-4.5C,50,1,635.5344976707244,0.9789414546400771,0.979428727273,outer_fold_train_only
M1,策略参数 Ridge（设计前基线）,EL150800460611,4.8C(80%)-4.8C,50,1,683.2983187448043,0.971653559413602,0.96855,outer_fold_train_only
M1,策略参数 Ridge（设计前基线）,EL150800460613,6C(4%)-4.75C,50,1,594.0144560893903,0.974077500354099,0.974183727273,outer_fold_train_only
M1,策略参数 Ridge（设计前基线）,EL150800460614,4.9C(27%)-4.75C,50,1,618.5525389302885,0.9710283289380832,0.970763181818,outer_fold_train_only
M1,策略参数 Ridge（设计前基线）,EL150800465027,4.8C(80%)-4.8C,50,1,683.2983187448043,0.9950656162320524,0.995382545455,outer_fold_train_only
M1,策略参数 Ridge（设计前基线）,EL150800460486,3.6C(80%)-3.6C,50,2,591.0187375320273,0.9800888709488057,0.982120727273,outer_fold_train_only
M1,策略参数 Ridge（设计前基线）,EL150800460498,6C(31%)-4.25C,50,2,596.4367506925639,0.9788976206352099,0.979719181818,outer_fold_train_only
M1,策略参数 Ridge（设计前基线）,EL150800460501,4.65C(69%)-6C,50,2,533.2408441640833,0.9745004300346609,0.971969363636,outer_fold_train_only
M1,策略参数 Ridge（设计前基线）,EL150800460522,5.4C(50%)-3.6C,50,2,621.8633732530546,0.9767483138032295,0.978713272727,outer_fold_train_only
M1,策略参数 Ridge（设计前基线）,EL150800460525,6C(50%)-3C,50,2,670.1179158474258,0.9806930541408733,0.980681909091,outer_fold_train_only
M1,策略参数 Ridge（设计前基线）,EL150800460618,7C(40%)-3C,50,2,699.1362889505982,0.9839245895826717,0.984202181818,outer_fold_train_only
M1,策略参数 Ridge（设计前基线）,EL150800460659,5.4C(80%)-5.4C,50,2,593.8091080338489,0.9884094994970605,0.989694090909,outer_fold_train_only
M1,策略参数 Ridge（设计前基线）,EL150800464977,4C(80%)-4C,50,2,591.6376845341704,0.9837237780359803,0.985516090909,outer_fold_train_only
M1,策略参数 Ridge（设计前基线）,EL150800460485,7C(40%)-3.6C,50,3,622.3285118421893,0.9855262985218699,0.985298454545,outer_fold_train_only
M1,策略参数 Ridge（设计前基线）,EL150800460506,6C(50%)-3.6C,50,3,643.7872820107165,0.9809645227258526,0.981420636364,outer_fold_train_only
M1,策略参数 Ridge（设计前基线）,EL150800460507,6C(30%)-3.6C,50,3,592.8361909349826,0.9798936320130197,0.981020363636,outer_fold_train_only
M1,策略参数 Ridge（设计前基线）,EL150800460603,4.65C(19%)-4.85C,50,3,519.9600742039788,0.9783151394470602,0.976471545455,outer_fold_train_only
M1,策略参数 Ridge（设计前基线）,EL150800460630,5.4C(70%)-3C,50,3,721.8880250699599,0.9796103368973892,0.979219,outer_fold_train_only
M1,策略参数 Ridge（设计前基线）,EL150800460634,3.6C(30%)-6C,50,3,503.4845616601752,0.9655177906071641,0.950255090909,outer_fold_train_only
M1,策略参数 Ridge（设计前基线）,EL150800463208,4C(40%)-6C,50,3,526.214074544707,0.977869628152824,0.970479545455,outer_fold_train_only
M1,策略参数 Ridge（设计前基线）,EL150800463882,5.4C(40%)-3.6C,50,3,615.0775301864124,0.9619463997515748,0.962972,outer_fold_train_only
M1,策略参数 Ridge（设计前基线）,EL150800460466,4C(13%)-5C,50,4,499.698170893824,0.9732239626060473,0.970868,outer_fold_train_only
M1,策略参数 Ridge（设计前基线）,EL150800460513,5.6C(65%)-3C,50,4,756.3160102510177,0.9772219109611593,0.975053818182,outer_fold_train_only
M1,策略参数 Ridge（设计前基线）,EL150800460615,6C(40%)-3C,50,4,674.1581483688212,0.9833056690280573,0.982214181818,outer_fold_train_only
M1,策略参数 Ridge（设计前基线）,EL150800460628,5.2C(71%)-3C,50,4,777.48530008989,0.9759196511473519,0.972732090909,outer_fold_train_only
M1,策略参数 Ridge（设计前基线）,EL150800460655,3.6C(22%)-5.5C,50,4,498.4871956534523,0.9711193757236387,0.964618090909,outer_fold_train_only
M1,策略参数 Ridge（设计前基线）,EL150800463229,7C(30%)-3.6C,50,4,610.8504397349354,0.9862296930126204,0.986640818182,outer_fold_train_only
M1,策略参数 Ridge（设计前基线）,EL150800464881,5.4C(60%)-3C,50,4,739.1246605956709,0.9888034829026184,0.987258909091,outer_fold_train_only
M1,策略参数 Ridge（设计前基线）,EL150800464883,4.4C(80%)-4.4C,50,4,716.7686431347423,0.9815564224154323,0.981087272727,outer_fold_train_only
M1,策略参数 Ridge（设计前基线）,EL150800440551,4.4C(55%)-6C,50,5,590.6617552534984,0.9451636458626079,0.934885272727,outer_fold_train_only
M1,策略参数 Ridge（设计前基线）,EL150800453773,6C(60%)-3C,50,5,762.2423453191744,0.9755106929106895,0.976511363636,outer_fold_train_only
M1,策略参数 Ridge（设计前基线）,EL150800460602,2C(2%)-5C,50,5,481.13894836405655,0.975757786228116,0.976273818182,outer_fold_train_only
M1,策略参数 Ridge（设计前基线）,EL150800460604,4.9C(69%)-4.25C,50,5,719.576865155932,0.9779592211569769,0.979923727273,outer_fold_train_only
M1,策略参数 Ridge（设计前基线）,EL150800460627,5.6C(58%)-3.5C,50,5,725.5073178468024,0.9848447332033129,0.986781909091,outer_fold_train_only
M1,策略参数 Ridge（设计前基线）,EL150800460640,6C(40%)-3.6C,50,5,663.5933020728133,0.9793609973064358,0.980542454545,outer_fold_train_only
M1,策略参数 Ridge（设计前基线）,EL150800460641,5.2C(58%)-4C,50,5,697.170968445038,0.9832840080503357,0.985408909091,outer_fold_train_only
M1,策略参数 Ridge（设计前基线）,EL150800463871,5.4C(60%)-3.6C,50,5,725.7969829013962,0.9819313412815405,0.975936909091,outer_fold_train_only
M2,早期运行特征 Ridge（运行后基线）,EL150800453113,5.4C(50%)-3C,50,1,581.2228100244133,0.9681112371738934,0.970087636364,outer_fold_train_only
M2,早期运行特征 Ridge（运行后基线）,EL150800460478,4.4C(24%)-5C,50,1,518.875619758178,0.9738306351790247,0.970028727273,outer_fold_train_only
M2,早期运行特征 Ridge（运行后基线）,EL150800460511,5.6C(38%)-4.25C,50,1,517.2332673046965,0.978567776470699,0.982467909091,outer_fold_train_only
M2,早期运行特征 Ridge（运行后基线）,EL150800460518,1C(4%)-6C,50,1,822.8525006087384,0.9654112926500306,0.935368727273,outer_fold_train_only
M2,早期运行特征 Ridge（运行后基线）,EL150800460608,5.2C(37%)-4.5C,50,1,544.9823692693083,0.9779419106601438,0.979428727273,outer_fold_train_only
M2,早期运行特征 Ridge（运行后基线）,EL150800460611,4.8C(80%)-4.8C,50,1,599.5149305422465,0.9707684445180506,0.96855,outer_fold_train_only
M2,早期运行特征 Ridge（运行后基线）,EL150800460613,6C(4%)-4.75C,50,1,541.5114158904238,0.9735123155591154,0.974183727273,outer_fold_train_only
M2,早期运行特征 Ridge（运行后基线）,EL150800460614,4.9C(27%)-4.75C,50,1,474.93830553813245,0.9691343094186177,0.970763181818,outer_fold_train_only
M2,早期运行特征 Ridge（运行后基线）,EL150800465027,4.8C(80%)-4.8C,50,1,1018.4261455078613,0.9966011933141434,0.995382545455,outer_fold_train_only
M2,早期运行特征 Ridge（运行后基线）,EL150800460486,3.6C(80%)-3.6C,50,2,1223.2229561682993,0.983376909091,0.982120727273,outer_fold_train_only
M2,早期运行特征 Ridge（运行后基线）,EL150800460498,6C(31%)-4.25C,50,2,481.45815001523084,0.977075722234329,0.979719181818,outer_fold_train_only
M2,早期运行特征 Ridge（运行后基线）,EL150800460501,4.65C(69%)-6C,50,2,488.99975927028163,0.9736760330591766,0.971969363636,outer_fold_train_only
M2,早期运行特征 Ridge（运行后基线）,EL150800460522,5.4C(50%)-3.6C,50,2,564.0723600265771,0.9760056625944347,0.978713272727,outer_fold_train_only
M2,早期运行特征 Ridge（运行后基线）,EL150800460525,6C(50%)-3C,50,2,674.5242114632306,0.9807300734549603,0.980681909091,outer_fold_train_only
M2,早期运行特征 Ridge（运行后基线）,EL150800460618,7C(40%)-3C,50,2,741.8946123595309,0.9841946073704075,0.984202181818,outer_fold_train_only
M2,早期运行特征 Ridge（运行后基线）,EL150800460659,5.4C(80%)-5.4C,50,2,767.2017363127655,0.9906219158023692,0.989694090909,outer_fold_train_only
M2,早期运行特征 Ridge（运行后基线）,EL150800464977,4C(80%)-4C,50,2,1081.9883030456754,0.987078181818,0.985516090909,outer_fold_train_only
M2,早期运行特征 Ridge（运行后基线）,EL150800460485,7C(40%)-3.6C,50,3,500.81628357568707,0.9840729973153484,0.985298454545,outer_fold_train_only
M2,早期运行特征 Ridge（运行后基线）,EL150800460506,6C(50%)-3.6C,50,3,1029.0349066868882,0.983457272727,0.981420636364,outer_fold_train_only
M2,早期运行特征 Ridge（运行后基线）,EL150800460507,6C(30%)-3.6C,50,3,843.4577989896413,0.9822599517260251,0.981020363636,outer_fold_train_only
M2,早期运行特征 Ridge（运行后基线）,EL150800460603,4.65C(19%)-4.85C,50,3,418.45956892109126,0.97661289830606,0.976471545455,outer_fold_train_only
M2,早期运行特征 Ridge（运行后基线）,EL150800460630,5.4C(70%)-3C,50,3,1072.817405469478,0.980482636364,0.979219,outer_fold_train_only
M2,早期运行特征 Ridge（运行后基线）,EL150800460634,3.6C(30%)-6C,50,3,372.87619536305994,0.963041965132245,0.950255090909,outer_fold_train_only
M2,早期运行特征 Ridge（运行后基线）,EL150800463208,4C(40%)-6C,50,3,467.923717298141,0.9772019193665137,0.970479545455,outer_fold_train_only
M2,早期运行特征 Ridge（运行后基线）,EL150800463882,5.4C(40%)-3.6C,50,3,1196.8911891304756,0.964361454545,0.962972,outer_fold_train_only
M2,早期运行特征 Ridge（运行后基线）,EL150800460466,4C(13%)-5C,50,4,502.73972646696484,0.9732765773129423,0.970868,outer_fold_train_only
M2,早期运行特征 Ridge（运行后基线）,EL150800460513,5.6C(65%)-3C,50,4,515.6538439470273,0.9742484304570707,0.975053818182,outer_fold_train_only
M2,早期运行特征 Ridge（运行后基线）,EL150800460615,6C(40%)-3C,50,4,671.4500950445297,0.9833056690280573,0.982214181818,outer_fold_train_only
M2,早期运行特征 Ridge（运行后基线）,EL150800460628,5.2C(71%)-3C,50,4,531.1493159233611,0.9732341766297546,0.972732090909,outer_fold_train_only
M2,早期运行特征 Ridge（运行后基线）,EL150800460655,3.6C(22%)-5.5C,50,4,532.1610176531366,0.9720981697506372,0.964618090909,outer_fold_train_only
M2,早期运行特征 Ridge（运行后基线）,EL150800463229,7C(30%)-3.6C,50,4,930.8783810212485,0.988363934681191,0.986640818182,outer_fold_train_only
M2,早期运行特征 Ridge（运行后基线）,EL150800464881,5.4C(60%)-3C,50,4,604.0373575707746,0.9872171294755194,0.987258909091,outer_fold_train_only
M2,早期运行特征 Ridge（运行后基线）,EL150800464883,4.4C(80%)-4.4C,50,4,724.7993423265821,0.9816888260647937,0.981087272727,outer_fold_train_only
M2,早期运行特征 Ridge（运行后基线）,EL150800440551,4.4C(55%)-6C,50,5,221.79542359137022,0.9331129784565222,0.934885272727,outer_fold_train_only
M2,早期运行特征 Ridge（运行后基线）,EL150800453773,6C(60%)-3C,50,5,618.1437496977894,0.9747193838126423,0.976511363636,outer_fold_train_only
M2,早期运行特征 Ridge（运行后基线）,EL150800460602,2C(2%)-5C,50,5,505.930807255805,0.9762981862231351,0.976273818182,outer_fold_train_only
M2,早期运行特征 Ridge（运行后基线）,EL150800460604,4.9C(69%)-4.25C,50,5,579.6425829246342,0.9772740207464816,0.979923727273,outer_fold_train_only
M2,早期运行特征 Ridge（运行后基线）,EL150800460627,5.6C(58%)-3.5C,50,5,578.9236872612654,0.9840712133463071,0.986781909091,outer_fold_train_only
M2,早期运行特征 Ridge（运行后基线）,EL150800460640,6C(40%)-3.6C,50,5,641.7942521448858,0.9791835061234564,0.980542454545,outer_fold_train_only
M2,早期运行特征 Ridge（运行后基线）,EL150800460641,5.2C(58%)-4C,50,5,540.7979655825928,0.9821122888932171,0.985408909091,outer_fold_train_only
M2,早期运行特征 Ridge（运行后基线）,EL150800463871,5.4C(60%)-3.6C,50,5,687.5550324652511,0.9817187340948292,0.975936909091,outer_fold_train_only
M3,策略＋早期特征联合 Ridge,EL150800453113,5.4C(50%)-3C,50,1,581.260476492556,0.9681119516416882,0.970087636364,outer_fold_train_only
M3,策略＋早期特征联合 Ridge,EL150800460478,4.4C(24%)-5C,50,1,414.4870608606172,0.9723520530346587,0.970028727273,outer_fold_train_only
M3,策略＋早期特征联合 Ridge,EL150800460511,5.6C(38%)-4.25C,50,1,480.18493514391355,0.9778649993194737,0.982467909091,outer_fold_train_only
M3,策略＋早期特征联合 Ridge,EL150800460518,1C(4%)-6C,50,1,1040.1975043043121,0.9657548694898201,0.935368727273,outer_fold_train_only
M3,策略＋早期特征联合 Ridge,EL150800460608,5.2C(37%)-4.5C,50,1,488.84913495007413,0.9769197855929918,0.979428727273,outer_fold_train_only
M3,策略＋早期特征联合 Ridge,EL150800460611,4.8C(80%)-4.8C,50,1,578.8601690619419,0.97066418717442,0.96855,outer_fold_train_only
M3,策略＋早期特征联合 Ridge,EL150800460613,6C(4%)-4.75C,50,1,478.2597454787702,0.9723820560181307,0.974183727273,outer_fold_train_only
M3,策略＋早期特征联合 Ridge,EL150800460614,4.9C(27%)-4.75C,50,1,412.1032093247853,0.9682883175488628,0.970763181818,outer_fold_train_only
M3,策略＋早期特征联合 Ridge,EL150800465027,4.8C(80%)-4.8C,50,1,1012.3489391590788,0.9965666100880728,0.995382545455,outer_fold_train_only
M3,策略＋早期特征联合 Ridge,EL150800460486,3.6C(80%)-3.6C,50,2,1145.2518697454916,0.983376909091,0.982120727273,outer_fold_train_only
M3,策略＋早期特征联合 Ridge,EL150800460498,6C(31%)-4.25C,50,2,484.56867191342843,0.977075722234329,0.979719181818,outer_fold_train_only
M3,策略＋早期特征联合 Ridge,EL150800460501,4.65C(69%)-6C,50,2,509.17657182506167,0.9739650713307884,0.971969363636,outer_fold_train_only
M3,策略＋早期特征联合 Ridge,EL150800460522,5.4C(50%)-3.6C,50,2,585.5372683903424,0.976323616453895,0.978713272727,outer_fold_train_only
M3,策略＋早期特征联合 Ridge,EL150800460525,6C(50%)-3C,50,2,711.2906928799637,0.9809569208464599,0.980681909091,outer_fold_train_only
M3,策略＋早期特征联合 Ridge,EL150800460618,7C(40%)-3C,50,2,779.6154322024181,0.9844847467959816,0.984202181818,outer_fold_train_only
M3,策略＋早期特征联合 Ridge,EL150800460659,5.4C(80%)-5.4C,50,2,779.4874079873871,0.9906851357042505,0.989694090909,outer_fold_train_only
M3,策略＋早期特征联合 Ridge,EL150800464977,4C(80%)-4C,50,2,1018.7860345939937,0.987078181818,0.985516090909,outer_fold_train_only
M3,策略＋早期特征联合 Ridge,EL150800460485,7C(40%)-3.6C,50,3,518.403465657143,0.9841738352698292,0.985298454545,outer_fold_train_only
M3,策略＋早期特征联合 Ridge,EL150800460506,6C(50%)-3.6C,50,3,976.2689138085385,0.983457272727,0.981420636364,outer_fold_train_only
M3,策略＋早期特征联合 Ridge,EL150800460507,6C(30%)-3.6C,50,3,743.9513047063126,0.9818274937722132,0.981020363636,outer_fold_train_only
M3,策略＋早期特征联合 Ridge,EL150800460603,4.65C(19%)-4.85C,50,3,443.9622125690043,0.9774916577656486,0.976471545455,outer_fold_train_only
M3,策略＋早期特征联合 Ridge,EL150800460630,5.4C(70%)-3C,50,3,1070.7829026011664,0.980482636364,0.979219,outer_fold_train_only
M3,策略＋早期特征联合 Ridge,EL150800460634,3.6C(30%)-6C,50,3,462.1270782473272,0.9649867824142975,0.950255090909,outer_fold_train_only
M3,策略＋早期特征联合 Ridge,EL150800463208,4C(40%)-6C,50,3,494.36094616202604,0.9777722418468869,0.970479545455,outer_fold_train_only
M3,策略＋早期特征联合 Ridge,EL150800463882,5.4C(40%)-3.6C,50,3,1145.4178583895966,0.964361454545,0.962972,outer_fold_train_only
M3,策略＋早期特征联合 Ridge,EL150800460466,4C(13%)-5C,50,4,455.98583931250664,0.9721142694335034,0.970868,outer_fold_train_only
M3,策略＋早期特征联合 Ridge,EL150800460513,5.6C(65%)-3C,50,4,571.4544757884388,0.9751149001895587,0.975053818182,outer_fold_train_only
M3,策略＋早期特征联合 Ridge,EL150800460615,6C(40%)-3C,50,4,661.0298093538551,0.9832900124182514,0.982214181818,outer_fold_train_only
M3,策略＋早期特征联合 Ridge,EL150800460628,5.2C(71%)-3C,50,4,599.3086574219683,0.974054666261402,0.972732090909,outer_fold_train_only
M3,策略＋早期特征联合 Ridge,EL150800460655,3.6C(22%)-5.5C,50,4,492.9569910898081,0.9711145802522972,0.964618090909,outer_fold_train_only
M3,策略＋早期特征联合 Ridge,EL150800463229,7C(30%)-3.6C,50,4,879.7294475419706,0.988363934681191,0.986640818182,outer_fold_train_only
M3,策略＋早期特征联合 Ridge,EL150800464881,5.4C(60%)-3C,50,4,640.6422049480333,0.9876503403503855,0.987258909091,outer_fold_train_only
M3,策略＋早期特征联合 Ridge,EL150800464883,4.4C(80%)-4.4C,50,4,774.7640213340203,0.9820972418554037,0.981087272727,outer_fold_train_only
M3,策略＋早期特征联合 Ridge,EL150800440551,4.4C(55%)-6C,50,5,282.3739609481935,0.9397404496543881,0.934885272727,outer_fold_train_only
M3,策略＋早期特征联合 Ridge,EL150800453773,6C(60%)-3C,50,5,668.4566639126896,0.9750034470694208,0.976511363636,outer_fold_train_only
M3,策略＋早期特征联合 Ridge,EL150800460602,2C(2%)-5C,50,5,467.3707726050953,0.9755631506611485,0.976273818182,outer_fold_train_only
M3,策略＋早期特征联合 Ridge,EL150800460604,4.9C(69%)-4.25C,50,5,612.4135502725602,0.9774037865566213,0.979923727273,outer_fold_train_only
M3,策略＋早期特征联合 Ridge,EL150800460627,5.6C(58%)-3.5C,50,5,601.4755837491916,0.9842059547484748,0.986781909091,outer_fold_train_only
M3,策略＋早期特征联合 Ridge,EL150800460640,6C(40%)-3.6C,50,5,649.4017909967235,0.9792508310624921,0.980542454545,outer_fold_train_only
M3,策略＋早期特征联合 Ridge,EL150800460641,5.2C(58%)-4C,50,5,587.992662478985,0.9827018550372456,0.985408909091,outer_fold_train_only
M3,策略＋早期特征联合 Ridge,EL150800463871,5.4C(60%)-3.6C,50,5,759.2774421034376,0.9820717935616843,0.975936909091,outer_fold_train_only
M4,P3 策略先验＋早期残差 Ridge,EL150800453113,5.4C(50%)-3C,50,1,571.0377021741492,0.9680000127845901,0.970087636364,outer_fold_train_only
M4,P3 策略先验＋早期残差 Ridge,EL150800460478,4.4C(24%)-5C,50,1,315.56714345020475,0.968942801741031,0.970028727273,outer_fold_train_only
M4,P3 策略先验＋早期残差 Ridge,EL150800460511,5.6C(38%)-4.25C,50,1,410.28988897137515,0.9767386313301744,0.982467909091,outer_fold_train_only
M4,P3 策略先验＋早期残差 Ridge,EL150800460518,1C(4%)-6C,50,1,411.9335973993292,0.9610415225217156,0.935368727273,outer_fold_train_only
M4,P3 策略先验＋早期残差 Ridge,EL150800460608,5.2C(37%)-4.5C,50,1,383.5490448746339,0.9751586367499414,0.979428727273,outer_fold_train_only
M4,P3 策略先验＋早期残差 Ridge,EL150800460611,4.8C(80%)-4.8C,50,1,748.164149732426,0.9721980592667442,0.96855,outer_fold_train_only
M4,P3 策略先验＋早期残差 Ridge,EL150800460613,6C(4%)-4.75C,50,1,469.4473414529804,0.9723724839218442,0.974183727273,outer_fold_train_only
M4,P3 策略先验＋早期残差 Ridge,EL150800460614,4.9C(27%)-4.75C,50,1,333.4555583622736,0.9657679274958372,0.970763181818,outer_fold_train_only
M4,P3 策略先验＋早期残差 Ridge,EL150800465027,4.8C(80%)-4.8C,50,1,997.0551553757122,0.9965312049127768,0.995382545455,outer_fold_train_only
M4,P3 策略先验＋早期残差 Ridge,EL150800460486,3.6C(80%)-3.6C,50,2,1535.1470128691594,0.983376909091,0.982120727273,outer_fold_train_only
M4,P3 策略先验＋早期残差 Ridge,EL150800460498,6C(31%)-4.25C,50,2,493.43322251177614,0.9773496740916581,0.979719181818,outer_fold_train_only
M4,P3 策略先验＋早期残差 Ridge,EL150800460501,4.65C(69%)-6C,50,2,364.22891675490405,0.9710427521082907,0.971969363636,outer_fold_train_only
M4,P3 策略先验＋早期残差 Ridge,EL150800460522,5.4C(50%)-3.6C,50,2,581.9370127298691,0.976323616453895,0.978713272727,outer_fold_train_only
M4,P3 策略先验＋早期残差 Ridge,EL150800460525,6C(50%)-3C,50,2,610.0848764660471,0.9792801748923953,0.980681909091,outer_fold_train_only
M4,P3 策略先验＋早期残差 Ridge,EL150800460618,7C(40%)-3C,50,2,792.6801396284139,0.9845931022589598,0.984202181818,outer_fold_train_only
M4,P3 策略先验＋早期残差 Ridge,EL150800460659,5.4C(80%)-5.4C,50,2,454.0960038285061,0.9858725843256867,0.989694090909,outer_fold_train_only
M4,P3 策略先验＋早期残差 Ridge,EL150800464977,4C(80%)-4C,50,2,1118.1749995377545,0.987078181818,0.985516090909,outer_fold_train_only
M4,P3 策略先验＋早期残差 Ridge,EL150800460485,7C(40%)-3.6C,50,3,1053.6894138421774,0.988284363636,0.985298454545,outer_fold_train_only
M4,P3 策略先验＋早期残差 Ridge,EL150800460506,6C(50%)-3.6C,50,3,844.1156382774379,0.9830066585765793,0.981420636364,outer_fold_train_only
M4,P3 策略先验＋早期残差 Ridge,EL150800460507,6C(30%)-3.6C,50,3,778.8985238847251,0.9822120622642844,0.981020363636,outer_fold_train_only
M4,P3 策略先验＋早期残差 Ridge,EL150800460603,4.65C(19%)-4.85C,50,3,394.70624726298854,0.9760544177987879,0.976471545455,outer_fold_train_only
M4,P3 策略先验＋早期残差 Ridge,EL150800460630,5.4C(70%)-3C,50,3,628.9139935715763,0.9778388540899493,0.979219,outer_fold_train_only
M4,P3 策略先验＋早期残差 Ridge,EL150800460634,3.6C(30%)-6C,50,3,824.9250233461398,0.968888784412516,0.950255090909,outer_fold_train_only
M4,P3 策略先验＋早期残差 Ridge,EL150800463208,4C(40%)-6C,50,3,794.6930036182397,0.9813505262646275,0.970479545455,outer_fold_train_only
M4,P3 策略先验＋早期残差 Ridge,EL150800463882,5.4C(40%)-3.6C,50,3,693.9070067052912,0.9631474050449657,0.962972,outer_fold_train_only
M4,P3 策略先验＋早期残差 Ridge,EL150800460466,4C(13%)-5C,50,4,460.73949169798874,0.9721142694335034,0.970868,outer_fold_train_only
M4,P3 策略先验＋早期残差 Ridge,EL150800460513,5.6C(65%)-3C,50,4,580.4615604010686,0.9755183466801843,0.975053818182,outer_fold_train_only
M4,P3 策略先验＋早期残差 Ridge,EL150800460615,6C(40%)-3C,50,4,712.9029254837129,0.9834732715520549,0.982214181818,outer_fold_train_only
M4,P3 策略先验＋早期残差 Ridge,EL150800460628,5.2C(71%)-3C,50,4,730.9646606660054,0.9754886769508059,0.972732090909,outer_fold_train_only
M4,P3 策略先验＋早期残差 Ridge,EL150800460655,3.6C(22%)-5.5C,50,4,440.168805481839,0.9697391215923826,0.964618090909,outer_fold_train_only
M4,P3 策略先验＋早期残差 Ridge,EL150800463229,7C(30%)-3.6C,50,4,782.0751758830071,0.9880487317056045,0.986640818182,outer_fold_train_only
M4,P3 策略先验＋早期残差 Ridge,EL150800464881,5.4C(60%)-3C,50,4,590.5927368203495,0.987183311075519,0.987258909091,outer_fold_train_only
M4,P3 策略先验＋早期残差 Ridge,EL150800464883,4.4C(80%)-4.4C,50,4,1015.9254436718808,0.9825232741714786,0.981087272727,outer_fold_train_only
M4,P3 策略先验＋早期残差 Ridge,EL150800440551,4.4C(55%)-6C,50,5,160.3275895184056,0.9136092895262874,0.934885272727,outer_fold_train_only
M4,P3 策略先验＋早期残差 Ridge,EL150800453773,6C(60%)-3C,50,5,454.17591254403544,0.9725360542560334,0.976511363636,outer_fold_train_only
M4,P3 策略先验＋早期残差 Ridge,EL150800460602,2C(2%)-5C,50,5,352.7001087370158,0.9742256892652956,0.976273818182,outer_fold_train_only
M4,P3 策略先验＋早期残差 Ridge,EL150800460604,4.9C(69%)-4.25C,50,5,533.1448923998964,0.9765589845075581,0.979923727273,outer_fold_train_only
M4,P3 策略先验＋早期残差 Ridge,EL150800460627,5.6C(58%)-3.5C,50,5,761.017700406681,0.9850190780277125,0.986781909091,outer_fold_train_only
M4,P3 策略先验＋早期残差 Ridge,EL150800460640,6C(40%)-3.6C,50,5,797.8186942911127,0.9802793682688884,0.980542454545,outer_fold_train_only
M4,P3 策略先验＋早期残差 Ridge,EL150800460641,5.2C(58%)-4C,50,5,467.2402828378578,0.9808899154316518,0.985408909091,outer_fold_train_only
M4,P3 策略先验＋早期残差 Ridge,EL150800463871,5.4C(60%)-3.6C,50,5,356.0348655364001,0.977991387021173,0.975936909091,outer_fold_train_only
M1,策略参数 Ridge（设计前基线）,EL150800453113,5.4C(50%)-3C,100,1,680.0180738810836,0.9696481790163839,0.970087636364,outer_fold_train_only
M1,策略参数 Ridge（设计前基线）,EL150800460478,4.4C(24%)-5C,100,1,609.7460250383199,0.9750767130175872,0.970028727273,outer_fold_train_only
M1,策略参数 Ridge（设计前基线）,EL150800460511,5.6C(38%)-4.25C,100,1,642.051847733764,0.9816925218748926,0.982467909091,outer_fold_train_only
M1,策略参数 Ridge（设计前基线）,EL150800460518,1C(4%)-6C,100,1,564.5237569989812,0.9429072276358915,0.935368727273,outer_fold_train_only
M1,策略参数 Ridge（设计前基线）,EL150800460608,5.2C(37%)-4.5C,100,1,635.5344976707244,0.9792497002636403,0.979428727273,outer_fold_train_only
M1,策略参数 Ridge（设计前基线）,EL150800460611,4.8C(80%)-4.8C,100,1,683.2983187448043,0.9695480697685334,0.96855,outer_fold_train_only
M1,策略参数 Ridge（设计前基线）,EL150800460613,6C(4%)-4.75C,100,1,594.0144560893903,0.9744382372007858,0.974183727273,outer_fold_train_only
M1,策略参数 Ridge（设计前基线）,EL150800460614,4.9C(27%)-4.75C,100,1,618.5525389302885,0.9709214334319453,0.970763181818,outer_fold_train_only
M1,策略参数 Ridge（设计前基线）,EL150800465027,4.8C(80%)-4.8C,100,1,683.2983187448043,0.9949284002110417,0.995382545455,outer_fold_train_only
M1,策略参数 Ridge（设计前基线）,EL150800460486,3.6C(80%)-3.6C,100,2,591.0187375320273,0.9805453404316437,0.982120727273,outer_fold_train_only
M1,策略参数 Ridge（设计前基线）,EL150800460498,6C(31%)-4.25C,100,2,596.4367506925639,0.9791392852207852,0.979719181818,outer_fold_train_only
M1,策略参数 Ridge（设计前基线）,EL150800460501,4.65C(69%)-6C,100,2,533.2408441640833,0.97254457577883,0.971969363636,outer_fold_train_only
M1,策略参数 Ridge（设计前基线）,EL150800460522,5.4C(50%)-3.6C,100,2,621.8633732530546,0.977589094330603,0.978713272727,outer_fold_train_only
M1,策略参数 Ridge（设计前基线）,EL150800460525,6C(50%)-3C,100,2,670.1179158474258,0.9805337523990774,0.980681909091,outer_fold_train_only
M1,策略参数 Ridge（设计前基线）,EL150800460618,7C(40%)-3C,100,2,699.1362889505982,0.9838076098356995,0.984202181818,outer_fold_train_only
M1,策略参数 Ridge（设计前基线）,EL150800460659,5.4C(80%)-5.4C,100,2,593.8091080338489,0.9884020353257262,0.989694090909,outer_fold_train_only
M1,策略参数 Ridge（设计前基线）,EL150800464977,4C(80%)-4C,100,2,591.6376845341704,0.9842444710433075,0.985516090909,outer_fold_train_only
M1,策略参数 Ridge（设计前基线）,EL150800460485,7C(40%)-3.6C,100,3,622.3285118421893,0.9842628407171686,0.985298454545,outer_fold_train_only
M1,策略参数 Ridge（设计前基线）,EL150800460506,6C(50%)-3.6C,100,3,643.7872820107165,0.98013179223209,0.981420636364,outer_fold_train_only
M1,策略参数 Ridge（设计前基线）,EL150800460507,6C(30%)-3.6C,100,3,592.8361909349826,0.9797368333759696,0.981020363636,outer_fold_train_only
M1,策略参数 Ridge（设计前基线）,EL150800460603,4.65C(19%)-4.85C,100,3,519.9600742039788,0.9774656161069939,0.976471545455,outer_fold_train_only
M1,策略参数 Ridge（设计前基线）,EL150800460630,5.4C(70%)-3C,100,3,721.8880250699599,0.9789309398901872,0.979219,outer_fold_train_only
M1,策略参数 Ridge（设计前基线）,EL150800460634,3.6C(30%)-6C,100,3,503.4845616601752,0.9554382062106012,0.950255090909,outer_fold_train_only
M1,策略参数 Ridge（设计前基线）,EL150800463208,4C(40%)-6C,100,3,526.214074544707,0.9729341651184964,0.970479545455,outer_fold_train_only
M1,策略参数 Ridge（设计前基线）,EL150800463882,5.4C(40%)-3.6C,100,3,615.0775301864124,0.9619880874395297,0.962972,outer_fold_train_only
M1,策略参数 Ridge（设计前基线）,EL150800460466,4C(13%)-5C,100,4,499.698170893824,0.9714017727140385,0.970868,outer_fold_train_only
M1,策略参数 Ridge（设计前基线）,EL150800460513,5.6C(65%)-3C,100,4,756.3160102510177,0.9755830923559751,0.975053818182,outer_fold_train_only
M1,策略参数 Ridge（设计前基线）,EL150800460615,6C(40%)-3C,100,4,674.1581483688212,0.9819871168417371,0.982214181818,outer_fold_train_only
M1,策略参数 Ridge（设计前基线）,EL150800460628,5.2C(71%)-3C,100,4,777.48530008989,0.9740808987837005,0.972732090909,outer_fold_train_only
M1,策略参数 Ridge（设计前基线）,EL150800460655,3.6C(22%)-5.5C,100,4,498.4871956534523,0.9665192308047446,0.964618090909,outer_fold_train_only
M1,策略参数 Ridge（设计前基线）,EL150800463229,7C(30%)-3.6C,100,4,610.8504397349354,0.9857091544796874,0.986640818182,outer_fold_train_only
M1,策略参数 Ridge（设计前基线）,EL150800464881,5.4C(60%)-3C,100,4,739.1246605956709,0.987522546832995,0.987258909091,outer_fold_train_only
M1,策略参数 Ridge（设计前基线）,EL150800464883,4.4C(80%)-4.4C,100,4,716.7686431347423,0.9807004754256229,0.981087272727,outer_fold_train_only
M1,策略参数 Ridge（设计前基线）,EL150800440551,4.4C(55%)-6C,100,5,590.6617552534984,0.9384672042225995,0.934885272727,outer_fold_train_only
M1,策略参数 Ridge（设计前基线）,EL150800453773,6C(60%)-3C,100,5,762.2423453191744,0.9755327091018606,0.976511363636,outer_fold_train_only
M1,策略参数 Ridge（设计前基线）,EL150800460602,2C(2%)-5C,100,5,481.13894836405655,0.9766102462741227,0.976273818182,outer_fold_train_only
M1,策略参数 Ridge（设计前基线）,EL150800460604,4.9C(69%)-4.25C,100,5,719.576865155932,0.9792114102731643,0.979923727273,outer_fold_train_only
M1,策略参数 Ridge（设计前基线）,EL150800460627,5.6C(58%)-3.5C,100,5,725.5073178468024,0.9859676324088271,0.986781909091,outer_fold_train_only
M1,策略参数 Ridge（设计前基线）,EL150800460640,6C(40%)-3.6C,100,5,663.5933020728133,0.9803430867649671,0.980542454545,outer_fold_train_only
M1,策略参数 Ridge（设计前基线）,EL150800460641,5.2C(58%)-4C,100,5,697.170968445038,0.9848554949504479,0.985408909091,outer_fold_train_only
M1,策略参数 Ridge（设计前基线）,EL150800463871,5.4C(60%)-3.6C,100,5,725.7969829013962,0.9773262619491953,0.975936909091,outer_fold_train_only
M2,早期运行特征 Ridge（运行后基线）,EL150800453113,5.4C(50%)-3C,100,1,660.7945828606472,0.9697306750229137,0.970087636364,outer_fold_train_only
M2,早期运行特征 Ridge（运行后基线）,EL150800460478,4.4C(24%)-5C,100,1,590.3422209608658,0.9751577106193687,0.970028727273,outer_fold_train_only
M2,早期运行特征 Ridge（运行后基线）,EL150800460511,5.6C(38%)-4.25C,100,1,541.0690379594315,0.9813520481847872,0.982467909091,outer_fold_train_only
M2,早期运行特征 Ridge（运行后基线）,EL150800460518,1C(4%)-6C,100,1,578.7809282505278,0.9430790582978961,0.935368727273,outer_fold_train_only
M2,早期运行特征 Ridge（运行后基线）,EL150800460608,5.2C(37%)-4.5C,100,1,575.8676820795505,0.9791371434530327,0.979428727273,outer_fold_train_only
M2,早期运行特征 Ridge（运行后基线）,EL150800460611,4.8C(80%)-4.8C,100,1,692.0520992024753,0.9695921074229774,0.96855,outer_fold_train_only
M2,早期运行特征 Ridge（运行后基线）,EL150800460613,6C(4%)-4.75C,100,1,546.0484171809013,0.9740082859339833,0.974183727273,outer_fold_train_only
M2,早期运行特征 Ridge（运行后基线）,EL150800460614,4.9C(27%)-4.75C,100,1,532.2367945165159,0.9709417921183172,0.970763181818,outer_fold_train_only
M2,早期运行特征 Ridge（运行后基线）,EL150800465027,4.8C(80%)-4.8C,100,1,897.0807656454726,0.9956147919286752,0.995382545455,outer_fold_train_only
M2,早期运行特征 Ridge（运行后基线）,EL150800460486,3.6C(80%)-3.6C,100,2,1250.4016936226649,0.982390636364,0.982120727273,outer_fold_train_only
M2,早期运行特征 Ridge（运行后基线）,EL150800460498,6C(31%)-4.25C,100,2,431.76977928567794,0.9788977603926821,0.979719181818,outer_fold_train_only
M2,早期运行特征 Ridge（运行后基线）,EL150800460501,4.65C(69%)-6C,100,2,489.2224046651233,0.972515609856894,0.971969363636,outer_fold_train_only
M2,早期运行特征 Ridge（运行后基线）,EL150800460522,5.4C(50%)-3.6C,100,2,604.1495898186678,0.9772675049742773,0.978713272727,outer_fold_train_only
M2,早期运行特征 Ridge（运行后基线）,EL150800460525,6C(50%)-3C,100,2,702.7720514738334,0.9803506796096652,0.980681909091,outer_fold_train_only
M2,早期运行特征 Ridge（运行后基线）,EL150800460618,7C(40%)-3C,100,2,768.4303143683088,0.9838276822324733,0.984202181818,outer_fold_train_only
M2,早期运行特征 Ridge（运行后基线）,EL150800460659,5.4C(80%)-5.4C,100,2,813.4767301280968,0.989429502479746,0.989694090909,outer_fold_train_only
M2,早期运行特征 Ridge（运行后基线）,EL150800464977,4C(80%)-4C,100,2,1139.6194778465792,0.986136181818,0.985516090909,outer_fold_train_only
M2,早期运行特征 Ridge（运行后基线）,EL150800460485,7C(40%)-3.6C,100,3,514.0038563673677,0.9846423851556141,0.985298454545,outer_fold_train_only
M2,早期运行特征 Ridge（运行后基线）,EL150800460506,6C(50%)-3.6C,100,3,1054.3371457100525,0.982037363636,0.981420636364,outer_fold_train_only
M2,早期运行特征 Ridge（运行后基线）,EL150800460507,6C(30%)-3.6C,100,3,794.6187042834902,0.9810525115432494,0.981020363636,outer_fold_train_only
M2,早期运行特征 Ridge（运行后基线）,EL150800460603,4.65C(19%)-4.85C,100,3,446.28310484357286,0.9777744167464905,0.976471545455,outer_fold_train_only
M2,早期运行特征 Ridge（运行后基线）,EL150800460630,5.4C(70%)-3C,100,3,1116.5707369671113,0.979664909091,0.979219,outer_fold_train_only
M2,早期运行特征 Ridge（运行后基线）,EL150800460634,3.6C(30%)-6C,100,3,436.63421726840636,0.9554082921531477,0.950255090909,outer_fold_train_only
M2,早期运行特征 Ridge（运行后基线）,EL150800463208,4C(40%)-6C,100,3,479.1844368818802,0.9729521955167706,0.970479545455,outer_fold_train_only
M2,早期运行特征 Ridge（运行后基线）,EL150800463882,5.4C(40%)-3.6C,100,3,1189.2811173400441,0.963610818182,0.962972,outer_fold_train_only
M2,早期运行特征 Ridge（运行后基线）,EL150800460466,4C(13%)-5C,100,4,460.7753866500716,0.9710257122764164,0.970868,outer_fold_train_only
M2,早期运行特征 Ridge（运行后基线）,EL150800460513,5.6C(65%)-3C,100,4,475.95673019765815,0.9739729918723639,0.975053818182,outer_fold_train_only
M2,早期运行特征 Ridge（运行后基线）,EL150800460615,6C(40%)-3C,100,4,704.522971911704,0.9819880528894187,0.982214181818,outer_fold_train_only
M2,早期运行特征 Ridge（运行后基线）,EL150800460628,5.2C(71%)-3C,100,4,514.7757259632025,0.9729200626109835,0.972732090909,outer_fold_train_only
M2,早期运行特征 Ridge（运行后基线）,EL150800460655,3.6C(22%)-5.5C,100,4,536.8959099664249,0.9668379451800512,0.964618090909,outer_fold_train_only
M2,早期运行特征 Ridge（运行后基线）,EL150800463229,7C(30%)-3.6C,100,4,1029.863942021924,0.9868691377976632,0.986640818182,outer_fold_train_only
M2,早期运行特征 Ridge（运行后基线）,EL150800464881,5.4C(60%)-3C,100,4,618.4226768097399,0.986848447207501,0.987258909091,outer_fold_train_only
M2,早期运行特征 Ridge（运行后基线）,EL150800464883,4.4C(80%)-4.4C,100,4,842.6137612080327,0.9815725149776856,0.981087272727,outer_fold_train_only
M2,早期运行特征 Ridge（运行后基线）,EL150800440551,4.4C(55%)-6C,100,5,261.79706938440677,0.9350307453626489,0.934885272727,outer_fold_train_only
M2,早期运行特征 Ridge（运行后基线）,EL150800453773,6C(60%)-3C,100,5,643.4999186864761,0.976499807934806,0.976511363636,outer_fold_train_only
M2,早期运行特征 Ridge（运行后基线）,EL150800460602,2C(2%)-5C,100,5,493.62184043093526,0.9771073410325147,0.976273818182,outer_fold_train_only
M2,早期运行特征 Ridge（运行后基线）,EL150800460604,4.9C(69%)-4.25C,100,5,555.9286328580148,0.9798222802002339,0.979923727273,outer_fold_train_only
M2,早期运行特征 Ridge（运行后基线）,EL150800460627,5.6C(58%)-3.5C,100,5,561.7045365593809,0.9867071135895072,0.986781909091,outer_fold_train_only
M2,早期运行特征 Ridge（运行后基线）,EL150800460640,6C(40%)-3.6C,100,5,670.7245504486943,0.9803092958046278,0.980542454545,outer_fold_train_only
M2,早期运行特征 Ridge（运行后基线）,EL150800460641,5.2C(58%)-4C,100,5,518.4557174122433,0.9852306159907275,0.985408909091,outer_fold_train_only
M2,早期运行特征 Ridge（运行后基线）,EL150800463871,5.4C(60%)-3.6C,100,5,598.7008419232143,0.9782393051157176,0.975936909091,outer_fold_train_only
M3,策略＋早期特征联合 Ridge,EL150800453113,5.4C(50%)-3C,100,1,654.7165079450418,0.9697077944134546,0.970087636364,outer_fold_train_only
M3,策略＋早期特征联合 Ridge,EL150800460478,4.4C(24%)-5C,100,1,568.8283552131913,0.974965956299388,0.970028727273,outer_fold_train_only
M3,策略＋早期特征联合 Ridge,EL150800460511,5.6C(38%)-4.25C,100,1,561.6814825015938,0.9814690365968097,0.982467909091,outer_fold_train_only
M3,策略＋早期特征联合 Ridge,EL150800460518,1C(4%)-6C,100,1,560.0732248937318,0.9428618182408155,0.935368727273,outer_fold_train_only
M3,策略＋早期特征联合 Ridge,EL150800460608,5.2C(37%)-4.5C,100,1,587.5738535385617,0.9793786755650773,0.979428727273,outer_fold_train_only
M3,策略＋早期特征联合 Ridge,EL150800460611,4.8C(80%)-4.8C,100,1,750.0895851341725,0.9699971426333973,0.96855,outer_fold_train_only
M3,策略＋早期特征联合 Ridge,EL150800460613,6C(4%)-4.75C,100,1,516.749288102378,0.9740317937936569,0.974183727273,outer_fold_train_only
M3,策略＋早期特征联合 Ridge,EL150800460614,4.9C(27%)-4.75C,100,1,536.2475769240208,0.9708274531419687,0.970763181818,outer_fold_train_only
M3,策略＋早期特征联合 Ridge,EL150800465027,4.8C(80%)-4.8C,100,1,917.7999822679952,0.9955020562254255,0.995382545455,outer_fold_train_only
M3,策略＋早期特征联合 Ridge,EL150800460486,3.6C(80%)-3.6C,100,2,1215.5255349361587,0.982390636364,0.982120727273,outer_fold_train_only
M3,策略＋早期特征联合 Ridge,EL150800460498,6C(31%)-4.25C,100,2,439.1654655144548,0.9791376456892472,0.979719181818,outer_fold_train_only
M3,策略＋早期特征联合 Ridge,EL150800460501,4.65C(69%)-6C,100,2,520.6103204365944,0.9728405999996788,0.971969363636,outer_fold_train_only
M3,策略＋早期特征联合 Ridge,EL150800460522,5.4C(50%)-3.6C,100,2,609.7695945777116,0.9774016739661177,0.978713272727,outer_fold_train_only
M3,策略＋早期特征联合 Ridge,EL150800460525,6C(50%)-3C,100,2,718.9042723657686,0.9803920224525332,0.980681909091,outer_fold_train_only
M3,策略＋早期特征联合 Ridge,EL150800460618,7C(40%)-3C,100,2,788.9157407718101,0.9837918244172805,0.984202181818,outer_fold_train_only
M3,策略＋早期特征联合 Ridge,EL150800460659,5.4C(80%)-5.4C,100,2,843.2274188904798,0.9896377454518597,0.989694090909,outer_fold_train_only
M3,策略＋早期特征联合 Ridge,EL150800464977,4C(80%)-4C,100,2,1090.1698154447618,0.986136181818,0.985516090909,outer_fold_train_only
M3,策略＋早期特征联合 Ridge,EL150800460485,7C(40%)-3.6C,100,3,497.5380115437501,0.9847847509217632,0.985298454545,outer_fold_train_only
M3,策略＋早期特征联合 Ridge,EL150800460506,6C(50%)-3.6C,100,3,1003.4720949835086,0.982037363636,0.981420636364,outer_fold_train_only
M3,策略＋早期特征联合 Ridge,EL150800460507,6C(30%)-3.6C,100,3,766.3279432123347,0.981104319720408,0.981020363636,outer_fold_train_only
M3,策略＋早期特征联合 Ridge,EL150800460603,4.65C(19%)-4.85C,100,3,432.9341389260144,0.9774361642336267,0.976471545455,outer_fold_train_only
M3,策略＋早期特征联合 Ridge,EL150800460630,5.4C(70%)-3C,100,3,1136.9904831523818,0.979664909091,0.979219,outer_fold_train_only
M3,策略＋早期特征联合 Ridge,EL150800460634,3.6C(30%)-6C,100,3,448.3681842462251,0.9556550751240559,0.950255090909,outer_fold_train_only
M3,策略＋早期特征联合 Ridge,EL150800463208,4C(40%)-6C,100,3,494.397380859327,0.9729727463654645,0.970479545455,outer_fold_train_only
M3,策略＋早期特征联合 Ridge,EL150800463882,5.4C(40%)-3.6C,100,3,1147.8904061513895,0.963610818182,0.962972,outer_fold_train_only
M3,策略＋早期特征联合 Ridge,EL150800460466,4C(13%)-5C,100,4,434.81947283836075,0.9712089315403195,0.970868,outer_fold_train_only
M3,策略＋早期特征联合 Ridge,EL150800460513,5.6C(65%)-3C,100,4,519.442115622133,0.9744400177804444,0.975053818182,outer_fold_train_only
M3,策略＋早期特征联合 Ridge,EL150800460615,6C(40%)-3C,100,4,675.9001334296396,0.9819749267035718,0.982214181818,outer_fold_train_only
M3,策略＋早期特征联合 Ridge,EL150800460628,5.2C(71%)-3C,100,4,571.6115304506798,0.9730176334174436,0.972732090909,outer_fold_train_only
M3,策略＋早期特征联合 Ridge,EL150800460655,3.6C(22%)-5.5C,100,4,514.1493313780855,0.9668287719108216,0.964618090909,outer_fold_train_only
M3,策略＋早期特征联合 Ridge,EL150800463229,7C(30%)-3.6C,100,4,960.5798106371864,0.9868216717477203,0.986640818182,outer_fold_train_only
M3,策略＋早期特征联合 Ridge,EL150800464881,5.4C(60%)-3C,100,4,633.8511431147425,0.9868655442052819,0.987258909091,outer_fold_train_only
M3,策略＋早期特征联合 Ridge,EL150800464883,4.4C(80%)-4.4C,100,4,876.1321439393764,0.9814657527419496,0.981087272727,outer_fold_train_only
M3,策略＋早期特征联合 Ridge,EL150800440551,4.4C(55%)-6C,100,5,226.04418234311296,0.9326874601671674,0.934885272727,outer_fold_train_only
M3,策略＋早期特征联合 Ridge,EL150800453773,6C(60%)-3C,100,5,637.1448058658647,0.9764663669829293,0.976511363636,outer_fold_train_only
M3,策略＋早期特征联合 Ridge,EL150800460602,2C(2%)-5C,100,5,601.3773393094278,0.9776063436882597,0.976273818182,outer_fold_train_only
M3,策略＋早期特征联合 Ridge,EL150800460604,4.9C(69%)-4.25C,100,5,586.0298560835805,0.9801391642971404,0.979923727273,outer_fold_train_only
M3,策略＋早期特征联合 Ridge,EL150800460627,5.6C(58%)-3.5C,100,5,582.4714977412277,0.9869634632241456,0.986781909091,outer_fold_train_only
M3,策略＋早期特征联合 Ridge,EL150800460640,6C(40%)-3.6C,100,5,632.776879904463,0.9805014484028856,0.980542454545,outer_fold_train_only
M3,策略＋早期特征联合 Ridge,EL150800460641,5.2C(58%)-4C,100,5,524.5136988296225,0.9852871625083196,0.985408909091,outer_fold_train_only
M3,策略＋早期特征联合 Ridge,EL150800463871,5.4C(60%)-3.6C,100,5,553.6367024349856,0.9779098704345818,0.975936909091,outer_fold_train_only
M4,P3 策略先验＋早期残差 Ridge,EL150800453113,5.4C(50%)-3C,100,1,648.9472126599314,0.9697123998433584,0.970087636364,outer_fold_train_only
M4,P3 策略先验＋早期残差 Ridge,EL150800460478,4.4C(24%)-5C,100,1,423.95581170640037,0.9743119204064729,0.970028727273,outer_fold_train_only
M4,P3 策略先验＋早期残差 Ridge,EL150800460511,5.6C(38%)-4.25C,100,1,474.28791891866024,0.981051436356019,0.982467909091,outer_fold_train_only
M4,P3 策略先验＋早期残差 Ridge,EL150800460518,1C(4%)-6C,100,1,322.9750689113394,0.9415484050269198,0.935368727273,outer_fold_train_only
M4,P3 策略先验＋早期残差 Ridge,EL150800460608,5.2C(37%)-4.5C,100,1,449.1453735824988,0.9786160899505468,0.979428727273,outer_fold_train_only
M4,P3 策略先验＋早期残差 Ridge,EL150800460611,4.8C(80%)-4.8C,100,1,942.7864138220023,0.9699868631431208,0.96855,outer_fold_train_only
M4,P3 策略先验＋早期残差 Ridge,EL150800460613,6C(4%)-4.75C,100,1,485.69241968009374,0.9734267808985927,0.974183727273,outer_fold_train_only
M4,P3 策略先验＋早期残差 Ridge,EL150800460614,4.9C(27%)-4.75C,100,1,412.87246244743324,0.9702934670027585,0.970763181818,outer_fold_train_only
M4,P3 策略先验＋早期残差 Ridge,EL150800465027,4.8C(80%)-4.8C,100,1,930.7691744540571,0.9954983062161152,0.995382545455,outer_fold_train_only
M4,P3 策略先验＋早期残差 Ridge,EL150800460486,3.6C(80%)-3.6C,100,2,1947.32407522956,0.982390636364,0.982120727273,outer_fold_train_only
M4,P3 策略先验＋早期残差 Ridge,EL150800460498,6C(31%)-4.25C,100,2,419.68139014772737,0.9793413908404898,0.979719181818,outer_fold_train_only
M4,P3 策略先验＋早期残差 Ridge,EL150800460501,4.65C(69%)-6C,100,2,371.20193295263925,0.9718553442977041,0.971969363636,outer_fold_train_only
M4,P3 策略先验＋早期残差 Ridge,EL150800460522,5.4C(50%)-3.6C,100,2,580.2213902969912,0.9774709150698757,0.978713272727,outer_fold_train_only
M4,P3 策略先验＋早期残差 Ridge,EL150800460525,6C(50%)-3C,100,2,665.5294092807349,0.98035595131774,0.980681909091,outer_fold_train_only
M4,P3 策略先验＋早期残差 Ridge,EL150800460618,7C(40%)-3C,100,2,888.441271767135,0.9843961764130857,0.984202181818,outer_fold_train_only
M4,P3 策略先验＋早期残差 Ridge,EL150800460659,5.4C(80%)-5.4C,100,2,518.5734610568068,0.9890438068055198,0.989694090909,outer_fold_train_only
M4,P3 策略先验＋早期残差 Ridge,EL150800464977,4C(80%)-4C,100,2,1319.0960247057562,0.986136181818,0.985516090909,outer_fold_train_only
M4,P3 策略先验＋早期残差 Ridge,EL150800460485,7C(40%)-3.6C,100,3,1037.3591216500413,0.986100181818,0.985298454545,outer_fold_train_only
M4,P3 策略先验＋早期残差 Ridge,EL150800460506,6C(50%)-3.6C,100,3,834.8878001286455,0.9815902371158008,0.981420636364,outer_fold_train_only
M4,P3 策略先验＋早期残差 Ridge,EL150800460507,6C(30%)-3.6C,100,3,782.2197733096418,0.9810525115432494,0.981020363636,outer_fold_train_only
M4,P3 策略先验＋早期残差 Ridge,EL150800460603,4.65C(19%)-4.85C,100,3,389.9485481758906,0.9770875287585482,0.976471545455,outer_fold_train_only
M4,P3 策略先验＋早期残差 Ridge,EL150800460630,5.4C(70%)-3C,100,3,674.3424854153917,0.9783960514340062,0.979219,outer_fold_train_only
M4,P3 策略先验＋早期残差 Ridge,EL150800460634,3.6C(30%)-6C,100,3,816.3039783819894,0.956123811226488,0.950255090909,outer_fold_train_only
M4,P3 策略先验＋早期残差 Ridge,EL150800463208,4C(40%)-6C,100,3,910.3183977281576,0.9740732627291342,0.970479545455,outer_fold_train_only
M4,P3 策略先验＋早期残差 Ridge,EL150800463882,5.4C(40%)-3.6C,100,3,842.2320383058342,0.9632089515852779,0.962972,outer_fold_train_only
M4,P3 策略先验＋早期残差 Ridge,EL150800460466,4C(13%)-5C,100,4,468.81840038401873,0.9711374327219968,0.970868,outer_fold_train_only
M4,P3 策略先验＋早期残差 Ridge,EL150800460513,5.6C(65%)-3C,100,4,585.6952268458665,0.9749555231351772,0.975053818182,outer_fold_train_only
M4,P3 策略先验＋早期残差 Ridge,EL150800460615,6C(40%)-3C,100,4,715.4601301720717,0.9820756928668748,0.982214181818,outer_fold_train_only
M4,P3 策略先验＋早期残差 Ridge,EL150800460628,5.2C(71%)-3C,100,4,764.9942551834978,0.9739521532031205,0.972732090909,outer_fold_train_only
M4,P3 策略先验＋早期残差 Ridge,EL150800460655,3.6C(22%)-5.5C,100,4,454.5606452563042,0.9661831667674251,0.964618090909,outer_fold_train_only
M4,P3 策略先验＋早期残差 Ridge,EL150800463229,7C(30%)-3.6C,100,4,783.8970042299949,0.986727952619891,0.986640818182,outer_fold_train_only
M4,P3 策略先验＋早期残差 Ridge,EL150800464881,5.4C(60%)-3C,100,4,584.0914172463404,0.9870468832166864,0.987258909091,outer_fold_train_only
M4,P3 策略先验＋早期残差 Ridge,EL150800464883,4.4C(80%)-4.4C,100,4,937.4295945433965,0.9814133086973863,0.981087272727,outer_fold_train_only
M4,P3 策略先验＋早期残差 Ridge,EL150800440551,4.4C(55%)-6C,100,5,217.3691632503491,0.9318148714724228,0.934885272727,outer_fold_train_only
M4,P3 策略先验＋早期残差 Ridge,EL150800453773,6C(60%)-3C,100,5,470.27236888631137,0.9758917202628167,0.976511363636,outer_fold_train_only
M4,P3 策略先验＋早期残差 Ridge,EL150800460602,2C(2%)-5C,100,5,356.93678067569925,0.9763645625833188,0.976273818182,outer_fold_train_only
M4,P3 策略先验＋早期残差 Ridge,EL150800460604,4.9C(69%)-4.25C,100,5,437.0539202270486,0.9788014832800912,0.979923727273,outer_fold_train_only
M4,P3 策略先验＋早期残差 Ridge,EL150800460627,5.6C(58%)-3.5C,100,5,655.0698008566361,0.9867013439854216,0.986781909091,outer_fold_train_only
M4,P3 策略先验＋早期残差 Ridge,EL150800460640,6C(40%)-3.6C,100,5,773.1606976582544,0.9793772746263103,0.980542454545,outer_fold_train_only
M4,P3 策略先验＋早期残差 Ridge,EL150800460641,5.2C(58%)-4C,100,5,471.5092016572227,0.9847526677864864,0.985408909091,outer_fold_train_only
M4,P3 策略先验＋早期残差 Ridge,EL150800463871,5.4C(60%)-3.6C,100,5,513.548342833601,0.9776836452767065,0.975936909091,outer_fold_train_only
