C1,Q1_percent,C2,q,single_stage_0_80,C2_effective,tau_0_80_min,E0_20,E20_40,E40_60,E60_80,observed_train_parameter_combo,d5_raw,d5_soc,passes_raw_5nn,passes_soc_5nn,passes_double_5nn,support_bootstrap_rate,passes_support_bootstrap,q2b_pred_log_life,q2b_pred_cycle_life,model_disagreement_log,candidate_type,status,status_reason
6.0,65.0,4.5,0.65,False,4.5,8.5,6.000000000000001,6.000000000000001,6.0,4.875,False,0.8378982452468531,2.6412377383926926,True,True,True,0.81,True,5.74846322631897,313.70819116601706,N/A,new_parameter_combo,Q2_provisional,requires_pilot_and_Q3_k100_confirmation
6.0,55.0,5.0,0.55,False,5.0,8.5,6.000000000000001,6.000000000000001,5.750000000000001,5.000000000000001,False,0.9472839800057375,2.6421914513124425,True,True,True,0.884,True,5.613596034411959,274.1282422802839,N/A,new_parameter_combo,Q2_provisional,requires_pilot_and_Q3_k100_confirmation
6.0,60.0,4.8,0.6,False,4.8,8.5,6.000000000000001,6.000000000000001,6.0,4.8,False,0.8599050730713695,2.6574356929079834,True,True,True,0.809,True,5.582663905673448,265.7786729026669,N/A,new_parameter_combo,Q2_provisional,requires_pilot_and_Q3_k100_confirmation
6.0,58.0,4.85,0.58,False,4.85,8.521649484536084,6.000000000000001,6.000000000000001,5.884999999999999,4.85,False,0.8954505905989908,2.606521197649347,True,True,True,0.899,True,5.580164804268788,265.11529431832446,N/A,new_parameter_combo,Q2_provisional,requires_pilot_and_Q3_k100_confirmation
6.0,60.0,4.75,0.6,False,4.75,8.526315789473685,6.000000000000001,6.000000000000001,6.0,4.75,False,0.8588105799563129,2.609931095418393,True,True,True,0.899,True,5.593063692609187,268.5571371488492,N/A,new_parameter_combo,Q2_provisional,requires_pilot_and_Q3_k100_confirmation
6.0,65.0,4.4,0.65,False,4.4,8.545454545454545,6.000000000000001,6.000000000000001,6.0,4.800000000000001,False,0.787972080723677,2.600306856528837,True,True,True,0.9,True,5.8044211078839805,331.76308271027887,N/A,new_parameter_combo,Q2_provisional,requires_pilot_and_Q3_k100_confirmation
6.0,69.0,4.0,0.69,False,4.0,8.55,6.000000000000001,6.000000000000001,6.0,4.8999999999999995,False,0.7160001745809842,2.5872446062780994,True,True,True,0.9,True,6.264688915809885,525.6780303965229,N/A,new_parameter_combo,Q2_provisional,requires_pilot_and_Q3_k100_confirmation
6.0,58.0,4.8,0.58,False,4.8,8.55,6.000000000000001,6.000000000000001,5.88,4.8,False,0.8752868334530842,2.553730776182818,True,True,True,0.946,True,5.587860105997333,267.1633064299954,N/A,new_parameter_combo,Q2_provisional,requires_pilot_and_Q3_k100_confirmation
5.2,37.0,6.0,0.37,False,6.0,8.56923076923077,5.2,5.32,6.0,6.0,False,1.0198039027185573,2.6407295150611096,True,True,True,0.854,True,6.193056305611084,489.3393938154459,N/A,new_parameter_combo,Q2_provisional,requires_pilot_and_Q3_k100_confirmation
6.0,58.0,4.75,0.58,False,4.75,8.578947368421053,6.000000000000001,6.000000000000001,5.875,4.75,False,0.8689660757568884,2.500433569068577,True,True,True,0.947,True,5.598259892933071,269.95624570800675,N/A,new_parameter_combo,Q2_provisional,requires_pilot_and_Q3_k100_confirmation
5.2,38.0,6.0,0.38,False,6.0,8.584615384615386,5.2,5.28,6.0,6.0,False,1.025789889772357,2.6118835997870473,True,True,True,0.854,True,6.186119591400666,485.9567321312355,N/A,new_parameter_combo,Q2_provisional,requires_pilot_and_Q3_k100_confirmation
6.0,55.0,4.85,0.55,False,4.85,8.59278350515464,6.000000000000001,6.000000000000001,5.7125,4.85,False,0.9189282244183458,2.475656346834411,True,True,True,0.975,True,5.620455028354422,276.0149492927299,N/A,new_parameter_combo,Q2_provisional,requires_pilot_and_Q3_k100_confirmation
6.0,50.0,5.0,0.5,False,5.0,8.6,6.000000000000001,6.000000000000001,5.499999999999999,5.000000000000001,False,0.9718502892389739,2.507370567494952,True,True,True,0.981,True,5.724339723214701,306.23100125453715,N/A,new_parameter_combo,Q2_provisional,requires_pilot_and_Q3_k100_confirmation
6.0,71.0,3.6,0.71,False,3.6,8.600000000000001,6.000000000000001,6.000000000000001,6.0,4.919999999999999,False,0.5999999999999999,2.5326688439251686,True,True,True,0.948,True,6.6413568314184666,766.1338025299995,N/A,new_parameter_combo,Q2_provisional,requires_pilot_and_Q3_k100_confirmation
4.9,27.0,6.0,0.27,False,6.0,8.606122448979592,4.9,5.615000000000001,6.0,6.0,False,0.9168229999652643,2.6044403445116804,True,True,True,0.857,True,6.260155179824172,523.3001394312154,N/A,new_parameter_combo,Q2_provisional,requires_pilot_and_Q3_k100_confirmation
5.6,60.0,5.5,0.6,False,5.5,8.610389610389612,5.599999999999999,5.599999999999999,5.6,5.5,False,0.9434673350174336,2.4983221949736523,True,True,True,0.826,True,5.66812394020231,289.49092234561476,N/A,new_parameter_combo,Q2_provisional,requires_pilot_and_Q3_k100_confirmation
5.6,70.0,5.4,0.7,False,5.4,8.611111111111112,5.599999999999999,5.599999999999999,5.6,5.5,False,0.9882173189070075,2.497450543031414,True,True,True,0.832,True,5.884246975167631,359.3320801126549,N/A,new_parameter_combo,Q2_provisional,requires_pilot_and_Q3_k100_confirmation
5.6,58.0,5.5,0.58,False,5.5,8.614285714285714,5.599999999999999,5.599999999999999,5.59,5.5,False,0.9791333110543871,2.4917805049253685,True,True,True,0.91,True,5.673320140526195,290.9990901476407,N/A,new_parameter_combo,Q2_provisional,requires_pilot_and_Q3_k100_confirmation
5.6,69.0,5.4,0.69,False,5.4,8.615079365079366,5.599999999999999,5.599999999999999,5.6,5.489999999999999,False,0.9761659694949416,2.49138810216536,True,True,True,0.832,True,5.8413507822898465,344.24402548330755,N/A,new_parameter_combo,Q2_provisional,requires_pilot_and_Q3_k100_confirmation
5.2,40.0,6.0,0.4,False,6.0,8.615384615384615,5.2,5.2,6.0,6.0,False,1.048322274797562,2.558082818101838,True,True,True,0.854,True,6.169096102067455,477.75406994429954,N/A,new_parameter_combo,Q2_provisional,requires_pilot_and_Q3_k100_confirmation
6.0,65.0,4.25,0.65,False,4.25,8.61764705882353,6.000000000000001,6.000000000000001,6.0,4.6875,False,0.6969343401568011,2.4690893497905924,True,True,True,0.948,True,5.908641569285459,368.20563368222145,N/A,new_parameter_combo,Q2_provisional,requires_pilot_and_Q3_k100_confirmation
5.6,55.0,5.5,0.55,False,5.5,8.62012987012987,5.599999999999999,5.599999999999999,5.575,5.5,False,1.0362451841300173,2.4820194181615434,True,True,True,0.91,True,5.713610364611828,302.96290267920597,N/A,new_parameter_combo,Q2_provisional,requires_pilot_and_Q3_k100_confirmation
6.0,55.0,4.8,0.55,False,4.8,8.625000000000002,6.000000000000001,6.000000000000001,5.699999999999999,4.8,False,0.9089863860366665,2.4165215609671895,True,True,True,0.986,True,5.628150330082965,278.1471610936641,N/A,new_parameter_combo,Q2_provisional,requires_pilot_and_Q3_k100_confirmation
5.6,50.0,5.5,0.5,False,5.5,8.629870129870131,5.599999999999999,5.599999999999999,5.55,5.5,False,0.9915860954520679,2.465889943118454,True,True,True,0.976,True,5.82435405341457,338.44244671285696,N/A,new_parameter_combo,Q2_provisional,requires_pilot_and_Q3_k100_confirmation
5.6,65.0,5.4,0.65,False,5.4,8.630952380952381,5.599999999999999,5.599999999999999,5.6,5.449999999999999,False,0.9351645058818389,2.4596265854810584,True,True,True,0.897,True,5.713093908911783,302.8064761583762,N/A,new_parameter_combo,Q2_provisional,requires_pilot_and_Q3_k100_confirmation
6.0,71.0,3.5,0.71,False,3.5,8.642857142857144,6.000000000000001,6.000000000000001,6.0,4.874999999999999,False,0.5490367260307932,2.464218168848497,True,True,True,0.948,True,6.671738853572651,789.7677015683679,N/A,new_parameter_combo,Q2_provisional,requires_pilot_and_Q3_k100_confirmation
5.6,40.0,5.5,0.4,False,5.5,8.64935064935065,5.599999999999999,5.599999999999999,5.499999999999999,5.5,False,0.9914328330754434,2.4341646415315896,True,True,True,0.949,True,5.972472718328121,392.47495188325087,N/A,new_parameter_combo,Q2_provisional,requires_pilot_and_Q3_k100_confirmation
5.6,60.0,5.4,0.6,False,5.4,8.650793650793652,5.599999999999999,5.599999999999999,5.6,5.4,False,0.9018359957693557,2.4121992558033107,True,True,True,0.896,True,5.650260587988618,284.365558418582,N/A,new_parameter_combo,Q2_provisional,requires_pilot_and_Q3_k100_confirmation
5.6,38.0,5.5,0.38,False,5.5,8.653246753246755,5.599999999999999,5.59,5.499999999999999,5.5,False,0.9789884408648237,2.423930711523479,True,True,True,0.949,True,5.9894962076613325,399.213438585222,N/A,new_parameter_combo,Q2_provisional,requires_pilot_and_Q3_k100_confirmation
5.6,37.0,5.5,0.37,False,5.5,8.655194805194805,5.599999999999999,5.585,5.499999999999999,5.5,False,0.9934736010173432,2.4188378304986307,True,True,True,0.911,True,5.996432921871751,401.99229504143716,N/A,new_parameter_combo,Q2_provisional,requires_pilot_and_Q3_k100_confirmation
6.0,55.0,4.75,0.55,False,4.75,8.657894736842106,6.000000000000001,6.000000000000001,5.6875,4.75,False,0.8903124451561933,2.356763086717636,True,True,True,0.987,True,5.6385501170187045,281.05492616689463,N/A,new_parameter_combo,Q2_provisional,requires_pilot_and_Q3_k100_confirmation
5.6,58.0,5.4,0.58,False,5.4,8.658730158730158,5.599999999999999,5.599999999999999,5.579999999999999,5.4,False,0.9356826603161605,2.402607549382127,True,True,True,0.896,True,5.655456788312502,285.84702448921763,N/A,new_parameter_combo,Q2_provisional,requires_pilot_and_Q3_k100_confirmation
6.0,70.0,3.6,0.7,False,3.6,8.666666666666668,6.000000000000001,6.000000000000001,6.0,4.799999999999999,False,0.5714285714285713,2.450672597676491,True,True,True,0.948,True,6.594127848727375,730.791248154956,N/A,new_parameter_combo,Q2_provisional,requires_pilot_and_Q3_k100_confirmation
6.0,60.0,4.5,0.6,False,4.5,8.666666666666668,6.000000000000001,6.000000000000001,6.0,4.5,False,0.8118035476640886,2.3272651202656762,True,True,True,0.977,True,5.685629905395805,294.603358861947,N/A,new_parameter_combo,Q2_provisional,requires_pilot_and_Q3_k100_confirmation
5.6,31.0,5.5,0.31,False,5.5,8.666883116883119,5.599999999999999,5.555,5.499999999999999,5.5,False,1.0087626285783622,2.388624169821264,True,True,True,0.915,True,6.016002780747638,409.9367095156918,N/A,new_parameter_combo,Q2_provisional,requires_pilot_and_Q3_k100_confirmation
5.6,30.0,5.5,0.3,False,5.5,8.668831168831169,5.599999999999999,5.549999999999999,5.499999999999999,5.5,False,0.9870849683253605,2.383646798528971,True,True,True,0.915,True,6.015589352829182,409.7672652640835,N/A,new_parameter_combo,Q2_provisional,requires_pilot_and_Q3_k100_confirmation
5.6,55.0,5.4,0.55,False,5.4,8.670634920634923,5.599999999999999,5.599999999999999,5.550000000000001,5.4,False,0.9952909532557068,2.3884999922700922,True,True,True,0.989,True,5.695747012398135,297.5990207307165,N/A,new_parameter_combo,Q2_provisional,requires_pilot_and_Q3_k100_confirmation
4.9,30.0,6.0,0.3,False,6.0,8.673469387755102,4.9,5.45,6.0,6.0,False,0.9340241688303278,2.4670442981878535,True,True,True,0.857,True,6.2666232262772255,526.6958389747139,N/A,new_parameter_combo,Q2_provisional,requires_pilot_and_Q3_k100_confirmation
5.6,27.0,5.5,0.27,False,5.5,8.674675324675325,5.599999999999999,5.535000000000001,5.499999999999999,5.5,False,0.9243033780604061,2.3688166256924132,True,True,True,0.915,True,6.009121306376129,407.12542454191964,N/A,new_parameter_combo,Q2_provisional,requires_pilot_and_Q3_k100_confirmation
4.8,27.0,6.0,0.27,False,6.0,8.675,4.8,5.58,6.0,6.0,False,0.8619212047892233,2.457170963727345,True,True,True,0.857,True,6.27656830159402,531.9600016219767,N/A,new_parameter_combo,Q2_provisional,requires_pilot_and_Q3_k100_confirmation
5.6,24.0,5.5,0.24,False,5.5,8.68051948051948,5.599999999999999,5.5200000000000005,5.499999999999999,5.5,False,0.9167656099971626,2.354141608215482,True,True,True,0.822,True,6.0082161049648475,406.75706077990696,N/A,new_parameter_combo,Q2_provisional,requires_pilot_and_Q3_k100_confirmation
5.6,22.0,5.5,0.22,False,5.5,8.684415584415586,5.599999999999999,5.51,5.499999999999999,5.5,False,0.9413678714443974,2.3444459007242773,True,True,True,0.822,True,6.013086127107341,408.7428080644617,N/A,new_parameter_combo,Q2_provisional,requires_pilot_and_Q3_k100_confirmation
5.6,71.0,5.0,0.71,False,5.0,8.687142857142858,5.599999999999999,5.599999999999999,5.6,5.33,False,0.9167656099971626,2.3354714626854505,True,True,True,0.947,True,5.891850458382656,362.074668953435,N/A,new_parameter_combo,Q2_provisional,requires_pilot_and_Q3_k100_confirmation
5.6,50.0,5.4,0.5,False,5.4,8.690476190476192,5.599999999999999,5.599999999999999,5.499999999999999,5.4,False,0.9453269194801753,2.3657488241474316,True,True,True,0.996,True,5.806490701200878,332.45040836601083,N/A,new_parameter_combo,Q2_provisional,requires_pilot_and_Q3_k100_confirmation
4.9,31.0,6.0,0.31,False,6.0,8.69591836734694,4.9,5.3950000000000005,6.0,6.0,False,0.9414237616395673,2.4187056982827526,True,True,True,0.857,True,6.267036654195681,526.9136347574066,N/A,new_parameter_combo,Q2_provisional,requires_pilot_and_Q3_k100_confirmation
5.6,70.0,5.0,0.7,False,5.0,8.700000000000001,5.599999999999999,5.599999999999999,5.6,5.3,False,0.9055666846832229,2.305950818992796,True,True,True,0.947,True,5.844621475691564,345.3717854191824,N/A,new_parameter_combo,Q2_provisional,requires_pilot_and_Q3_k100_confirmation
6.0,50.0,4.85,0.5,False,4.85,8.711340206185568,6.000000000000001,6.000000000000001,5.425,4.85,False,0.9544071378053902,2.311388575419956,True,True,True,0.992,True,5.731198717157165,308.3386577757671,N/A,new_parameter_combo,Q2_provisional,requires_pilot_and_Q3_k100_confirmation
5.6,69.0,5.0,0.69,False,5.0,8.712857142857144,5.599999999999999,5.599999999999999,5.6,5.27,False,0.8951399388945183,2.276462793633259,True,True,True,0.947,True,5.80172528281378,330.86991193155455,N/A,new_parameter_combo,Q2_provisional,requires_pilot_and_Q3_k100_confirmation
6.0,70.0,3.5,0.7,False,3.5,8.714285714285715,6.000000000000001,6.000000000000001,6.0,4.749999999999999,False,0.5482928049865328,2.377321219110642,True,True,True,0.977,True,6.6245098708815595,753.3348906883908,N/A,new_parameter_combo,Q2_provisional,requires_pilot_and_Q3_k100_confirmation
5.6,71.0,4.85,0.71,False,4.85,8.720544918998527,5.599999999999999,5.599999999999999,5.6,5.262499999999999,False,0.8141616446833326,2.2635953416700185,True,True,True,0.991,True,5.898709452325119,364.5666734665819,N/A,new_parameter_combo,Q2_provisional,requires_pilot_and_Q3_k100_confirmation
6.0,60.0,4.4,0.6,False,4.4,8.727272727272727,6.000000000000001,6.000000000000001,6.0,4.4,False,0.7437598395850583,2.2112525153635216,True,True,True,0.987,True,5.741587786960816,311.5587073119109,N/A,new_parameter_combo,Q2_provisional,requires_pilot_and_Q3_k100_confirmation
5.6,40.0,5.4,0.4,False,5.4,8.730158730158731,5.599999999999999,5.599999999999999,5.4,5.4,False,0.9519133692201199,2.3106602232894056,True,True,True,0.949,True,5.954609366114429,385.5262816301479,N/A,new_parameter_combo,Q2_provisional,requires_pilot_and_Q3_k100_confirmation
5.6,71.0,4.8,0.71,False,4.8,8.732142857142858,5.599999999999999,5.599999999999999,5.6,5.239999999999999,False,0.7810628551361725,2.2390899526755814,True,True,True,0.998,True,5.906404754053662,367.3829461553788,N/A,new_parameter_combo,Q2_provisional,requires_pilot_and_Q3_k100_confirmation
6.0,69.0,3.6,0.69,False,3.6,8.733333333333334,6.000000000000001,6.000000000000001,6.0,4.679999999999999,False,0.5531376180389436,2.3226758390603504,True,True,True,0.987,True,6.55123165584959,700.1059325790294,N/A,new_parameter_combo,Q2_provisional,requires_pilot_and_Q3_k100_confirmation
6.0,58.0,4.5,0.58,False,4.5,8.733333333333334,6.000000000000001,6.000000000000001,5.85,4.5,False,0.7819410209242648,2.226033468637255,True,True,True,0.987,True,5.690826105719689,296.13816104712174,N/A,new_parameter_combo,Q2_provisional,requires_pilot_and_Q3_k100_confirmation
5.6,70.0,4.85,0.7,False,4.85,8.737113402061857,5.599999999999999,5.599999999999999,5.6,5.224999999999999,False,0.8015304238818156,2.2261624860866074,True,True,True,0.991,True,5.851480469634027,347.748831155262,N/A,new_parameter_combo,Q2_provisional,requires_pilot_and_Q3_k100_confirmation
5.6,38.0,5.4,0.38,False,5.4,8.738095238095239,5.599999999999999,5.58,5.4,5.4,False,0.9200000000000007,2.2895990681881,True,True,True,0.949,True,5.97163285544764,392.1454651208638,N/A,new_parameter_combo,Q2_provisional,requires_pilot_and_Q3_k100_confirmation
5.6,37.0,5.4,0.37,False,5.4,8.742063492063494,5.599999999999999,5.569999999999999,5.4,5.4,False,0.9204435488016707,2.27916751306614,True,True,True,0.911,True,5.978569569658059,394.8751226228468,N/A,new_parameter_combo,Q2_provisional,requires_pilot_and_Q3_k100_confirmation
5.6,71.0,4.75,0.71,False,4.75,8.743984962406016,5.599999999999999,5.599999999999999,5.6,5.2175,False,0.7486382194848654,2.2142945847516975,True,True,True,0.998,True,5.916804540989402,371.223586826061,N/A,new_parameter_combo,Q2_provisional,requires_pilot_and_Q3_k100_confirmation
4.8,30.0,6.0,0.3,False,6.0,8.749999999999998,4.8,5.4,6.0,6.0,False,0.8801959429349716,2.332259360712942,True,True,True,0.857,True,6.283036348047073,535.4118950929594,N/A,new_parameter_combo,Q2_provisional,requires_pilot_and_Q3_k100_confirmation
6.0,65.0,4.0,0.65,False,4.0,8.75,6.000000000000001,6.000000000000001,6.0,4.5,False,0.6532216081757821,2.221412716941398,True,True,True,0.987,True,6.136432042431822,462.40079767474566,N/A,new_parameter_combo,Q2_provisional,requires_pilot_and_Q3_k100_confirmation
5.6,70.0,4.8,0.7,False,4.8,8.75,5.599999999999999,5.599999999999999,5.6,5.199999999999999,False,0.7678873748201381,2.198961475582254,True,True,True,0.991,True,5.859175771362571,350.4351862365731,N/A,new_parameter_combo,Q2_provisional,requires_pilot_and_Q3_k100_confirmation
6.0,50.0,4.8,0.5,False,4.8,8.75,6.000000000000001,6.000000000000001,5.3999999999999995,4.8,False,0.9518891661815871,2.244952953367468,True,True,True,0.996,True,5.738894018885708,310.72056979349793,N/A,new_parameter_combo,Q2_provisional,requires_pilot_and_Q3_k100_confirmation
5.6,69.0,4.85,0.69,False,4.85,8.753681885125184,5.599999999999999,5.599999999999999,5.6,5.187499999999999,False,0.7897312898727524,2.188781147660395,True,True,True,0.998,True,5.808584276756243,333.147147497857,N/A,new_parameter_combo,Q2_provisional,requires_pilot_and_Q3_k100_confirmation
5.6,70.0,4.75,0.7,False,4.75,8.763157894736842,5.599999999999999,5.599999999999999,5.6,5.174999999999999,False,0.7348816370056905,2.179319925486458,True,True,True,1.0,True,5.86957555829831,354.09865413235576,N/A,new_parameter_combo,Q2_provisional,requires_pilot_and_Q3_k100_confirmation
5.6,65.0,5.0,0.65,False,5.0,8.764285714285716,5.599999999999999,5.599999999999999,5.6,5.1499999999999995,False,0.8616843969807045,2.18403259679818,True,True,True,0.996,True,5.673468409435715,291.0422394641804,N/A,new_parameter_combo,Q2_provisional,requires_pilot_and_Q3_k100_confirmation
5.4,19.0,5.5,0.19,False,5.5,8.765656565656567,5.404999999999999,5.5,5.499999999999999,5.5,False,0.9592261443050684,2.1796083464753693,True,True,True,0.916,True,6.0562538642359245,426.77368637538774,N/A,new_parameter_combo,Q2_provisional,requires_pilot_and_Q3_k100_confirmation
5.6,31.0,5.4,0.31,False,5.4,8.765873015873018,5.599999999999999,5.51,5.4,5.4,False,0.9414881836751863,2.218022805358412,True,True,True,0.915,True,5.998139428533946,402.67888323812093,N/A,new_parameter_combo,Q2_provisional,requires_pilot_and_Q3_k100_confirmation
5.6,69.0,4.8,0.69,False,4.8,8.767857142857144,5.599999999999999,5.599999999999999,5.6,5.159999999999999,False,0.7555630418463317,2.1770322843570393,True,True,True,0.998,True,5.816279578484787,335.7207047677179,N/A,new_parameter_combo,Q2_provisional,requires_pilot_and_Q3_k100_confirmation
5.6,30.0,5.4,0.3,False,5.4,8.769841269841269,5.599999999999999,5.5,5.4,5.4,False,0.940604451772305,2.2080816809347654,True,True,True,0.915,True,5.99772600061549,402.51243895434516,N/A,new_parameter_combo,Q2_provisional,requires_pilot_and_Q3_k100_confirmation
5.4,22.0,5.5,0.22,False,5.5,8.771717171717173,5.4,5.49,5.499999999999999,5.5,False,0.9161323427255232,2.1683833957065306,True,True,True,0.989,True,6.040738596397161,420.20328092863565,N/A,new_parameter_combo,Q2_provisional,requires_pilot_and_Q3_k100_confirmation
4.8,31.0,6.0,0.31,False,6.0,8.775,4.8,5.34,6.0,6.0,False,0.8880441706241824,2.2807370592630183,True,True,True,0.857,True,6.283449775965529,535.6332950815791,N/A,new_parameter_combo,Q2_provisional,requires_pilot_and_Q3_k100_confirmation
5.4,24.0,5.5,0.24,False,5.5,8.775757575757575,5.4,5.48,5.499999999999999,5.5,False,0.909480957604335,2.1603178916435626,True,True,True,0.989,True,6.035868574254667,418.16185657179756,N/A,new_parameter_combo,Q2_provisional,requires_pilot_and_Q3_k100_confirmation
5.6,27.0,5.4,0.27,False,5.4,8.781746031746032,5.599999999999999,5.47,5.4,5.4,False,0.8744922725181042,2.2066831998913945,True,True,True,0.915,True,5.991257954162437,399.9173713573233,N/A,new_parameter_combo,Q2_provisional,requires_pilot_and_Q3_k100_confirmation
5.4,27.0,5.5,0.27,False,5.5,8.781818181818181,5.4,5.465000000000001,5.499999999999999,5.5,False,0.9656405825636565,2.1483920873665436,True,True,True,0.989,True,6.0367737756659485,418.5405486449521,N/A,new_parameter_combo,Q2_provisional,requires_pilot_and_Q3_k100_confirmation
5.6,69.0,4.75,0.69,False,4.75,8.78233082706767,5.599999999999999,5.599999999999999,5.6,5.132499999999999,False,0.7219941206160074,2.165690867794218,True,True,True,1.0,True,5.826679365420525,339.2303466991525,N/A,new_parameter_combo,Q2_provisional,requires_pilot_and_Q3_k100_confirmation
4.65,27.0,6.0,0.27,False,6.0,8.783870967741935,4.65,5.527500000000001,6.0,6.0,False,0.8196102740177862,2.2876598198279297,True,True,True,0.857,True,6.2977656243687505,543.3564902783838,N/A,new_parameter_combo,Q2_provisional,requires_pilot_and_Q3_k100_confirmation
6.0,69.0,3.5,0.69,False,3.5,8.785714285714288,6.000000000000001,6.000000000000001,6.0,4.624999999999999,False,0.5487202179171278,2.233345376580809,True,True,True,0.987,True,6.581613678003775,721.7029863470461,N/A,new_parameter_combo,Q2_provisional,requires_pilot_and_Q3_k100_confirmation
5.4,30.0,5.5,0.3,False,5.5,8.787878787878787,5.4,5.45,5.499999999999999,5.5,False,1.0036222661246736,2.1366763009320424,True,True,True,0.989,True,6.043241822119002,421.256462215153,N/A,new_parameter_combo,Q2_provisional,requires_pilot_and_Q3_k100_confirmation
6.0,50.0,4.75,0.5,False,4.75,8.789473684210527,6.000000000000001,6.000000000000001,5.375,4.75,False,0.9200000000000003,2.17798097566629,True,True,True,0.996,True,5.749293805821447,313.96885899705194,N/A,new_parameter_combo,Q2_provisional,requires_pilot_and_Q3_k100_confirmation
5.4,31.0,5.5,0.31,False,5.5,8.789898989898989,5.4,5.444999999999999,5.499999999999999,5.5,False,0.995865176105477,2.1328183093946453,True,True,True,0.989,True,6.043655250037458,421.43065740355837,N/A,new_parameter_combo,Q2_provisional,requires_pilot_and_Q3_k100_confirmation
5.6,24.0,5.4,0.24,False,5.4,8.793650793650794,5.599999999999999,5.44,5.4,5.4,False,0.8478556384629816,2.204088885109498,True,True,True,0.822,True,5.990352752751154,399.5555293830145,N/A,new_parameter_combo,Q2_provisional,requires_pilot_and_Q3_k100_confirmation
6.0,40.0,5.0,0.4,False,5.0,8.8,6.000000000000001,6.000000000000001,5.0,5.000000000000001,False,1.0422639121163124,2.2401181697084307,True,True,True,0.989,True,5.872458388128252,355.12093311541594,N/A,new_parameter_combo,Q2_provisional,requires_pilot_and_Q3_k100_confirmation
6.0,58.0,4.4,0.58,False,4.4,8.8,6.000000000000001,6.000000000000001,5.84,4.4,False,0.7621679604916497,2.112474392790999,True,True,True,0.992,True,5.746783987284701,313.1818421826056,N/A,new_parameter_combo,Q2_provisional,requires_pilot_and_Q3_k100_confirmation
5.4,37.0,5.5,0.37,False,5.5,8.802020202020202,5.4,5.415000000000001,5.499999999999999,5.5,False,0.9028370816035237,2.125363989656097,True,True,True,0.995,True,6.024085391161571,413.26349467610527,N/A,new_parameter_combo,Q2_provisional,requires_pilot_and_Q3_k100_confirmation
5.4,38.0,5.5,0.38,False,5.5,8.804040404040403,5.4,5.41,5.499999999999999,5.5,False,0.886872802236566,2.1259446098744035,True,True,True,0.997,True,6.017148676951153,410.40672367709806,N/A,new_parameter_combo,Q2_provisional,requires_pilot_and_Q3_k100_confirmation
5.6,71.0,4.5,0.71,False,4.5,8.807142857142857,5.599999999999999,5.599999999999999,5.6,5.105,False,0.7746918413018126,2.141837125688178,True,True,True,1.0,True,6.00937075377602,407.2269935880415,N/A,new_parameter_combo,Q2_provisional,requires_pilot_and_Q3_k100_confirmation
5.4,40.0,5.5,0.4,False,5.5,8.80808080808081,5.4,5.4,5.499999999999999,5.5,False,0.9220230813271437,2.1271979780081964,True,True,True,0.906,True,6.000125187617941,403.4793009437892,N/A,new_parameter_combo,Q2_provisional,requires_pilot_and_Q3_k100_confirmation
5.2,13.0,5.5,0.13,False,5.5,8.809090909090909,5.305,5.5,5.499999999999999,5.5,False,0.8500000000000004,2.1169559378211824,True,True,True,0.833,True,6.148753533876529,468.13351040496934,N/A,new_parameter_combo,Q2_provisional,requires_pilot_and_Q3_k100_confirmation
5.6,65.0,4.85,0.65,False,4.85,8.8199558173785,5.599999999999999,5.599999999999999,5.6,5.0375,False,0.751598296964542,2.124579892392396,True,True,True,0.999,True,5.680327403378178,293.0453582583162,N/A,new_parameter_combo,Q2_provisional,requires_pilot_and_Q3_k100_confirmation
6.0,60.0,4.25,0.6,False,4.25,8.823529411764707,6.000000000000001,6.000000000000001,6.0,4.25,False,0.6764628894598184,2.0518549005488236,True,True,True,0.987,True,5.845808248362294,345.781906527485,N/A,new_parameter_combo,Q2_provisional,requires_pilot_and_Q3_k100_confirmation
5.4,50.0,5.5,0.5,False,5.5,8.828282828282829,5.4,5.4,5.45,5.5,False,0.9431293573491802,2.11153274139175,True,True,True,0.991,True,5.85200652270439,347.93181362063046,N/A,new_parameter_combo,Q2_provisional,requires_pilot_and_Q3_k100_confirmation
5.6,60.0,5.0,0.6,False,5.0,8.82857142857143,5.599999999999999,5.599999999999999,5.6,5.000000000000001,False,0.8089108323504374,2.1023615829860947,True,True,True,1.0,True,5.61063508851255,273.317763868892,N/A,new_parameter_combo,Q2_provisional,requires_pilot_and_Q3_k100_confirmation
4.9,37.0,6.0,0.37,False,6.0,8.83061224489796,4.9,5.065,6.0,6.0,False,0.9357432520053083,2.21219621556548,True,True,True,0.938,True,6.247466795319794,516.702252830684,N/A,new_parameter_combo,Q2_provisional,requires_pilot_and_Q3_k100_confirmation
6.0,55.0,4.5,0.55,False,4.5,8.833333333333334,6.000000000000001,6.000000000000001,5.625,4.5,False,0.7340355326994099,2.048299580265542,True,True,True,0.996,True,5.731116329805323,308.31325561670513,N/A,new_parameter_combo,Q2_provisional,requires_pilot_and_Q3_k100_confirmation
5.6,70.0,4.5,0.7,False,4.5,8.833333333333336,5.599999999999999,5.599999999999999,5.6,5.05,False,0.7846385493086767,2.1120573722664666,True,True,True,1.0,True,5.962141771084927,388.4411860484929,N/A,new_parameter_combo,Q2_provisional,requires_pilot_and_Q3_k100_confirmation
5.6,71.0,4.4,0.71,False,4.4,8.834415584415586,5.599999999999999,5.599999999999999,5.6,5.06,False,0.7238787952441225,2.1139257896053762,True,True,True,1.0,True,6.0653286353410305,430.6641858902245,N/A,new_parameter_combo,Q2_provisional,requires_pilot_and_Q3_k100_confirmation
5.4,55.0,5.5,0.55,False,5.5,8.83838383838384,5.4,5.4,5.425,5.5,False,0.9820535024287901,2.1041619497571955,True,True,True,0.979,True,5.741262833901647,311.4574818045192,N/A,new_parameter_combo,Q2_provisional,requires_pilot_and_Q3_k100_confirmation
5.6,65.0,4.8,0.65,False,4.8,8.839285714285715,5.599999999999999,5.599999999999999,5.6,5.000000000000001,False,0.7156116265125938,2.0891162320896974,True,True,True,1.0,True,5.6880227051067225,295.3091297413049,N/A,new_parameter_combo,Q2_provisional,requires_pilot_and_Q3_k100_confirmation
6.0,38.0,5.0,0.38,False,5.0,8.84,6.000000000000001,5.9,5.0,5.000000000000001,False,0.9918031404405591,2.157566907655898,True,True,True,0.977,True,5.8894818774614635,361.21808065032826,N/A,new_parameter_combo,Q2_provisional,requires_pilot_and_Q3_k100_confirmation
5.4,58.0,5.5,0.58,False,5.5,8.844444444444445,5.4,5.4,5.41,5.5,False,0.9215894101042651,2.0998891540658433,True,True,True,0.95,True,5.700972609816015,299.1582237405439,N/A,new_parameter_combo,Q2_provisional,requires_pilot_and_Q3_k100_confirmation
5.2,19.0,5.5,0.19,False,5.5,8.84685314685315,5.215000000000001,5.5,5.499999999999999,5.5,False,0.8908835330096496,2.0670276124895066,True,True,True,0.989,True,6.08816615354892,440.61265385270985,N/A,new_parameter_combo,Q2_provisional,requires_pilot_and_Q3_k100_confirmation
5.4,60.0,5.5,0.6,False,5.5,8.84848484848485,5.4,5.4,5.4,5.5,False,0.8836037642772346,2.097103416324051,True,True,True,0.95,True,5.6957764094921295,297.60776940569383,N/A,new_parameter_combo,Q2_provisional,requires_pilot_and_Q3_k100_confirmation
4.9,38.0,6.0,0.38,False,6.0,8.853061224489796,4.9,5.010000000000001,6.0,6.0,False,0.9474472280818602,2.2113334043043467,True,True,True,0.938,True,6.240530081109375,513.1304396170212,N/A,new_parameter_combo,Q2_provisional,requires_pilot_and_Q3_k100_confirmation
5.6,58.0,5.0,0.58,False,5.0,8.854285714285714,5.599999999999999,5.599999999999999,5.539999999999999,5.000000000000001,False,0.818964004591366,2.059684440308654,True,True,True,1.0,True,5.615831288836436,274.741673979264,N/A,new_parameter_combo,Q2_provisional,requires_pilot_and_Q3_k100_confirmation
5.4,65.0,5.5,0.65,False,5.5,8.858585858585858,5.4,5.4,5.4,5.4750000000000005,False,0.7986854633632415,2.088645795429656,True,True,True,0.842,True,5.758609730415294,316.9074357396018,N/A,new_parameter_combo,Q2_provisional,requires_pilot_and_Q3_k100_confirmation
5.6,65.0,4.75,0.65,False,4.75,8.859022556390979,5.599999999999999,5.599999999999999,5.6,4.9625,False,0.6853455109561568,2.053382962385368,True,True,True,1.0,True,5.698422492042461,298.3963069387692,N/A,new_parameter_combo,Q2_provisional,requires_pilot_and_Q3_k100_confirmation
5.6,69.0,4.5,0.69,False,4.5,8.859523809523811,5.599999999999999,5.599999999999999,5.6,4.994999999999999,False,0.774691841301812,2.062657776624766,True,True,True,1.0,True,5.919245578207143,372.1308643161535,N/A,new_parameter_combo,Q2_provisional,requires_pilot_and_Q3_k100_confirmation
6.0,37.0,5.0,0.37,False,5.0,8.86,6.000000000000001,5.8500000000000005,5.0,5.000000000000001,False,0.9638358739104572,2.119721995177098,True,True,True,0.977,True,5.896418591671882,363.73245791947556,N/A,new_parameter_combo,Q2_provisional,requires_pilot_and_Q3_k100_confirmation
5.6,70.0,4.4,0.7,False,4.4,8.863636363636363,5.599999999999999,5.599999999999999,5.6,4.999999999999999,False,0.7119393605225273,2.0591600235978653,True,True,True,1.0,True,6.018099652649939,410.79719613341484,N/A,new_parameter_combo,Q2_provisional,requires_pilot_and_Q3_k100_confirmation
5.2,22.0,5.5,0.22,False,5.5,8.865734265734266,5.2,5.47,5.499999999999999,5.5,False,0.907564581386777,2.034142114216861,True,True,True,0.989,True,6.072650885710157,433.8291902203356,N/A,new_parameter_combo,Q2_provisional,requires_pilot_and_Q3_k100_confirmation
4.65,30.0,6.0,0.3,False,6.0,8.870967741935482,4.65,5.325,6.0,6.0,False,0.832947667985235,2.133285467466486,True,True,True,0.857,True,6.304233670821804,546.8823356718146,N/A,new_parameter_combo,Q2_provisional,requires_pilot_and_Q3_k100_confirmation
5.6,71.0,4.25,0.71,False,4.25,8.877731092436976,5.599999999999999,5.599999999999999,5.6,4.992499999999999,False,0.7139484918252801,2.039573365270746,True,True,True,1.0,True,6.169549096742509,477.97053901993746,N/A,new_parameter_combo,Q2_provisional,requires_pilot_and_Q3_k100_confirmation
5.2,24.0,5.5,0.24,False,5.5,8.878321678321678,5.2,5.44,5.499999999999999,5.5,False,0.9062425228403721,2.0099895815633464,True,True,True,0.989,True,6.067780863567663,431.72156870518245,N/A,new_parameter_combo,Q2_provisional,requires_pilot_and_Q3_k100_confirmation
5.4,13.0,5.4,0.13,False,5.4,8.88888888888889,5.4,5.4,5.4,5.4,False,0.9316785926487745,2.042370644667204,True,True,True,0.808,True,6.09897789234984,445.4022882602134,N/A,new_parameter_combo,Q2_provisional,requires_pilot_and_Q3_k100_confirmation
5.4,19.0,5.4,0.19,False,5.4,8.88888888888889,5.4,5.4,5.4,5.4,False,0.8935965509772116,2.042370644667204,True,True,True,0.916,True,6.038390512022231,419.2177656596982,N/A,new_parameter_combo,Q2_provisional,requires_pilot_and_Q3_k100_confirmation
5.4,31.0,5.4,0.31,False,5.4,8.88888888888889,5.4,5.4,5.4,5.4,False,0.9497499670966044,2.042370644667204,True,True,True,0.97,True,6.0257918978237655,413.96933367119226,N/A,new_parameter_combo,Q2_provisional,requires_pilot_and_Q3_k100_confirmation
5.4,30.0,5.4,0.3,False,5.4,8.88888888888889,5.4,5.4,5.4,5.4,False,0.9561746168766376,2.042370644667204,True,True,True,0.97,True,6.025378469905309,413.7982225647594,N/A,new_parameter_combo,Q2_provisional,requires_pilot_and_Q3_k100_confirmation
5.4,22.0,5.4,0.22,False,5.4,8.88888888888889,5.4,5.4,5.4,5.4,False,0.8471708619798938,2.042370644667204,True,True,True,0.916,True,6.022875244183468,412.7636875878769,N/A,new_parameter_combo,Q2_provisional,requires_pilot_and_Q3_k100_confirmation
5.4,27.0,5.4,0.27,False,5.4,8.88888888888889,5.4,5.4,5.4,5.4,False,0.9180750158314288,2.042370644667204,True,True,True,0.97,True,6.018910423452256,411.13039356083425,N/A,new_parameter_combo,Q2_provisional,requires_pilot_and_Q3_k100_confirmation
5.4,24.0,5.4,0.24,False,5.4,8.88888888888889,5.4,5.4,5.4,5.4,False,0.8588105799563129,2.042370644667204,True,True,True,0.97,True,6.0180052220409745,410.7584061355335,N/A,new_parameter_combo,Q2_provisional,requires_pilot_and_Q3_k100_confirmation
5.4,37.0,5.4,0.37,False,5.4,8.88888888888889,5.4,5.4,5.4,5.4,False,0.928892526899971,2.042370644667204,True,True,True,0.987,True,6.006222038947878,405.94676850448553,N/A,new_parameter_combo,Q2_provisional,requires_pilot_and_Q3_k100_confirmation
5.4,38.0,5.4,0.38,False,5.4,8.88888888888889,5.4,5.4,5.4,5.4,False,0.9257123566999301,2.042370644667204,True,True,True,0.995,True,5.99928532473746,403.14057591708263,N/A,new_parameter_combo,Q2_provisional,requires_pilot_and_Q3_k100_confirmation
5.4,40.0,5.4,0.4,False,5.4,8.88888888888889,5.4,5.4,5.4,5.4,False,0.8970498700672973,2.042370644667204,True,True,True,0.983,True,5.982261835404248,396.3358014599163,N/A,new_parameter_combo,Q2_provisional,requires_pilot_and_Q3_k100_confirmation
5.4,71.0,5.4,0.71,False,5.4,8.88888888888889,5.4,5.4,5.4,5.4,False,0.9110458780087501,2.042370644667204,True,True,True,0.832,True,5.959128427148543,387.27244095571484,N/A,new_parameter_combo,Q2_provisional,requires_pilot_and_Q3_k100_confirmation
5.4,70.0,5.4,0.7,False,5.4,8.88888888888889,5.4,5.4,5.4,5.4,False,0.8970498700672972,2.042370644667204,True,True,True,0.832,True,5.91189944445745,369.4071578194868,N/A,new_parameter_combo,Q2_provisional,requires_pilot_and_Q3_k100_confirmation
5.4,69.0,5.4,0.69,False,5.4,8.88888888888889,5.4,5.4,5.4,5.4,False,0.8837561880971468,2.042370644667204,True,True,True,0.832,True,5.869003251579667,353.89605907232,N/A,new_parameter_combo,Q2_provisional,requires_pilot_and_Q3_k100_confirmation
5.4,50.0,5.4,0.5,False,5.4,8.88888888888889,5.4,5.4,5.4,5.4,False,0.8943673656243714,2.042370644667204,True,True,True,0.996,True,5.834143170490697,341.77176842076983,N/A,new_parameter_combo,Q2_provisional,requires_pilot_and_Q3_k100_confirmation
5.4,65.0,5.4,0.65,False,5.4,8.88888888888889,5.4,5.4,5.4,5.4,False,0.838246773367619,2.042370644667204,True,True,True,0.897,True,5.740746378201602,311.29666934255033,N/A,new_parameter_combo,Q2_provisional,requires_pilot_and_Q3_k100_confirmation
5.4,55.0,5.4,0.55,False,5.4,8.88888888888889,5.4,5.4,5.4,5.4,False,0.9387380260928253,2.042370644667204,True,True,True,0.996,True,5.723399481687955,305.9432054703566,N/A,new_parameter_combo,Q2_provisional,requires_pilot_and_Q3_k100_confirmation
5.4,58.0,5.4,0.58,False,5.4,8.88888888888889,5.4,5.4,5.4,5.4,False,0.8752868334530844,2.042370644667204,True,True,True,0.992,True,5.683109257602322,293.8617026751804,N/A,new_parameter_combo,Q2_provisional,requires_pilot_and_Q3_k100_confirmation
5.4,60.0,5.4,0.6,False,5.4,8.88888888888889,5.4,5.4,5.4,5.4,False,0.835197947941025,2.042370644667204,True,True,True,0.98,True,5.677913057278437,292.3386987441428,N/A,new_parameter_combo,Q2_provisional,requires_pilot_and_Q3_k100_confirmation
5.6,69.0,4.4,0.69,False,4.4,8.892857142857142,5.599999999999999,5.599999999999999,5.6,4.9399999999999995,False,0.7009618027964093,2.005000051569106,True,True,True,1.0,True,5.975203459772154,393.5481641658251,N/A,new_parameter_combo,Q2_provisional,requires_pilot_and_Q3_k100_confirmation
5.6,55.0,5.0,0.55,False,5.0,8.892857142857144,5.599999999999999,5.599999999999999,5.45,5.000000000000001,False,0.8434490203918669,1.997948270536884,True,True,True,1.0,True,5.656121512922068,286.0370972069745,N/A,new_parameter_combo,Q2_provisional,requires_pilot_and_Q3_k100_confirmation
5.2,27.0,5.5,0.27,False,5.5,8.897202797202798,5.2,5.3950000000000005,5.499999999999999,5.5,False,0.9276093917557487,1.9862987693641878,True,True,True,0.989,True,6.068686064978945,432.1125406059172,N/A,new_parameter_combo,Q2_provisional,requires_pilot_and_Q3_k100_confirmation
4.9,40.0,6.0,0.4,False,6.0,8.89795918367347,4.9,4.9,6.0,6.0,False,0.9729521272070559,2.140763197736424,True,True,True,0.854,True,6.223506591776164,504.4691013214223,N/A,new_parameter_combo,Q2_provisional,requires_pilot_and_Q3_k100_confirmation
4.65,31.0,6.0,0.31,False,6.0,8.9,4.65,5.2575,6.0,6.0,False,0.8392937879550881,2.0781135508469446,True,True,True,0.857,True,6.30464709874026,547.1084788412203,N/A,new_parameter_combo,Q2_provisional,requires_pilot_and_Q3_k100_confirmation
6.0,71.0,3.0,0.71,False,3.0,8.900000000000002,6.000000000000001,6.000000000000001,6.0,4.6499999999999995,False,0.5,2.1091884460713897,True,True,True,0.996,True,6.576126987209127,717.754068367789,N/A,new_parameter_combo,Q2_provisional,requires_pilot_and_Q3_k100_confirmation
4.9,13.0,5.5,0.13,False,5.5,8.900927643784787,5.110000000000001,5.5,5.499999999999999,5.5,False,0.8522198653983563,2.0027448747782945,True,True,True,0.833,True,6.203164023585238,494.31057975073014,N/A,new_parameter_combo,Q2_provisional,requires_pilot_and_Q3_k100_confirmation
5.6,60.0,4.85,0.6,False,4.85,8.902798232695142,5.599999999999999,5.599999999999999,5.6,4.85,False,0.7603490068678317,1.9553006429607636,True,True,True,1.0,True,5.617494082455013,275.1988927063586,N/A,new_parameter_combo,Q2_provisional,requires_pilot_and_Q3_k100_confirmation
6.0,58.0,4.25,0.58,False,4.25,8.905882352941177,6.000000000000001,6.000000000000001,5.824999999999999,4.25,False,0.6500000000000002,1.9237915966994077,True,True,True,0.996,True,5.851004448686179,347.58333482002877,N/A,new_parameter_combo,Q2_provisional,requires_pilot_and_Q3_k100_confirmation
6.0,55.0,4.4,0.55,False,4.4,8.90909090909091,6.000000000000001,6.000000000000001,5.6000000000000005,4.4,False,0.7217269538533028,1.9203361974006923,True,True,True,0.999,True,5.787074211370333,326.057651678305,N/A,new_parameter_combo,Q2_provisional,requires_pilot_and_Q3_k100_confirmation
5.6,70.0,4.25,0.7,False,4.25,8.911764705882355,5.599999999999999,5.599999999999999,5.6,4.925,False,0.7247293653918162,1.9773549391200151,True,True,True,1.0,True,6.122320114051417,455.9212576683037,N/A,new_parameter_combo,Q2_provisional,requires_pilot_and_Q3_k100_confirmation
5.2,30.0,5.5,0.3,False,5.5,8.916083916083915,5.2,5.35,5.499999999999999,5.5,False,0.8967344384271327,1.9951806430373913,True,True,True,0.989,True,6.075154111431998,434.9165229600403,N/A,new_parameter_combo,Q2_provisional,requires_pilot_and_Q3_k100_confirmation
5.2,31.0,5.5,0.31,False,5.5,8.922377622377622,5.2,5.335000000000001,5.499999999999999,5.5,False,0.8880441706241827,1.9932697999390985,True,True,True,0.995,True,6.0755675393504545,435.09636676649353,N/A,new_parameter_combo,Q2_provisional,requires_pilot_and_Q3_k100_confirmation
4.8,37.0,6.0,0.37,False,6.0,8.924999999999999,4.8,4.98,6.0,6.0,False,0.9190796645813345,2.0706578173737507,True,True,True,0.857,True,6.263879917089642,525.2529295188899,N/A,new_parameter_combo,Q2_provisional,requires_pilot_and_Q3_k100_confirmation
5.6,60.0,4.8,0.6,False,4.8,8.92857142857143,5.599999999999999,5.599999999999999,5.6,4.8,False,0.7592961294810465,1.9013255383793433,True,True,True,1.0,True,5.625189384183558,277.3248004810505,N/A,new_parameter_combo,Q2_provisional,requires_pilot_and_Q3_k100_confirmation
4.8,13.0,5.5,0.13,False,5.5,8.93409090909091,5.044999999999999,5.5,5.499999999999999,5.5,False,0.7928571428571428,1.9671218903250924,True,True,True,0.833,True,6.219577145355085,502.49070656042136,N/A,new_parameter_combo,Q2_provisional,requires_pilot_and_Q3_k100_confirmation
5.6,58.0,4.85,0.58,False,4.85,8.935935198821799,5.599999999999999,5.599999999999999,5.524999999999999,4.85,False,0.7773847443938731,1.9092481135395378,True,True,True,1.0,True,5.622690282778898,276.6326029787568,N/A,new_parameter_combo,Q2_provisional,requires_pilot_and_Q3_k100_confirmation
5.2,13.0,5.4,0.13,False,5.4,8.944444444444445,5.27,5.4,5.4,5.4,False,0.8154140052758482,1.9651202054634236,True,True,True,0.966,True,6.130890181662836,459.8453244134223,N/A,new_parameter_combo,Q2_provisional,requires_pilot_and_Q3_k100_confirmation
5.6,69.0,4.25,0.69,False,4.25,8.945798319327732,5.599999999999999,5.599999999999999,5.6,4.8575,False,0.7364614791040206,1.9057901597058158,True,True,True,1.0,True,6.079423921173633,436.7775039566298,N/A,new_parameter_combo,Q2_provisional,requires_pilot_and_Q3_k100_confirmation
6.0,40.0,4.85,0.4,False,4.85,8.948453608247425,6.000000000000001,6.000000000000001,4.85,4.85,False,0.9883773550210299,2.0506783873430683,True,True,True,1.0,True,5.879317382070715,357.5650780499249,N/A,new_parameter_combo,Q2_provisional,requires_pilot_and_Q3_k100_confirmation
4.8,38.0,6.0,0.38,False,6.0,8.95,4.8,4.92,6.0,6.0,False,0.9287087810503356,2.0317730195893478,True,True,True,0.857,True,6.256943202879223,521.6220079506319,N/A,new_parameter_combo,Q2_provisional,requires_pilot_and_Q3_k100_confirmation
5.6,60.0,4.75,0.6,False,4.75,8.954887218045114,5.599999999999999,5.599999999999999,5.6,4.75,False,0.7603490068678318,1.8467662947549517,True,True,True,1.0,True,5.635589171119296,280.22396855311933,N/A,new_parameter_combo,Q2_provisional,requires_pilot_and_Q3_k100_confirmation
5.6,71.0,4.0,0.71,False,4.0,8.957142857142857,5.599999999999999,5.599999999999999,5.6,4.879999999999999,False,0.6913935203630417,1.902359639558431,True,True,True,1.0,True,6.397339569888872,600.2459992195354,N/A,new_parameter_combo,Q2_provisional,requires_pilot_and_Q3_k100_confirmation
5.6,50.0,5.0,0.5,False,5.0,8.957142857142857,5.599999999999999,5.599999999999999,5.299999999999999,5.000000000000001,False,0.8687605527181722,1.9017840338317094,True,True,True,1.0,True,5.766865201724811,319.5344848272615,N/A,new_parameter_combo,Q2_provisional,requires_pilot_and_Q3_k100_confirmation
5.2,37.0,5.5,0.37,False,5.5,8.96013986013986,5.2,5.244999999999999,5.499999999999999,5.5,False,0.8212732772459893,1.9136771622452087,True,True,True,0.985,True,6.055997680474567,426.6643678905719,N/A,new_parameter_combo,Q2_provisional,requires_pilot_and_Q3_k100_confirmation
5.6,65.0,4.5,0.65,False,4.5,8.964285714285715,5.599999999999999,5.599999999999999,5.6,4.7749999999999995,False,0.7446026881937147,1.8460244056209196,True,True,True,1.0,True,5.790988704829079,327.33650361873697,N/A,new_parameter_combo,Q2_provisional,requires_pilot_and_Q3_k100_confirmation
5.6,58.0,4.8,0.58,False,4.8,8.964285714285715,5.599999999999999,5.599999999999999,5.52,4.8,False,0.8007040906704095,1.8515065728680733,True,True,True,1.0,True,5.630385584507442,278.7695861461756,N/A,new_parameter_combo,Q2_provisional,requires_pilot_and_Q3_k100_confirmation
5.2,38.0,5.5,0.38,False,5.5,8.966433566433567,5.2,5.2299999999999995,5.499999999999999,5.5,False,0.8265941809927173,1.9000063509826564,True,True,True,0.994,True,6.049060966264149,423.7149605313402,N/A,new_parameter_combo,Q2_provisional,requires_pilot_and_Q3_k100_confirmation
5.4,71.0,5.0,0.71,False,5.0,8.96888888888889,5.4,5.4,5.4,5.220000000000001,False,0.8289435740625486,1.8734101024899226,True,True,True,0.976,True,5.919502927672475,372.2266443190567,N/A,new_parameter_combo,Q2_provisional,requires_pilot_and_Q3_k100_confirmation
5.2,19.0,5.4,0.19,False,5.4,8.97008547008547,5.210000000000001,5.4,5.4,5.4,False,0.8390908588393486,1.9282917614172794,True,True,True,0.966,True,6.070302801335228,432.8117177005402,N/A,new_parameter_combo,Q2_provisional,requires_pilot_and_Q3_k100_confirmation
5.4,70.0,5.0,0.7,False,5.0,8.977777777777778,5.4,5.4,5.4,5.200000000000001,False,0.8382467733676192,1.8542311968256844,True,True,True,0.947,True,5.872273944981384,355.0554395331001,N/A,new_parameter_combo,Q2_provisional,requires_pilot_and_Q3_k100_confirmation
5.2,40.0,5.5,0.4,False,5.5,8.97902097902098,5.2,5.2,5.499999999999999,5.5,False,0.8500000000000004,1.873322220456855,True,True,True,0.994,True,6.032037476930937,416.56290263197377,N/A,new_parameter_combo,Q2_provisional,requires_pilot_and_Q3_k100_confirmation
6.0,31.0,5.0,0.31,False,5.0,8.98,6.000000000000001,5.55,5.0,5.000000000000001,False,0.7969328960560773,1.9296387404417055,True,True,True,0.908,True,5.915988450547769,370.9207583896471,N/A,new_parameter_combo,Q2_provisional,requires_pilot_and_Q3_k100_confirmation
4.9,19.0,5.5,0.19,False,5.5,8.981076066790353,4.930000000000001,5.5,5.499999999999999,5.5,False,0.8170086834149995,1.8907917329450739,True,True,True,0.926,True,6.142576643257629,465.2508131345446,N/A,new_parameter_combo,Q2_provisional,requires_pilot_and_Q3_k100_confirmation
4.4,27.0,6.0,0.27,False,6.0,8.98181818181818,4.4,5.44,6.0,6.0,False,0.8045787337330702,2.022169474932068,True,True,True,0.857,True,6.323968202646527,557.7819986638366,N/A,new_parameter_combo,Q2_provisional,requires_pilot_and_Q3_k100_confirmation
5.2,22.0,5.4,0.22,False,5.4,8.982905982905983,5.2,5.38,5.4,5.4,False,0.8549985081738989,1.8995466878121354,True,True,True,0.989,True,6.054787533496465,426.14835358465507,N/A,new_parameter_combo,Q2_provisional,requires_pilot_and_Q3_k100_confirmation
5.6,55.0,4.85,0.55,False,4.85,8.985640648011783,5.599999999999999,5.599999999999999,5.4125000000000005,4.85,False,0.8481916538334091,1.8321756487714196,True,True,True,1.0,True,5.662980506864531,288.00576775558693,N/A,new_parameter_combo,Q2_provisional,requires_pilot_and_Q3_k100_confirmation
4.65,13.0,5.5,0.13,False,5.5,8.986510263929619,4.9475,5.5,5.499999999999999,5.5,False,0.7378441993402132,1.890490711604125,True,True,True,0.833,True,6.240774468129817,513.2558573608674,N/A,new_parameter_combo,Q2_provisional,requires_pilot_and_Q3_k100_confirmation
5.4,69.0,5.0,0.69,False,5.0,8.986666666666668,5.4,5.4,5.4,5.180000000000001,False,0.8484105787907655,1.8350876510830993,True,True,True,0.947,True,5.829377752103599,340.14695747816404,N/A,new_parameter_combo,Q2_provisional,requires_pilot_and_Q3_k100_confirmation
5.2,24.0,5.4,0.24,False,5.4,8.991452991452991,5.2,5.36,5.4,5.4,False,0.8738852957934939,1.8780227351730454,True,True,True,0.989,True,6.0499175113539705,424.0780469780251,N/A,new_parameter_combo,Q2_provisional,requires_pilot_and_Q3_k100_confirmation
5.6,58.0,4.75,0.58,False,4.75,8.993233082706768,5.599999999999999,5.599999999999999,5.515,4.75,False,0.804177866405391,1.793072242374719,True,True,True,1.0,True,5.640785371443181,281.6838580836907,N/A,new_parameter_combo,Q2_provisional,requires_pilot_and_Q3_k100_confirmation
6.0,38.0,4.85,0.38,False,4.85,8.995876288659796,6.000000000000001,5.885,4.85,4.85,False,0.9747171227529325,1.9536349780236373,True,True,True,0.997,True,5.896340871403926,363.7041896339055,N/A,new_parameter_combo,Q2_provisional,requires_pilot_and_Q3_k100_confirmation
6.0,30.0,5.0,0.3,False,5.0,9.0,6.000000000000001,5.5,5.0,5.000000000000001,False,0.7693092581620721,1.8868872640332162,True,True,True,0.908,True,5.915575022629314,370.7674410876045,N/A,new_parameter_combo,Q2_provisional,requires_pilot_and_Q3_k100_confirmation
6.0,70.0,3.0,0.7,False,3.0,9.000000000000002,6.000000000000001,6.000000000000001,6.0,4.499999999999999,False,0.5008156612273744,1.9174440418830818,True,True,True,0.996,True,6.528898004518036,684.6433217783199,N/A,new_parameter_combo,Q2_provisional,requires_pilot_and_Q3_k100_confirmation
6.0,65.0,3.6,0.65,False,3.6,9.000000000000002,6.000000000000001,6.000000000000001,6.0,4.200000000000001,False,0.5412023651093926,1.8209746107120501,True,True,True,0.996,True,6.422974782471526,615.8323592811611,N/A,new_parameter_combo,Q2_provisional,requires_pilot_and_Q3_k100_confirmation
5.6,70.0,4.0,0.7,False,4.0,9.000000000000002,5.599999999999999,5.599999999999999,5.6,4.799999999999999,False,0.6667500373040093,1.8134715328220852,True,True,True,1.0,True,6.350110587197779,572.5560228788968,N/A,new_parameter_combo,Q2_provisional,requires_pilot_and_Q3_k100_confirmation
6.0,60.0,4.0,0.6,False,4.0,9.000000000000002,6.000000000000001,6.000000000000001,6.0,4.0,False,0.5697873753087412,1.7782993372483442,True,True,True,0.996,True,6.073598721508657,434.2405839933338,N/A,new_parameter_combo,Q2_provisional,requires_pilot_and_Q3_k100_confirmation
6.0,40.0,4.8,0.4,False,4.8,9.000000000000002,6.000000000000001,6.000000000000001,4.8,4.8,False,0.9600000000000002,1.9903344703636032,True,True,True,1.0,True,5.887012683799259,360.3272635075377,N/A,new_parameter_combo,Q2_provisional,requires_pilot_and_Q3_k100_confirmation
6.0,50.0,4.5,0.5,False,4.5,9.000000000000002,6.000000000000001,6.000000000000001,5.25,4.5,False,0.7200000000000002,1.8360586126461544,True,True,True,1.0,True,5.841860018608065,344.41937168595143,N/A,new_parameter_combo,Q2_provisional,requires_pilot_and_Q3_k100_confirmation
5.4,71.0,4.85,0.71,False,4.85,9.002290950744559,5.4,5.4,5.4,5.152500000000001,False,0.7657332753508833,1.8046484811110195,True,True,True,0.996,True,5.926361921614938,374.78852052055345,N/A,new_parameter_combo,Q2_provisional,requires_pilot_and_Q3_k100_confirmation
5.2,27.0,5.4,0.27,False,5.4,9.004273504273504,5.2,5.33,5.4,5.4,False,0.9082400563727636,1.8463509124715631,True,True,True,0.989,True,6.050822712765252,424.4620968196487,N/A,new_parameter_combo,Q2_provisional,requires_pilot_and_Q3_k100_confirmation
5.6,65.0,4.4,0.65,False,4.4,9.009740259740262,5.599999999999999,5.599999999999999,5.6,4.7,False,0.7321703827578352,1.7566854165098227,True,True,True,1.0,True,5.84694658639409,346.175747341852,N/A,new_parameter_combo,Q2_provisional,requires_pilot_and_Q3_k100_confirmation
5.4,71.0,4.8,0.71,False,4.8,9.01388888888889,5.4,5.4,5.4,5.13,False,0.7477616257736097,1.7812431654179965,True,True,True,0.998,True,5.9340572233434825,377.6837568414716,N/A,new_parameter_combo,Q2_provisional,requires_pilot_and_Q3_k100_confirmation
5.4,70.0,4.85,0.7,False,4.85,9.014891179839633,5.4,5.4,5.4,5.125,False,0.7717357192771132,1.7779839110235038,True,True,True,0.999,True,5.8791329389238465,357.49913370339743,N/A,new_parameter_combo,Q2_provisional,requires_pilot_and_Q3_k100_confirmation
5.2,30.0,5.4,0.3,False,5.4,9.017094017094017,5.2,5.3,5.4,5.4,False,0.9351645058818393,1.815450234394694,True,True,True,0.989,True,6.057290759218306,427.2164353718408,N/A,new_parameter_combo,Q2_provisional,requires_pilot_and_Q3_k100_confirmation
5.6,55.0,4.8,0.55,False,4.8,9.017857142857144,5.599999999999999,5.599999999999999,5.3999999999999995,4.8,False,0.8522347573483806,1.7762437687280415,True,True,True,1.0,True,5.670675808593075,290.2306084691759,N/A,new_parameter_combo,Q2_provisional,requires_pilot_and_Q3_k100_confirmation
6.0,37.0,4.85,0.37,False,4.85,9.019587628865981,6.000000000000001,5.827500000000001,4.85,4.85,False,0.9462449956732848,1.894889218935236,True,True,True,0.997,True,5.903277585614346,366.23587228241195,N/A,new_parameter_combo,Q2_provisional,requires_pilot_and_Q3_k100_confirmation
4.9,22.0,5.5,0.22,False,5.5,9.021150278293135,4.9,5.44,5.499999999999999,5.5,False,0.8125000000000004,1.7977551443899875,True,True,True,0.967,True,6.127061375418866,458.08803207677283,N/A,new_parameter_combo,Q2_provisional,requires_pilot_and_Q3_k100_confirmation
5.2,31.0,5.4,0.31,False,5.4,9.021367521367521,5.2,5.29,5.4,5.4,False,0.9268346395013471,1.805328246350975,True,True,True,0.989,True,6.057704187136761,427.3930950889598,N/A,new_parameter_combo,Q2_provisional,requires_pilot_and_Q3_k100_confirmation
5.4,65.0,5.0,0.65,False,5.0,9.022222222222222,5.4,5.4,5.4,5.1000000000000005,False,0.8340413658806142,1.7588901266764259,True,True,True,0.995,True,5.7011208787255345,299.2025828926121,N/A,new_parameter_combo,Q2_provisional,requires_pilot_and_Q3_k100_confirmation
5.4,71.0,4.75,0.71,False,4.75,9.025730994152049,5.4,5.4,5.4,5.1075,False,0.716647879836025,1.7575813362013195,True,True,True,0.998,True,5.944457010279221,381.6320827296521,N/A,new_parameter_combo,Q2_provisional,requires_pilot_and_Q3_k100_confirmation
5.4,69.0,4.85,0.69,False,4.85,9.02749140893471,5.4,5.4,5.4,5.0975,False,0.7594738377351005,1.7513924813551223,True,True,True,0.999,True,5.836236746046062,342.4880429664664,N/A,new_parameter_combo,Q2_provisional,requires_pilot_and_Q3_k100_confirmation
5.4,70.0,4.8,0.7,False,4.8,9.027777777777779,5.4,5.4,5.4,5.1000000000000005,False,0.7367333441674563,1.7520433489169043,True,True,True,0.998,True,5.886828240652391,360.2608097418131,N/A,new_parameter_combo,Q2_provisional,requires_pilot_and_Q3_k100_confirmation
6.0,55.0,4.25,0.55,False,4.25,9.029411764705884,6.000000000000001,6.000000000000001,5.5625,4.25,False,0.6568357201502565,1.7237100032728068,True,True,True,1.0,True,5.891294672771812,361.873488974027,N/A,new_parameter_combo,Q2_provisional,requires_pilot_and_Q3_k100_confirmation
4.8,19.0,5.5,0.19,False,5.5,9.029545454545456,4.835,5.5,5.499999999999999,5.5,False,0.7548820694489373,1.801970398179384,True,True,True,0.926,True,6.158989765027478,472.9500427396886,N/A,new_parameter_combo,Q2_provisional,requires_pilot_and_Q3_k100_confirmation
4.9,13.0,5.4,0.13,False,5.4,9.036281179138323,5.075,5.4,5.4,5.4,False,0.8559665291234188,1.7934735242108144,True,True,True,0.833,True,6.185300671371545,485.5589353341205,N/A,new_parameter_combo,Q2_provisional,requires_pilot_and_Q3_k100_confirmation
5.4,70.0,4.75,0.7,False,4.75,9.04093567251462,5.4,5.4,5.4,5.075,False,0.702264921812391,1.7258253473912797,True,True,True,0.998,True,5.897228027588129,364.0269952232753,N/A,new_parameter_combo,Q2_provisional,requires_pilot_and_Q3_k100_confirmation
5.4,69.0,4.8,0.69,False,4.8,9.041666666666668,5.4,5.4,5.4,5.069999999999999,False,0.7238787952441222,1.72293338849825,True,True,True,0.999,True,5.843932047774606,345.1337585292042,N/A,new_parameter_combo,Q2_provisional,requires_pilot_and_Q3_k100_confirmation
5.2,50.0,5.5,0.5,False,5.5,9.041958041958043,5.2,5.2,5.3500000000000005,5.5,False,0.8967344384271327,1.7632436973241838,True,True,True,0.98,True,5.883918812017386,359.2141799115699,N/A,new_parameter_combo,Q2_provisional,requires_pilot_and_Q3_k100_confirmation
5.6,69.0,4.0,0.69,False,4.0,9.042857142857144,5.599999999999999,5.599999999999999,5.6,4.719999999999999,False,0.6424320022780778,1.7247590711355196,True,True,True,1.0,True,6.307214394319995,548.5148725623146,N/A,new_parameter_combo,Q2_provisional,requires_pilot_and_Q3_k100_confirmation
5.2,37.0,5.4,0.37,False,5.4,9.047008547008547,5.2,5.2299999999999995,5.4,5.4,False,0.8630699832101492,1.746575563622433,True,True,True,0.995,True,6.038134328260875,419.11038263114534,N/A,new_parameter_combo,Q2_provisional,requires_pilot_and_Q3_k100_confirmation
4.9,24.0,5.5,0.24,False,5.5,9.04786641929499,4.9,5.38,5.499999999999999,5.5,False,0.8145069404998645,1.7881184325008814,True,True,True,0.967,True,6.1221913532763725,455.8625566730808,N/A,new_parameter_combo,Q2_provisional,requires_pilot_and_Q3_k100_confirmation
6.0,38.0,4.8,0.38,False,4.8,9.05,6.000000000000001,5.880000000000001,4.8,4.8,False,0.9616991765216654,1.8783261015819326,True,True,True,1.0,True,5.904036173132471,366.51379964660185,N/A,new_parameter_combo,Q2_provisional,requires_pilot_and_Q3_k100_confirmation
5.6,55.0,4.75,0.55,False,4.75,9.050751879699249,5.599999999999999,5.599999999999999,5.387499999999999,4.75,False,0.8322884605908298,1.719049713289378,True,True,True,1.0,True,5.681075595528814,293.2646945377547,N/A,new_parameter_combo,Q2_provisional,requires_pilot_and_Q3_k100_confirmation
5.2,38.0,5.4,0.38,False,5.4,9.051282051282053,5.2,5.22,5.4,5.4,False,0.84635593419491,1.73712820004479,True,True,True,0.997,True,6.031197614050456,416.2131937869629,N/A,new_parameter_combo,Q2_provisional,requires_pilot_and_Q3_k100_confirmation
6.0,40.0,4.75,0.4,False,4.75,9.052631578947368,6.000000000000001,6.000000000000001,4.75,4.75,False,0.9200000000000003,1.9318606209218065,True,True,True,1.0,True,5.897412470734998,364.0941437001672,N/A,new_parameter_combo,Q2_provisional,requires_pilot_and_Q3_k100_confirmation
5.4,69.0,4.75,0.69,False,4.75,9.056140350877193,5.4,5.4,5.4,5.0424999999999995,False,0.6887673846837421,1.6941783337619951,True,True,True,1.0,True,5.854331834710345,348.7418050204857,N/A,new_parameter_combo,Q2_provisional,requires_pilot_and_Q3_k100_confirmation
5.2,40.0,5.4,0.4,False,5.4,9.05982905982906,5.2,5.2,5.4,5.4,False,0.819612141503529,1.718543745663857,True,True,True,0.994,True,6.014174124717245,409.18776127282257,N/A,new_parameter_combo,Q2_provisional,requires_pilot_and_Q3_k100_confirmation
6.0,27.0,5.0,0.27,False,5.0,9.060000000000002,6.000000000000001,5.35,5.0,5.000000000000001,False,0.7219941206160075,1.7746637970718964,True,True,True,0.82,True,5.90910697617626,368.3770390048842,N/A,new_parameter_combo,Q2_provisional,requires_pilot_and_Q3_k100_confirmation
5.4,60.0,5.0,0.6,False,5.0,9.066666666666666,5.4,5.4,5.4,5.000000000000001,False,0.7793983158141141,1.6805864127843195,True,True,True,1.0,True,5.63828755780237,280.9811422924752,N/A,new_parameter_combo,Q2_provisional,requires_pilot_and_Q3_k100_confirmation
5.6,50.0,4.85,0.5,False,4.85,9.068483063328426,5.599999999999999,5.599999999999999,5.225,4.85,False,0.7935004629449671,1.7118077389879138,True,True,True,1.0,True,5.773724195667274,321.73370351493503,N/A,new_parameter_combo,Q2_provisional,requires_pilot_and_Q3_k100_confirmation
4.8,13.0,5.4,0.13,False,5.4,9.069444444444445,5.01,5.4,5.4,5.4,False,0.7968829581435355,1.7250052136727998,True,True,True,0.833,True,6.201713793141393,493.594235057252,N/A,new_parameter_combo,Q2_provisional,requires_pilot_and_Q3_k100_confirmation
6.0,65.0,3.5,0.65,False,3.5,9.071428571428573,6.000000000000001,6.000000000000001,6.0,4.125000000000001,False,0.4716990566028304,1.7172102649746452,True,True,True,1.0,True,6.453356804625711,634.8297194756183,N/A,new_parameter_combo,Q2_provisional,requires_pilot_and_Q3_k100_confirmation
5.2,55.0,5.5,0.55,False,5.5,9.073426573426573,5.2,5.2,5.2749999999999995,5.5,False,0.9414372425353978,1.7112871402976333,True,True,True,0.992,True,5.773175123214644,321.55709689060546,N/A,new_parameter_combo,Q2_provisional,requires_pilot_and_Q3_k100_confirmation
4.65,37.0,6.0,0.37,False,6.0,9.074193548387097,4.65,4.8525,6.0,6.0,False,0.8957528934775872,1.8537404056277447,True,True,True,0.857,True,6.285077239864373,536.5057286668617,N/A,new_parameter_combo,Q2_provisional,requires_pilot_and_Q3_k100_confirmation
6.0,37.0,4.8,0.37,False,4.8,9.075000000000001,6.000000000000001,5.82,4.8,4.8,False,0.9437052462695832,1.802305851889497,True,True,True,0.997,True,5.910972887342889,369.0650395097922,N/A,new_parameter_combo,Q2_provisional,requires_pilot_and_Q3_k100_confirmation
4.8,22.0,5.5,0.22,False,5.5,9.077272727272728,4.8,5.43,5.499999999999999,5.5,False,0.75,1.7425904703717943,True,True,True,0.967,True,6.1434744971887145,465.6687279912316,N/A,new_parameter_combo,Q2_provisional,requires_pilot_and_Q3_k100_confirmation
5.4,65.0,4.85,0.65,False,4.85,9.077892325315005,5.4,5.4,5.4,4.9875,False,0.719739536221264,1.6673015062429597,True,True,True,1.0,True,5.707979872667998,301.2618658274522,N/A,new_parameter_combo,Q2_provisional,requires_pilot_and_Q3_k100_confirmation
4.4,13.0,5.5,0.13,False,5.5,9.081818181818182,4.785,5.5,5.499999999999999,5.5,False,0.7859110954809075,1.7252739355494002,True,True,True,0.833,True,6.266977046407593,526.8822275371923,N/A,new_parameter_combo,Q2_provisional,requires_pilot_and_Q3_k100_confirmation
5.6,65.0,4.25,0.65,False,4.25,9.081932773109244,5.599999999999999,5.599999999999999,5.6,4.5875,False,0.6853455109561565,1.617939615560048,True,True,True,1.0,True,5.951167047795569,384.2014589873298,N/A,new_parameter_combo,Q2_provisional,requires_pilot_and_Q3_k100_confirmation
5.4,58.0,5.0,0.58,False,5.0,9.084444444444445,5.4,5.4,5.36,5.000000000000001,False,0.7492176191310019,1.6524663305253442,True,True,True,1.0,True,5.643483758126255,282.4449764892385,N/A,new_parameter_combo,Q2_provisional,requires_pilot_and_Q3_k100_confirmation
5.6,40.0,5.0,0.4,False,5.0,9.085714285714287,5.599999999999999,5.599999999999999,5.0,5.000000000000001,False,0.8526072146656981,1.7292309564522188,True,True,True,1.0,True,5.914983866638362,370.5483244659887,N/A,new_parameter_combo,Q2_provisional,requires_pilot_and_Q3_k100_confirmation
4.9,27.0,5.5,0.27,False,5.5,9.087940630797775,4.9,5.290000000000001,5.499999999999999,5.5,False,0.7977507442804428,1.687123123810803,True,True,True,0.967,True,6.123096554687654,456.2753909236156,N/A,new_parameter_combo,Q2_provisional,requires_pilot_and_Q3_k100_confirmation
5.4,71.0,4.5,0.71,False,4.5,9.08888888888889,5.4,5.4,5.4,4.995,False,0.6805493729183739,1.6542944744555108,True,True,True,1.0,True,6.037023223065839,418.64496551927783,N/A,new_parameter_combo,Q2_provisional,requires_pilot_and_Q3_k100_confirmation
4.4,30.0,6.0,0.3,False,6.0,9.09090909090909,4.4,5.2,6.0,6.0,False,0.8181612036157919,1.8195410868855315,True,True,True,0.857,True,6.33043624909958,561.4014513173232,N/A,new_parameter_combo,Q2_provisional,requires_pilot_and_Q3_k100_confirmation
6.0,50.0,4.4,0.5,False,4.4,9.090909090909092,6.000000000000001,6.000000000000001,5.2,4.4,False,0.6400000000000005,1.697011482828271,True,True,True,1.0,True,5.897817900173076,364.2417881119283,N/A,new_parameter_combo,Q2_provisional,requires_pilot_and_Q3_k100_confirmation
5.2,58.0,5.5,0.58,False,5.5,9.092307692307692,5.2,5.2,5.23,5.5,False,0.8781810979611935,1.6812109441089493,True,True,True,0.992,True,5.732884899129011,308.8590114439294,N/A,new_parameter_combo,Q2_provisional,requires_pilot_and_Q3_k100_confirmation
5.6,60.0,4.5,0.6,False,4.5,9.095238095238097,5.599999999999999,5.599999999999999,5.6,4.5,False,0.7307701416998372,1.5861149039200153,True,True,True,1.0,True,5.728155383905914,307.4017069358953,N/A,new_parameter_combo,Q2_provisional,requires_pilot_and_Q3_k100_confirmation
5.4,65.0,4.8,0.65,False,4.8,9.097222222222223,5.4,5.4,5.4,4.95,False,0.6820740429015022,1.6449794921929892,True,True,True,1.0,True,5.715675174396542,303.5891097217947,N/A,new_parameter_combo,Q2_provisional,requires_pilot_and_Q3_k100_confirmation
6.0,58.0,4.0,0.58,False,4.0,9.1,6.000000000000001,6.000000000000001,5.8,4.0,False,0.5433874289668317,1.6381412539858031,True,True,True,1.0,True,6.078794921832541,436.50285757968766,N/A,new_parameter_combo,Q2_provisional,requires_pilot_and_Q3_k100_confirmation
6.0,69.0,3.0,0.69,False,3.0,9.100000000000001,6.000000000000001,6.000000000000001,6.0,4.349999999999999,False,0.5032547129659581,1.7453327420617282,True,True,True,1.0,True,6.486001811640251,655.8957191780438,N/A,new_parameter_combo,Q2_provisional,requires_pilot_and_Q3_k100_confirmation
5.2,50.0,5.4,0.5,False,5.4,9.102564102564102,5.2,5.2,5.300000000000001,5.4,False,0.8662094882596361,1.6456407098604915,True,True,True,0.996,True,5.866055459803694,352.85438325584136,N/A,new_parameter_combo,Q2_provisional,requires_pilot_and_Q3_k100_confirmation
4.65,38.0,6.0,0.38,False,6.0,9.103225806451613,4.65,4.785000000000001,6.0,6.0,False,0.8942279655304542,1.8200611285950632,True,True,True,0.857,True,6.278140525653955,532.7970197530537,N/A,new_parameter_combo,Q2_provisional,requires_pilot_and_Q3_k100_confirmation
4.9,19.0,5.4,0.19,False,5.4,9.104308390022677,4.925,5.4,5.4,5.4,False,0.8209160668274869,1.6961043369132276,True,True,True,0.989,True,6.124713291043937,457.01366457271314,N/A,new_parameter_combo,Q2_provisional,requires_pilot_and_Q3_k100_confirmation
5.2,60.0,5.5,0.6,False,5.5,9.104895104895105,5.2,5.2,5.2,5.5,False,0.8382306438235831,1.6616453228774022,True,True,True,0.992,True,5.727688698805126,307.2582806093794,N/A,new_parameter_combo,Q2_provisional,requires_pilot_and_Q3_k100_confirmation
6.0,38.0,4.75,0.38,False,4.75,9.105263157894738,6.000000000000001,5.875000000000001,4.75,4.75,False,0.9217729146175047,1.7907262148928362,True,True,True,1.0,True,5.914435960068209,370.3453542138995,N/A,new_parameter_combo,Q2_provisional,requires_pilot_and_Q3_k100_confirmation
4.65,19.0,5.5,0.19,False,5.5,9.106158357771262,4.6925,5.5,5.499999999999999,5.5,False,0.6618239956933495,1.676792717111721,True,True,True,0.926,True,6.180187087802208,483.0823267097161,N/A,new_parameter_combo,Q2_provisional,requires_pilot_and_Q3_k100_confirmation
5.6,71.0,3.6,0.71,False,3.6,9.107142857142858,5.599999999999999,5.599999999999999,5.6,4.699999999999999,False,0.5412023651093923,1.637660290994701,True,True,True,1.0,True,6.683882309928576,799.4166785768787,N/A,new_parameter_combo,Q2_provisional,requires_pilot_and_Q3_k100_confirmation
5.6,50.0,4.8,0.5,False,4.8,9.107142857142858,5.599999999999999,5.599999999999999,5.199999999999999,4.8,False,0.7904701036053655,1.6479112474466169,True,True,True,1.0,True,5.7814194973958175,324.21909208229584,N/A,new_parameter_combo,Q2_provisional,requires_pilot_and_Q3_k100_confirmation
4.8,24.0,5.5,0.24,False,5.5,9.10909090909091,4.8,5.36,5.499999999999999,5.5,False,0.7521737207071575,1.67356098879847,True,True,True,0.967,True,6.13860447504622,463.40642418094666,N/A,new_parameter_combo,Q2_provisional,requires_pilot_and_Q3_k100_confirmation
5.4,70.0,4.5,0.7,False,4.5,9.11111111111111,5.4,5.4,5.4,4.95,False,0.6918508893260344,1.6287377643451169,True,True,True,1.0,True,5.9897942403747475,399.33243498108385,N/A,new_parameter_combo,Q2_provisional,requires_pilot_and_Q3_k100_confirmation
5.4,55.0,5.0,0.55,False,5.0,9.11111111111111,5.4,5.4,5.300000000000001,5.000000000000001,False,0.8142308878785616,1.6116215368413915,True,True,True,1.0,True,5.683773982211887,294.0571047178357,N/A,new_parameter_combo,Q2_provisional,requires_pilot_and_Q3_k100_confirmation
5.6,38.0,5.0,0.38,False,5.0,9.111428571428572,5.599999999999999,5.54,5.0,5.000000000000001,False,0.8134082247254574,1.6605314027691254,True,True,True,1.0,True,5.932007355971574,376.9103481948164,N/A,new_parameter_combo,Q2_provisional,requires_pilot_and_Q3_k100_confirmation
5.4,71.0,4.4,0.71,False,4.4,9.116161616161618,5.4,5.4,5.4,4.95,False,0.6758309322453302,1.6228572942428883,True,True,True,1.0,True,6.09298110463085,442.7392979621363,N/A,new_parameter_combo,Q2_provisional,requires_pilot_and_Q3_k100_confirmation
5.4,65.0,4.75,0.65,False,4.75,9.116959064327485,5.4,5.4,5.4,4.9125000000000005,False,0.6738497379889345,1.6229470530566534,True,True,True,1.0,True,5.726074961332281,306.762846266116,N/A,new_parameter_combo,Q2_provisional,requires_pilot_and_Q3_k100_confirmation
6.0,24.0,5.0,0.24,False,5.0,9.120000000000001,6.000000000000001,5.2,5.0,5.000000000000001,False,0.7632168761236876,1.690083208838258,True,True,True,0.82,True,5.908201774764978,368.04373446592155,N/A,new_parameter_combo,Q2_provisional,requires_pilot_and_Q3_k100_confirmation
4.65,13.0,5.4,0.13,False,5.4,9.121863799283153,4.9125000000000005,5.4,5.4,5.4,False,0.7093564065260792,1.6779998259499413,True,True,True,0.833,True,6.222911115916125,504.16879157192693,N/A,new_parameter_combo,Q2_provisional,requires_pilot_and_Q3_k100_confirmation
5.2,55.0,5.4,0.55,False,5.4,9.123931623931623,5.2,5.2,5.25,5.4,False,0.8961607454205154,1.6108351823351656,True,True,True,0.996,True,5.755311771000951,315.86400941300593,N/A,new_parameter_combo,Q2_provisional,requires_pilot_and_Q3_k100_confirmation
5.6,37.0,5.0,0.37,False,5.0,9.124285714285715,5.599999999999999,5.509999999999999,5.0,5.000000000000001,False,0.7946249797346966,1.6273111611384417,True,True,True,1.0,True,5.938944070181992,379.5339566540087,N/A,new_parameter_combo,Q2_provisional,requires_pilot_and_Q3_k100_confirmation
4.4,31.0,6.0,0.31,False,6.0,9.127272727272727,4.4,5.12,6.0,6.0,False,0.8246211251235324,1.7633918859926627,True,True,True,0.857,True,6.330849677018036,561.6335983354822,N/A,new_parameter_combo,Q2_provisional,requires_pilot_and_Q3_k100_confirmation
4.9,30.0,5.5,0.3,False,5.5,9.128014842300555,4.9,5.2,5.499999999999999,5.5,False,0.843993256695182,1.5934923757983377,True,True,True,0.995,True,6.129564601140707,459.236166241491,N/A,new_parameter_combo,Q2_provisional,requires_pilot_and_Q3_k100_confirmation
6.0,37.0,4.75,0.37,False,4.75,9.131578947368421,6.000000000000001,5.8125,4.75,4.75,False,0.9239842740953499,1.709507991990072,True,True,True,1.0,True,5.921372674278628,372.92326487300426,N/A,new_parameter_combo,Q2_provisional,requires_pilot_and_Q3_k100_confirmation
5.4,69.0,4.5,0.69,False,4.5,9.133333333333335,5.4,5.4,5.4,4.905,False,0.7041310319848727,1.6042706072246433,True,True,True,1.0,True,5.946898047496963,382.5647987812323,N/A,new_parameter_combo,Q2_provisional,requires_pilot_and_Q3_k100_confirmation
5.2,65.0,5.5,0.65,False,5.5,9.136363636363637,5.2,5.2,5.2,5.425,False,0.7481801049130855,1.604176976796297,True,True,True,0.908,True,5.790522019728291,327.1837761901337,N/A,new_parameter_combo,Q2_provisional,requires_pilot_and_Q3_k100_confirmation
5.2,58.0,5.4,0.58,False,5.4,9.136752136752136,5.2,5.2,5.220000000000001,5.4,False,0.8294588843434783,1.5949111740386228,True,True,True,0.992,True,5.7150215469153185,303.3907403735716,N/A,new_parameter_combo,Q2_provisional,requires_pilot_and_Q3_k100_confirmation
4.9,22.0,5.4,0.22,False,5.4,9.138321995464853,4.9,5.35,5.4,5.4,False,0.8164289620046564,1.6250225779893814,True,True,True,0.989,True,6.109198023205174,449.9776987509884,N/A,new_parameter_combo,Q2_provisional,requires_pilot_and_Q3_k100_confirmation
5.4,60.0,4.85,0.6,False,4.85,9.14089347079038,5.4,5.4,5.4,4.85,False,0.7212008127039923,1.5982740379629985,True,True,True,1.0,True,5.645146551744833,282.9150148738575,N/A,new_parameter_combo,Q2_provisional,requires_pilot_and_Q3_k100_confirmation
4.9,31.0,5.5,0.31,False,5.5,9.141372912801485,4.9,5.17,5.499999999999999,5.5,False,0.8393711962546971,1.564150296032353,True,True,True,0.995,True,6.1299780290591634,459.426066546119,N/A,new_parameter_combo,Q2_provisional,requires_pilot_and_Q3_k100_confirmation
5.4,70.0,4.4,0.7,False,4.4,9.141414141414142,5.4,5.4,5.4,4.9,False,0.6872100501747809,1.5951717031364954,True,True,True,1.0,True,6.045752121939758,422.3152706440325,N/A,new_parameter_combo,Q2_provisional,requires_pilot_and_Q3_k100_confirmation
5.2,60.0,5.4,0.6,False,5.4,9.145299145299145,5.2,5.2,5.2,5.4,False,0.7870391427654021,1.5845779768377397,True,True,True,0.992,True,5.709825346591433,301.81835007560824,N/A,new_parameter_combo,Q2_provisional,requires_pilot_and_Q3_k100_confirmation
5.6,50.0,4.75,0.5,False,4.75,9.146616541353385,5.599999999999999,5.599999999999999,5.175,4.75,False,0.789457398910085,1.5784881423118544,True,True,True,1.0,True,5.791819284331557,327.60849554887994,N/A,new_parameter_combo,Q2_provisional,requires_pilot_and_Q3_k100_confirmation
5.6,58.0,4.5,0.58,False,4.5,9.147619047619047,5.599999999999999,5.599999999999999,5.489999999999999,4.5,False,0.7330008909424662,1.5024067696437826,True,True,True,1.0,True,5.733351584229799,309.00318498201875,N/A,new_parameter_combo,Q2_provisional,requires_pilot_and_Q3_k100_confirmation
5.6,71.0,3.5,0.71,False,3.5,9.150000000000002,5.599999999999999,5.599999999999999,5.6,4.654999999999999,False,0.4716990566028302,1.5651792898072232,True,True,True,1.0,True,6.71426433208276,824.0772966160285,N/A,new_parameter_combo,Q2_provisional,requires_pilot_and_Q3_k100_confirmation
4.8,19.0,5.4,0.19,False,5.4,9.152777777777779,4.829999999999999,5.4,5.4,5.4,False,0.7591093062105814,1.6199305966602486,True,True,True,0.967,True,6.141126412813785,464.57658125528076,N/A,new_parameter_combo,Q2_provisional,requires_pilot_and_Q3_k100_confirmation
5.4,50.0,5.0,0.5,False,5.0,9.155555555555557,5.4,5.4,5.2,5.000000000000001,False,0.8673811892997337,1.5474180215444713,True,True,True,1.0,True,5.7945176710146304,328.4937037303938,N/A,new_parameter_combo,Q2_provisional,requires_pilot_and_Q3_k100_confirmation
5.6,60.0,4.4,0.6,False,4.4,9.155844155844157,5.599999999999999,5.599999999999999,5.6,4.4,False,0.7076275395247681,1.4730556412968947,True,True,True,1.0,True,5.784113265470925,325.09364050836416,N/A,new_parameter_combo,Q2_provisional,requires_pilot_and_Q3_k100_confirmation
4.8,27.0,5.5,0.27,False,5.5,9.156818181818183,4.8,5.255000000000001,5.499999999999999,5.5,False,0.754983443527075,1.5537836218113916,True,True,True,0.967,True,6.139509676457502,463.8260902426121,N/A,new_parameter_combo,Q2_provisional,requires_pilot_and_Q3_k100_confirmation
5.4,71.0,4.25,0.71,False,4.25,9.159477124183008,5.4,5.4,5.4,4.8825,False,0.6327301549472668,1.575308716554367,True,True,True,1.0,True,6.197201566032329,491.3720430567955,N/A,new_parameter_combo,Q2_provisional,requires_pilot_and_Q3_k100_confirmation
4.9,24.0,5.4,0.24,False,5.4,9.160997732426303,4.9,5.3,5.4,5.4,False,0.8184262679816977,1.566702346695676,True,True,True,0.989,True,6.1043280010626795,447.7916248292567,N/A,new_parameter_combo,Q2_provisional,requires_pilot_and_Q3_k100_confirmation
4.65,40.0,6.0,0.4,False,6.0,9.161290322580644,4.65,4.65,6.0,6.0,False,0.9247452938070937,1.7652507119082539,True,True,True,0.857,True,6.2611170363207425,523.8037212178654,N/A,new_parameter_combo,Q2_provisional,requires_pilot_and_Q3_k100_confirmation
5.2,69.0,5.5,0.69,False,5.5,9.161538461538461,5.2,5.2,5.2,5.365,False,0.7549834435270749,1.548360833008166,True,True,True,0.842,True,5.918778893106355,371.9572369040483,N/A,new_parameter_combo,Q2_provisional,requires_pilot_and_Q3_k100_confirmation
6.0,31.0,4.85,0.31,False,4.85,9.161855670103092,6.000000000000001,5.4825,4.85,4.85,False,0.7755656263762123,1.6744089597992007,True,True,True,0.997,True,5.922847444490232,373.4736467388891,N/A,new_parameter_combo,Q2_provisional,requires_pilot_and_Q3_k100_confirmation
4.65,22.0,5.5,0.22,False,5.5,9.165982404692082,4.65,5.414999999999999,5.499999999999999,5.5,False,0.6562500000000003,1.6121615507375597,True,True,True,0.926,True,6.164671819963445,475.64502011848606,N/A,new_parameter_combo,Q2_provisional,requires_pilot_and_Q3_k100_confirmation
5.4,58.0,4.85,0.58,False,4.85,9.166093928980526,5.4,5.4,5.345,4.85,False,0.7330259482558084,1.5594988048655163,True,True,True,1.0,True,5.650342752068718,284.38892401299466,N/A,new_parameter_combo,Q2_provisional,requires_pilot_and_Q3_k100_confirmation
5.6,70.0,3.6,0.7,False,3.6,9.166666666666668,5.599999999999999,5.599999999999999,5.6,4.6,False,0.5314612125152344,1.5194493843129933,True,True,True,1.0,True,6.636653327237484,762.5387502859994,N/A,new_parameter_combo,Q2_provisional,requires_pilot_and_Q3_k100_confirmation
5.4,69.0,4.4,0.69,False,4.4,9.166666666666668,5.4,5.4,5.4,4.8500000000000005,False,0.6897263580432405,1.5689270957894341,True,True,True,1.0,True,6.002855929061973,404.58260432521365,N/A,new_parameter_combo,Q2_provisional,requires_pilot_and_Q3_k100_confirmation
5.2,65.0,5.4,0.65,False,5.4,9.166666666666668,5.2,5.2,5.2,5.35,False,0.7496883706322409,1.5350539857509065,True,True,True,0.908,True,5.772658667514598,321.39106977154245,N/A,new_parameter_combo,Q2_provisional,requires_pilot_and_Q3_k100_confirmation
5.4,60.0,4.8,0.6,False,4.8,9.166666666666668,5.4,5.4,5.4,4.8,False,0.7106769552292219,1.5607084081485,True,True,True,1.0,True,5.652841853473377,285.10052958935125,N/A,new_parameter_combo,Q2_provisional,requires_pilot_and_Q3_k100_confirmation
5.2,69.0,5.4,0.69,False,5.4,9.183760683760681,5.2,5.2,5.2,5.31,False,0.800249960949702,1.4995877437575047,True,True,True,0.908,True,5.900915540892663,365.37182763117727,N/A,new_parameter_combo,Q2_provisional,requires_pilot_and_Q3_k100_confirmation
6.0,30.0,4.85,0.3,False,4.85,9.18556701030928,6.000000000000001,5.425,4.85,4.85,False,0.7471524173111385,1.6236113601975928,True,True,True,0.997,True,5.922434016571776,373.31927421967305,N/A,new_parameter_combo,Q2_provisional,requires_pilot_and_Q3_k100_confirmation
5.2,70.0,5.4,0.7,False,5.4,9.18803418803419,5.2,5.2,5.2,5.300000000000001,False,0.8149070311316221,1.4911083669972205,True,True,True,0.832,True,5.943811733770447,381.38590394690704,N/A,new_parameter_combo,Q2_provisional,requires_pilot_and_Q3_k100_confirmation
5.4,70.0,4.25,0.7,False,4.25,9.189542483660132,5.4,5.4,5.4,4.825,False,0.6448702606425769,1.544902150193658,True,True,True,1.0,True,6.149972583341237,468.7045362939265,N/A,new_parameter_combo,Q2_provisional,requires_pilot_and_Q3_k100_confirmation
7.0,31.0,4.5,0.31,False,4.5,9.190476190476192,7.0,5.875,4.5,4.5,False,0.95385603029525,2.2044871507006505,True,True,True,0.807,True,6.00174190007145,404.13213853749534,N/A,new_parameter_combo,Q2_provisional,requires_pilot_and_Q3_k100_confirmation
5.2,71.0,5.4,0.71,False,5.4,9.192307692307693,5.2,5.2,5.2,5.290000000000001,False,0.8302888604797334,1.4826512118688204,True,True,True,0.832,True,5.991040716461539,399.8305036628311,N/A,new_parameter_combo,Q2_provisional,requires_pilot_and_Q3_k100_confirmation
5.4,60.0,4.75,0.6,False,4.75,9.192982456140351,5.4,5.4,5.4,4.75,False,0.6981845992958291,1.507138884090497,True,True,True,1.0,True,5.663241640409116,288.0809855430982,N/A,new_parameter_combo,Q2_provisional,requires_pilot_and_Q3_k100_confirmation
4.8,22.0,5.4,0.22,False,5.4,9.194444444444445,4.8,5.34,5.4,5.4,False,0.7542545989253231,1.5199874822431114,True,True,True,0.989,True,6.1256111449750215,457.4241803520342,N/A,new_parameter_combo,Q2_provisional,requires_pilot_and_Q3_k100_confirmation
5.4,58.0,4.8,0.58,False,4.8,9.194444444444445,5.4,5.4,5.340000000000001,4.8,False,0.7319337680530439,1.5220988960135104,True,True,True,1.0,True,5.658038053797261,286.5858246569246,N/A,new_parameter_combo,Q2_provisional,requires_pilot_and_Q3_k100_confirmation
4.9,27.0,5.4,0.27,False,5.4,9.19501133786848,4.9,5.2250000000000005,5.4,5.4,False,0.796987392034043,1.4835279811856452,True,True,True,0.989,True,6.105233202473962,448.19714995327973,N/A,new_parameter_combo,Q2_provisional,requires_pilot_and_Q3_k100_confirmation
5.6,31.0,5.0,0.31,False,5.0,9.201428571428572,5.599999999999999,5.33,5.0,5.000000000000001,False,0.6960532184453736,1.5043879397209778,True,True,True,0.972,True,5.958513929057879,387.03453588377306,N/A,new_parameter_combo,Q2_provisional,requires_pilot_and_Q3_k100_confirmation
5.4,55.0,4.85,0.55,False,4.85,9.203894616265751,5.4,5.4,5.2625,4.85,False,0.8077308225099827,1.4859544455194105,True,True,True,1.0,True,5.690632976154351,296.080973535276,N/A,new_parameter_combo,Q2_provisional,requires_pilot_and_Q3_k100_confirmation
4.8,30.0,5.5,0.3,False,5.5,9.204545454545455,4.8,5.1499999999999995,5.499999999999999,5.5,False,0.7840566930772186,1.4930861040541163,True,True,True,0.985,True,6.145977722910556,466.8358621196298,N/A,new_parameter_combo,Q2_provisional,requires_pilot_and_Q3_k100_confirmation
4.65,24.0,5.5,0.24,False,5.5,9.205865102639297,4.65,5.33,5.499999999999999,5.5,False,0.6587331543367537,1.5711552645436262,True,True,True,0.926,True,6.159801797820951,473.33424965726414,N/A,new_parameter_combo,Q2_provisional,requires_pilot_and_Q3_k100_confirmation
5.6,65.0,4.0,0.65,False,4.0,9.214285714285715,5.599999999999999,5.599999999999999,5.6,4.4,False,0.5492708524833219,1.3988755332998457,True,True,True,1.0,True,6.178957520941931,482.48870971069056,N/A,new_parameter_combo,Q2_provisional,requires_pilot_and_Q3_k100_confirmation
5.6,30.0,5.0,0.3,False,5.0,9.214285714285715,5.599999999999999,5.3,5.0,5.000000000000001,False,0.6824328338408706,1.4840702666014176,True,True,True,0.972,True,5.958100501139423,386.8745580731576,N/A,new_parameter_combo,Q2_provisional,requires_pilot_and_Q3_k100_confirmation
5.6,58.0,4.4,0.58,False,4.4,9.214285714285715,5.599999999999999,5.599999999999999,5.4799999999999995,4.4,False,0.6549045732013173,1.389603773997583,True,True,True,1.0,True,5.78930946579481,326.7872886451885,N/A,new_parameter_combo,Q2_provisional,requires_pilot_and_Q3_k100_confirmation
5.6,70.0,3.5,0.7,False,3.5,9.214285714285717,5.599999999999999,5.599999999999999,5.6,4.549999999999999,False,0.4725635687720883,1.4470081609542829,True,True,True,1.0,True,6.667035349391669,786.0617481978389,N/A,new_parameter_combo,Q2_provisional,requires_pilot_and_Q3_k100_confirmation
4.4,13.0,5.4,0.13,False,5.4,9.217171717171718,4.750000000000001,5.4,5.4,5.4,False,0.7266747897099504,1.5234451578413328,True,True,True,0.833,True,6.2491136941939,517.5539102934829,N/A,new_parameter_combo,Q2_provisional,requires_pilot_and_Q3_k100_confirmation
5.4,69.0,4.25,0.69,False,4.25,9.219607843137256,5.4,5.4,5.4,4.767499999999999,False,0.6580277427313245,1.4852699284285469,True,True,True,1.0,True,6.107076390463453,449.0240233644701,N/A,new_parameter_combo,Q2_provisional,requires_pilot_and_Q3_k100_confirmation
4.8,31.0,5.5,0.31,False,5.5,9.220454545454546,4.8,5.115,5.499999999999999,5.5,False,0.7928571428571428,1.4590028050486954,True,True,True,0.968,True,6.146391150829011,467.0289050002748,N/A,new_parameter_combo,Q2_provisional,requires_pilot_and_Q3_k100_confirmation
4.9,37.0,5.5,0.37,False,5.5,9.221521335807049,4.9,4.99,5.499999999999999,5.5,False,0.7478662035540634,1.4330070697811008,True,True,True,0.968,True,6.110408170183276,450.52256752249923,N/A,new_parameter_combo,Q2_provisional,requires_pilot_and_Q3_k100_confirmation
4.8,24.0,5.4,0.24,False,5.4,9.222222222222221,4.8,5.28,5.4,5.4,False,0.7564160932466,1.4478309020793996,True,True,True,0.989,True,6.120741122832528,455.2019300613809,N/A,new_parameter_combo,Q2_provisional,requires_pilot_and_Q3_k100_confirmation
5.4,65.0,4.5,0.65,False,4.5,9.222222222222221,5.4,5.4,5.4,4.725,False,0.7340355326994099,1.4620866389645297,True,True,True,1.0,True,5.818641174118898,336.51447823544106,N/A,new_parameter_combo,Q2_provisional,requires_pilot_and_Q3_k100_confirmation
5.4,58.0,4.75,0.58,False,4.75,9.223391812865497,5.4,5.4,5.335,4.75,False,0.7330259482558084,1.4798560786670725,True,True,True,1.0,True,5.6684378407330005,289.58180796354463,N/A,new_parameter_combo,Q2_provisional,requires_pilot_and_Q3_k100_confirmation
6.0,31.0,4.8,0.31,False,4.8,9.225,6.000000000000001,5.46,4.8,4.8,False,0.7724649123528696,1.5826177603257974,True,True,True,0.997,True,5.9305427462187765,376.35872567738585,N/A,new_parameter_combo,Q2_provisional,requires_pilot_and_Q3_k100_confirmation
5.6,69.0,3.6,0.69,False,3.6,9.226190476190476,5.599999999999999,5.599999999999999,5.6,4.499999999999999,False,0.5134934373524958,1.4227187826885577,True,True,True,1.0,True,6.5937571343596995,730.5203835492961,N/A,new_parameter_combo,Q2_provisional,requires_pilot_and_Q3_k100_confirmation
5.6,55.0,4.5,0.55,False,4.5,9.226190476190476,5.599999999999999,5.599999999999999,5.325,4.5,False,0.7446026881937147,1.3904991838686065,True,True,True,1.0,True,5.773641808315432,321.7071978189861,N/A,new_parameter_combo,Q2_provisional,requires_pilot_and_Q3_k100_confirmation
4.9,30.0,5.4,0.3,False,5.4,9.229024943310657,4.9,5.150000000000001,5.4,5.4,False,0.792741384728478,1.4204335239891104,True,True,True,0.989,True,6.111701248927015,451.1055054892589,N/A,new_parameter_combo,Q2_provisional,requires_pilot_and_Q3_k100_confirmation
4.65,19.0,5.4,0.19,False,5.4,9.229390681003585,4.6875,5.4,5.4,5.4,False,0.6666415838181043,1.4945690027380627,True,True,True,0.926,True,6.162323735588516,474.52947568750324,N/A,new_parameter_combo,Q2_provisional,requires_pilot_and_Q3_k100_confirmation
5.6,40.0,4.85,0.4,False,4.85,9.23416789396171,5.599999999999999,5.599999999999999,4.85,4.85,False,0.8441202891176113,1.5003266919360807,True,True,True,1.0,True,5.921842860580824,373.0986495124141,N/A,new_parameter_combo,Q2_provisional,requires_pilot_and_Q3_k100_confirmation
4.9,38.0,5.5,0.38,False,5.5,9.234879406307979,4.9,4.96,5.499999999999999,5.5,False,0.7677942042311996,1.4108690154378283,True,True,True,0.968,True,6.103471455972858,447.4082353303823,N/A,new_parameter_combo,Q2_provisional,requires_pilot_and_Q3_k100_confirmation
6.0,50.0,4.25,0.5,False,4.25,9.23529411764706,6.000000000000001,6.000000000000001,5.125000000000001,4.25,False,0.593323396691235,1.5474054894828133,True,True,True,1.0,True,6.002038361574555,404.25196591996445,N/A,new_parameter_combo,Q2_provisional,requires_pilot_and_Q3_k100_confirmation
5.4,55.0,4.8,0.55,False,4.8,9.236111111111112,5.4,5.4,5.25,4.8,False,0.8067397855768942,1.435248321369465,True,True,True,1.0,True,5.6983282778828945,298.36819510578044,N/A,new_parameter_combo,Q2_provisional,requires_pilot_and_Q3_k100_confirmation
7.0,30.0,4.5,0.3,False,4.5,9.238095238095239,7.0,5.749999999999999,4.5,4.5,False,0.9534280256002551,2.1421150560258395,True,True,True,0.807,True,6.001328472152994,403.9650935615862,N/A,new_parameter_combo,Q2_provisional,requires_pilot_and_Q3_k100_confirmation
5.4,71.0,4.0,0.71,False,4.0,9.23888888888889,5.4,5.4,5.4,4.77,False,0.6799999999999999,1.4649953975585828,True,True,True,1.0,True,6.424992039178691,617.0759050922752,N/A,new_parameter_combo,Q2_provisional,requires_pilot_and_Q3_k100_confirmation
4.9,31.0,5.4,0.31,False,5.4,9.240362811791384,4.9,5.125,5.4,5.4,False,0.7828976299488919,1.395139050973275,True,True,True,0.995,True,6.112114676845471,451.2920436567837,N/A,new_parameter_combo,Q2_provisional,requires_pilot_and_Q3_k100_confirmation
5.4,40.0,5.0,0.4,False,5.0,9.244444444444445,5.4,5.4,5.0,5.000000000000001,False,0.770796057657277,1.4253315725979403,True,True,True,1.0,True,5.9426363359281815,380.937887128918,N/A,new_parameter_combo,Q2_provisional,requires_pilot_and_Q3_k100_confirmation
4.4,19.0,5.5,0.19,False,5.5,9.245454545454546,4.455,5.5,5.499999999999999,5.5,False,0.7132850133039962,1.572889346370241,True,True,True,0.847,True,6.206389666079985,495.9076233234451,N/A,new_parameter_combo,Q2_provisional,requires_pilot_and_Q3_k100_confirmation
6.0,55.0,4.0,0.55,False,4.0,9.25,6.000000000000001,6.000000000000001,5.500000000000001,4.0,False,0.513257404491456,1.4458387487384627,True,True,True,1.0,True,6.1190851459181745,454.4487499703696,N/A,new_parameter_combo,Q2_provisional,requires_pilot_and_Q3_k100_confirmation
6.0,30.0,4.8,0.3,False,4.8,9.25,6.000000000000001,5.4,4.8,4.8,False,0.7439332864537502,1.525850000613185,True,True,True,0.997,True,5.93012931830032,376.20316063251835,N/A,new_parameter_combo,Q2_provisional,requires_pilot_and_Q3_k100_confirmation
5.6,60.0,4.25,0.6,False,4.25,9.252100840336135,5.599999999999999,5.599999999999999,5.6,4.25,False,0.6063477987601048,1.2992091211532693,True,True,True,1.0,True,5.888333726872404,360.80358589498354,N/A,new_parameter_combo,Q2_provisional,requires_pilot_and_Q3_k100_confirmation
5.6,27.0,5.0,0.27,False,5.0,9.252857142857145,5.599999999999999,5.21,5.0,5.000000000000001,False,0.6773296909216971,1.431491400596504,True,True,True,0.95,True,5.9516324546863695,384.3803106099585,N/A,new_parameter_combo,Q2_provisional,requires_pilot_and_Q3_k100_confirmation
6.0,27.0,4.85,0.27,False,4.85,9.256701030927836,6.000000000000001,5.2524999999999995,4.85,4.85,False,0.6921388950203563,1.4823311880006198,True,True,True,0.98,True,5.915965970118723,370.9124200255817,N/A,new_parameter_combo,Q2_provisional,requires_pilot_and_Q3_k100_confirmation
4.9,40.0,5.5,0.4,False,5.5,9.261595547309833,4.9,4.9,5.499999999999999,5.5,False,0.8092058220873108,1.3798567073281973,True,True,True,0.988,True,6.086447966639646,439.8562489673717,N/A,new_parameter_combo,Q2_provisional,requires_pilot_and_Q3_k100_confirmation
5.4,38.0,5.0,0.38,False,5.0,9.262222222222222,5.4,5.36,5.0,5.000000000000001,False,0.7352720584926372,1.391616227921427,True,True,True,1.0,True,5.959659825261393,387.47829148944595,N/A,new_parameter_combo,Q2_provisional,requires_pilot_and_Q3_k100_confirmation
4.8,27.0,5.4,0.27,False,5.4,9.263888888888891,4.8,5.1899999999999995,5.4,5.4,False,0.7676640953342198,1.3839467496082976,True,True,True,0.989,True,6.12164632424381,455.61416604103744,N/A,new_parameter_combo,Q2_provisional,requires_pilot_and_Q3_k100_confirmation
4.65,27.0,5.5,0.27,False,5.5,9.265689149560119,4.65,5.202500000000001,5.499999999999999,5.5,False,0.6804397447044593,1.4408489519085417,True,True,True,0.935,True,6.160706999232233,473.7629064691677,N/A,new_parameter_combo,Q2_provisional,requires_pilot_and_Q3_k100_confirmation
5.4,50.0,4.85,0.5,False,4.85,9.266895761741123,5.4,5.4,5.125000000000001,4.85,False,0.7891451878780102,1.3583300092778,True,True,True,1.0,True,5.801376664957093,330.7545848757184,N/A,new_parameter_combo,Q2_provisional,requires_pilot_and_Q3_k100_confirmation
5.6,38.0,4.85,0.38,False,4.85,9.267304860088366,5.599999999999999,5.5249999999999995,4.85,4.85,False,0.8045078868793146,1.4074677067679218,True,True,True,1.0,True,5.938866349914036,379.5044603194457,N/A,new_parameter_combo,Q2_provisional,requires_pilot_and_Q3_k100_confirmation
5.4,65.0,4.4,0.65,False,4.4,9.267676767676768,5.4,5.4,5.4,4.65,False,0.6557500768321013,1.3754407344495707,True,True,True,1.0,True,5.87459905568391,355.8819432194826,N/A,new_parameter_combo,Q2_provisional,requires_pilot_and_Q3_k100_confirmation
5.4,55.0,4.75,0.55,False,4.75,9.269005847953217,5.4,5.4,5.237500000000001,4.75,False,0.8077308225099828,1.3848001620918922,True,True,True,1.0,True,5.708728064818633,301.4873519336985,N/A,new_parameter_combo,Q2_provisional,requires_pilot_and_Q3_k100_confirmation
5.4,37.0,5.0,0.37,False,5.0,9.27111111111111,5.4,5.34,5.0,5.000000000000001,False,0.7270379520172723,1.3701713652545942,True,True,True,1.0,True,5.966596539471811,390.1754615941512,N/A,new_parameter_combo,Q2_provisional,requires_pilot_and_Q3_k100_confirmation
5.2,71.0,5.0,0.71,False,5.0,9.272307692307692,5.2,5.2,5.2,5.109999999999999,False,0.7392715664622791,1.3309233587521498,True,True,True,0.976,True,5.951415216985472,384.2968177842345,N/A,new_parameter_combo,Q2_provisional,requires_pilot_and_Q3_k100_confirmation
5.2,70.0,5.0,0.7,False,5.0,9.276923076923078,5.2,5.2,5.2,5.1000000000000005,False,0.7496883706322411,1.32255110738038,True,True,True,0.976,True,5.90418623429438,366.56880326008235,N/A,new_parameter_combo,Q2_provisional,requires_pilot_and_Q3_k100_confirmation
5.4,70.0,4.0,0.7,False,4.0,9.277777777777779,5.4,5.4,5.4,4.7,False,0.6549279443151726,1.3878724962082123,True,True,True,1.0,True,6.377763056487599,588.6095475745243,N/A,new_parameter_combo,Q2_provisional,requires_pilot_and_Q3_k100_confirmation
5.6,69.0,3.5,0.69,False,3.5,9.27857142857143,5.599999999999999,5.599999999999999,5.6,4.444999999999999,False,0.4751476677017882,1.3369855695753945,True,True,True,1.0,True,6.624139156513884,753.0556703794292,N/A,new_parameter_combo,Q2_provisional,requires_pilot_and_Q3_k100_confirmation
5.2,69.0,5.0,0.69,False,5.0,9.28153846153846,5.2,5.2,5.2,5.09,False,0.7610358140088295,1.3142104714006266,True,True,True,0.976,True,5.861290041416595,351.17688465579675,N/A,new_parameter_combo,Q2_provisional,requires_pilot_and_Q3_k100_confirmation
4.65,22.0,5.4,0.22,False,5.4,9.2831541218638,4.65,5.325,5.4,5.4,False,0.6611082078601055,1.4420834786288927,True,True,True,0.967,True,6.146808467749753,467.22384473780323,N/A,new_parameter_combo,Q2_provisional,requires_pilot_and_Q3_k100_confirmation
5.6,37.0,4.85,0.37,False,4.85,9.283873343151694,5.599999999999999,5.487499999999999,4.85,4.85,False,0.7855118448619136,1.3628425021009403,True,True,True,1.0,True,5.945803064124455,382.14612594938666,N/A,new_parameter_combo,Q2_provisional,requires_pilot_and_Q3_k100_confirmation
5.6,40.0,4.8,0.4,False,4.8,9.285714285714286,5.599999999999999,5.599999999999999,4.8,4.8,False,0.8450674899083502,1.4261630703054426,True,True,True,1.0,True,5.929538162309369,375.9808316023392,N/A,new_parameter_combo,Q2_provisional,requires_pilot_and_Q3_k100_confirmation
6.0,31.0,4.75,0.31,False,4.75,9.289473684210527,6.000000000000001,5.437499999999999,4.75,4.75,False,0.7714285714285715,1.4882766360097508,True,True,True,0.997,True,5.940942533154515,380.2931996199821,N/A,new_parameter_combo,Q2_provisional,requires_pilot_and_Q3_k100_confirmation
5.6,24.0,5.0,0.24,False,5.0,9.291428571428572,5.599999999999999,5.12,5.0,5.000000000000001,False,0.6800735254367725,1.3885316508267975,True,True,True,0.902,True,5.950727253275088,384.0325264414331,N/A,new_parameter_combo,Q2_provisional,requires_pilot_and_Q3_k100_confirmation
5.2,65.0,5.0,0.65,False,5.0,9.3,5.2,5.2,5.2,5.05,False,0.8149070311316224,1.2811763955884827,True,True,True,0.994,True,5.733033168038531,308.9048090278468,N/A,new_parameter_combo,Q2_provisional,requires_pilot_and_Q3_k100_confirmation
5.6,55.0,4.4,0.55,False,4.4,9.301948051948052,5.599999999999999,5.599999999999999,5.300000000000001,4.4,False,0.6675576104466988,1.2804821212294701,True,True,True,1.0,True,5.8295996898804425,340.22245731552994,N/A,new_parameter_combo,Q2_provisional,requires_pilot_and_Q3_k100_confirmation
4.8,30.0,5.4,0.3,False,5.4,9.305555555555555,4.8,5.1,5.4,5.4,False,0.7670191440550483,1.2892984610353935,True,True,True,0.995,True,6.128114370696863,458.5706506644094,N/A,new_parameter_combo,Q2_provisional,requires_pilot_and_Q3_k100_confirmation
5.4,50.0,4.8,0.5,False,4.8,9.305555555555557,5.4,5.4,5.1000000000000005,4.8,False,0.7654737928570908,1.294919837125835,True,True,True,1.0,True,5.809071966685638,333.3096596312428,N/A,new_parameter_combo,Q2_provisional,requires_pilot_and_Q3_k100_confirmation
5.2,71.0,4.85,0.71,False,4.85,9.305709754163363,5.2,5.2,5.2,5.0424999999999995,False,0.6676244820103526,1.2722901675983938,True,True,True,0.996,True,5.958274210927934,386.94176780814615,N/A,new_parameter_combo,Q2_provisional,requires_pilot_and_Q3_k100_confirmation
4.9,37.0,5.4,0.37,False,5.4,9.308390022675736,4.9,4.9750000000000005,5.4,5.4,False,0.7444146618488316,1.2682194375482212,True,True,True,0.985,True,6.092544817969584,442.54617884272835,N/A,new_parameter_combo,Q2_provisional,requires_pilot_and_Q3_k100_confirmation
5.2,70.0,4.85,0.7,False,4.85,9.314036478984933,5.2,5.2,5.2,5.025,False,0.6791411142474179,1.2577525968497285,True,True,True,0.996,True,5.911045228236842,369.09173897039705,N/A,new_parameter_combo,Q2_provisional,requires_pilot_and_Q3_k100_confirmation
6.0,30.0,4.75,0.3,False,4.75,9.315789473684209,6.000000000000001,5.374999999999999,4.75,4.75,False,0.7428571428571429,1.4298937507738354,True,True,True,0.997,True,5.94052910523606,380.1360082899416,N/A,new_parameter_combo,Q2_provisional,requires_pilot_and_Q3_k100_confirmation
4.8,37.0,5.5,0.37,False,5.5,9.315909090909091,4.8,4.905,5.499999999999999,5.5,False,0.7373458200996109,1.2903900342653745,True,True,True,0.968,True,6.126821291953124,457.9780659154738,N/A,new_parameter_combo,Q2_provisional,requires_pilot_and_Q3_k100_confirmation
5.4,69.0,4.0,0.69,False,4.0,9.316666666666668,5.4,5.4,5.4,4.63,False,0.6301538522861067,1.311184813838663,True,True,True,1.0,True,6.334866863609815,563.8943231326219,N/A,new_parameter_combo,Q2_provisional,requires_pilot_and_Q3_k100_confirmation
5.6,22.0,5.0,0.22,False,5.0,9.317142857142859,5.599999999999999,5.06,5.0,5.000000000000001,False,0.6990153424493574,1.3250415396754838,True,True,True,0.8,True,5.955597275417582,385.9073348223859,N/A,new_parameter_combo,Q2_provisional,requires_pilot_and_Q3_k100_confirmation
5.2,71.0,4.8,0.71,False,4.8,9.317307692307693,5.2,5.2,5.2,5.0200000000000005,False,0.6469331101277719,1.252528601872416,True,True,True,0.996,True,5.9659695126564785,389.9308878022229,N/A,new_parameter_combo,Q2_provisional,requires_pilot_and_Q3_k100_confirmation
4.65,24.0,5.4,0.24,False,5.4,9.31899641577061,4.65,5.25,5.4,5.4,False,0.6635731825672655,1.3488770713021339,True,True,True,0.967,True,6.141938445607258,464.95398588606986,N/A,new_parameter_combo,Q2_provisional,requires_pilot_and_Q3_k100_confirmation
4.8,31.0,5.4,0.31,False,5.4,9.319444444444445,4.8,5.069999999999999,5.4,5.4,False,0.7812091621979621,1.260086337439471,True,True,True,0.995,True,6.128527798615319,458.760275769434,N/A,new_parameter_combo,Q2_provisional,requires_pilot_and_Q3_k100_confirmation
4.9,38.0,5.4,0.38,False,5.4,9.319727891156461,4.9,4.95,5.4,5.4,False,0.7445620031472283,1.2563197017029026,True,True,True,0.985,True,6.085608103759165,439.486985118322,N/A,new_parameter_combo,Q2_provisional,requires_pilot_and_Q3_k100_confirmation
5.6,58.0,4.25,0.58,False,4.25,9.320168067226891,5.599999999999999,5.599999999999999,5.464999999999999,4.25,False,0.5816097471322017,1.2012746850827647,True,True,True,1.0,True,5.893529927196289,362.6832729908458,N/A,new_parameter_combo,Q2_provisional,requires_pilot_and_Q3_k100_confirmation
5.6,38.0,4.8,0.38,False,4.8,9.321428571428571,5.599999999999999,5.5200000000000005,4.8,4.8,False,0.805501669800268,1.3285988956960701,True,True,True,1.0,True,5.94656165164258,382.436127212394,N/A,new_parameter_combo,Q2_provisional,requires_pilot_and_Q3_k100_confirmation
5.2,69.0,4.85,0.69,False,4.85,9.322363203806503,5.2,5.2,5.2,5.007499999999999,False,0.6916469548867265,1.2433274164262698,True,True,True,0.998,True,5.868149035359059,353.5938843978797,N/A,new_parameter_combo,Q2_provisional,requires_pilot_and_Q3_k100_confirmation
5.2,60.0,5.0,0.6,False,5.0,9.323076923076924,5.2,5.2,5.2,5.000000000000001,False,0.769309258162072,1.2406718543669892,True,True,True,1.0,True,5.6701998471153665,290.0925027490011,N/A,new_parameter_combo,Q2_provisional,requires_pilot_and_Q3_k100_confirmation
5.4,31.0,5.0,0.31,False,5.0,9.324444444444445,5.4,5.22,5.0,5.000000000000001,False,0.6562202374203345,1.2519682576651614,True,True,True,0.988,True,5.986166398347699,397.88634467032574,N/A,new_parameter_combo,Q2_provisional,requires_pilot_and_Q3_k100_confirmation
6.0,27.0,4.8,0.27,False,4.8,9.325000000000001,6.000000000000001,5.22,4.8,4.8,False,0.6886626532635554,1.3832202418943562,True,True,True,0.994,True,5.923661271847267,373.7777135218878,N/A,new_parameter_combo,Q2_provisional,requires_pilot_and_Q3_k100_confirmation
4.65,30.0,5.5,0.3,False,5.5,9.325513196480939,4.65,5.075,5.499999999999999,5.5,False,0.6949165133015506,1.3120891701264021,True,True,True,0.968,True,6.167175045685286,476.83715844045946,N/A,new_parameter_combo,Q2_provisional,requires_pilot_and_Q3_k100_confirmation
5.2,70.0,4.8,0.7,False,4.8,9.326923076923077,5.2,5.2,5.2,5.000000000000001,False,0.6588115459380053,1.2359694705830888,True,True,True,0.996,True,5.918740529965387,371.94296772984177,N/A,new_parameter_combo,Q2_provisional,requires_pilot_and_Q3_k100_confirmation
4.4,22.0,5.5,0.22,False,5.5,9.327272727272728,4.4,5.39,5.499999999999999,5.5,False,0.6798859448166171,1.3895892717929577,True,True,True,0.847,True,6.190874398241221,488.27286454287616,N/A,new_parameter_combo,Q2_provisional,requires_pilot_and_Q3_k100_confirmation
6.0,24.0,4.85,0.24,False,4.85,9.327835051546392,6.000000000000001,5.08,4.85,4.85,False,0.6974261170729915,1.4271296039427395,True,True,True,0.957,True,5.915060768707441,370.57682149456,N/A,new_parameter_combo,Q2_provisional,requires_pilot_and_Q3_k100_confirmation
5.2,71.0,4.75,0.71,False,4.75,9.329149797570851,5.2,5.2,5.2,4.9975,False,0.6281102204068899,1.2326590312674883,True,True,True,0.999,True,5.976369299592218,394.00724584257426,N/A,new_parameter_combo,Q2_provisional,requires_pilot_and_Q3_k100_confirmation
4.8,38.0,5.5,0.38,False,5.5,9.331818181818182,4.8,4.87,5.499999999999999,5.5,False,0.7575506188044604,1.2693288730564454,True,True,True,0.968,True,6.119884577742706,454.8121960195273,N/A,new_parameter_combo,Q2_provisional,requires_pilot_and_Q3_k100_confirmation
5.2,58.0,5.0,0.58,False,5.0,9.332307692307692,5.2,5.2,5.180000000000001,5.000000000000001,False,0.7211102550927978,1.2257656022035313,True,True,True,1.0,True,5.675396047439251,291.6038046188844,N/A,new_parameter_combo,Q2_provisional,requires_pilot_and_Q3_k100_confirmation
6.0,60.0,3.6,0.6,False,3.6,9.333333333333334,6.000000000000001,6.000000000000001,6.0,3.6000000000000005,False,0.4800000000000002,1.4733273921943169,True,True,True,1.0,True,6.360141461548361,578.3281618046595,N/A,new_parameter_combo,Q2_provisional,requires_pilot_and_Q3_k100_confirmation
6.0,40.0,4.5,0.4,False,4.5,9.333333333333334,6.000000000000001,6.000000000000001,4.5,4.5,False,0.7746177464151107,1.6565852978209998,True,True,True,1.0,True,5.989978683521616,399.4060959049559,N/A,new_parameter_combo,Q2_provisional,requires_pilot_and_Q3_k100_confirmation
5.4,30.0,5.0,0.3,False,5.0,9.333333333333334,5.4,5.2,5.0,5.000000000000001,False,0.6541176484082843,1.2342348465875261,True,True,True,0.988,True,5.9857529704292425,397.72188134627396,N/A,new_parameter_combo,Q2_provisional,requires_pilot_and_Q3_k100_confirmation
5.4,60.0,4.5,0.6,False,4.5,9.333333333333334,5.4,5.4,5.4,4.5,False,0.7200000000000002,1.2298132927405303,True,True,True,1.0,True,5.7558078531957335,316.02074279715464,N/A,new_parameter_combo,Q2_provisional,requires_pilot_and_Q3_k100_confirmation
5.2,69.0,4.8,0.69,False,4.8,9.336538461538462,5.2,5.2,5.2,4.98,False,0.671695995375945,1.219564978531402,True,True,True,1.0,True,5.875844337087602,356.32539243751035,N/A,new_parameter_combo,Q2_provisional,requires_pilot_and_Q3_k100_confirmation
5.6,40.0,4.75,0.4,False,4.75,9.338345864661655,5.599999999999999,5.599999999999999,4.75,4.75,False,0.8288484758496979,1.3571439588149337,True,True,True,1.0,True,5.939937949245108,379.91135502037,N/A,new_parameter_combo,Q2_provisional,requires_pilot_and_Q3_k100_confirmation
7.0,31.0,4.4,0.31,False,4.4,9.338961038961038,7.0,5.829999999999999,4.4,4.4,False,0.9055523176492901,2.1321161224367424,True,True,True,0.946,True,6.057699781636461,427.3912122126984,N/A,new_parameter_combo,Q2_provisional,requires_pilot_and_Q3_k100_confirmation
5.6,37.0,4.8,0.37,False,4.8,9.339285714285715,5.599999999999999,5.48,4.8,4.8,False,0.7865296297142066,1.2876445716218252,True,True,True,1.0,True,5.953498365852998,385.09819967408345,N/A,new_parameter_combo,Q2_provisional,requires_pilot_and_Q3_k100_confirmation
5.4,65.0,4.25,0.65,False,4.25,9.33986928104575,5.4,5.4,5.4,4.5375,False,0.6738497379889342,1.239816633333147,True,True,True,1.0,True,5.978819517085388,394.97383297954883,N/A,new_parameter_combo,Q2_provisional,requires_pilot_and_Q3_k100_confirmation
5.2,70.0,4.75,0.7,False,4.75,9.34008097165992,5.2,5.2,5.2,4.975,False,0.6403379209926775,1.2141000613410056,True,True,True,0.999,True,5.929140316901126,375.8312791062586,N/A,new_parameter_combo,Q2_provisional,requires_pilot_and_Q3_k100_confirmation
4.9,40.0,5.4,0.4,False,5.4,9.342403628117912,4.9,4.9,5.4,5.4,False,0.7489347026113232,1.2282160168977516,True,True,True,0.994,True,6.068584614425954,432.0687047733406,N/A,new_parameter_combo,Q2_provisional,requires_pilot_and_Q3_k100_confirmation
5.4,50.0,4.75,0.5,False,4.75,9.345029239766081,5.4,5.4,5.074999999999999,4.75,False,0.7432026154091631,1.2316762407592534,True,True,True,1.0,True,5.819471753621376,336.794096369821,N/A,new_parameter_combo,Q2_provisional,requires_pilot_and_Q3_k100_confirmation
4.4,37.0,6.0,0.37,False,6.0,9.345454545454546,4.4,4.640000000000001,6.0,6.0,False,0.8820199451676077,1.6231227303060172,True,True,True,0.857,True,6.311279818142149,550.749356977553,N/A,new_parameter_combo,Q2_provisional,requires_pilot_and_Q3_k100_confirmation
4.65,31.0,5.5,0.31,False,5.5,9.345454545454546,4.65,5.0325,5.499999999999999,5.5,False,0.7048308389107221,1.2740947815462988,True,True,True,0.968,True,6.167588473603742,477.0343369910664,N/A,new_parameter_combo,Q2_provisional,requires_pilot_and_Q3_k100_confirmation
5.2,55.0,5.0,0.55,False,5.0,9.346153846153847,5.2,5.2,5.15,5.000000000000001,False,0.7926090345388785,1.2038364321684722,True,True,True,1.0,True,5.715686271524884,303.59247870780166,N/A,new_parameter_combo,Q2_provisional,requires_pilot_and_Q3_k100_confirmation
5.2,69.0,4.75,0.69,False,4.75,9.351012145748987,5.2,5.2,5.2,4.9525,False,0.6535866508765931,1.1957475209009296,True,True,True,1.0,True,5.886244124023341,360.05043685917906,N/A,new_parameter_combo,Q2_provisional,requires_pilot_and_Q3_k100_confirmation
5.2,65.0,4.85,0.65,False,4.85,9.355670103092784,5.2,5.2,5.2,4.9375,False,0.708801805866774,1.1868320837676163,True,True,True,1.0,True,5.739892161980994,311.0308682201544,N/A,new_parameter_combo,Q2_provisional,requires_pilot_and_Q3_k100_confirmation
5.6,19.0,5.0,0.19,False,5.0,9.355714285714289,5.569999999999999,5.0,5.0,5.000000000000001,False,0.7348816370056906,1.25776393959456,True,True,True,0.8,True,5.971112543256345,391.9414801271419,N/A,new_parameter_combo,Q2_provisional,requires_pilot_and_Q3_k100_confirmation
5.6,50.0,4.5,0.5,False,4.5,9.357142857142858,5.599999999999999,5.599999999999999,5.05,4.5,False,0.7253276001580389,1.2327294188653029,True,True,True,1.0,True,5.884385497118174,359.38185894093544,N/A,new_parameter_combo,Q2_provisional,requires_pilot_and_Q3_k100_confirmation
5.4,27.0,5.0,0.27,False,5.0,9.360000000000001,5.4,5.14,5.0,5.000000000000001,False,0.688767384683742,1.1849235818955137,True,True,True,0.971,True,5.97928492397619,395.15769930611253,N/A,new_parameter_combo,Q2_provisional,requires_pilot_and_Q3_k100_confirmation
4.8,40.0,5.5,0.4,False,5.5,9.363636363636363,4.8,4.8,5.499999999999999,5.5,False,0.7994930034090358,1.2468409431514555,True,True,True,0.988,True,6.102861088409495,447.1352351796491,N/A,new_parameter_combo,Q2_provisional,requires_pilot_and_Q3_k100_confirmation
4.4,19.0,5.4,0.19,False,5.4,9.368686868686869,4.45,5.4,5.4,5.4,False,0.6483063689022223,1.3131883252480951,True,True,True,0.926,True,6.1885263138662925,487.127703652292,N/A,new_parameter_combo,Q2_provisional,requires_pilot_and_Q3_k100_confirmation
5.2,50.0,5.0,0.5,False,5.0,9.369230769230768,5.2,5.2,5.1000000000000005,5.000000000000001,False,0.8320125587749166,1.1657876399715452,True,True,True,1.0,True,5.826429960327626,339.1457514726985,N/A,new_parameter_combo,Q2_provisional,requires_pilot_and_Q3_k100_confirmation
4.65,27.0,5.4,0.27,False,5.4,9.372759856630825,4.65,5.1375,5.4,5.4,False,0.6763669313067475,1.2197295553882315,True,True,True,0.967,True,6.142843647018541,465.3750534369946,N/A,new_parameter_combo,Q2_provisional,requires_pilot_and_Q3_k100_confirmation
5.2,65.0,4.8,0.65,False,4.8,9.375,5.2,5.2,5.2,4.9,False,0.6705221845696087,1.1556241884222826,True,True,True,1.0,True,5.747587463709538,313.433577527651,N/A,new_parameter_combo,Q2_provisional,requires_pilot_and_Q3_k100_confirmation
6.0,22.0,4.85,0.22,False,4.85,9.375257731958765,6.000000000000001,4.964999999999999,4.85,4.85,False,0.7155930892537707,1.4342862396965381,True,True,True,0.957,True,5.919930790849936,372.3859404698789,N/A,new_parameter_combo,Q2_provisional,requires_pilot_and_Q3_k100_confirmation
5.6,38.0,4.75,0.38,False,4.75,9.376691729323309,5.599999999999999,5.515000000000001,4.75,4.75,False,0.8084756892145986,1.26314114895011,True,True,True,1.0,True,5.956961438578319,386.43413463075933,N/A,new_parameter_combo,Q2_provisional,requires_pilot_and_Q3_k100_confirmation
5.4,58.0,4.5,0.58,False,4.5,9.377777777777778,5.4,5.4,5.3100000000000005,4.5,False,0.7222640141405698,1.17921695041129,True,True,True,1.0,True,5.761004053519619,317.66712364114557,N/A,new_parameter_combo,Q2_provisional,requires_pilot_and_Q3_k100_confirmation
7.0,27.0,4.5,0.27,False,4.5,9.380952380952381,7.0,5.374999999999999,4.5,4.5,False,0.9509997424837098,2.097659569293929,True,True,True,0.807,True,5.994860425699941,401.3606604480334,N/A,new_parameter_combo,Q2_provisional,requires_pilot_and_Q3_k100_confirmation
4.4,38.0,6.0,0.38,False,6.0,9.381818181818183,4.4,4.5600000000000005,6.0,6.0,False,0.8944271909999162,1.6097374116237093,True,True,True,0.857,True,6.30434310393173,546.9421859813137,N/A,new_parameter_combo,Q2_provisional,requires_pilot_and_Q3_k100_confirmation
4.4,24.0,5.5,0.24,False,5.5,9.381818181818183,4.4,5.28,5.499999999999999,5.5,False,0.6568710618049292,1.3121876954966882,True,True,True,0.847,True,6.186004376098727,485.90074570492214,N/A,new_parameter_combo,Q2_provisional,requires_pilot_and_Q3_k100_confirmation
5.6,31.0,4.85,0.31,False,4.85,9.383284241531666,5.599999999999999,5.262499999999999,4.85,4.85,False,0.6856311566054761,1.205452925708331,True,True,True,0.996,True,5.965372923000341,389.6983284461026,N/A,new_parameter_combo,Q2_provisional,requires_pilot_and_Q3_k100_confirmation
5.4,24.0,5.0,0.24,False,5.0,9.386666666666667,5.4,5.08,5.0,5.000000000000001,False,0.7121485885999479,1.1525705334920413,True,True,True,0.947,True,5.978379722564907,394.80016384423715,N/A,new_parameter_combo,Q2_provisional,requires_pilot_and_Q3_k100_confirmation
5.4,71.0,3.6,0.71,False,3.6,9.38888888888889,5.4,5.4,5.4,4.59,False,0.5059487955055032,1.2093528599327354,True,True,True,1.0,True,6.711534779218395,821.8310011563557,N/A,new_parameter_combo,Q2_provisional,requires_pilot_and_Q3_k100_confirmation
7.0,30.0,4.4,0.3,False,4.4,9.38961038961039,7.0,5.7,4.4,4.4,False,0.9122882756887674,2.075600270170416,True,True,True,0.892,True,6.0572863537180055,427.2145532738522,N/A,new_parameter_combo,Q2_provisional,requires_pilot_and_Q3_k100_confirmation
5.2,71.0,4.5,0.71,False,4.5,9.392307692307693,5.2,5.2,5.2,4.885,False,0.5679105994605066,1.1317600199628002,True,True,True,1.0,True,6.068935512378835,432.22034340063556,N/A,new_parameter_combo,Q2_provisional,requires_pilot_and_Q3_k100_confirmation
5.4,40.0,4.85,0.4,False,4.85,9.392898052691868,5.4,5.4,4.85,4.85,False,0.7613977689092608,1.1784999262072844,True,True,True,1.0,True,5.949495329870644,383.55971907506836,N/A,new_parameter_combo,Q2_provisional,requires_pilot_and_Q3_k100_confirmation
5.4,60.0,4.4,0.6,False,4.4,9.393939393939394,5.4,5.4,5.4,4.4,False,0.67369261142889,1.1095590424110477,True,True,True,1.0,True,5.811765734760745,334.2087289499302,N/A,new_parameter_combo,Q2_provisional,requires_pilot_and_Q3_k100_confirmation
6.0,27.0,4.75,0.27,False,4.75,9.394736842105264,6.000000000000001,5.1875,4.75,4.75,False,0.6874999999999999,1.2951214504150126,True,True,True,0.997,True,5.934061058783006,377.6852054274579,N/A,new_parameter_combo,Q2_provisional,requires_pilot_and_Q3_k100_confirmation
5.2,65.0,4.75,0.65,False,4.75,9.394736842105264,5.2,5.2,5.2,4.8625,False,0.6853455109561568,1.1246020918556887,True,True,True,1.0,True,5.757987250645277,316.71022865696335,N/A,new_parameter_combo,Q2_provisional,requires_pilot_and_Q3_k100_confirmation
4.9,50.0,5.5,0.5,False,5.5,9.395176252319109,4.9,4.9,5.2,5.5,False,0.8997182807378528,1.135260590412455,True,True,True,0.999,True,5.938329301726095,379.30070285540125,N/A,new_parameter_combo,Q2_provisional,requires_pilot_and_Q3_k100_confirmation
5.6,37.0,4.75,0.37,False,4.75,9.395864661654135,5.599999999999999,5.4725,4.75,4.75,False,0.7895751125880089,1.2194623326760337,True,True,True,1.0,True,5.963898152788738,389.12403653818563,N/A,new_parameter_combo,Q2_provisional,requires_pilot_and_Q3_k100_confirmation
5.2,60.0,4.85,0.6,False,4.85,9.397303727200635,5.2,5.2,5.2,4.85,False,0.7143085710628687,1.1192644130167149,True,True,True,1.0,True,5.677058841057829,292.0890849130341,N/A,new_parameter_combo,Q2_provisional,requires_pilot_and_Q3_k100_confirmation
5.6,30.0,4.85,0.3,False,4.85,9.399852724594993,5.599999999999999,5.225,4.85,4.85,False,0.6717995033520651,1.2022830722073663,True,True,True,0.996,True,5.964959495081886,389.53724957689275,N/A,new_parameter_combo,Q2_provisional,requires_pilot_and_Q3_k100_confirmation
6.0,38.0,4.5,0.38,False,4.5,9.4,6.000000000000001,5.8500000000000005,4.5,4.5,False,0.7554104168987769,1.5294414934379987,True,True,True,1.0,True,6.007002172854827,406.26358490655304,N/A,new_parameter_combo,Q2_provisional,requires_pilot_and_Q3_k100_confirmation
6.0,24.0,4.8,0.24,False,4.8,9.4,6.000000000000001,5.04,4.8,4.8,False,0.6939763603866561,1.3503026424092817,True,True,True,0.98,True,5.922756070435985,373.4395224966909,N/A,new_parameter_combo,Q2_provisional,requires_pilot_and_Q3_k100_confirmation
4.8,37.0,5.4,0.37,False,5.4,9.402777777777779,4.8,4.890000000000001,5.4,5.4,False,0.7465854243945343,1.1504171963252674,True,True,True,0.985,True,6.108957939739431,449.8696795129008,N/A,new_parameter_combo,Q2_provisional,requires_pilot_and_Q3_k100_confirmation
5.4,22.0,5.0,0.22,False,5.0,9.404444444444445,5.4,5.04,5.0,5.000000000000001,False,0.6671692408365116,1.1192106602753853,True,True,True,0.904,True,5.983249744707401,396.7275387539496,N/A,new_parameter_combo,Q2_provisional,requires_pilot_and_Q3_k100_confirmation
5.6,71.0,3.0,0.71,False,3.0,9.407142857142858,5.599999999999999,5.599999999999999,5.6,4.429999999999999,False,0.40159122276773146,1.180471121415609,True,True,True,0.999,True,6.618652465719237,748.9352009724864,N/A,new_parameter_combo,Q2_provisional,requires_pilot_and_Q3_k100_confirmation
5.2,70.0,4.5,0.7,False,4.5,9.41025641025641,5.2,5.2,5.2,4.85,False,0.5814057559581127,1.1036741902492861,True,True,True,1.0,True,6.0217065296877434,412.2815664687317,N/A,new_parameter_combo,Q2_provisional,requires_pilot_and_Q3_k100_confirmation
5.2,58.0,4.85,0.58,False,4.85,9.413957176843775,5.2,5.2,5.165,4.85,False,0.6799999999999999,1.0922987663759605,True,True,True,1.0,True,5.682255041381714,293.6107884249085,N/A,new_parameter_combo,Q2_provisional,requires_pilot_and_Q3_k100_confirmation
5.2,40.0,5.0,0.4,False,5.0,9.415384615384617,5.2,5.2,5.0,5.000000000000001,False,0.7018290835381504,1.08380367066399,True,True,True,1.0,True,5.9745486252411775,393.2905395982642,N/A,new_parameter_combo,Q2_provisional,requires_pilot_and_Q3_k100_confirmation
4.8,38.0,5.4,0.38,False,5.4,9.416666666666666,4.8,4.86,5.4,5.4,False,0.7271989874490602,1.1298722938312646,True,True,True,0.985,True,6.102021225529013,446.75986054674127,N/A,new_parameter_combo,Q2_provisional,requires_pilot_and_Q3_k100_confirmation
5.4,38.0,4.85,0.38,False,4.85,9.418098510882016,5.4,5.345,4.85,4.85,False,0.7172310925015873,1.1547113584914297,True,True,True,1.0,True,5.966518819203856,390.1451382311117,N/A,new_parameter_combo,Q2_provisional,requires_pilot_and_Q3_k100_confirmation
5.2,71.0,4.4,0.71,False,4.4,9.41958041958042,5.2,5.2,5.2,4.840000000000001,False,0.5622476758329837,1.0907529612080948,True,True,True,1.0,True,6.124893393943847,457.09598147153446,N/A,new_parameter_combo,Q2_provisional,requires_pilot_and_Q3_k100_confirmation
5.6,55.0,4.25,0.55,False,4.25,9.422268907563025,5.599999999999999,5.599999999999999,5.2625,4.25,False,0.5927952850689684,1.1285749586937759,True,True,True,1.0,True,5.933820151281922,377.5942291872914,N/A,new_parameter_combo,Q2_provisional,requires_pilot_and_Q3_k100_confirmation
5.2,60.0,4.8,0.6,False,4.8,9.423076923076923,5.2,5.2,5.2,4.8,False,0.6995975519496029,1.070228464070398,True,True,True,1.0,True,5.684754142786373,294.34546919718804,N/A,new_parameter_combo,Q2_provisional,requires_pilot_and_Q3_k100_confirmation
5.2,38.0,5.0,0.38,False,5.0,9.424615384615386,5.2,5.18,5.0,5.000000000000001,False,0.6536497074511857,1.0732678140674867,True,True,True,1.0,True,5.991572114574389,400.0430293007976,N/A,new_parameter_combo,Q2_provisional,requires_pilot_and_Q3_k100_confirmation
4.65,30.0,5.4,0.3,False,5.4,9.42652329749104,4.65,5.025,5.4,5.4,False,0.6995062261761392,1.175972154012556,True,True,True,0.968,True,6.149311693471594,468.39487655079887,N/A,new_parameter_combo,Q2_provisional,requires_pilot_and_Q3_k100_confirmation
5.2,69.0,4.5,0.69,False,4.5,9.428205128205128,5.2,5.2,5.2,4.8149999999999995,False,0.5959660310823778,1.0713981384525282,True,True,True,1.0,True,5.978810336809959,394.97020702761824,N/A,new_parameter_combo,Q2_provisional,requires_pilot_and_Q3_k100_confirmation
6.0,60.0,3.5,0.6,False,3.5,9.428571428571429,6.000000000000001,6.000000000000001,6.0,3.4999999999999996,False,0.47818161096096573,1.4438971770251434,True,True,True,1.0,True,6.390523483702546,596.168582553621,N/A,new_parameter_combo,Q2_provisional,requires_pilot_and_Q3_k100_confirmation
5.6,60.0,4.0,0.6,False,4.0,9.42857142857143,5.599999999999999,5.599999999999999,5.6,4.0,False,0.49652054646431765,1.185330598716305,True,True,True,1.0,True,6.116124200018766,453.10514196460105,N/A,new_parameter_combo,Q2_provisional,requires_pilot_and_Q3_k100_confirmation
5.2,37.0,5.0,0.37,False,5.0,9.429230769230768,5.2,5.17,5.0,5.000000000000001,False,0.6506276404600502,1.068345365794004,True,True,True,1.0,True,5.998508828784807,402.82766039607344,N/A,new_parameter_combo,Q2_provisional,requires_pilot_and_Q3_k100_confirmation
5.4,37.0,4.85,0.37,False,4.85,9.43069873997709,5.4,5.3175,4.85,4.85,False,0.6958565645435613,1.1335896445960698,True,True,True,1.0,True,5.973455533414274,392.8608717997927,N/A,new_parameter_combo,Q2_provisional,requires_pilot_and_Q3_k100_confirmation
5.4,19.0,5.0,0.19,False,5.0,9.431111111111113,5.38,5.0,5.0,5.000000000000001,False,0.6634114831071041,1.0784592837190845,True,True,True,0.808,True,5.998765012546165,402.9308715212352,N/A,new_parameter_combo,Q2_provisional,requires_pilot_and_Q3_k100_confirmation
5.4,71.0,3.5,0.71,False,3.5,9.431746031746034,5.4,5.4,5.4,4.545,False,0.4527833423416113,1.1374355209870577,True,True,True,1.0,True,6.7419168013725805,847.183062172056,N/A,new_parameter_combo,Q2_provisional,requires_pilot_and_Q3_k100_confirmation
6.0,37.0,4.5,0.37,False,4.5,9.433333333333334,6.000000000000001,5.775000000000001,4.5,4.5,False,0.7472616676907764,1.477248832070446,True,True,True,1.0,True,6.013938887065246,409.09151622530715,N/A,new_parameter_combo,Q2_provisional,requires_pilot_and_Q3_k100_confirmation
5.2,55.0,4.85,0.55,False,4.85,9.438937351308486,5.2,5.2,5.1125,4.85,False,0.7578285304952916,1.0500051478980448,True,True,True,1.0,True,5.722545265467347,305.68197541102063,N/A,new_parameter_combo,Q2_provisional,requires_pilot_and_Q3_k100_confirmation
5.2,70.0,4.4,0.7,False,4.4,9.44055944055944,5.2,5.2,5.2,4.800000000000001,False,0.5758755534498965,1.0495509903521847,True,True,True,1.0,True,6.077664411252755,436.00966531315163,N/A,new_parameter_combo,Q2_provisional,requires_pilot_and_Q3_k100_confirmation
5.2,58.0,4.8,0.58,False,4.8,9.442307692307692,5.2,5.2,5.16,4.8,False,0.6764628894598187,1.046636807288357,True,True,True,1.0,True,5.689950343110258,295.8789278483906,N/A,new_parameter_combo,Q2_provisional,requires_pilot_and_Q3_k100_confirmation
5.4,70.0,3.6,0.7,False,3.6,9.444444444444445,5.4,5.4,5.4,4.5,False,0.4968312857808096,1.0994116908479417,True,True,True,1.0,True,6.664305796527303,783.9190766993642,N/A,new_parameter_combo,Q2_provisional,requires_pilot_and_Q3_k100_confirmation
4.4,22.0,5.4,0.22,False,5.4,9.444444444444445,4.4,5.3,5.4,5.4,False,0.6232691338942646,1.2830187711323606,True,True,True,0.847,True,6.173011046027529,479.6281163545746,N/A,new_parameter_combo,Q2_provisional,requires_pilot_and_Q3_k100_confirmation
4.65,31.0,5.4,0.31,False,5.4,9.444444444444445,4.65,4.9875,5.4,5.4,False,0.7093564065260792,1.1413487396555113,True,True,True,0.968,True,6.14972512139005,468.58856410478916,N/A,new_parameter_combo,Q2_provisional,requires_pilot_and_Q3_k100_confirmation
4.8,40.0,5.4,0.4,False,5.4,9.444444444444445,4.8,4.8,5.4,5.4,False,0.7499260380197508,1.094401378024735,True,True,True,0.994,True,6.084997736195802,439.21881836655416,N/A,new_parameter_combo,Q2_provisional,requires_pilot_and_Q3_k100_confirmation
5.4,40.0,4.8,0.4,False,4.8,9.444444444444445,5.4,5.4,4.8,4.8,False,0.762447744111031,1.094401378024733,True,True,True,1.0,True,5.957190631599188,386.5227127878021,N/A,new_parameter_combo,Q2_provisional,requires_pilot_and_Q3_k100_confirmation
5.4,58.0,4.4,0.58,False,4.4,9.444444444444445,5.4,5.4,5.300000000000001,4.4,False,0.6425459564283706,1.0813779856041916,True,True,True,1.0,True,5.816961935084629,335.94986418164757,N/A,new_parameter_combo,Q2_provisional,requires_pilot_and_Q3_k100_confirmation
5.4,55.0,4.5,0.55,False,4.5,9.444444444444445,5.4,5.4,5.175000000000001,4.5,False,0.7340355326994098,1.1169871796945294,True,True,True,1.0,True,5.801294277605251,330.7273360038575,N/A,new_parameter_combo,Q2_provisional,requires_pilot_and_Q3_k100_confirmation
6.0,19.0,4.85,0.19,False,4.85,9.446391752577322,5.9425,4.85,4.85,4.85,False,0.7699933739444562,1.387048116206824,True,True,True,0.82,True,5.935446058688699,378.20866181120215,N/A,new_parameter_combo,Q2_provisional,requires_pilot_and_Q3_k100_confirmation
5.6,31.0,4.8,0.31,False,4.8,9.446428571428573,5.599999999999999,5.24,4.8,4.8,False,0.6867969735723672,1.1427214774477563,True,True,True,0.996,True,5.973068224728886,392.70874283433193,N/A,new_parameter_combo,Q2_provisional,requires_pilot_and_Q3_k100_confirmation
5.6,50.0,4.4,0.5,False,4.4,9.44805194805195,5.599999999999999,5.599999999999999,5.0,4.4,False,0.6520927848090335,1.1322507194873703,True,True,True,1.0,True,5.940343378683186,380.06541349536553,N/A,new_parameter_combo,Q2_provisional,requires_pilot_and_Q3_k100_confirmation
5.2,60.0,4.75,0.6,False,4.75,9.449392712550607,5.2,5.2,5.2,4.75,False,0.6869037302955032,1.0416253411390384,True,True,True,1.0,True,5.695153929722112,297.42257223656446,N/A,new_parameter_combo,Q2_provisional,requires_pilot_and_Q3_k100_confirmation
5.6,27.0,4.85,0.27,False,4.85,9.449558173784979,5.599999999999999,5.1125,4.85,4.85,False,0.636226343732467,1.1668829913828085,True,True,True,0.987,True,5.958491448628832,387.0258352791477,N/A,new_parameter_combo,Q2_provisional,requires_pilot_and_Q3_k100_confirmation
6.0,22.0,4.8,0.22,False,4.8,9.450000000000001,6.000000000000001,4.92,4.8,4.8,False,0.7033238324309122,1.3803152093444455,True,True,True,0.957,True,5.927626092578479,375.26261689195843,N/A,new_parameter_combo,Q2_provisional,requires_pilot_and_Q3_k100_confirmation
4.4,40.0,6.0,0.4,False,6.0,9.454545454545455,4.4,4.4,6.0,6.0,False,0.8431753523110703,1.6057007654590276,True,True,True,0.857,True,6.287319614598519,537.7101254072924,N/A,new_parameter_combo,Q2_provisional,requires_pilot_and_Q3_k100_confirmation
6.0,40.0,4.4,0.4,False,4.4,9.454545454545455,6.000000000000001,6.000000000000001,4.4,4.4,False,0.7008799134382616,1.5641202028078627,True,True,True,1.0,True,6.0459365650866275,422.3931709853923,N/A,new_parameter_combo,Q2_provisional,requires_pilot_and_Q3_k100_confirmation
4.9,50.0,5.4,0.5,False,5.4,9.45578231292517,4.9,4.9,5.15,5.4,False,0.8379956650806005,1.0239055052698682,True,True,True,1.0,True,5.920465949512403,372.58527936591344,N/A,new_parameter_combo,Q2_provisional,requires_pilot_and_Q3_k100_confirmation
5.2,31.0,5.0,0.31,False,5.0,9.456923076923076,5.2,5.109999999999999,5.0,5.000000000000001,False,0.6800735254367722,1.0322305296151462,True,True,True,0.995,True,6.018078687660695,410.78858386489475,N/A,new_parameter_combo,Q2_provisional,requires_pilot_and_Q3_k100_confirmation
5.2,69.0,4.4,0.69,False,4.4,9.461538461538462,5.2,5.2,5.2,4.760000000000001,False,0.5905721888169826,1.0285982466355181,True,True,True,1.0,True,6.03476821837497,417.7019827730738,N/A,new_parameter_combo,Q2_provisional,requires_pilot_and_Q3_k100_confirmation
5.2,30.0,5.0,0.3,False,5.0,9.461538461538462,5.2,5.1,5.0,5.000000000000001,False,0.6890173422775249,1.020116109533729,True,True,True,0.995,True,6.017665259742238,410.61878749743977,N/A,new_parameter_combo,Q2_provisional,requires_pilot_and_Q3_k100_confirmation
4.9,55.0,5.5,0.55,False,5.5,9.461966604823747,4.9,4.9,5.05,5.5,False,0.9097858713085477,1.0213081743612489,True,True,True,0.999,True,5.827585612923353,339.53791269814127,N/A,new_parameter_combo,Q2_provisional,requires_pilot_and_Q3_k100_confirmation
5.2,71.0,4.25,0.71,False,4.25,9.46289592760181,5.2,5.2,5.2,4.7725,False,0.574910818283664,1.0287454339585933,True,True,True,1.0,True,6.229113855345325,507.3057379874315,N/A,new_parameter_combo,Q2_provisional,requires_pilot_and_Q3_k100_confirmation
4.4,27.0,5.5,0.27,False,5.5,9.463636363636365,4.4,5.115,5.499999999999999,5.5,False,0.6184658438426492,1.2122137004693836,True,True,True,0.847,True,6.18690957751001,486.3407828767652,N/A,new_parameter_combo,Q2_provisional,requires_pilot_and_Q3_k100_confirmation
5.6,30.0,4.8,0.3,False,4.8,9.464285714285714,5.599999999999999,5.2,4.8,4.8,False,0.6729892812698292,1.1289736675822064,True,True,True,0.996,True,5.9726547968104295,392.54641963300605,N/A,new_parameter_combo,Q2_provisional,requires_pilot_and_Q3_k100_confirmation
5.6,65.0,3.6,0.65,False,3.6,9.464285714285715,5.599999999999999,5.599999999999999,5.6,4.1000000000000005,False,0.4800000000000002,1.1389999407320932,True,True,True,1.0,True,6.465500260981636,642.5857436272458,N/A,new_parameter_combo,Q2_provisional,requires_pilot_and_Q3_k100_confirmation
4.65,37.0,5.5,0.37,False,5.5,9.465102639296187,4.65,4.777500000000001,5.499999999999999,5.5,False,0.7313616040771951,1.1170321848533233,True,True,True,0.968,True,6.148018614727855,467.78959651396787,N/A,new_parameter_combo,Q2_provisional,requires_pilot_and_Q3_k100_confirmation
6.0,58.0,3.6,0.58,False,3.6,9.466666666666669,6.000000000000001,6.000000000000001,5.76,3.6000000000000005,False,0.48338939388700825,1.3296963510880666,True,True,True,1.0,True,6.365337661872246,581.3410919012982,N/A,new_parameter_combo,Q2_provisional,requires_pilot_and_Q3_k100_confirmation
5.2,55.0,4.8,0.55,False,4.8,9.471153846153847,5.2,5.2,5.1000000000000005,4.8,False,0.7567721464434676,1.0043232419851174,True,True,True,1.0,True,5.7302405671958905,308.04336459292693,N/A,new_parameter_combo,Q2_provisional,requires_pilot_and_Q3_k100_confirmation
5.2,58.0,4.75,0.58,False,4.75,9.471255060728746,5.2,5.2,5.154999999999999,4.75,False,0.6776444796619588,1.0063800558263662,True,True,True,1.0,True,5.700350130045996,298.97206174528003,N/A,new_parameter_combo,Q2_provisional,requires_pilot_and_Q3_k100_confirmation
5.4,65.0,4.0,0.65,False,4.0,9.472222222222223,5.4,5.4,5.4,4.3500000000000005,False,0.5348583638569703,1.0107610062453773,True,True,True,1.0,True,6.20660999023175,496.0168957871473,N/A,new_parameter_combo,Q2_provisional,requires_pilot_and_Q3_k100_confirmation
5.4,38.0,4.8,0.38,False,4.8,9.472222222222223,5.4,5.34,4.8,4.8,False,0.7183456271538239,1.0791154452516252,True,True,True,1.0,True,5.9742141209324,393.15900421896924,N/A,new_parameter_combo,Q2_provisional,requires_pilot_and_Q3_k100_confirmation
6.0,24.0,4.75,0.24,False,4.75,9.473684210526317,6.000000000000001,5.0,4.75,4.75,False,0.6928226243242278,1.3261897577566526,True,True,True,0.987,True,5.933155857371724,377.34347893547005,N/A,new_parameter_combo,Q2_provisional,requires_pilot_and_Q3_k100_confirmation
5.2,27.0,5.0,0.27,False,5.0,9.475384615384616,5.2,5.069999999999999,5.0,5.000000000000001,False,0.7219941206160073,0.9901894132478375,True,True,True,0.983,True,6.0111972132891855,407.97145686355617,N/A,new_parameter_combo,Q2_provisional,requires_pilot_and_Q3_k100_confirmation
5.2,50.0,4.85,0.5,False,4.85,9.480570975416336,5.2,5.2,5.025,4.85,False,0.7484985821970674,0.9928894370518698,True,True,True,1.0,True,5.833288954270089,341.47994608986806,N/A,new_parameter_combo,Q2_provisional,requires_pilot_and_Q3_k100_confirmation
4.65,38.0,5.5,0.38,False,5.5,9.485043988269794,4.65,4.735,5.499999999999999,5.5,False,0.7517272627429585,1.1018303543142247,True,True,True,0.968,True,6.141081900517436,464.5559023450557,N/A,new_parameter_combo,Q2_provisional,requires_pilot_and_Q3_k100_confirmation
5.4,37.0,4.8,0.37,False,4.8,9.48611111111111,5.4,5.31,4.8,4.8,False,0.6970052786158563,1.0576092057614566,True,True,True,1.0,True,5.981150835142818,395.8957167932374,N/A,new_parameter_combo,Q2_provisional,requires_pilot_and_Q3_k100_confirmation
5.2,70.0,4.25,0.7,False,4.25,9.488687782805432,5.2,5.2,5.2,4.725,False,0.5882454020740193,0.9925103439177198,True,True,True,1.0,True,6.1818848726542335,483.9031931964511,N/A,new_parameter_combo,Q2_provisional,requires_pilot_and_Q3_k100_confirmation
5.2,24.0,5.0,0.24,False,5.0,9.48923076923077,5.2,5.04,5.0,5.000000000000001,False,0.7632168761236875,0.9739476593707466,True,True,True,0.957,True,6.010292011877904,407.6023276184025,N/A,new_parameter_combo,Q2_provisional,requires_pilot_and_Q3_k100_confirmation
5.4,60.0,4.25,0.6,False,4.25,9.490196078431373,5.4,5.4,5.4,4.25,False,0.6155406616320722,0.9484715521323176,True,True,True,1.0,True,5.9159861961622235,370.9199221921933,N/A,new_parameter_combo,Q2_provisional,requires_pilot_and_Q3_k100_confirmation
5.4,70.0,3.5,0.7,False,3.5,9.492063492063494,5.4,5.4,5.4,4.449999999999999,False,0.4427563249297587,1.0367477415433706,True,True,True,1.0,True,6.694687818681489,808.1016205993755,N/A,new_parameter_combo,Q2_provisional,requires_pilot_and_Q3_k100_confirmation
4.4,24.0,5.4,0.24,False,5.4,9.494949494949495,4.4,5.2,5.4,5.4,False,0.6127015495129018,1.1601204164462862,True,True,True,0.847,True,6.168141023885035,477.2979952836807,N/A,new_parameter_combo,Q2_provisional,requires_pilot_and_Q3_k100_confirmation
5.4,40.0,4.75,0.4,False,4.75,9.497076023391811,5.4,5.4,4.75,4.75,False,0.7655890297672767,1.0620969903531108,True,True,True,1.0,True,5.967590418534927,390.56344158703007,N/A,new_parameter_combo,Q2_provisional,requires_pilot_and_Q3_k100_confirmation
5.2,22.0,5.0,0.22,False,5.0,9.49846153846154,5.2,5.02,5.0,5.000000000000001,False,0.7446407159955514,0.9536754048507591,True,True,True,0.916,True,6.015162034020397,409.59220141111433,N/A,new_parameter_combo,Q2_provisional,requires_pilot_and_Q3_k100_confirmation
5.6,24.0,4.85,0.24,False,4.85,9.499263622974965,5.599999999999999,5.0,4.85,4.85,False,0.6248199740725322,1.0975922812405172,True,True,True,0.972,True,5.9575862472175505,386.67565746148887,N/A,new_parameter_combo,Q2_provisional,requires_pilot_and_Q3_k100_confirmation
4.0,30.0,6.0,0.3,False,6.0,9.5,4.0,5.0,6.0,6.0,False,0.8555043863721806,1.5611790071435023,True,True,True,0.857,True,6.348632012509072,571.7100815834104,N/A,new_parameter_combo,Q2_provisional,requires_pilot_and_Q3_k100_confirmation
6.0,50.0,4.0,0.5,False,4.0,9.5,6.000000000000001,6.000000000000001,5.0,4.0,False,0.524161137398781,1.3646135986888597,True,True,True,1.0,True,6.229828834720917,507.66858082432725,N/A,new_parameter_combo,Q2_provisional,requires_pilot_and_Q3_k100_confirmation
5.2,65.0,4.5,0.65,False,4.5,9.5,5.2,5.2,5.2,4.675,False,0.6633803353942255,0.974326726497029,True,True,True,1.0,True,5.850553463431895,347.4266152031644,N/A,new_parameter_combo,Q2_provisional,requires_pilot_and_Q3_k100_confirmation
5.4,69.0,3.6,0.69,False,3.6,9.500000000000002,5.4,5.4,5.4,4.409999999999999,False,0.49928980174088194,1.0091016710403047,True,True,True,1.0,True,6.62140960364952,751.0029678717883,N/A,new_parameter_combo,Q2_provisional,requires_pilot_and_Q3_k100_confirmation
5.6,70.0,3.0,0.7,False,3.0,9.500000000000002,5.599999999999999,5.599999999999999,5.6,4.299999999999999,False,0.3796480647405233,1.1014802280003562,True,True,True,0.999,True,6.571423483028145,714.3860360924806,N/A,new_parameter_combo,Q2_provisional,requires_pilot_and_Q3_k100_confirmation
6.0,65.0,3.0,0.65,False,3.0,9.500000000000002,6.000000000000001,6.000000000000001,6.0,3.7500000000000004,False,0.4285714285714286,1.3418920369614635,True,True,True,1.0,True,6.357744938262187,576.9438443349192,N/A,new_parameter_combo,Q2_provisional,requires_pilot_and_Q3_k100_confirmation
4.9,58.0,5.5,0.58,False,5.5,9.50204081632653,4.9,4.9,4.960000000000001,5.5,False,0.8441612943130756,0.9601152983379516,True,True,True,0.996,True,5.78729538883772,326.12977625979727,N/A,new_parameter_combo,Q2_provisional,requires_pilot_and_Q3_k100_confirmation
5.2,55.0,4.75,0.55,False,4.75,9.504048582995953,5.2,5.2,5.0875,4.75,False,0.7578285304952916,0.9451137120484279,True,True,True,1.0,True,5.74064035413163,311.263666152295,N/A,new_parameter_combo,Q2_provisional,requires_pilot_and_Q3_k100_confirmation
4.0,19.0,5.5,0.19,False,5.5,9.504545454545458,4.075,5.5,5.499999999999999,5.5,False,0.6598780663880265,1.5049170620692323,True,True,True,0.847,True,6.224585429489476,505.0136352922059,N/A,new_parameter_combo,Q2_provisional,requires_pilot_and_Q3_k100_confirmation
5.4,31.0,4.85,0.31,False,4.85,9.506300114547537,5.4,5.1525,4.85,4.85,False,0.6091182151274084,1.040080142056416,True,True,True,0.996,True,5.9930253922901615,400.6248255740133,N/A,new_parameter_combo,Q2_provisional,requires_pilot_and_Q3_k100_confirmation
5.6,31.0,4.75,0.31,False,4.75,9.510902255639099,5.599999999999999,5.217499999999999,4.75,4.75,False,0.6902826108980024,1.0525378172876276,True,True,True,0.996,True,5.983468011664624,396.8141407175097,N/A,new_parameter_combo,Q2_provisional,requires_pilot_and_Q3_k100_confirmation
5.2,19.0,5.0,0.19,False,5.0,9.512307692307694,5.190000000000001,5.0,5.0,5.000000000000001,False,0.6882393983111946,0.9224567938868089,True,True,True,0.808,True,6.030677301859161,415.99668931789915,N/A,new_parameter_combo,Q2_provisional,requires_pilot_and_Q3_k100_confirmation
4.9,55.0,5.4,0.55,False,5.4,9.512471655328799,4.9,4.9,5.025,5.4,False,0.862850121187135,0.9268044167450809,True,True,True,0.999,True,5.80972226070966,333.52647940170965,N/A,new_parameter_combo,Q2_provisional,requires_pilot_and_Q3_k100_confirmation
5.6,58.0,4.0,0.58,False,4.0,9.514285714285716,5.599999999999999,5.599999999999999,5.4399999999999995,4.0,False,0.46598808778678424,1.0613679448252276,True,True,True,1.0,True,6.1213204003426505,455.465694691113,N/A,new_parameter_combo,Q2_provisional,requires_pilot_and_Q3_k100_confirmation
5.2,69.0,4.25,0.69,False,4.25,9.51447963800905,5.2,5.2,5.2,4.677499999999999,False,0.595714285714286,0.9579666214220701,True,True,True,1.0,True,6.138988679776449,463.5845013279859,N/A,new_parameter_combo,Q2_provisional,requires_pilot_and_Q3_k100_confirmation
5.6,27.0,4.8,0.27,False,4.8,9.517857142857144,5.599999999999999,5.08,4.8,4.8,False,0.637482517767494,1.0895092885170437,True,True,True,0.996,True,5.966186750357377,390.0156046933164,N/A,new_parameter_combo,Q2_provisional,requires_pilot_and_Q3_k100_confirmation
5.4,30.0,4.85,0.3,False,4.85,9.518900343642612,5.4,5.125,4.85,4.85,False,0.6097879357043824,1.0153033261710194,True,True,True,0.996,True,5.992611964371705,400.4592303195037,N/A,new_parameter_combo,Q2_provisional,requires_pilot_and_Q3_k100_confirmation
5.2,50.0,4.8,0.5,False,4.8,9.519230769230768,5.2,5.2,5.0,4.8,False,0.7234985332058526,0.9362722370296603,True,True,True,1.0,True,5.840984255998634,344.1178741176833,N/A,new_parameter_combo,Q2_provisional,requires_pilot_and_Q3_k100_confirmation
5.4,55.0,4.4,0.55,False,4.4,9.52020202020202,5.4,5.4,5.15,4.4,False,0.6557500768321012,1.0452833072872143,True,True,True,1.0,True,5.857252159170263,349.76173277901967,N/A,new_parameter_combo,Q2_provisional,requires_pilot_and_Q3_k100_confirmation
4.8,50.0,5.5,0.5,False,5.5,9.522727272727273,4.8,4.8,5.15,5.5,False,0.8920442728328442,0.9577741495078188,True,True,True,0.999,True,5.954742423495944,385.57758216056806,N/A,new_parameter_combo,Q2_provisional,requires_pilot_and_Q3_k100_confirmation
7.0,24.0,4.5,0.24,False,4.5,9.523809523809526,7.0,5.0,4.5,4.5,False,0.9687170665896423,2.1184527048393904,True,True,True,0.807,True,5.993955224288659,400.9975125975329,N/A,new_parameter_combo,Q2_provisional,requires_pilot_and_Q3_k100_confirmation
4.65,40.0,5.5,0.4,False,5.5,9.52492668621701,4.65,4.65,5.499999999999999,5.5,False,0.7939773296511686,1.102266198821841,True,True,True,0.968,True,6.124058411184225,456.71447350596594,N/A,new_parameter_combo,Q2_provisional,requires_pilot_and_Q3_k100_confirmation
6.0,19.0,4.8,0.19,False,4.8,9.525000000000002,5.94,4.8,4.8,4.8,False,0.7563661784601208,1.3395513213934251,True,True,True,0.957,True,5.9431413604172425,381.13031867796167,N/A,new_parameter_combo,Q2_provisional,requires_pilot_and_Q3_k100_confirmation
6.0,22.0,4.75,0.22,False,4.75,9.526315789473685,6.000000000000001,4.875,4.75,4.75,False,0.7021854550368485,1.3383841891739872,True,True,True,0.957,True,5.9380258795142185,379.18563205557564,N/A,new_parameter_combo,Q2_provisional,requires_pilot_and_Q3_k100_confirmation
6.0,38.0,4.4,0.38,False,4.4,9.52727272727273,6.000000000000001,5.840000000000001,4.4,4.4,False,0.6795917141631321,1.4331589059885235,True,True,True,1.0,True,6.062960054419839,429.64533001370955,N/A,new_parameter_combo,Q2_provisional,requires_pilot_and_Q3_k100_confirmation
5.4,38.0,4.75,0.38,False,4.75,9.527485380116959,5.4,5.335000000000001,4.75,4.75,False,0.7216789037037321,1.0067342867505453,True,True,True,1.0,True,5.984613907868138,397.2691091583791,N/A,new_parameter_combo,Q2_provisional,requires_pilot_and_Q3_k100_confirmation
4.9,60.0,5.5,0.6,False,5.5,9.528756957328385,4.9,4.9,4.9,5.5,False,0.8025190728231314,0.9229869213917022,True,True,True,0.985,True,5.782099188513835,324.43953582781717,N/A,new_parameter_combo,Q2_provisional,requires_pilot_and_Q3_k100_confirmation
5.6,30.0,4.75,0.3,False,4.75,9.530075187969924,5.599999999999999,5.174999999999999,4.75,4.75,False,0.6765460610365573,1.0335961295014353,True,True,True,0.996,True,5.983054583746169,396.65012058088723,N/A,new_parameter_combo,Q2_provisional,requires_pilot_and_Q3_k100_confirmation
5.6,22.0,4.85,0.22,False,4.85,9.532400589101622,5.599999999999999,4.924999999999999,4.85,4.85,False,0.5999049935410687,1.086997275983465,True,True,True,0.95,True,5.962456269360045,388.5633693437005,N/A,new_parameter_combo,Q2_provisional,requires_pilot_and_Q3_k100_confirmation
5.6,65.0,3.5,0.65,False,3.5,9.535714285714286,5.599999999999999,5.599999999999999,5.6,4.025,False,0.4427563249297588,1.0743286793701343,True,True,True,1.0,True,6.4958822831358205,662.408399328156,N/A,new_parameter_combo,Q2_provisional,requires_pilot_and_Q3_k100_confirmation
5.2,13.0,5.0,0.13,False,5.0,9.540000000000001,5.13,5.0,5.0,5.000000000000001,False,0.7500000000000003,0.8621710971729716,True,True,True,0.808,True,6.091264682186769,441.98002209971224,N/A,new_parameter_combo,Q2_provisional,requires_pilot_and_Q3_k100_confirmation
7.0,27.0,4.4,0.27,False,4.4,9.541558441558442,7.0,5.31,4.4,4.4,False,0.9374436037458906,2.030307956166633,True,True,True,0.892,True,6.050818307264953,424.46022685587303,N/A,new_parameter_combo,Q2_provisional,requires_pilot_and_Q3_k100_confirmation
5.2,71.0,4.0,0.71,False,4.0,9.542307692307693,5.2,5.2,5.2,4.66,False,0.6469331101277722,0.9318578110420875,True,True,True,1.0,True,6.456904328491687,637.0857924265651,N/A,new_parameter_combo,Q2_provisional,requires_pilot_and_Q3_k100_confirmation
5.4,37.0,4.75,0.37,False,4.75,9.542690058479533,5.4,5.302499999999999,4.75,4.75,False,0.7004401176534418,0.9823250626036577,True,True,True,1.0,True,5.991550622078557,400.03443147005254,N/A,new_parameter_combo,Q2_provisional,requires_pilot_and_Q3_k100_confirmation
4.4,30.0,5.5,0.3,False,5.5,9.545454545454545,4.4,4.95,5.499999999999999,5.5,False,0.6403124237432852,1.1429233873628908,True,True,True,0.938,True,6.1933776239630625,489.4966528067716,N/A,new_parameter_combo,Q2_provisional,requires_pilot_and_Q3_k100_confirmation
5.2,65.0,4.4,0.65,False,4.4,9.545454545454545,5.2,5.2,5.2,4.6000000000000005,False,0.6585388898066349,0.9357904442561915,True,True,True,1.0,True,5.906511344996906,367.4221079372496,N/A,new_parameter_combo,Q2_provisional,requires_pilot_and_Q3_k100_confirmation
4.9,58.0,5.4,0.58,False,5.4,9.546485260770975,4.9,4.9,4.95,5.4,False,0.7933525640069032,0.8648305639424695,True,True,True,0.996,True,5.7694320366240275,320.35573064472396,N/A,new_parameter_combo,Q2_provisional,requires_pilot_and_Q3_k100_confirmation
4.0,31.0,6.0,0.31,False,6.0,9.55,4.0,4.9,6.0,6.0,False,0.8616843969807046,1.511474973667528,True,True,True,0.857,True,6.349045440427528,571.9464913582326,N/A,new_parameter_combo,Q2_provisional,requires_pilot_and_Q3_k100_confirmation
5.4,58.0,4.25,0.58,False,4.25,9.55032679738562,5.4,5.4,5.285000000000001,4.25,False,0.584940691219971,0.9087014066561984,True,True,True,1.0,True,5.921182396486108,372.8523126079189,N/A,new_parameter_combo,Q2_provisional,requires_pilot_and_Q3_k100_confirmation
4.65,37.0,5.4,0.37,False,5.4,9.551971326164875,4.65,4.7625,5.4,5.4,False,0.7206274060971919,0.9575591258919273,True,True,True,0.968,True,6.130155262514163,459.5074994313123,N/A,new_parameter_combo,Q2_provisional,requires_pilot_and_Q3_k100_confirmation
5.4,69.0,3.5,0.69,False,3.5,9.552380952380954,5.4,5.4,5.4,4.3549999999999995,False,0.43438027635908594,0.9295527213118372,True,True,True,1.0,True,6.651791625803704,774.170106903618,N/A,new_parameter_combo,Q2_provisional,requires_pilot_and_Q3_k100_confirmation
5.4,50.0,4.5,0.5,False,4.5,9.555555555555555,5.4,5.4,4.95,4.5,False,0.6894337368819575,0.9567290734630779,True,True,True,1.0,True,5.912037966407993,369.45833236384954,N/A,new_parameter_combo,Q2_provisional,requires_pilot_and_Q3_k100_confirmation
5.4,27.0,4.85,0.27,False,4.85,9.556701030927837,5.4,5.0424999999999995,4.85,4.85,False,0.6197469035741895,0.9392378023328963,True,True,True,0.987,True,5.986143917918652,397.877400115125,N/A,new_parameter_combo,Q2_provisional,requires_pilot_and_Q3_k100_confirmation
5.2,50.0,4.75,0.5,False,4.75,9.558704453441297,5.2,5.2,4.975,4.75,False,0.6998929400637074,0.8812571939556437,True,True,True,1.0,True,5.851384042934372,347.71530049981595,N/A,new_parameter_combo,Q2_provisional,requires_pilot_and_Q3_k100_confirmation
6.0,37.0,4.4,0.37,False,4.4,9.563636363636364,6.000000000000001,5.760000000000001,4.4,4.4,False,0.6705221845696088,1.3820166108678948,True,True,True,1.0,True,6.069896768630257,432.63601766045423,N/A,new_parameter_combo,Q2_provisional,requires_pilot_and_Q3_k100_confirmation
5.2,40.0,4.85,0.4,False,4.85,9.56383822363204,5.2,5.2,4.85,4.85,False,0.6914940798734289,0.8927768211157813,True,True,True,1.0,True,5.98140761918364,395.9973895485514,N/A,new_parameter_combo,Q2_provisional,requires_pilot_and_Q3_k100_confirmation
4.9,60.0,5.4,0.6,False,5.4,9.569160997732427,4.9,4.9,4.9,5.4,False,0.7488904207191456,0.8289668887278584,True,True,True,0.992,True,5.764235836300143,318.6954154942273,N/A,new_parameter_combo,Q2_provisional,requires_pilot_and_Q3_k100_confirmation
5.4,31.0,4.8,0.31,False,4.8,9.569444444444445,5.4,5.13,4.8,4.8,False,0.5821319291261762,0.9621573533129664,True,True,True,1.0,True,6.000720694018705,403.71964700678353,N/A,new_parameter_combo,Q2_provisional,requires_pilot_and_Q3_k100_confirmation
4.65,38.0,5.4,0.38,False,5.4,9.56989247311828,4.65,4.7250000000000005,5.4,5.4,False,0.7005229688218214,0.9450491461681696,True,True,True,0.968,True,6.123218548303744,456.33105700387136,N/A,new_parameter_combo,Q2_provisional,requires_pilot_and_Q3_k100_confirmation
4.4,27.0,5.4,0.27,False,5.4,9.570707070707071,4.4,5.050000000000001,5.4,5.4,False,0.6066763964421236,1.114452052749774,True,True,True,0.847,True,6.1690462252963165,477.73024170813534,N/A,new_parameter_combo,Q2_provisional,requires_pilot_and_Q3_k100_confirmation
6.0,58.0,3.5,0.58,False,3.5,9.571428571428573,6.000000000000001,6.000000000000001,5.75,3.4999999999999996,False,0.446396570281609,1.313233888422815,True,True,True,1.0,True,6.395719684026431,599.2744563181648,N/A,new_parameter_combo,Q2_provisional,requires_pilot_and_Q3_k100_confirmation
5.6,24.0,4.8,0.24,False,4.8,9.571428571428573,5.599999999999999,4.96,4.8,4.8,False,0.612002635423497,1.0263599692441987,True,True,True,0.972,True,5.965281548946095,389.6627217566879,N/A,new_parameter_combo,Q2_provisional,requires_pilot_and_Q3_k100_confirmation
4.4,31.0,5.5,0.31,False,5.5,9.572727272727272,4.4,4.8950000000000005,5.499999999999999,5.5,False,0.6421565875299916,1.088259615892564,True,True,True,0.938,True,6.193791051881519,489.69906622782935,N/A,new_parameter_combo,Q2_provisional,requires_pilot_and_Q3_k100_confirmation
7.0,31.0,4.25,0.31,False,4.25,9.574789915966386,7.0,5.7625,4.25,4.25,False,0.8527294113489884,2.0615459391734063,True,True,True,0.976,True,6.16192024303794,474.3380452020193,N/A,new_parameter_combo,Q2_provisional,requires_pilot_and_Q3_k100_confirmation
5.2,70.0,4.0,0.7,False,4.0,9.576923076923078,5.2,5.2,5.2,4.6,False,0.6588115459380056,0.9019832476755416,True,True,True,1.0,True,6.409675345800595,607.6963578577622,N/A,new_parameter_combo,Q2_provisional,requires_pilot_and_Q3_k100_confirmation
5.2,38.0,4.85,0.38,False,4.85,9.58049167327518,5.2,5.164999999999999,4.85,4.85,False,0.6514598989960932,0.8719892990211671,True,True,True,1.0,True,5.998431108516852,402.79635373896417,N/A,new_parameter_combo,Q2_provisional,requires_pilot_and_Q3_k100_confirmation
5.2,4.0,5.0,0.04,False,5.0,9.581538461538461,5.04,5.0,5.0,5.000000000000001,False,0.7928571428571433,0.7769607190368863,True,True,True,0.808,True,6.256037864303385,521.1499771309244,N/A,new_parameter_combo,Q2_provisional,requires_pilot_and_Q3_k100_confirmation
5.6,19.0,4.85,0.19,False,4.85,9.582106038291608,5.562499999999999,4.85,4.85,4.85,False,0.6406645147096593,1.0284755755859811,True,True,True,0.95,True,5.977971537198808,394.63904508022046,N/A,new_parameter_combo,Q2_provisional,requires_pilot_and_Q3_k100_confirmation
5.4,30.0,4.8,0.3,False,4.8,9.583333333333332,5.4,5.1,4.8,4.8,False,0.57882754472348,0.9219037649198524,True,True,True,0.996,True,6.00030726610025,403.55277253114247,N/A,new_parameter_combo,Q2_provisional,requires_pilot_and_Q3_k100_confirmation
4.8,50.0,5.4,0.5,False,5.4,9.583333333333334,4.8,4.8,5.1000000000000005,5.4,False,0.8466030561567077,0.8294270550640446,True,True,True,1.0,True,5.936879071282251,378.7510281026173,N/A,new_parameter_combo,Q2_provisional,requires_pilot_and_Q3_k100_confirmation
5.6,27.0,4.75,0.27,False,4.75,9.587593984962407,5.599999999999999,5.0475,4.75,4.75,False,0.6412362750649586,1.004318607490662,True,True,True,0.996,True,5.976586537293115,394.0928483685093,N/A,new_parameter_combo,Q2_provisional,requires_pilot_and_Q3_k100_confirmation
5.2,37.0,4.85,0.37,False,4.85,9.58881839809675,5.2,5.1475,4.85,4.85,False,0.634317888501869,0.8745424056958384,True,True,True,1.0,True,6.00536782272727,405.6001502546681,N/A,new_parameter_combo,Q2_provisional,requires_pilot_and_Q3_k100_confirmation
5.2,60.0,4.5,0.6,False,4.5,9.589743589743591,5.2,5.2,5.2,4.5,False,0.6683042811810338,0.884947185805638,True,True,True,1.0,True,5.78772014250873,326.26833050311814,N/A,new_parameter_combo,Q2_provisional,requires_pilot_and_Q3_k100_confirmation
5.6,50.0,4.25,0.5,False,4.25,9.592436974789917,5.599999999999999,5.599999999999999,4.925,4.25,False,0.5769748694700665,0.9753189592854274,True,True,True,1.0,True,6.044563840084664,421.813739110222,N/A,new_parameter_combo,Q2_provisional,requires_pilot_and_Q3_k100_confirmation
5.6,69.0,3.0,0.69,False,3.0,9.592857142857143,5.599999999999999,5.599999999999999,5.6,4.169999999999999,False,0.3586397203038056,1.0118770727349684,True,True,True,1.0,True,6.528527290150361,684.3895617013636,N/A,new_parameter_combo,Q2_provisional,requires_pilot_and_Q3_k100_confirmation
5.4,24.0,4.85,0.24,False,4.85,9.59450171821306,5.4,4.96,4.85,4.85,False,0.6372009102316158,0.9146568397069731,True,True,True,0.972,True,5.98523871650737,397.51740389015015,N/A,new_parameter_combo,Q2_provisional,requires_pilot_and_Q3_k100_confirmation
4.9,65.0,5.5,0.65,False,5.5,9.595547309833025,4.9,4.9,4.9,5.3500000000000005,False,0.7079404772915273,0.7956364221426182,True,True,True,0.842,True,5.844932509437,345.47922440687836,N/A,new_parameter_combo,Q2_provisional,requires_pilot_and_Q3_k100_confirmation
4.65,55.0,6.0,0.55,False,6.0,9.596774193548386,4.65,4.65,4.9875,6.0,False,0.9799646137145223,1.14523896901719,True,True,True,0.855,True,6.002254682604449,404.33942358069356,N/A,new_parameter_combo,Q2_provisional,requires_pilot_and_Q3_k100_confirmation
4.8,55.0,5.5,0.55,False,5.5,9.602272727272727,4.8,4.8,4.975,5.5,False,0.9076365360829484,0.8312428225393379,True,True,True,0.998,True,5.8439987346932005,345.1567752035104,N/A,new_parameter_combo,Q2_provisional,requires_pilot_and_Q3_k100_confirmation
6.0,19.0,4.75,0.19,False,4.75,9.605263157894738,5.937500000000001,4.75,4.75,4.75,False,0.7446407159955514,1.2906791437832195,True,True,True,0.957,True,5.953541147352981,385.11467510512546,N/A,new_parameter_combo,Q2_provisional,requires_pilot_and_Q3_k100_confirmation
4.65,40.0,5.4,0.4,False,5.4,9.605734767025089,4.65,4.65,5.4,5.4,False,0.7440430095095315,0.96510028156752,True,True,True,0.968,True,6.106195058970533,448.62845868900877,N/A,new_parameter_combo,Q2_provisional,requires_pilot_and_Q3_k100_confirmation
5.6,22.0,4.8,0.22,False,4.8,9.607142857142858,5.599999999999999,4.88,4.8,4.8,False,0.6012370591335083,1.0411388792849607,True,True,True,0.95,True,5.970151571088588,391.5650161880051,N/A,new_parameter_combo,Q2_provisional,requires_pilot_and_Q3_k100_confirmation
5.2,69.0,4.0,0.69,False,4.0,9.611538461538462,5.2,5.2,5.2,4.54,False,0.642432002278078,0.8631170566561888,True,True,True,1.0,True,6.366779152922811,582.1796941562113,N/A,new_parameter_combo,Q2_provisional,requires_pilot_and_Q3_k100_confirmation
5.2,40.0,4.8,0.4,False,4.8,9.615384615384617,5.2,5.2,4.8,4.8,False,0.696117512950748,0.837921070563188,True,True,True,1.0,True,5.989102920912185,399.05646409976055,N/A,new_parameter_combo,Q2_provisional,requires_pilot_and_Q3_k100_confirmation
5.2,65.0,4.25,0.65,False,4.25,9.61764705882353,5.2,5.2,5.2,4.4875,False,0.6631541822138766,0.8564144936293462,True,True,True,1.0,True,6.010731806398384,407.7816283134658,N/A,new_parameter_combo,Q2_provisional,requires_pilot_and_Q3_k100_confirmation
5.6,40.0,4.5,0.4,False,4.5,9.61904761904762,5.599999999999999,5.599999999999999,4.5,4.5,False,0.6978465418115698,1.1284245224055356,True,True,True,1.0,True,6.032504162031725,416.7573517018858,N/A,new_parameter_combo,Q2_provisional,requires_pilot_and_Q3_k100_confirmation
5.4,22.0,4.85,0.22,False,4.85,9.619702176403209,5.4,4.904999999999999,4.85,4.85,False,0.6414941900893313,0.8714062584058754,True,True,True,0.95,True,5.990108738649864,399.4580440939729,N/A,new_parameter_combo,Q2_provisional,requires_pilot_and_Q3_k100_confirmation
7.0,37.0,4.0,0.37,False,4.0,9.621428571428572,7.0,6.55,4.0,4.0,False,0.7300856114182777,2.3698493631995396,True,True,True,0.974,True,6.370140857308415,584.1401034993847,N/A,new_parameter_combo,Q2_provisional,requires_pilot_and_Q3_k100_confirmation
5.4,27.0,4.8,0.27,False,4.8,9.625,5.4,5.01,4.8,4.8,False,0.5893099562113268,0.8800854736263437,True,True,True,0.987,True,5.993839219647196,400.9509977228791,N/A,new_parameter_combo,Q2_provisional,requires_pilot_and_Q3_k100_confirmation
5.2,58.0,4.5,0.58,False,4.5,9.625641025641025,5.2,5.2,5.13,4.5,False,0.7177757594237402,0.8148031945677929,True,True,True,1.0,True,5.792916342832615,327.96809845058453,N/A,new_parameter_combo,Q2_provisional,requires_pilot_and_Q3_k100_confirmation
4.9,65.0,5.4,0.65,False,5.4,9.625850340136056,4.9,4.9,4.9,5.275,False,0.6465135105995511,0.7278359332914544,True,True,True,0.952,True,5.827069157223308,339.3626016818304,N/A,new_parameter_combo,Q2_provisional,requires_pilot_and_Q3_k100_confirmation
4.0,22.0,5.5,0.22,False,5.5,9.627272727272727,4.0,5.35,5.499999999999999,5.5,False,0.6515288143423648,1.2362059310311198,True,True,True,0.847,True,6.209070161650713,497.23868466629176,N/A,new_parameter_combo,Q2_provisional,requires_pilot_and_Q3_k100_confirmation
4.0,19.0,5.4,0.19,False,5.4,9.627777777777778,4.07,5.4,5.4,5.4,False,0.6258398438930534,1.3457066587810358,True,True,True,0.847,True,6.206722077275784,496.07249597075884,N/A,new_parameter_combo,Q2_provisional,requires_pilot_and_Q3_k100_confirmation
7.0,30.0,4.25,0.3,False,4.25,9.630252100840336,7.0,5.625,4.25,4.25,False,0.8617758717098228,2.0198054584956218,True,True,True,0.976,True,6.161506815119484,474.1419811433173,N/A,new_parameter_combo,Q2_provisional,requires_pilot_and_Q3_k100_confirmation
4.9,13.0,5.0,0.13,False,5.0,9.631836734693877,4.9350000000000005,5.0,5.0,5.000000000000001,False,0.7607750646410487,0.6870068906918457,True,True,True,0.808,True,6.145675171895478,466.69464181992066,N/A,new_parameter_combo,Q2_provisional,requires_pilot_and_Q3_k100_confirmation
6.0,31.0,4.5,0.31,False,4.5,9.633333333333333,6.000000000000001,5.324999999999999,4.5,4.5,False,0.7250637727054053,1.2110756399809806,True,True,True,1.0,True,6.033508745941133,417.1762297954021,N/A,new_parameter_combo,Q2_provisional,requires_pilot_and_Q3_k100_confirmation
5.4,31.0,4.75,0.31,False,4.75,9.63391812865497,5.4,5.1075,4.75,4.75,False,0.5862402092215813,0.877395935919486,True,True,True,1.0,True,6.011120480954444,407.94015346217014,N/A,new_parameter_combo,Q2_provisional,requires_pilot_and_Q3_k100_confirmation
5.2,38.0,4.8,0.38,False,4.8,9.634615384615385,5.2,5.16,4.8,4.8,False,0.66,0.8333014638224275,True,True,True,1.0,True,6.006126410245396,405.9079501978384,N/A,new_parameter_combo,Q2_provisional,requires_pilot_and_Q3_k100_confirmation
5.2,31.0,4.85,0.31,False,4.85,9.638778747026171,5.2,5.0425,4.85,4.85,False,0.576974869470066,0.7412889977145843,True,True,True,0.999,True,6.0249376816031575,413.6158653422195,N/A,new_parameter_combo,Q2_provisional,requires_pilot_and_Q3_k100_confirmation
5.4,55.0,4.25,0.55,False,4.25,9.640522875816995,5.4,5.4,5.112500000000001,4.25,False,0.5392663194241842,0.8851184459933902,True,True,True,1.0,True,5.961472620571741,388.1813473747924,N/A,new_parameter_combo,Q2_provisional,requires_pilot_and_Q3_k100_confirmation
5.6,55.0,4.0,0.55,False,4.0,9.642857142857144,5.599999999999999,5.599999999999999,5.2,4.0,False,0.43047434681442553,0.9094434786268923,True,True,True,1.0,True,6.161610624428284,474.1912040495065,N/A,new_parameter_combo,Q2_provisional,requires_pilot_and_Q3_k100_confirmation
5.2,37.0,4.8,0.37,False,4.8,9.64423076923077,5.2,5.14,4.8,4.8,False,0.6430856736652353,0.8046200945955504,True,True,True,1.0,True,6.013063124455814,408.73340600422034,N/A,new_parameter_combo,Q2_provisional,requires_pilot_and_Q3_k100_confirmation
5.6,24.0,4.75,0.24,False,4.75,9.64511278195489,5.599999999999999,4.92,4.75,4.75,False,0.6159117028968566,0.9850950674282067,True,True,True,0.996,True,5.975681335881833,393.7362763750735,N/A,new_parameter_combo,Q2_provisional,requires_pilot_and_Q3_k100_confirmation
4.4,30.0,5.4,0.3,False,5.4,9.646464646464645,4.4,4.9,5.4,5.4,False,0.6127015495129018,0.9641554367141253,True,True,True,0.935,True,6.17551427174937,480.8302377552355,N/A,new_parameter_combo,Q2_provisional,requires_pilot_and_Q3_k100_confirmation
5.4,50.0,4.4,0.5,False,4.4,9.646464646464647,5.4,5.4,4.9,4.4,False,0.6400000000000005,0.8217051089390058,True,True,True,1.0,True,5.967995847973005,390.7218196070728,N/A,new_parameter_combo,Q2_provisional,requires_pilot_and_Q3_k100_confirmation
4.9,19.0,5.0,0.19,False,5.0,9.646530612244899,4.905,5.0,5.0,5.000000000000001,False,0.6779720096865116,0.6684147332239351,True,True,True,0.966,True,6.0850877915678705,439.25837416174096,N/A,new_parameter_combo,Q2_provisional,requires_pilot_and_Q3_k100_confirmation
6.0,40.0,4.25,0.4,False,4.25,9.647058823529411,6.000000000000001,6.000000000000001,4.25,4.25,False,0.593323396691235,1.5096118227512845,True,True,True,1.0,True,6.150157026488106,468.7909936065368,N/A,new_parameter_combo,Q2_provisional,requires_pilot_and_Q3_k100_confirmation
5.2,30.0,4.85,0.3,False,4.85,9.647105471847741,5.2,5.025,4.85,4.85,False,0.5874903386092264,0.7314566165865029,True,True,True,0.996,True,6.024524253684701,413.44490033925837,N/A,new_parameter_combo,Q2_provisional,requires_pilot_and_Q3_k100_confirmation
5.4,30.0,4.75,0.3,False,4.75,9.649122807017543,5.4,5.075,4.75,4.75,False,0.5700018181585754,0.8529691836851576,True,True,True,0.996,True,6.010707053035988,407.77153447197037,N/A,new_parameter_combo,Q2_provisional,requires_pilot_and_Q3_k100_confirmation
4.8,58.0,5.5,0.58,False,5.5,9.650000000000002,4.8,4.8,4.87,5.5,False,0.8418444279178471,0.7689947129039563,True,True,True,0.988,True,5.803708510607568,331.5267534549178,N/A,new_parameter_combo,Q2_provisional,requires_pilot_and_Q3_k100_confirmation
5.2,60.0,4.4,0.6,False,4.4,9.65034965034965,5.2,5.2,5.2,4.4,False,0.6870240467526055,0.8281486943725727,True,True,True,1.0,True,5.843678024073741,345.04609750902887,N/A,new_parameter_combo,Q2_provisional,requires_pilot_and_Q3_k100_confirmation
4.8,55.0,5.4,0.55,False,5.4,9.652777777777779,4.8,4.8,4.95,5.4,False,0.8605835703943305,0.7192800750829516,True,True,True,1.0,True,5.826135382479508,339.0458613604608,N/A,new_parameter_combo,Q2_provisional,requires_pilot_and_Q3_k100_confirmation
4.9,22.0,5.0,0.22,False,5.0,9.65387755102041,4.9,4.99,5.0,5.000000000000001,False,0.6184890451573029,0.6564256377672117,True,True,True,0.966,True,6.069572523729107,432.49576037775716,N/A,new_parameter_combo,Q2_provisional,requires_pilot_and_Q3_k100_confirmation
5.4,19.0,4.85,0.19,False,4.85,9.657502863688432,5.3725,4.85,4.85,4.85,False,0.6522523769717565,0.8015432137972166,True,True,True,0.902,True,6.0056240064886275,405.70407173769735,N/A,new_parameter_combo,Q2_provisional,requires_pilot_and_Q3_k100_confirmation
4.9,24.0,5.0,0.24,False,5.0,9.658775510204084,4.9,4.98,5.0,5.000000000000001,False,0.6443459941708973,0.6476717028185507,True,True,True,0.966,True,6.064702501586613,430.3946169085459,N/A,new_parameter_combo,Q2_provisional,requires_pilot_and_Q3_k100_confirmation
5.6,19.0,4.8,0.19,False,4.8,9.660714285714288,5.559999999999999,4.8,4.8,4.8,False,0.620153042335815,0.9545439979463094,True,True,True,0.95,True,5.985666838927352,397.6876264385333,N/A,new_parameter_combo,Q2_provisional,requires_pilot_and_Q3_k100_confirmation
4.8,13.0,5.0,0.13,False,5.0,9.665000000000001,4.869999999999999,5.0,5.0,5.000000000000001,False,0.8176933710013751,0.6474335577827993,True,True,True,0.906,True,6.162088293665326,474.417764706377,N/A,new_parameter_combo,Q2_provisional,requires_pilot_and_Q3_k100_confirmation
4.9,27.0,5.0,0.27,False,5.0,9.666122448979593,4.9,4.965,5.0,5.000000000000001,False,0.6902218846139264,0.6311982872984216,True,True,True,0.994,True,6.0656077029978945,430.78438710683196,N/A,new_parameter_combo,Q2_provisional,requires_pilot_and_Q3_k100_confirmation
6.0,30.0,4.5,0.3,False,4.5,9.666666666666666,6.000000000000001,5.25,4.5,4.5,False,0.7211124661074096,1.1772784612971545,True,True,True,1.0,True,6.033095318022677,417.0037931426077,N/A,new_parameter_combo,Q2_provisional,requires_pilot_and_Q3_k100_confirmation
6.0,55.0,3.6,0.55,False,3.6,9.666666666666668,6.000000000000001,6.000000000000001,5.4,3.6000000000000005,False,0.4285714285714286,1.2124353986371088,True,True,True,1.0,True,6.405627885957879,605.2417021639411,N/A,new_parameter_combo,Q2_provisional,requires_pilot_and_Q3_k100_confirmation
5.4,60.0,4.0,0.6,False,4.0,9.666666666666668,5.4,5.4,5.4,4.0,False,0.4514185408017618,0.6720768902212753,True,True,True,1.0,True,6.143776669308585,465.80946135970555,N/A,new_parameter_combo,Q2_provisional,requires_pilot_and_Q3_k100_confirmation
5.4,24.0,4.8,0.24,False,4.8,9.666666666666668,5.4,4.92,4.8,4.8,False,0.6117393235684624,0.8297571735851337,True,True,True,0.987,True,5.992934018235914,400.58822053186947,N/A,new_parameter_combo,Q2_provisional,requires_pilot_and_Q3_k100_confirmation
5.2,40.0,4.75,0.4,False,4.75,9.668016194331983,5.2,5.2,4.75,4.75,False,0.6961063586119581,0.8240182769072554,True,True,True,1.0,True,5.999502707847923,403.22822139540773,N/A,new_parameter_combo,Q2_provisional,requires_pilot_and_Q3_k100_confirmation
4.9,69.0,5.4,0.69,False,5.4,9.671201814058955,4.9,4.9,4.9,5.175,False,0.6986102275231874,0.6304513523084248,True,True,True,0.908,True,5.955326030601372,385.8026736533192,N/A,new_parameter_combo,Q2_provisional,requires_pilot_and_Q3_k100_confirmation
5.6,38.0,4.5,0.38,False,4.5,9.671428571428573,5.599999999999999,5.49,4.5,4.5,False,0.7330008909424662,1.0101426017816566,True,True,True,1.0,True,6.0495276513649365,423.91274813907614,N/A,new_parameter_combo,Q2_provisional,requires_pilot_and_Q3_k100_confirmation
4.4,31.0,5.4,0.31,False,5.4,9.671717171717171,4.4,4.8500000000000005,5.4,5.4,False,0.6173471264125204,0.9164297217209729,True,True,True,0.968,True,6.175927699667826,481.02906749761223,N/A,new_parameter_combo,Q2_provisional,requires_pilot_and_Q3_k100_confirmation
5.2,27.0,4.85,0.27,False,4.85,9.672085646312452,5.2,4.972499999999999,4.85,4.85,False,0.6258398438930532,0.7017011411752085,True,True,True,0.996,True,6.018056207231648,410.7793492650814,N/A,new_parameter_combo,Q2_provisional,requires_pilot_and_Q3_k100_confirmation
4.9,30.0,5.0,0.3,False,5.0,9.673469387755102,4.9,4.950000000000001,5.0,5.000000000000001,False,0.7431854528628363,0.614016395854794,True,True,True,0.999,True,6.072075749450948,433.5797510603652,N/A,new_parameter_combo,Q2_provisional,requires_pilot_and_Q3_k100_confirmation
4.9,31.0,5.0,0.31,False,5.0,9.67591836734694,4.9,4.945,5.0,5.000000000000001,False,0.7621653665172458,0.6084112136960794,True,True,True,0.999,True,6.072489177369404,433.75904209373607,N/A,new_parameter_combo,Q2_provisional,requires_pilot_and_Q3_k100_confirmation
5.2,55.0,4.5,0.55,False,4.5,9.679487179487179,5.2,5.2,5.025,4.5,False,0.7446026881937148,0.7423442589788953,True,True,True,1.0,True,5.833206566918247,341.4518136202983,N/A,new_parameter_combo,Q2_provisional,requires_pilot_and_Q3_k100_confirmation
5.6,13.0,4.85,0.13,False,4.85,9.681516936671576,5.3374999999999995,4.85,4.85,4.85,False,0.7817314638881132,0.750335013833166,True,True,True,0.8,True,6.038558917526416,419.2883701838156,N/A,new_parameter_combo,Q2_provisional,requires_pilot_and_Q3_k100_confirmation
4.8,60.0,5.5,0.6,False,5.5,9.681818181818183,4.8,4.8,4.8,5.5,False,0.8000816284885551,0.734868559442303,True,True,True,0.988,True,5.798512310283683,329.8085419827881,N/A,new_parameter_combo,Q2_provisional,requires_pilot_and_Q3_k100_confirmation
4.9,70.0,5.4,0.7,False,5.4,9.682539682539684,4.9,4.9,4.9,5.15,False,0.7153528635490003,0.6064959907120883,True,True,True,0.908,True,5.998222223479156,402.7122243944164,N/A,new_parameter_combo,Q2_provisional,requires_pilot_and_Q3_k100_confirmation
5.6,22.0,4.75,0.22,False,4.75,9.683458646616543,5.599999999999999,4.835,4.75,4.75,False,0.6052156650942784,0.9770907649642789,True,True,True,0.972,True,5.980551358024328,395.65845749257767,N/A,new_parameter_combo,Q2_provisional,requires_pilot_and_Q3_k100_confirmation
5.4,71.0,3.0,0.71,False,3.0,9.68888888888889,5.4,5.4,5.4,4.319999999999999,False,0.48928571428571416,0.789573611479975,True,True,True,1.0,True,6.646304935009057,769.9341063438463,N/A,new_parameter_combo,Q2_provisional,requires_pilot_and_Q3_k100_confirmation
5.2,38.0,4.75,0.38,False,4.75,9.689878542510122,5.2,5.155,4.75,4.75,False,0.6708203932499369,0.7740376920528773,True,True,True,1.0,True,6.016526197181134,410.1513332900509,N/A,new_parameter_combo,Q2_provisional,requires_pilot_and_Q3_k100_confirmation
4.9,37.0,5.0,0.37,False,5.0,9.690612244897958,4.9,4.915,5.0,5.000000000000001,False,0.743116798713777,0.5761860564820477,True,True,True,1.0,True,6.052919318493517,425.35296005141475,N/A,new_parameter_combo,Q2_provisional,requires_pilot_and_Q3_k100_confirmation
5.2,71.0,3.6,0.71,False,3.6,9.692307692307693,5.2,5.2,5.2,4.4799999999999995,False,0.4968312857808096,0.7858231369528567,True,True,True,1.0,True,6.743447068531392,848.4804710275002,N/A,new_parameter_combo,Q2_provisional,requires_pilot_and_Q3_k100_confirmation
5.2,58.0,4.4,0.58,False,4.4,9.692307692307693,5.2,5.2,5.12,4.4,False,0.6545917094819103,0.75499061700126,True,True,True,1.0,True,5.848874224397625,346.8436924396794,N/A,new_parameter_combo,Q2_provisional,requires_pilot_and_Q3_k100_confirmation
4.9,38.0,5.0,0.38,False,5.0,9.693061224489796,4.9,4.91,5.0,5.000000000000001,False,0.7425673370139573,0.5710671501870583,True,True,True,1.0,True,6.045982604283099,422.4126180752402,N/A,new_parameter_combo,Q2_provisional,requires_pilot_and_Q3_k100_confirmation
7.0,24.0,4.4,0.24,False,4.4,9.693506493506494,7.0,4.92,4.4,4.4,False,0.9108308048710483,2.1217899033781884,True,True,True,0.892,True,6.04991310585367,424.076178706177,N/A,new_parameter_combo,Q2_provisional,requires_pilot_and_Q3_k100_confirmation
4.9,71.0,5.4,0.71,False,5.4,9.693877551020408,4.9,4.9,4.9,5.125,False,0.7328272933213761,0.5827356873723786,True,True,True,0.832,True,6.045451206170248,422.18820843786034,N/A,new_parameter_combo,Q2_provisional,requires_pilot_and_Q3_k100_confirmation
5.4,22.0,4.8,0.22,False,4.8,9.694444444444446,5.4,4.86,4.8,4.8,False,0.637741950884813,0.7901787210334277,True,True,True,0.972,True,5.9978040403784085,402.5438521553764,N/A,new_parameter_combo,Q2_provisional,requires_pilot_and_Q3_k100_confirmation
4.8,58.0,5.4,0.58,False,5.4,9.694444444444446,4.8,4.8,4.859999999999999,5.4,False,0.7908868697963871,0.6648215309835898,True,True,True,0.999,True,5.785845158393875,325.65715571680437,N/A,new_parameter_combo,Q2_provisional,requires_pilot_and_Q3_k100_confirmation
5.4,27.0,4.75,0.27,False,4.75,9.694736842105263,5.4,4.9775,4.75,4.75,False,0.5600769808604849,0.8310299690019958,True,True,True,0.996,True,6.004239006582935,405.14256057281557,N/A,new_parameter_combo,Q2_provisional,requires_pilot_and_Q3_k100_confirmation
4.8,19.0,5.0,0.19,False,5.0,9.695000000000002,4.81,5.0,5.0,5.000000000000001,False,0.6978465418115701,0.6197728430691563,True,True,True,0.966,True,6.101500913337718,446.5274664087121,N/A,new_parameter_combo,Q2_provisional,requires_pilot_and_Q3_k100_confirmation
5.2,24.0,4.85,0.24,False,4.85,9.697065820777162,5.2,4.92,4.85,4.85,False,0.6729784543356494,0.6499336350497633,True,True,True,0.988,True,6.0171510058203665,410.407679461795,N/A,new_parameter_combo,Q2_provisional,requires_pilot_and_Q3_k100_confirmation
5.6,37.0,4.5,0.37,False,4.5,9.697619047619048,5.599999999999999,5.435,4.5,4.5,False,0.7357798167763984,0.9586630797291394,True,True,True,1.0,True,6.056464365575355,426.8635322640116,N/A,new_parameter_combo,Q2_provisional,requires_pilot_and_Q3_k100_confirmation
4.9,40.0,5.0,0.4,False,5.0,9.697959183673468,4.9,4.9,5.0,5.000000000000001,False,0.7447627515675371,0.5610632801329639,True,True,True,1.0,True,6.0289591149498865,415.2825429461753,N/A,new_parameter_combo,Q2_provisional,requires_pilot_and_Q3_k100_confirmation
5.2,37.0,4.75,0.37,False,4.75,9.700809716599192,5.2,5.132499999999999,4.75,4.75,False,0.6541858938203035,0.7489848646118458,True,True,True,1.0,True,6.023462911391553,413.00632656026113,N/A,new_parameter_combo,Q2_provisional,requires_pilot_and_Q3_k100_confirmation
5.2,31.0,4.8,0.31,False,4.8,9.701923076923077,5.2,5.02,4.8,4.8,False,0.5617828762075256,0.699415432829896,True,True,True,1.0,True,6.032632983331702,416.81104238388434,N/A,new_parameter_combo,Q2_provisional,requires_pilot_and_Q3_k100_confirmation
4.0,24.0,5.5,0.24,False,5.5,9.709090909090909,4.0,5.2,5.499999999999999,5.5,False,0.6074369035848372,1.066852194333244,True,True,True,0.847,True,6.204200139508219,494.82300823512156,N/A,new_parameter_combo,Q2_provisional,requires_pilot_and_Q3_k100_confirmation
4.8,22.0,5.0,0.22,False,5.0,9.71,4.8,4.98,5.0,5.000000000000001,False,0.6373174008198391,0.59836239782701,True,True,True,0.966,True,6.085985645498955,439.65294112498685,N/A,new_parameter_combo,Q2_provisional,requires_pilot_and_Q3_k100_confirmation
5.2,30.0,4.8,0.3,False,4.8,9.711538461538462,5.2,5.0,4.8,4.8,False,0.5552881215722011,0.6764880099359821,True,True,True,0.999,True,6.032219555413246,416.6387566785562,N/A,new_parameter_combo,Q2_provisional,requires_pilot_and_Q3_k100_confirmation
5.2,22.0,4.85,0.22,False,4.85,9.713719270420302,5.2,4.885,4.85,4.85,False,0.708434606605814,0.619872962432633,True,True,True,0.947,True,6.02202102796286,412.4112487015989,N/A,new_parameter_combo,Q2_provisional,requires_pilot_and_Q3_k100_confirmation
4.65,13.0,5.0,0.13,False,5.0,9.71741935483871,4.7725,5.0,5.0,5.000000000000001,False,0.8104236617224304,0.5992653697312252,True,True,True,0.966,True,6.183285616440057,484.58149253814844,N/A,new_parameter_combo,Q2_provisional,requires_pilot_and_Q3_k100_confirmation
4.8,24.0,5.0,0.24,False,5.0,9.720000000000002,4.8,4.96,5.0,5.000000000000001,False,0.6003825311195102,0.5761336071248621,True,True,True,0.966,True,6.08111562335646,437.51702676328904,N/A,new_parameter_combo,Q2_provisional,requires_pilot_and_Q3_k100_confirmation
5.4,65.0,3.6,0.65,False,3.6,9.722222222222221,5.4,5.4,5.4,4.050000000000001,False,0.49600907249767123,0.6324177736060743,True,True,True,1.0,True,6.493152730271455,660.602785964009,N/A,new_parameter_combo,Q2_provisional,requires_pilot_and_Q3_k100_confirmation
4.8,60.0,5.4,0.6,False,5.4,9.722222222222221,4.8,4.8,4.8,5.4,False,0.7462778385058066,0.6348043135433828,True,True,True,0.985,True,5.780648958069991,323.969364746385,N/A,new_parameter_combo,Q2_provisional,requires_pilot_and_Q3_k100_confirmation
4.9,50.0,5.0,0.5,False,5.0,9.722448979591837,4.9,4.9,4.95,5.000000000000001,False,0.8178980806971998,0.5154012786532423,True,True,True,1.0,True,5.880840450036336,358.1100889048579,N/A,new_parameter_combo,Q2_provisional,requires_pilot_and_Q3_k100_confirmation
4.65,50.0,5.5,0.5,False,5.5,9.72434017595308,4.65,4.65,5.074999999999999,5.5,False,0.9034659911661743,0.7747322116510843,True,True,True,1.0,True,5.975939746270674,393.83803506653754,N/A,new_parameter_combo,Q2_provisional,requires_pilot_and_Q3_k100_confirmation
6.0,38.0,4.25,0.38,False,4.25,9.729411764705883,6.000000000000001,5.825,4.25,4.25,False,0.5680183957929389,1.3565850145018743,True,True,True,1.0,True,6.167180515821317,476.8397668117149,N/A,new_parameter_combo,Q2_provisional,requires_pilot_and_Q3_k100_confirmation
5.4,13.0,4.85,0.13,False,4.85,9.733104238258878,5.2075000000000005,4.85,4.85,4.85,False,0.7511518366033946,0.5970161504935855,True,True,True,0.8,True,6.066211386816235,431.0445231825916,N/A,new_parameter_combo,Q2_provisional,requires_pilot_and_Q3_k100_confirmation
4.9,55.0,5.0,0.55,False,5.0,9.73469387755102,4.9,4.9,4.925000000000001,5.000000000000001,False,0.8246211251235323,0.49460892814987933,True,True,True,1.0,True,5.770096761233593,320.56874977438406,N/A,new_parameter_combo,Q2_provisional,requires_pilot_and_Q3_k100_confirmation
4.8,27.0,5.0,0.27,False,5.0,9.735,4.8,4.93,5.0,5.000000000000001,False,0.6403124237432848,0.5424519246735005,True,True,True,0.989,True,6.082020824767743,437.9132470959226,N/A,new_parameter_combo,Q2_provisional,requires_pilot_and_Q3_k100_confirmation
5.2,71.0,3.5,0.71,False,3.5,9.735164835164836,5.2,5.2,5.2,4.435,False,0.5018842048740334,0.7513956593068941,True,True,True,1.0,True,6.7738290906855765,874.6546219683288,N/A,new_parameter_combo,Q2_provisional,requires_pilot_and_Q3_k100_confirmation
5.4,19.0,4.8,0.19,False,4.8,9.736111111111112,5.37,4.8,4.8,4.8,False,0.6607822358881225,0.7234988756181014,True,True,True,0.95,True,6.013319308217172,408.83813027931956,N/A,new_parameter_combo,Q2_provisional,requires_pilot_and_Q3_k100_confirmation
4.4,37.0,5.5,0.37,False,5.5,9.736363636363636,4.4,4.565,5.499999999999999,5.5,False,0.6708203932499373,0.9969830108393664,True,True,True,0.938,True,6.174221193005631,480.20888820896994,N/A,new_parameter_combo,Q2_provisional,requires_pilot_and_Q3_k100_confirmation
5.2,19.0,4.85,0.19,False,4.85,9.738699444885015,5.182500000000001,4.85,4.85,4.85,False,0.6633803353942255,0.5722469665488122,True,True,True,0.947,True,6.037536295801623,418.8598159492949,N/A,new_parameter_combo,Q2_provisional,requires_pilot_and_Q3_k100_confirmation
5.6,40.0,4.4,0.4,False,4.4,9.74025974025974,5.599999999999999,5.599999999999999,4.4,4.4,False,0.6520927848090335,1.0691924725804403,True,True,True,1.0,True,6.088462043596737,440.743046041851,N/A,new_parameter_combo,Q2_provisional,requires_pilot_and_Q3_k100_confirmation
5.4,24.0,4.75,0.24,False,4.75,9.740350877192984,5.4,4.88,4.75,4.75,False,0.5836308764964375,0.7590822780363603,True,True,True,0.987,True,6.0033338051716525,404.7759908899418,N/A,new_parameter_combo,Q2_provisional,requires_pilot_and_Q3_k100_confirmation
5.2,27.0,4.8,0.27,False,4.8,9.740384615384615,5.2,4.9399999999999995,4.8,4.8,False,0.5957142857142856,0.6133068958952133,True,True,True,0.996,True,6.025751508960193,413.95261425789266,N/A,new_parameter_combo,Q2_provisional,requires_pilot_and_Q3_k100_confirmation
5.6,19.0,4.75,0.19,False,4.75,9.740977443609024,5.557499999999999,4.75,4.75,4.75,False,0.6057968272600701,0.8992395539506102,True,True,True,0.95,True,5.996066625863091,401.845073833168,N/A,new_parameter_combo,Q2_provisional,requires_pilot_and_Q3_k100_confirmation
4.9,58.0,5.0,0.58,False,5.0,9.742040816326531,4.9,4.9,4.91,5.000000000000001,False,0.7714650289004208,0.4843005746475658,True,True,True,1.0,True,5.72980653714796,307.9096935273559,N/A,new_parameter_combo,Q2_provisional,requires_pilot_and_Q3_k100_confirmation
5.2,70.0,3.6,0.7,False,3.6,9.743589743589745,5.2,5.2,5.2,4.3999999999999995,False,0.4960090724976714,0.7472435590513415,True,True,True,1.0,True,6.6962180858403,809.3391786260627,N/A,new_parameter_combo,Q2_provisional,requires_pilot_and_Q3_k100_confirmation
4.0,22.0,5.4,0.22,False,5.4,9.744444444444445,4.0,5.26,5.4,5.4,False,0.6049677687906284,1.1458812945182264,True,True,True,0.847,True,6.191206809437021,488.43519888903757,N/A,new_parameter_combo,Q2_provisional,requires_pilot_and_Q3_k100_confirmation
5.4,58.0,4.0,0.58,False,4.0,9.744444444444445,5.4,5.4,5.260000000000001,4.0,False,0.4862424911544462,0.6412225651628266,True,True,True,1.0,True,6.148972869632471,468.2362000837031,N/A,new_parameter_combo,Q2_provisional,requires_pilot_and_Q3_k100_confirmation
5.2,60.0,4.25,0.6,False,4.25,9.74660633484163,5.2,5.2,5.2,4.25,False,0.6525069395205304,0.7619104971172584,True,True,True,1.0,True,5.9478984854752195,382.9477226489289,N/A,new_parameter_combo,Q2_provisional,requires_pilot_and_Q3_k100_confirmation
4.9,60.0,5.0,0.6,False,5.0,9.746938775510204,4.9,4.9,4.9,5.000000000000001,False,0.7918288859936076,0.477646580949482,True,True,True,1.0,True,5.7246103368240755,306.3138827450128,N/A,new_parameter_combo,Q2_provisional,requires_pilot_and_Q3_k100_confirmation
5.2,65.0,4.0,0.65,False,4.0,9.75,5.2,5.2,5.2,4.3,False,0.549270852483322,0.7551416722537316,True,True,True,1.0,True,6.238522279544747,512.1012091085711,N/A,new_parameter_combo,Q2_provisional,requires_pilot_and_Q3_k100_confirmation
4.8,30.0,5.0,0.3,False,5.0,9.75,4.8,4.9,5.0,5.000000000000001,False,0.6970784513574771,0.5115222774629355,True,True,True,0.999,True,6.088488871220796,440.7548702892044,N/A,new_parameter_combo,Q2_provisional,requires_pilot_and_Q3_k100_confirmation
4.8,31.0,5.0,0.31,False,5.0,9.755,4.8,4.89,5.0,5.000000000000001,False,0.7172794406076108,0.501913206000098,True,True,True,0.999,True,6.088902299139252,440.9371283304628,N/A,new_parameter_combo,Q2_provisional,requires_pilot_and_Q3_k100_confirmation
5.2,55.0,4.4,0.55,False,4.4,9.755244755244755,5.2,5.2,5.000000000000001,4.4,False,0.6675576104466989,0.679821680888684,True,True,True,1.0,True,5.889164448483259,361.10343776052866,N/A,new_parameter_combo,Q2_provisional,requires_pilot_and_Q3_k100_confirmation
4.9,65.0,5.0,0.65,False,5.0,9.759183673469389,4.9,4.9,4.9,4.975,False,0.7153528635490005,0.4586172749090083,True,True,True,1.0,True,5.78744365774724,326.1781347510273,N/A,new_parameter_combo,Q2_provisional,requires_pilot_and_Q3_k100_confirmation
4.8,65.0,5.5,0.65,False,5.5,9.761363636363638,4.8,4.8,4.8,5.325,False,0.7051761974058366,0.551151419581727,True,True,True,0.842,True,5.861345631206848,351.1964070477742,N/A,new_parameter_combo,Q2_provisional,requires_pilot_and_Q3_k100_confirmation
5.6,60.0,3.6,0.6,False,3.6,9.761904761904765,5.599999999999999,5.599999999999999,5.6,3.6000000000000005,False,0.41007963387913926,0.9859405723570146,True,True,True,1.0,True,6.402666940058471,603.4522647488195,N/A,new_parameter_combo,Q2_provisional,requires_pilot_and_Q3_k100_confirmation
6.0,13.0,4.75,0.13,False,4.75,9.763157894736842,5.5625,4.75,4.75,4.75,False,0.864697529545471,0.8902998342428985,True,True,True,0.909,True,6.014128527680589,409.1691039488353,N/A,new_parameter_combo,Q2_provisional,requires_pilot_and_Q3_k100_confirmation
4.4,38.0,5.5,0.38,False,5.5,9.763636363636364,4.4,4.510000000000001,5.499999999999999,5.5,False,0.6798859448166171,1.0277466840023757,True,True,True,0.938,True,6.167284478795213,476.8893430689472,N/A,new_parameter_combo,Q2_provisional,requires_pilot_and_Q3_k100_confirmation
5.2,31.0,4.75,0.31,False,4.75,9.766396761133604,5.2,4.9975,4.75,4.75,False,0.5744562646538028,0.6283768600335572,True,True,True,1.0,True,6.04303277026744,421.16840697612054,N/A,new_parameter_combo,Q2_provisional,requires_pilot_and_Q3_k100_confirmation
6.0,27.0,4.5,0.27,False,4.5,9.766666666666667,6.000000000000001,5.0249999999999995,4.5,4.5,False,0.7160001745809842,1.156848456398686,True,True,True,0.997,True,6.026627271569624,414.31529726846566,N/A,new_parameter_combo,Q2_provisional,requires_pilot_and_Q3_k100_confirmation
5.6,13.0,4.8,0.13,False,4.8,9.767857142857142,5.32,4.8,4.8,4.8,False,0.7683124895722134,0.6531090512264255,True,True,True,0.8,True,6.04625421925496,422.52736724970407,N/A,new_parameter_combo,Q2_provisional,requires_pilot_and_Q3_k100_confirmation
4.9,69.0,5.0,0.69,False,5.0,9.768979591836734,4.9,4.9,4.9,4.955,False,0.6533236259344075,0.4439994890476284,True,True,True,0.985,True,5.915700531125305,370.81397847185525,N/A,new_parameter_combo,Q2_provisional,requires_pilot_and_Q3_k100_confirmation
5.2,24.0,4.8,0.24,False,4.8,9.76923076923077,5.2,4.88,4.8,4.8,False,0.6450581369148055,0.5609439479669963,True,True,True,0.988,True,6.02484630754891,413.578073310334,N/A,new_parameter_combo,Q2_provisional,requires_pilot_and_Q3_k100_confirmation
5.2,50.0,4.5,0.5,False,4.5,9.76923076923077,5.2,5.2,4.85,4.5,False,0.7120343985327376,0.6554017562428707,True,True,True,1.0,True,5.94395025572099,381.43873792547976,N/A,new_parameter_combo,Q2_provisional,requires_pilot_and_Q3_k100_confirmation
6.0,37.0,4.25,0.37,False,4.25,9.770588235294118,6.000000000000001,5.737500000000001,4.25,4.25,False,0.5571355310873649,1.298975627345591,True,True,True,1.0,True,6.174117230031736,480.1589668598916,N/A,new_parameter_combo,Q2_provisional,requires_pilot_and_Q3_k100_confirmation
5.4,22.0,4.75,0.22,False,4.75,9.770760233918129,5.4,4.815,4.75,4.75,False,0.6201649714686688,0.7273179988553833,True,True,True,0.972,True,6.008203827314147,406.75206678945204,N/A,new_parameter_combo,Q2_provisional,requires_pilot_and_Q3_k100_confirmation
4.9,70.0,5.0,0.7,False,5.0,9.771428571428572,4.9,4.9,4.9,4.95,False,0.6400694517481869,0.4404362058639274,True,True,True,0.976,True,5.9585967240030895,387.06658171356435,N/A,new_parameter_combo,Q2_provisional,requires_pilot_and_Q3_k100_confirmation
4.65,19.0,5.0,0.19,False,5.0,9.771612903225808,4.6675,5.0,5.0,5.000000000000001,False,0.7366504316284403,0.5323171106225129,True,True,True,0.966,True,6.122698236112449,456.0936841509956,N/A,new_parameter_combo,Q2_provisional,requires_pilot_and_Q3_k100_confirmation
4.9,71.0,5.0,0.71,False,5.0,9.773877551020409,4.9,4.9,4.9,4.945,False,0.6278365224957783,0.43691118607631774,True,True,True,0.976,True,6.005825706694181,405.78591058553957,N/A,new_parameter_combo,Q2_provisional,requires_pilot_and_Q3_k100_confirmation
5.2,30.0,4.75,0.3,False,4.75,9.77732793522267,5.2,4.9750000000000005,4.75,4.75,False,0.565144012710071,0.6039451481296026,True,True,True,1.0,True,6.042619342348984,420.9943201869539,N/A,new_parameter_combo,Q2_provisional,requires_pilot_and_Q3_k100_confirmation
5.4,70.0,3.0,0.7,False,3.0,9.777777777777779,5.4,5.4,5.4,4.199999999999999,True,0.4714420993730029,0.6617401741927481,True,True,True,0.999,True,6.599075952317965,734.4162399753376,N/A,existing_parameter_combo,Q2_provisional,requires_pilot_and_Q3_k100_confirmation
5.4,40.0,4.5,0.4,False,4.5,9.777777777777779,5.4,5.4,4.5,4.5,False,0.663411483107104,0.8251476825762423,True,True,True,1.0,True,6.0601566313215445,428.4425391251005,N/A,new_parameter_combo,Q2_provisional,requires_pilot_and_Q3_k100_confirmation
6.0,31.0,4.4,0.31,False,4.4,9.781818181818181,6.000000000000001,5.28,4.4,4.4,False,0.6897263580432406,1.1384541084448567,True,True,True,1.0,True,6.089466627506144,441.18603188505807,N/A,new_parameter_combo,Q2_provisional,requires_pilot_and_Q3_k100_confirmation
4.65,50.0,5.4,0.5,False,5.4,9.784946236559138,4.65,4.65,5.025,5.4,False,0.8524381486030984,0.6701757558259898,True,True,True,1.0,True,5.958076394056982,386.8652317687071,N/A,new_parameter_combo,Q2_provisional,requires_pilot_and_Q3_k100_confirmation
4.8,37.0,5.0,0.37,False,5.0,9.785000000000002,4.8,4.83,5.0,5.000000000000001,False,0.7815473923765677,0.4531375855877439,True,True,True,0.999,True,6.069332440263365,432.39193776023234,N/A,new_parameter_combo,Q2_provisional,requires_pilot_and_Q3_k100_confirmation
6.0,55.0,3.5,0.55,False,3.5,9.785714285714286,6.000000000000001,6.000000000000001,5.375000000000001,3.4999999999999996,False,0.42474482135195735,1.153720488890363,True,True,True,1.0,True,6.436009908112064,623.9123589545911,N/A,new_parameter_combo,Q2_provisional,requires_pilot_and_Q3_k100_confirmation
5.2,22.0,4.8,0.22,False,4.8,9.788461538461538,5.2,4.84,4.8,4.8,False,0.6819674419184062,0.5336474925047853,True,True,True,0.988,True,6.0297163296914045,415.59712009578584,N/A,new_parameter_combo,Q2_provisional,requires_pilot_and_Q3_k100_confirmation
5.2,13.0,4.85,0.13,False,4.85,9.788659793814434,5.0775,4.85,4.85,4.85,False,0.7406781228257336,0.45328834160430964,True,True,True,0.808,True,6.098123676129232,445.02198085638764,N/A,new_parameter_combo,Q2_provisional,requires_pilot_and_Q3_k100_confirmation
4.8,38.0,5.0,0.38,False,5.0,9.790000000000001,4.8,4.82,5.0,5.000000000000001,False,0.7810249675906656,0.4467036084782907,True,True,True,1.0,True,6.062395726052946,429.4029373672359,N/A,new_parameter_combo,Q2_provisional,requires_pilot_and_Q3_k100_confirmation
5.4,50.0,4.25,0.5,False,4.25,9.790849673202613,5.4,5.4,4.825,4.25,False,0.593323396691235,0.6907617722550837,True,True,True,1.0,True,6.072216309374483,433.64069928035883,N/A,new_parameter_combo,Q2_provisional,requires_pilot_and_Q3_k100_confirmation
5.2,70.0,3.5,0.7,False,3.5,9.791208791208794,5.2,5.2,5.2,4.35,False,0.49285714285714277,0.7185268080708543,True,True,True,1.0,True,6.726600107994485,834.3058885823112,N/A,new_parameter_combo,Q2_provisional,requires_pilot_and_Q3_k100_confirmation
4.8,65.0,5.4,0.65,False,5.4,9.791666666666668,4.8,4.8,4.8,5.25,False,0.6434854072842334,0.48572012728981473,True,True,True,0.952,True,5.8434822789931555,344.97856304285165,N/A,new_parameter_combo,Q2_provisional,requires_pilot_and_Q3_k100_confirmation
5.4,65.0,3.5,0.65,False,3.5,9.793650793650793,5.4,5.4,5.4,3.9750000000000005,False,0.42474482135195746,0.5506184103259312,True,True,True,1.0,True,6.52353475242564,680.9812361725506,N/A,new_parameter_combo,Q2_provisional,requires_pilot_and_Q3_k100_confirmation
7.0,22.0,4.4,0.22,False,4.4,9.794805194805194,7.0,4.66,4.4,4.4,False,0.9232929643180351,2.193646049597815,True,True,True,0.807,True,6.054783127996164,426.14647619209074,N/A,new_parameter_combo,Q2_provisional,requires_pilot_and_Q3_k100_confirmation
5.2,69.0,3.6,0.69,False,3.6,9.794871794871796,5.2,5.2,5.2,4.319999999999999,False,0.4968312857808096,0.7205440071206562,True,True,True,1.0,True,6.6533218929625155,775.3557008999637,N/A,new_parameter_combo,Q2_provisional,requires_pilot_and_Q3_k100_confirmation
4.9,80.0,4.9,0.8,True,4.9,9.795918367346937,4.9,4.9,4.9,4.9,False,0.6075981486180502,0.4070683465136247,True,True,True,0.832,True,6.627730269933949,755.7648402600669,N/A,new_parameter_combo,Q2_provisional,requires_pilot_and_Q3_k100_confirmation
7.0,27.0,4.25,0.27,False,4.25,9.796638655462186,7.0,5.2124999999999995,4.25,4.25,False,0.8938591520331767,1.9700184185461076,True,True,True,0.946,True,6.155038768666431,471.08510544812333,N/A,new_parameter_combo,Q2_provisional,requires_pilot_and_Q3_k100_confirmation
5.2,58.0,4.25,0.58,False,4.25,9.79819004524887,5.2,5.2,5.105,4.25,False,0.6237231855918919,0.696633090821115,True,True,True,1.0,True,5.953094685799105,384.94277458519946,N/A,new_parameter_combo,Q2_provisional,requires_pilot_and_Q3_k100_confirmation
5.6,38.0,4.4,0.38,False,4.4,9.7987012987013,5.599999999999999,5.48,4.4,4.4,False,0.6545917094819101,0.9488939106325086,True,True,True,1.0,True,6.105485532929948,448.31025801420316,N/A,new_parameter_combo,Q2_provisional,requires_pilot_and_Q3_k100_confirmation
4.65,22.0,5.0,0.22,False,5.0,9.798709677419355,4.65,4.965,5.0,5.000000000000001,False,0.6795862946585631,0.48376456614598395,True,True,True,0.966,True,6.107182968273686,449.07188191190664,N/A,new_parameter_combo,Q2_provisional,requires_pilot_and_Q3_k100_confirmation
4.8,40.0,5.0,0.4,False,5.0,9.8,4.8,4.8,5.0,5.000000000000001,False,0.7831125756380427,0.4354965702312694,True,True,True,1.0,True,6.045372236719735,422.15486978341187,N/A,new_parameter_combo,Q2_provisional,requires_pilot_and_Q3_k100_confirmation
4.9,71.0,4.85,0.71,False,4.85,9.807279612876078,4.9,4.9,4.9,4.8774999999999995,False,0.5978115915400041,0.39320111824457454,True,True,True,0.988,True,6.012684700636644,408.57876081025563,N/A,new_parameter_combo,Q2_provisional,requires_pilot_and_Q3_k100_confirmation
4.9,70.0,4.85,0.7,False,4.85,9.808541973490428,4.9,4.9,4.9,4.875,False,0.610646299473947,0.3917265666083512,True,True,True,0.996,True,5.965455717945552,389.73059483358355,N/A,new_parameter_combo,Q2_provisional,requires_pilot_and_Q3_k100_confirmation
4.9,69.0,4.85,0.69,False,4.85,9.809804334104776,4.9,4.9,4.9,4.8725000000000005,False,0.6245252278363802,0.3901868074387583,True,True,True,0.998,True,5.922559525067768,373.36613190076207,N/A,new_parameter_combo,Q2_provisional,requires_pilot_and_Q3_k100_confirmation
5.2,27.0,4.75,0.27,False,4.75,9.81012145748988,5.2,4.9075,4.75,4.75,False,0.5668117061283064,0.5397878317205788,True,True,True,0.996,True,6.036151295895931,418.28009669193455,N/A,new_parameter_combo,Q2_provisional,requires_pilot_and_Q3_k100_confirmation
4.4,13.0,5.0,0.13,False,5.0,9.812727272727273,4.61,5.0,5.0,5.000000000000001,False,0.6900162671847615,0.5158736834665276,True,True,True,0.916,True,6.209488194717833,497.4465903314275,N/A,new_parameter_combo,Q2_provisional,requires_pilot_and_Q3_k100_confirmation
4.9,65.0,4.85,0.65,False,4.85,9.814853776562172,4.9,4.9,4.9,4.8625,False,0.6891514488033498,0.37921421543274336,True,True,True,0.998,True,5.794302651689703,328.4230788291062,N/A,new_parameter_combo,Q2_provisional,requires_pilot_and_Q3_k100_confirmation
5.4,19.0,4.75,0.19,False,4.75,9.816374269005848,5.367500000000001,4.75,4.75,4.75,False,0.6466653078743001,0.6701292120340638,True,True,True,0.95,True,6.02371909515291,413.1121456284485,N/A,new_parameter_combo,Q2_provisional,requires_pilot_and_Q3_k100_confirmation
4.65,24.0,5.0,0.24,False,5.0,9.816774193548387,4.65,4.930000000000001,5.0,5.000000000000001,False,0.6450761553285547,0.44175188484860023,True,True,True,0.989,True,6.102312946131192,446.89020861397313,N/A,new_parameter_combo,Q2_provisional,requires_pilot_and_Q3_k100_confirmation
5.2,19.0,4.8,0.19,False,4.8,9.817307692307693,5.18,4.8,4.8,4.8,False,0.6597525819485325,0.4879261399758659,True,True,True,0.947,True,6.045231597530168,422.09550243943914,N/A,new_parameter_combo,Q2_provisional,requires_pilot_and_Q3_k100_confirmation
4.4,40.0,5.5,0.4,False,5.5,9.818181818181818,4.4,4.4,5.499999999999999,5.5,False,0.7172794406076114,1.096467020345851,True,True,True,0.938,True,6.1502609894620015,468.8397330458722,N/A,new_parameter_combo,Q2_provisional,requires_pilot_and_Q3_k100_confirmation
6.0,30.0,4.4,0.3,False,4.4,9.818181818181818,6.000000000000001,5.2,4.4,4.4,False,0.7008799134382616,1.1386810796203877,True,True,True,1.0,True,6.089053199587688,441.0036709613903,N/A,new_parameter_combo,Q2_provisional,requires_pilot_and_Q3_k100_confirmation
4.9,71.0,4.8,0.71,False,4.8,9.818877551020408,4.9,4.9,4.9,4.8549999999999995,False,0.6278365224957788,0.37072442517156035,True,True,True,0.996,True,6.020380002365187,411.73502628661134,N/A,new_parameter_combo,Q2_provisional,requires_pilot_and_Q3_k100_confirmation
5.4,13.0,4.8,0.13,False,4.8,9.819444444444445,5.1899999999999995,4.8,4.8,4.8,False,0.7371764250385743,0.4950255464755437,True,True,True,0.8,True,6.073906688544779,434.3743363735553,N/A,new_parameter_combo,Q2_provisional,requires_pilot_and_Q3_k100_confirmation
4.9,60.0,4.85,0.6,False,4.85,9.821165579633915,4.9,4.9,4.9,4.85,False,0.7385072678680131,0.36550089282825565,True,True,True,1.0,True,5.731469330766538,308.42210970396167,N/A,new_parameter_combo,Q2_provisional,requires_pilot_and_Q3_k100_confirmation
3.6,19.0,5.5,0.19,False,5.5,9.821212121212122,3.6950000000000003,5.5,5.499999999999999,5.5,False,0.7632168761236876,1.4504657213527554,True,True,True,0.851,True,6.2135770552559535,499.48474408806953,N/A,new_parameter_combo,Q2_provisional,requires_pilot_and_Q3_k100_confirmation
4.9,70.0,4.8,0.7,False,4.8,9.821428571428571,4.9,4.9,4.9,4.8500000000000005,False,0.6400694517481875,0.3652100971337757,True,True,True,0.996,True,5.973151019674096,392.74125847922534,N/A,new_parameter_combo,Q2_provisional,requires_pilot_and_Q3_k100_confirmation
4.0,24.0,5.4,0.24,False,5.4,9.822222222222221,4.0,5.12,5.4,5.4,False,0.6156681133251154,0.995353905122756,True,True,True,0.847,True,6.186336787294526,486.06229140115323,N/A,new_parameter_combo,Q2_provisional,requires_pilot_and_Q3_k100_confirmation
5.4,38.0,4.5,0.38,False,4.5,9.822222222222221,5.4,5.31,4.5,4.5,False,0.7086293899104791,0.7761634353720841,True,True,True,1.0,True,6.077180120654757,435.79856105363416,N/A,new_parameter_combo,Q2_provisional,requires_pilot_and_Q3_k100_confirmation
4.4,37.0,5.4,0.37,False,5.4,9.823232323232322,4.4,4.550000000000001,5.4,5.4,False,0.6946249768172521,0.8801721187118907,True,True,True,0.968,True,6.156357840791939,471.7069106922852,N/A,new_parameter_combo,Q2_provisional,requires_pilot_and_Q3_k100_confirmation
4.9,58.0,4.85,0.58,False,4.85,9.823690300862614,4.9,4.9,4.8950000000000005,4.85,False,0.7053766724240318,0.36376128925459456,True,True,True,1.0,True,5.7366655310904235,310.02890376686213,N/A,new_parameter_combo,Q2_provisional,requires_pilot_and_Q3_k100_confirmation
4.9,69.0,4.8,0.69,False,4.8,9.823979591836734,4.9,4.9,4.9,4.845,False,0.6533236259344081,0.36377653407534843,True,True,True,0.998,True,5.930254826796311,376.25038028856835,N/A,new_parameter_combo,Q2_provisional,requires_pilot_and_Q3_k100_confirmation
4.65,55.0,5.5,0.55,False,5.5,9.824046920821116,4.65,4.65,4.8625,5.5,False,0.9124654207873596,0.6798474453469434,True,True,True,0.998,True,5.865196057467932,352.5512696416173,N/A,new_parameter_combo,Q2_provisional,requires_pilot_and_Q3_k100_confirmation
4.9,55.0,4.85,0.55,False,4.85,9.82747738270566,4.9,4.9,4.8875,4.85,False,0.7181297456815536,0.36235399529209406,True,True,True,1.0,True,5.776955755176056,322.7750868636941,N/A,new_parameter_combo,Q2_provisional,requires_pilot_and_Q3_k100_confirmation
5.6,37.0,4.4,0.37,False,4.4,9.827922077922079,5.599999999999999,5.42,4.4,4.4,False,0.6577020136623505,0.9202527901645844,True,True,True,1.0,True,6.112422247140366,451.4308690319214,N/A,new_parameter_combo,Q2_provisional,requires_pilot_and_Q3_k100_confirmation
4.9,71.0,4.75,0.71,False,4.75,9.830719656283566,4.9,4.9,4.9,4.8325000000000005,False,0.6589223770517986,0.3618204229002186,True,True,True,0.996,True,6.030779789300927,416.03932593919234,N/A,new_parameter_combo,Q2_provisional,requires_pilot_and_Q3_k100_confirmation
4.0,27.0,5.5,0.27,False,5.5,9.831818181818182,4.0,4.9750000000000005,5.499999999999999,5.5,False,0.5656854249492381,0.9721513537156846,True,True,True,0.847,True,6.205105340919501,495.2711255081061,N/A,new_parameter_combo,Q2_provisional,requires_pilot_and_Q3_k100_confirmation
4.9,50.0,4.85,0.5,False,4.85,9.833789185777404,4.9,4.9,4.875,4.85,False,0.7414857705709419,0.36046116837271774,True,True,True,1.0,True,5.887699443978798,360.5748069154652,N/A,new_parameter_combo,Q2_provisional,requires_pilot_and_Q3_k100_confirmation
4.9,65.0,4.8,0.65,False,4.8,9.834183673469388,4.9,4.9,4.9,4.825,False,0.6962443895644691,0.3613608079535878,True,True,True,0.998,True,5.8019979534182475,330.9601427315254,N/A,new_parameter_combo,Q2_provisional,requires_pilot_and_Q3_k100_confirmation
4.9,70.0,4.75,0.7,False,4.75,9.834586466165414,4.9,4.9,4.9,4.825,False,0.6705884751926663,0.3610475105430192,True,True,True,0.996,True,5.983550806609835,396.8469962826679,N/A,new_parameter_combo,Q2_provisional,requires_pilot_and_Q3_k100_confirmation
4.9,69.0,4.75,0.69,False,4.75,9.838453276047261,4.9,4.9,4.9,4.8175,False,0.6832508764751659,0.3604656368169658,True,True,True,0.998,True,5.94065461373205,380.1837215827632,N/A,new_parameter_combo,Q2_provisional,requires_pilot_and_Q3_k100_confirmation
5.2,24.0,4.75,0.24,False,4.75,9.842914979757087,5.2,4.84,4.75,4.75,False,0.618465843842649,0.4933645911777312,True,True,True,0.996,True,6.035246094484649,417.90164027358185,N/A,new_parameter_combo,Q2_provisional,requires_pilot_and_Q3_k100_confirmation
4.65,27.0,5.0,0.27,False,5.0,9.843870967741937,4.65,4.8774999999999995,5.0,5.000000000000001,False,0.5998305723795884,0.38722651203974606,True,True,True,0.989,True,6.103218147542473,447.2949174053486,N/A,new_parameter_combo,Q2_provisional,requires_pilot_and_Q3_k100_confirmation
5.4,37.0,4.5,0.37,False,4.5,9.844444444444443,5.4,5.265,4.5,4.5,False,0.7250840908305122,0.7542177537522343,True,True,True,1.0,True,6.084116834865175,438.832080289071,N/A,new_parameter_combo,Q2_provisional,requires_pilot_and_Q3_k100_confirmation
4.9,40.0,4.85,0.4,False,4.85,9.846412791920894,4.9,4.9,4.85,4.85,False,0.6519751192510713,0.3496257760491267,True,True,True,1.0,True,6.035818108892349,418.14075441466684,N/A,new_parameter_combo,Q2_provisional,requires_pilot_and_Q3_k100_confirmation
4.9,60.0,4.8,0.6,False,4.8,9.846938775510203,4.9,4.9,4.9,4.8,False,0.7242879156066856,0.35412681676089197,True,True,True,1.0,True,5.739164632495083,310.80466638672476,N/A,new_parameter_combo,Q2_provisional,requires_pilot_and_Q3_k100_confirmation
4.8,69.0,5.4,0.69,False,5.4,9.847222222222221,4.8,4.8,4.8,5.13,False,0.6729784543356492,0.4145003680531476,True,True,True,0.908,True,5.97173915237122,392.1871511929132,N/A,new_parameter_combo,Q2_provisional,requires_pilot_and_Q3_k100_confirmation
5.2,69.0,3.5,0.69,False,3.5,9.847252747252748,5.2,5.2,5.2,4.265,False,0.4853464994102624,0.700902307264274,True,True,True,1.0,True,6.6837039151167,799.2740795087389,N/A,new_parameter_combo,Q2_provisional,requires_pilot_and_Q3_k100_confirmation
4.4,38.0,5.4,0.38,False,5.4,9.848484848484848,4.4,4.5,5.4,5.4,False,0.6832508764751658,0.9156737460602027,True,True,True,0.968,True,6.149421126581521,468.446137263572,N/A,new_parameter_combo,Q2_provisional,requires_pilot_and_Q3_k100_confirmation
4.9,38.0,4.85,0.38,False,4.85,9.84893751314959,4.9,4.8950000000000005,4.85,4.85,False,0.6494661269073235,0.34563899813941884,True,True,True,1.0,True,6.052841598225561,425.3199027900097,N/A,new_parameter_combo,Q2_provisional,requires_pilot_and_Q3_k100_confirmation
4.0,37.0,6.0,0.37,False,6.0,9.850000000000001,4.0,4.3,6.0,6.0,False,0.9167656099971627,1.5640420223144211,True,True,True,0.857,True,6.329475581551641,560.8623901324278,N/A,new_parameter_combo,Q2_provisional,requires_pilot_and_Q3_k100_confirmation
4.8,50.0,5.0,0.5,False,5.0,9.850000000000001,4.8,4.8,4.8999999999999995,5.000000000000001,False,0.8502400621385153,0.3694948789899649,True,True,True,1.0,True,5.897253571806184,364.0362941269851,N/A,new_parameter_combo,Q2_provisional,requires_pilot_and_Q3_k100_confirmation
4.9,37.0,4.85,0.37,False,4.85,9.85019987376394,4.9,4.8925,4.85,4.85,False,0.6500942828010502,0.34370550699006003,True,True,True,1.0,True,6.05977831243598,428.28048187776164,N/A,new_parameter_combo,Q2_provisional,requires_pilot_and_Q3_k100_confirmation
4.9,58.0,4.8,0.58,False,4.8,9.85204081632653,4.9,4.9,4.890000000000001,4.8,False,0.6728716445207064,0.3483156921666498,True,True,True,1.0,True,5.744360832818967,312.4238729123244,N/A,new_parameter_combo,Q2_provisional,requires_pilot_and_Q3_k100_confirmation
4.9,65.0,4.75,0.65,False,4.75,9.853920515574652,4.9,4.9,4.9,4.7875000000000005,False,0.6596637400979383,0.348850893325873,True,True,True,0.999,True,5.812397740353986,334.42001749667526,N/A,new_parameter_combo,Q2_provisional,requires_pilot_and_Q3_k100_confirmation
5.6,31.0,4.5,0.31,False,4.5,9.854761904761904,5.599999999999999,5.1049999999999995,4.5,4.5,False,0.7406011631831014,0.8213783480609396,True,True,True,1.0,True,6.076034224451242,435.29946714654494,N/A,new_parameter_combo,Q2_provisional,requires_pilot_and_Q3_k100_confirmation
5.6,13.0,4.75,0.13,False,4.75,9.856015037593986,5.302499999999999,4.75,4.75,4.75,False,0.7567721464434672,0.5842217389975929,True,True,True,0.902,True,6.056654006190699,426.94449060318993,N/A,new_parameter_combo,Q2_provisional,requires_pilot_and_Q3_k100_confirmation
5.6,60.0,3.5,0.6,False,3.5,9.85714285714286,5.599999999999999,5.599999999999999,5.6,3.4999999999999996,False,0.41907636535600523,0.9336186134318544,True,True,True,1.0,True,6.433048962212656,622.0677204987828,N/A,new_parameter_combo,Q2_provisional,requires_pilot_and_Q3_k100_confirmation
5.6,50.0,4.0,0.5,False,4.0,9.85714285714286,5.599999999999999,5.599999999999999,4.8,4.0,False,0.4468306760521533,0.7723563798606972,True,True,True,1.0,True,6.272354313231026,529.7230449305622,N/A,new_parameter_combo,Q2_provisional,requires_pilot_and_Q3_k100_confirmation
4.9,31.0,4.85,0.31,False,4.85,9.857774037450032,4.9,4.8774999999999995,4.85,4.85,False,0.6795632788784277,0.33174836205703695,True,True,True,1.0,True,6.0793481713118664,436.7444193741746,N/A,new_parameter_combo,Q2_provisional,requires_pilot_and_Q3_k100_confirmation
4.9,30.0,4.85,0.3,False,4.85,9.859036398064381,4.9,4.875,4.85,4.85,False,0.6885137238713425,0.33093066467874555,True,True,True,1.0,True,6.078934743393411,436.56389435758797,N/A,new_parameter_combo,Q2_provisional,requires_pilot_and_Q3_k100_confirmation
4.9,55.0,4.8,0.55,False,4.8,9.85969387755102,4.9,4.9,4.875,4.8,False,0.7170148754612089,0.34015838444414026,True,True,True,1.0,True,5.7846510569046,325.26852010353116,N/A,new_parameter_combo,Q2_provisional,requires_pilot_and_Q3_k100_confirmation
5.2,50.0,4.4,0.5,False,4.4,9.86013986013986,5.2,5.2,4.800000000000001,4.4,False,0.6520927848090337,0.6734250542778518,True,True,True,1.0,True,5.999908137286001,403.39173513102634,N/A,new_parameter_combo,Q2_provisional,requires_pilot_and_Q3_k100_confirmation
5.4,55.0,4.0,0.55,False,4.0,9.86111111111111,5.4,5.4,5.05,4.0,False,0.513257404491456,0.6476084502045054,True,True,True,1.0,True,6.189263093718103,487.4867417793889,N/A,new_parameter_combo,Q2_provisional,requires_pilot_and_Q3_k100_confirmation
4.8,70.0,5.4,0.7,False,5.4,9.861111111111112,4.8,4.8,4.8,5.1000000000000005,False,0.6903430085021174,0.401022929316766,True,True,True,0.908,True,6.014635345249004,409.376530598464,N/A,new_parameter_combo,Q2_provisional,requires_pilot_and_Q3_k100_confirmation
4.9,27.0,4.85,0.27,False,4.85,9.862823479907428,4.9,4.8675,4.85,4.85,False,0.7005756561571351,0.3267288682504068,True,True,True,0.99,True,6.072466696940357,433.7492911139706,N/A,new_parameter_combo,Q2_provisional,requires_pilot_and_Q3_k100_confirmation
5.2,22.0,4.75,0.22,False,4.75,9.864777327935224,5.2,4.795,4.75,4.75,False,0.6568710618049289,0.474925333772252,True,True,True,0.988,True,6.040116116627143,419.94179428048,N/A,new_parameter_combo,Q2_provisional,requires_pilot_and_Q3_k100_confirmation
4.9,24.0,4.85,0.24,False,4.85,9.866610561750473,4.9,4.86,4.85,4.85,False,0.6554248699920396,0.322532832094024,True,True,True,0.983,True,6.0715614955290755,433.3568382947323,N/A,new_parameter_combo,Q2_provisional,requires_pilot_and_Q3_k100_confirmation
6.0,24.0,4.5,0.24,False,4.5,9.866666666666667,6.000000000000001,4.8,4.5,4.5,False,0.7211124661074098,1.22383804250333,True,True,True,0.997,True,6.025722070158341,413.9404281682785,N/A,new_parameter_combo,Q2_provisional,requires_pilot_and_Q3_k100_confirmation
5.4,69.0,3.0,0.69,False,3.0,9.866666666666669,5.4,5.4,5.4,4.079999999999999,False,0.4546948965840629,0.5533075988214781,True,True,True,0.999,True,6.55617975944018,703.578714013409,N/A,new_parameter_combo,Q2_provisional,requires_pilot_and_Q3_k100_confirmation
4.9,22.0,4.85,0.22,False,4.85,9.86913528297917,4.9,4.8549999999999995,4.85,4.85,False,0.630022776556207,0.3199815351011068,True,True,True,0.957,True,6.07643151767157,435.4724430324526,N/A,new_parameter_combo,Q2_provisional,requires_pilot_and_Q3_k100_confirmation
4.65,30.0,5.0,0.3,False,5.0,9.870967741935484,4.65,4.825,5.0,5.000000000000001,False,0.6332119943959834,0.3471221081416182,True,True,True,0.994,True,6.109686193995527,450.1974183458097,N/A,new_parameter_combo,Q2_provisional,requires_pilot_and_Q3_k100_confirmation
4.9,50.0,4.8,0.5,False,4.8,9.872448979591837,4.9,4.9,4.85,4.8,False,0.7089127382182965,0.3281756222281372,True,True,True,1.0,True,5.895394745707343,363.36024248841113,N/A,new_parameter_combo,Q2_provisional,requires_pilot_and_Q3_k100_confirmation
4.9,19.0,4.85,0.19,False,4.85,9.87292236482222,4.8975,4.85,4.85,4.85,False,0.6148544916631635,0.3143718071588426,True,True,True,0.898,True,6.091946785510333,442.28160098402225,N/A,new_parameter_combo,Q2_provisional,requires_pilot_and_Q3_k100_confirmation
4.9,60.0,4.75,0.6,False,4.75,9.873254564983888,4.9,4.9,4.9,4.75,False,0.7089336091940472,0.337597268256769,True,True,True,1.0,True,5.749564419430821,314.05383474049404,N/A,new_parameter_combo,Q2_provisional,requires_pilot_and_Q3_k100_confirmation
4.65,55.0,5.4,0.55,False,5.4,9.874551971326165,4.65,4.65,4.8375,5.4,False,0.8656749644830058,0.5867788176662999,True,True,True,1.0,True,5.847332705254239,346.30943813543433,N/A,new_parameter_combo,Q2_provisional,requires_pilot_and_Q3_k100_confirmation
5.2,13.0,4.8,0.13,False,4.8,9.875,5.06,4.8,4.8,4.8,False,0.7265012605857286,0.37114010025566013,True,True,True,0.904,True,6.105818977857775,448.4597697214059,N/A,new_parameter_combo,Q2_provisional,requires_pilot_and_Q3_k100_confirmation
4.8,71.0,5.4,0.71,False,5.4,9.875000000000002,4.8,4.8,4.8,5.07,False,0.7084346066058137,0.3896705109985514,True,True,True,0.832,True,6.061864327940096,429.1748140741787,N/A,new_parameter_combo,Q2_provisional,requires_pilot_and_Q3_k100_confirmation
4.8,55.0,5.0,0.55,False,5.0,9.875000000000002,4.8,4.8,4.85,5.000000000000001,False,0.8269862453511546,0.3654640930984378,True,True,True,1.0,True,5.786509883003442,325.8737000056762,N/A,new_parameter_combo,Q2_provisional,requires_pilot_and_Q3_k100_confirmation
5.2,55.0,4.25,0.55,False,4.25,9.875565610859729,5.2,5.2,4.9625,4.25,False,0.5535640552504346,0.6315399203567734,True,True,True,1.0,True,5.993384909884737,400.7688831416944,N/A,new_parameter_combo,Q2_provisional,requires_pilot_and_Q3_k100_confirmation
4.65,31.0,5.0,0.31,False,5.0,9.88,4.65,4.8075,5.0,5.000000000000001,False,0.655384511884716,0.3379006207614621,True,True,True,0.994,True,6.1100996219139825,450.3835810071395,N/A,new_parameter_combo,Q2_provisional,requires_pilot_and_Q3_k100_confirmation
4.9,13.0,4.85,0.13,False,4.85,9.88049652850831,4.8825,4.85,4.85,4.85,False,0.7383621733130644,0.2948069073211687,True,True,True,0.808,True,6.152534165837941,469.9067006945123,N/A,new_parameter_combo,Q2_provisional,requires_pilot_and_Q3_k100_confirmation
5.6,30.0,4.5,0.3,False,4.5,9.880952380952381,5.599999999999999,5.05,4.5,4.5,False,0.7278149302563676,0.8309953823256866,True,True,True,1.0,True,6.075620796532786,435.1195393900791,N/A,new_parameter_combo,Q2_provisional,requires_pilot_and_Q3_k100_confirmation
5.6,58.0,3.6,0.58,False,3.6,9.880952380952383,5.599999999999999,5.599999999999999,5.3999999999999995,3.6000000000000005,False,0.40607881008493896,0.8670705891617572,True,True,True,1.0,True,6.407863140382355,606.5960844872059,N/A,new_parameter_combo,Q2_provisional,requires_pilot_and_Q3_k100_confirmation
4.9,58.0,4.75,0.58,False,4.75,9.880988184747585,4.9,4.9,4.885000000000001,4.75,False,0.6596637400979379,0.32847926166682917,True,True,True,1.0,True,5.754760619754705,315.68996853640255,N/A,new_parameter_combo,Q2_provisional,requires_pilot_and_Q3_k100_confirmation
4.65,58.0,5.5,0.58,False,5.5,9.883870967741936,4.65,4.65,4.735,5.5,False,0.8470484657422661,0.6506586328860755,True,True,True,0.988,True,5.8249058333822985,338.6292440059449,N/A,new_parameter_combo,Q2_provisional,requires_pilot_and_Q3_k100_confirmation
4.8,58.0,5.0,0.58,False,5.0,9.890000000000002,4.8,4.8,4.819999999999999,5.000000000000001,False,0.7988285428152447,0.3489351420673845,True,True,True,1.0,True,5.746219658917808,313.00515464465025,N/A,new_parameter_combo,Q2_provisional,requires_pilot_and_Q3_k100_confirmation
4.9,4.0,4.85,0.04,False,4.85,9.891857774037451,4.859999999999999,4.85,4.85,4.85,False,0.6921388950203563,0.2916263732281912,True,True,True,0.808,True,6.317307347954557,554.0790399466625,N/A,new_parameter_combo,Q2_provisional,requires_pilot_and_Q3_k100_confirmation
4.9,55.0,4.75,0.55,False,4.75,9.892588614393127,4.9,4.9,4.862500000000001,4.75,False,0.7181297456815537,0.3126323832681831,True,True,True,1.0,True,5.795050843840339,328.66889434592673,N/A,new_parameter_combo,Q2_provisional,requires_pilot_and_Q3_k100_confirmation
4.9,71.0,4.5,0.71,False,4.5,9.893877551020408,4.9,4.9,4.9,4.72,False,0.5771615316992891,0.324459353995826,True,True,True,1.0,True,6.123346002087544,456.38922183033674,N/A,new_parameter_combo,Q2_provisional,requires_pilot_and_Q3_k100_confirmation
4.9,2.0,4.85,0.02,False,4.85,9.894382495266148,4.8549999999999995,4.85,4.85,4.85,False,0.71875175243797,0.2923210736917458,True,True,True,0.808,True,6.365965288097172,581.7060713395551,N/A,new_parameter_combo,Q2_provisional,requires_pilot_and_Q3_k100_confirmation
5.2,19.0,4.75,0.19,False,4.75,9.897570850202431,5.1775,4.75,4.75,4.75,False,0.6585388898066349,0.45525016081568703,True,True,True,0.973,True,6.055631384465906,426.5081110554504,N/A,new_parameter_combo,Q2_provisional,requires_pilot_and_Q3_k100_confirmation
4.9,40.0,4.8,0.4,False,4.8,9.897959183673471,4.9,4.9,4.8,4.8,False,0.6231144005096085,0.29834243867842064,True,True,True,1.0,True,6.043513410620894,421.3708861640492,N/A,new_parameter_combo,Q2_provisional,requires_pilot_and_Q3_k100_confirmation
4.4,40.0,5.4,0.4,False,5.4,9.8989898989899,4.4,4.4,5.4,5.4,False,0.721726953853303,1.030016846855585,True,True,True,0.968,True,6.132397637248308,460.5390435601955,N/A,new_parameter_combo,Q2_provisional,requires_pilot_and_Q3_k100_confirmation
5.4,40.0,4.4,0.4,False,4.4,9.8989898989899,5.4,5.4,4.4,4.4,False,0.6184778055180051,0.818999984765853,True,True,True,1.0,True,6.116114512886556,453.10075269644545,N/A,new_parameter_combo,Q2_provisional,requires_pilot_and_Q3_k100_confirmation
4.0,38.0,6.0,0.38,False,6.0,9.9,4.0,4.2,6.0,6.0,False,0.9287087810503358,1.6295390462240265,True,True,True,0.857,True,6.322538867341222,556.985310663262,N/A,new_parameter_combo,Q2_provisional,requires_pilot_and_Q3_k100_confirmation
4.8,60.0,5.0,0.6,False,5.0,9.9,4.8,4.8,4.8,5.000000000000001,False,0.7870391427654013,0.3394291808733848,True,True,True,1.0,True,5.741023458593924,311.38293549659824,N/A,new_parameter_combo,Q2_provisional,requires_pilot_and_Q3_k100_confirmation
4.8,4.0,4.85,0.04,False,4.85,9.902061855670105,4.84,4.85,4.85,4.85,False,0.7542545989253233,0.2951831690218266,True,True,True,0.808,True,6.333720469724405,563.2482485273108,N/A,new_parameter_combo,Q2_provisional,requires_pilot_and_Q3_k100_confirmation
4.9,38.0,4.8,0.38,False,4.8,9.903061224489797,4.9,4.890000000000001,4.8,4.8,False,0.6204887186726281,0.28316050332900744,True,True,True,1.0,True,6.060536899954105,428.6054933648136,N/A,new_parameter_combo,Q2_provisional,requires_pilot_and_Q3_k100_confirmation
4.9,70.0,4.5,0.7,False,4.5,9.904761904761907,4.9,4.9,4.9,4.7,False,0.5592023519336836,0.3184273552282324,True,True,True,1.0,True,6.076117019396452,435.33550923410803,N/A,new_parameter_combo,Q2_provisional,requires_pilot_and_Q3_k100_confirmation
4.9,37.0,4.8,0.37,False,4.8,9.90561224489796,4.9,4.885,4.8,4.8,False,0.6211461796796404,0.2756428173770218,True,True,True,1.0,True,6.067473614164523,431.5889428865206,N/A,new_parameter_combo,Q2_provisional,requires_pilot_and_Q3_k100_confirmation
5.4,13.0,4.75,0.13,False,4.75,9.907602339181288,5.172499999999999,4.75,4.75,4.75,False,0.727599141151281,0.44685909349983016,True,True,True,0.902,True,6.084306475480519,438.91530856629095,N/A,new_parameter_combo,Q2_provisional,requires_pilot_and_Q3_k100_confirmation
4.4,19.0,5.0,0.19,False,5.0,9.910909090909092,4.430000000000001,5.0,5.0,5.000000000000001,False,0.6460239459768582,0.5652583540410503,True,True,True,0.966,True,6.148900814390225,468.20246242638,N/A,new_parameter_combo,Q2_provisional,requires_pilot_and_Q3_k100_confirmation
4.9,50.0,4.75,0.5,False,4.75,9.911922663802363,4.9,4.9,4.825,4.75,False,0.6848045490562713,0.28961231357951484,True,True,True,1.0,True,5.905794532643082,367.1588296030665,N/A,new_parameter_combo,Q2_provisional,requires_pilot_and_Q3_k100_confirmation
4.8,13.0,4.85,0.13,False,4.85,9.913659793814434,4.8175,4.85,4.85,4.85,False,0.7817314638881134,0.30178531097359607,True,True,True,0.808,True,6.168947287607789,477.682978520375,N/A,new_parameter_combo,Q2_provisional,requires_pilot_and_Q3_k100_confirmation
4.9,69.0,4.5,0.69,False,4.5,9.9156462585034,4.9,4.9,4.9,4.680000000000001,False,0.5421547382473769,0.31394270651288597,True,True,True,1.0,True,6.033220826518668,417.05613394604654,N/A,new_parameter_combo,Q2_provisional,requires_pilot_and_Q3_k100_confirmation
4.9,31.0,4.8,0.31,False,4.8,9.920918367346939,4.9,4.855,4.8,4.8,False,0.6519250340338218,0.26341021247860363,True,True,True,0.999,True,6.087043473040411,440.11826418717516,N/A,new_parameter_combo,Q2_provisional,requires_pilot_and_Q3_k100_confirmation
4.9,71.0,4.4,0.71,False,4.4,9.921150278293137,4.9,4.9,4.9,4.675,False,0.5248956407453482,0.3114722273346813,True,True,True,1.0,True,6.179303883652556,482.65585475276566,N/A,new_parameter_combo,Q2_provisional,requires_pilot_and_Q3_k100_confirmation
4.8,19.0,4.85,0.19,False,4.85,9.921391752577321,4.802499999999999,4.85,4.85,4.85,False,0.6367022820112767,0.3055414333454908,True,True,True,0.916,True,6.108359907280181,449.6007232724163,N/A,new_parameter_combo,Q2_provisional,requires_pilot_and_Q3_k100_confirmation
5.2,60.0,4.0,0.6,False,4.0,9.923076923076925,5.2,5.2,5.2,4.0,False,0.47514766770178823,0.7590132386421669,True,True,True,1.0,True,6.175688958621582,480.91423982234943,N/A,new_parameter_combo,Q2_provisional,requires_pilot_and_Q3_k100_confirmation
4.9,30.0,4.8,0.3,False,4.8,9.923469387755102,4.9,4.8500000000000005,4.8,4.8,False,0.6612496865475125,0.26372196692880956,True,True,True,0.999,True,6.086630045121955,439.93634461724344,N/A,new_parameter_combo,Q2_provisional,requires_pilot_and_Q3_k100_confirmation
4.65,60.0,5.5,0.6,False,5.5,9.92375366568915,4.65,4.65,4.65,5.5,False,0.8055555069297822,0.648273507900655,True,True,True,0.988,True,5.819709633058414,336.8742222896397,N/A,new_parameter_combo,Q2_provisional,requires_pilot_and_Q3_k100_confirmation
4.8,65.0,5.0,0.65,False,5.0,9.925,4.8,4.8,4.8,4.95,False,0.6903430085021176,0.3017069444729564,True,True,True,1.0,True,5.803856779517089,331.5759122093969,N/A,new_parameter_combo,Q2_provisional,requires_pilot_and_Q3_k100_confirmation
4.8,22.0,4.85,0.22,False,4.85,9.925257731958764,4.8,4.845,4.85,4.85,False,0.5749108182836637,0.30375434424177566,True,True,True,0.982,True,6.0928446394414175,442.6788835822944,N/A,new_parameter_combo,Q2_provisional,requires_pilot_and_Q3_k100_confirmation
6.0,27.0,4.4,0.27,False,4.4,9.927272727272728,6.000000000000001,4.96,4.4,4.4,False,0.7143085710628688,1.1745565407913134,True,True,True,1.0,True,6.082585153134635,438.1604437069661,N/A,new_parameter_combo,Q2_provisional,requires_pilot_and_Q3_k100_confirmation
4.8,24.0,4.85,0.24,False,4.85,9.927835051546394,4.8,4.84,4.85,4.85,False,0.602640448529703,0.298878190232667,True,True,True,0.99,True,6.087974617298923,440.5282686389612,N/A,new_parameter_combo,Q2_provisional,requires_pilot_and_Q3_k100_confirmation
4.65,58.0,5.4,0.58,False,5.4,9.92831541218638,4.65,4.65,4.7250000000000005,5.4,False,0.7964239469756841,0.6001883681911775,True,True,True,0.997,True,5.807042481168606,332.63389846003395,N/A,new_parameter_combo,Q2_provisional,requires_pilot_and_Q3_k100_confirmation
4.9,27.0,4.8,0.27,False,4.8,9.931122448979593,4.9,4.835,4.8,4.8,False,0.6955442187266611,0.26626177325191563,True,True,True,0.997,True,6.080161998668902,437.0999986011195,N/A,new_parameter_combo,Q2_provisional,requires_pilot_and_Q3_k100_confirmation
4.8,27.0,4.85,0.27,False,4.85,9.931701030927837,4.8,4.8325,4.85,4.85,False,0.6514598989960932,0.29186998461450236,True,True,True,0.99,True,6.088879818710206,440.92721598605283,N/A,new_parameter_combo,Q2_provisional,requires_pilot_and_Q3_k100_confirmation
5.6,40.0,4.25,0.4,False,4.25,9.9327731092437,5.599999999999999,5.599999999999999,4.25,4.25,False,0.5769748694700665,1.0587245459697048,True,True,True,1.0,True,6.192682504998215,489.1565126328152,N/A,new_parameter_combo,Q2_provisional,requires_pilot_and_Q3_k100_confirmation
6.0,22.0,4.5,0.22,False,4.5,9.933333333333334,6.000000000000001,4.6499999999999995,4.5,4.5,False,0.7301126031409854,1.2827786045159193,True,True,True,0.997,True,6.030592092300836,415.96124393390204,N/A,new_parameter_combo,Q2_provisional,requires_pilot_and_Q3_k100_confirmation
4.65,37.0,5.0,0.37,False,5.0,9.934193548387096,4.65,4.702500000000001,5.0,5.000000000000001,False,0.7970214201216006,0.43746787212440663,True,True,True,0.999,True,6.090529763038096,441.65532184697116,N/A,new_parameter_combo,Q2_provisional,requires_pilot_and_Q3_k100_confirmation
4.9,70.0,4.4,0.7,False,4.4,9.935064935064934,4.9,4.9,4.9,4.65,False,0.5050814492813644,0.3087720256015049,True,True,True,1.0,True,6.132074900961464,460.3904348813265,N/A,new_parameter_combo,Q2_provisional,requires_pilot_and_Q3_k100_confirmation
4.8,30.0,4.85,0.3,False,4.85,9.93556701030928,4.8,4.825,4.85,4.85,False,0.7073318650724981,0.285252964779892,True,True,True,1.0,True,6.095347865163259,443.7883968519075,N/A,new_parameter_combo,Q2_provisional,requires_pilot_and_Q3_k100_confirmation
4.8,31.0,4.85,0.31,False,4.85,9.936855670103094,4.8,4.8225,4.85,4.85,False,0.7213875518748574,0.28313900876924436,True,True,True,1.0,True,6.095761293081715,443.9719092970233,N/A,new_parameter_combo,Q2_provisional,requires_pilot_and_Q3_k100_confirmation
4.9,24.0,4.8,0.24,False,4.8,9.938775510204081,4.9,4.82,4.8,4.8,False,0.6639139704841901,0.2711474892358334,True,True,True,0.99,True,6.079256797257619,436.70451408908804,N/A,new_parameter_combo,Q2_provisional,requires_pilot_and_Q3_k100_confirmation
4.0,27.0,5.4,0.27,False,5.4,9.93888888888889,4.0,4.91,5.4,5.4,False,0.6069260116962109,0.894079215907096,True,True,True,0.847,True,6.187241988705809,486.50247487059295,N/A,new_parameter_combo,Q2_provisional,requires_pilot_and_Q3_k100_confirmation
4.65,38.0,5.0,0.38,False,5.0,9.943225806451613,4.65,4.6850000000000005,5.0,5.000000000000001,False,0.8217317957415626,0.4443806426720315,True,True,True,1.0,True,6.0835930488276775,438.6022863592892,N/A,new_parameter_combo,Q2_provisional,requires_pilot_and_Q3_k100_confirmation
4.9,22.0,4.8,0.22,False,4.8,9.943877551020408,4.9,4.8100000000000005,4.8,4.8,False,0.6388495119976161,0.2756487876624179,True,True,True,0.947,True,6.0841268194001135,438.8364618451826,N/A,new_parameter_combo,Q2_provisional,requires_pilot_and_Q3_k100_confirmation
4.8,37.0,4.85,0.37,False,4.85,9.94458762886598,4.8,4.8075,4.85,4.85,False,0.6936975756989584,0.2714920798498789,True,True,True,1.0,True,6.076191434205827,435.36790584842083,N/A,new_parameter_combo,Q2_provisional,requires_pilot_and_Q3_k100_confirmation
4.8,69.0,5.0,0.69,False,5.0,9.945,4.8,4.8,4.8,4.91,False,0.6258398438930535,0.27567361506580584,True,True,True,0.985,True,5.932113652895152,376.95041473473174,N/A,new_parameter_combo,Q2_provisional,requires_pilot_and_Q3_k100_confirmation
4.8,38.0,4.85,0.38,False,4.85,9.945876288659795,4.8,4.805,4.85,4.85,False,0.6931089380465382,0.2697336749985587,True,True,True,1.0,True,6.069254719995409,432.3583334488527,N/A,new_parameter_combo,Q2_provisional,requires_pilot_and_Q3_k100_confirmation
4.8,40.0,4.85,0.4,False,4.85,9.948453608247425,4.8,4.8,4.85,4.85,False,0.6954604993257697,0.2663830906805136,True,True,True,1.0,True,6.052231230662198,425.06038052733663,N/A,new_parameter_combo,Q2_provisional,requires_pilot_and_Q3_k100_confirmation
5.2,40.0,4.5,0.4,False,4.5,9.94871794871795,5.2,5.2,4.5,4.5,False,0.6515288143423644,0.6602832117749016,True,True,True,1.0,True,6.092068920634541,442.33562240118243,N/A,new_parameter_combo,Q2_provisional,requires_pilot_and_Q3_k100_confirmation
4.9,69.0,4.4,0.69,False,4.4,9.948979591836734,4.9,4.9,4.9,4.625,False,0.4861396509276752,0.30875794164771053,True,True,True,1.0,True,6.089178708083679,441.05902414243366,N/A,new_parameter_combo,Q2_provisional,requires_pilot_and_Q3_k100_confirmation
5.4,38.0,4.4,0.38,False,4.4,9.94949494949495,5.4,5.3,4.4,4.4,False,0.6425459564283706,0.766514848005704,True,True,True,1.0,True,6.133138002219767,460.88013678719466,N/A,new_parameter_combo,Q2_provisional,requires_pilot_and_Q3_k100_confirmation
4.8,70.0,5.0,0.7,False,5.0,9.950000000000001,4.8,4.8,4.8,4.9,False,0.6119907295549699,0.2698846631900925,True,True,True,0.976,True,5.975009845772937,393.4719751077485,N/A,new_parameter_combo,Q2_provisional,requires_pilot_and_Q3_k100_confirmation
4.9,40.0,4.75,0.4,False,4.75,9.950590762620838,4.9,4.9,4.75,4.75,False,0.6251512317031777,0.26010871916568484,True,True,True,1.0,True,6.053913197556632,425.77591960334894,N/A,new_parameter_combo,Q2_provisional,requires_pilot_and_Q3_k100_confirmation
4.9,19.0,4.8,0.19,False,4.8,9.951530612244898,4.8950000000000005,4.8,4.8,4.8,False,0.6094210409085342,0.2766000224772524,True,True,True,0.898,True,6.099642087238877,445.69822045108623,N/A,new_parameter_combo,Q2_provisional,requires_pilot_and_Q3_k100_confirmation
4.0,30.0,5.5,0.3,False,5.5,9.954545454545453,4.0,4.75,5.499999999999999,5.5,False,0.6292204441584355,0.9998729253903399,True,True,True,0.847,True,6.211573387372554,498.4849445157287,N/A,new_parameter_combo,Q2_provisional,requires_pilot_and_Q3_k100_confirmation
4.8,71.0,5.0,0.71,False,5.0,9.955000000000002,4.8,4.8,4.8,4.89,False,0.6059468261509827,0.2644226737435668,True,True,True,0.924,True,6.022238828464029,412.50108186075204,N/A,new_parameter_combo,Q2_provisional,requires_pilot_and_Q3_k100_confirmation
4.9,38.0,4.75,0.38,False,4.75,9.958324382384532,4.9,4.885,4.75,4.75,False,0.5927952850689686,0.23751638038652692,True,True,True,1.0,True,6.070936686889844,433.08615776886717,N/A,new_parameter_combo,Q2_provisional,requires_pilot_and_Q3_k100_confirmation
4.9,65.0,4.5,0.65,False,4.5,9.95918367346939,4.9,4.9,4.9,4.6,False,0.5364044363982788,0.31246685449800093,True,True,True,1.0,True,5.904963953140604,366.85400161450815,N/A,new_parameter_combo,Q2_provisional,requires_pilot_and_Q3_k100_confirmation
5.6,27.0,4.5,0.27,False,4.5,9.959523809523812,5.599999999999999,4.885,4.5,4.5,False,0.6951143506353348,0.826649528818775,True,True,True,1.0,True,6.069152750079733,432.3142481537744,N/A,new_parameter_combo,Q2_provisional,requires_pilot_and_Q3_k100_confirmation
4.4,22.0,5.0,0.22,False,5.0,9.96,4.4,4.94,5.0,5.000000000000001,False,0.6403124237432852,0.5341872218779999,True,True,True,0.966,True,6.1333855465514615,460.9942391747638,N/A,new_parameter_combo,Q2_provisional,requires_pilot_and_Q3_k100_confirmation
4.65,40.0,5.0,0.4,False,5.0,9.961290322580645,4.65,4.65,5.0,5.000000000000001,False,0.8460522257062202,0.4436090715263441,True,True,True,1.0,True,6.066569559494465,431.19893920604596,N/A,new_parameter_combo,Q2_provisional,requires_pilot_and_Q3_k100_confirmation
4.8,50.0,4.85,0.5,False,4.85,9.961340206185568,4.8,4.8,4.825,4.85,False,0.7732729275024202,0.25493842924471843,True,True,True,1.0,True,5.904112565748647,366.54179966410516,N/A,new_parameter_combo,Q2_provisional,requires_pilot_and_Q3_k100_confirmation
4.9,37.0,4.75,0.37,False,4.75,9.962191192266381,4.9,4.8774999999999995,4.75,4.75,False,0.5934834256578797,0.226439158799247,True,True,True,1.0,True,6.077873401100263,436.1007964290246,N/A,new_parameter_combo,Q2_provisional,requires_pilot_and_Q3_k100_confirmation
7.0,24.0,4.25,0.24,False,4.25,9.963025210084034,7.0,4.8,4.25,4.25,False,0.9327403667884945,2.1449075303479046,True,True,True,0.946,True,6.1541335672551485,470.65887148873253,N/A,new_parameter_combo,Q2_provisional,requires_pilot_and_Q3_k100_confirmation
5.2,13.0,4.75,0.13,False,4.75,9.963157894736842,5.0425,4.75,4.75,4.75,False,0.7142857142857141,0.3494137669951378,True,True,True,0.947,True,6.116218764793515,453.14799177629783,N/A,new_parameter_combo,Q2_provisional,requires_pilot_and_Q3_k100_confirmation
4.65,60.0,5.4,0.6,False,5.4,9.96415770609319,4.65,4.65,4.65,5.4,False,0.7521433870911176,0.6235712077053883,True,True,True,0.996,True,5.801846280844721,330.909948961548,N/A,new_parameter_combo,Q2_provisional,requires_pilot_and_Q3_k100_confirmation
5.6,65.0,3.0,0.65,False,3.0,9.964285714285715,5.599999999999999,5.599999999999999,5.6,3.6500000000000004,True,0.30312993105604175,0.9116492990876474,True,True,True,1.0,True,6.400270416772297,602.0078088716584,N/A,existing_parameter_combo,Q2_provisional,requires_pilot_and_Q3_k100_confirmation
4.9,71.0,4.25,0.71,False,4.25,9.964465786314527,4.9,4.9,4.9,4.6075,False,0.5134478541970859,0.3087548141490253,True,True,True,1.0,True,6.283524345054034,535.6732382574108,N/A,new_parameter_combo,Q2_provisional,requires_pilot_and_Q3_k100_confirmation
4.65,13.0,4.85,0.13,False,4.85,9.966079148653144,4.72,4.85,4.85,4.85,False,0.8165587205661652,0.28831830656252744,True,True,True,0.808,True,6.19014461038252,487.91665892767526,N/A,new_parameter_combo,Q2_provisional,requires_pilot_and_Q3_k100_confirmation
4.9,13.0,4.8,0.13,False,4.8,9.966836734693876,4.865,4.8,4.8,4.8,False,0.7351045496931656,0.24271531948602262,True,True,True,0.808,True,6.160229467566485,473.5367236882901,N/A,new_parameter_combo,Q2_provisional,requires_pilot_and_Q3_k100_confirmation
4.8,55.0,4.85,0.55,False,4.85,9.96778350515464,4.8,4.8,4.812499999999999,4.85,False,0.7295525606668174,0.2502991813038998,True,True,True,1.0,True,5.7933688769459035,328.1165487900919,N/A,new_parameter_combo,Q2_provisional,requires_pilot_and_Q3_k100_confirmation
4.8,58.0,4.85,0.58,False,4.85,9.971649484536083,4.8,4.8,4.805,4.85,False,0.7244998274671983,0.24788684343415268,True,True,True,1.0,True,5.753078652860271,315.159434755621,N/A,new_parameter_combo,Q2_provisional,requires_pilot_and_Q3_k100_confirmation
4.8,60.0,4.85,0.6,False,4.85,9.974226804123713,4.8,4.8,4.8,4.85,False,0.7267498236136346,0.24643848188215123,True,True,True,1.0,True,5.747882452536386,313.5260505695672,N/A,new_parameter_combo,Q2_provisional,requires_pilot_and_Q3_k100_confirmation
5.4,37.0,4.4,0.37,False,4.4,9.974747474747476,5.4,5.25,4.4,4.4,False,0.6457142857142861,0.7531105362880621,True,True,True,1.0,True,6.140074716430186,464.088244580838,N/A,new_parameter_combo,Q2_provisional,requires_pilot_and_Q3_k100_confirmation
5.4,31.0,4.5,0.31,False,4.5,9.977777777777778,5.4,4.995,4.5,4.5,False,0.6447306281759563,0.7480783548675728,True,True,True,1.0,True,6.103686693741062,447.5045448447816,N/A,new_parameter_combo,Q2_provisional,requires_pilot_and_Q3_k100_confirmation
4.8,65.0,4.85,0.65,False,4.85,9.980670103092784,4.8,4.8,4.8,4.8374999999999995,False,0.7196516305739578,0.2420370702763509,True,True,True,1.0,True,5.810715773459551,333.85800687253607,N/A,new_parameter_combo,Q2_provisional,requires_pilot_and_Q3_k100_confirmation
4.9,70.0,4.25,0.7,False,4.25,9.983193277310926,4.9,4.9,4.9,4.575,False,0.5283359755508087,0.3158182956723668,True,True,True,1.0,True,6.2362953623629425,510.96207098108266,N/A,new_parameter_combo,Q2_provisional,requires_pilot_and_Q3_k100_confirmation
5.2,38.0,4.5,0.38,False,4.5,9.984615384615385,5.2,5.13,4.5,4.5,False,0.6975174637562115,0.6648877830595361,True,True,True,1.0,True,6.109092409967753,449.9301776589283,N/A,new_parameter_combo,Q2_provisional,requires_pilot_and_Q3_k100_confirmation
4.9,31.0,4.75,0.31,False,4.75,9.985392051557465,4.9,4.8325,4.75,4.75,False,0.6256246878121098,0.23618438982492881,True,True,True,0.999,True,6.097443259976149,444.71928370383034,N/A,new_parameter_combo,Q2_provisional,requires_pilot_and_Q3_k100_confirmation
5.6,58.0,3.5,0.58,False,3.5,9.985714285714286,5.599999999999999,5.599999999999999,5.39,3.4999999999999996,True,0.42295426008310755,0.8814347644732464,True,True,True,1.0,True,6.43824516253654,625.3085216235099,N/A,existing_parameter_combo,Q2_provisional,requires_pilot_and_Q3_k100_confirmation
4.8,69.0,4.85,0.69,False,4.85,9.985824742268042,4.8,4.8,4.8,4.8275,False,0.658027742731325,0.23903905202280423,True,True,True,0.994,True,5.938972646837615,379.54480262015534,N/A,new_parameter_combo,Q2_provisional,requires_pilot_and_Q3_k100_confirmation
4.8,70.0,4.85,0.7,False,4.85,9.987113402061857,4.8,4.8,4.8,4.825,False,0.6448702606425774,0.23836457487686902,True,True,True,0.988,True,5.9818688397154,396.1800738007599,N/A,new_parameter_combo,Q2_provisional,requires_pilot_and_Q3_k100_confirmation
4.8,71.0,4.85,0.71,False,4.85,9.988402061855671,4.8,4.8,4.8,4.8225,False,0.6327301549472674,0.23772063664269386,True,True,True,0.976,True,6.0290978224064915,415.34014972663243,N/A,new_parameter_combo,Q2_provisional,requires_pilot_and_Q3_k100_confirmation
4.9,30.0,4.75,0.3,False,4.75,9.98925886143931,4.9,4.825,4.75,4.75,False,0.6353354609646652,0.24072259512361388,True,True,True,0.999,True,6.097029832057694,444.5354623371325,N/A,new_parameter_combo,Q2_provisional,requires_pilot_and_Q3_k100_confirmation
4.9,4.0,4.8,0.04,False,4.8,9.989795918367347,4.819999999999999,4.8,4.8,4.8,False,0.6886626532635554,0.21465776610941645,True,True,True,0.808,True,6.325002649683101,558.3592931382084,N/A,new_parameter_combo,Q2_provisional,requires_pilot_and_Q3_k100_confirmation
5.2,71.0,3.0,0.71,False,3.0,9.992307692307692,5.2,5.2,5.2,4.21,True,0.5871971646764669,0.6675231207815558,True,True,True,1.0,True,6.678217224322053,794.9007183856239,N/A,existing_parameter_combo,Q2_provisional,requires_pilot_and_Q3_k100_confirmation
5.2,58.0,4.0,0.58,False,4.0,9.992307692307692,5.2,5.2,5.08,4.0,True,0.4716990566028302,0.666344430766444,True,True,True,1.0,True,6.1808851589454665,483.4196702730146,N/A,existing_parameter_combo,Q2_provisional,requires_pilot_and_Q3_k100_confirmation
4.4,24.0,5.0,0.24,False,5.0,9.992727272727272,4.4,4.88,5.0,5.000000000000001,True,0.6428571428571432,0.5020425098508491,True,True,True,0.989,True,6.128515524408968,458.754644885701,N/A,existing_parameter_combo,Q2_provisional,requires_pilot_and_Q3_k100_confirmation
4.9,2.0,4.8,0.02,False,4.8,9.994897959183673,4.8100000000000005,4.8,4.8,4.8,False,0.7199710347064848,0.22380954118065133,True,True,True,0.808,True,6.3736605898257155,586.1997429800352,N/A,new_parameter_combo,Q2_provisional,requires_pilot_and_Q3_k100_confirmation
4.0,31.0,5.5,0.31,False,5.5,9.995454545454546,4.0,4.675,5.499999999999999,5.5,False,0.6515288143423645,1.0212943785844433,True,True,True,0.847,True,6.21198681529101,498.6910747157754,N/A,new_parameter_combo,Q2_provisional,requires_pilot_and_Q3_k100_confirmation
4.65,19.0,4.85,0.19,False,4.85,9.998004655803127,4.66,4.85,4.85,4.85,True,0.6790094685778448,0.29602922268528636,True,True,True,0.966,True,6.129557230054912,459.2327811847852,N/A,existing_parameter_combo,Q2_provisional,requires_pilot_and_Q3_k100_confirmation
5.4,30.0,4.5,0.3,False,4.5,10.0,5.4,4.95,4.5,4.5,False,0.6300016450010918,0.764954461905657,True,True,True,1.0,True,6.103273265822606,447.3195722113672,N/A,new_parameter_combo,Q2_provisional,requires_pilot_and_Q3_k100_confirmation
4.8,80.0,4.8,0.8,True,4.8,10.000000000000002,4.8,4.8,4.8,4.8,True,0.6091182151274094,0.2333372072577528,True,True,True,0.908,True,6.65682950995369,778.080127059085,N/A,existing_parameter_combo,Q2_provisional,requires_pilot_and_Q3_k100_confirmation
5.2,65.0,3.6,0.65,False,3.6,10.000000000000002,5.2,5.2,5.2,4.000000000000001,False,0.5096937856223489,0.7496562823170927,True,True,True,1.0,True,6.525065019584451,682.0241171337639,N/A,new_parameter_combo,Q2_provisional,requires_pilot_and_Q3_k100_confirmation
6.0,50.0,3.6,0.5,False,3.6,10.000000000000002,6.000000000000001,6.000000000000001,4.8,3.6000000000000005,True,0.4714420993730029,1.1569067555327142,True,True,True,1.0,True,6.516371574760622,676.1206759030631,N/A,existing_parameter_combo,Q2_provisional,requires_pilot_and_Q3_k100_confirmation
5.4,60.0,3.6,0.6,False,3.6,10.000000000000002,5.4,5.4,5.4,3.6000000000000005,True,0.4714420993730029,0.5838227218563016,True,True,True,1.0,True,6.43031940934829,620.372069008439,N/A,existing_parameter_combo,Q2_provisional,requires_pilot_and_Q3_k100_confirmation
6.0,40.0,4.0,0.4,False,4.0,10.000000000000002,6.000000000000001,6.000000000000001,4.0,4.0,False,0.42899027152282204,1.4798746035381851,True,True,True,1.0,True,6.377947499634468,588.7181225844062,N/A,new_parameter_combo,Q2_provisional,requires_pilot_and_Q3_k100_confirmation
4.8,4.0,4.8,0.04,False,4.8,10.000000000000002,4.8,4.8,4.8,4.8,False,0.7510659092250163,0.2333372072577528,True,True,True,0.808,True,6.341415771452949,567.5993337328151,N/A,new_parameter_combo,Q2_provisional,requires_pilot_and_Q3_k100_confirmation
4.0,40.0,6.0,0.4,False,6.0,10.000000000000002,4.0,4.0,6.0,6.0,True,0.9228053287367265,1.8280612728700716,True,True,True,0.857,True,6.30551537800801,547.5837280852837,N/A,existing_parameter_combo,Q2_provisional,requires_pilot_and_Q3_k100_confirmation
6.0,60.0,3.0,0.6,False,3.0,10.000000000000002,6.000000000000001,6.000000000000001,6.0,3.0,True,0.4714420993730029,1.314875553946953,True,True,True,1.0,True,6.2949116173390225,541.8079578478145,N/A,existing_parameter_combo,Q2_provisional,requires_pilot_and_Q3_k100_confirmation
4.8,13.0,4.8,0.13,False,4.8,10.000000000000002,4.8,4.8,4.8,4.8,False,0.7683124895722137,0.2333372072577528,True,True,True,0.808,True,6.176642589336333,481.37307315661286,N/A,new_parameter_combo,Q2_provisional,requires_pilot_and_Q3_k100_confirmation
4.8,19.0,4.8,0.19,False,4.8,10.000000000000002,4.8,4.8,4.8,4.8,False,0.6201530423358153,0.2333372072577528,True,True,True,0.898,True,6.116055209008725,453.07388286151314,N/A,new_parameter_combo,Q2_provisional,requires_pilot_and_Q3_k100_confirmation
4.8,31.0,4.8,0.31,False,4.8,10.000000000000002,4.8,4.8,4.8,4.8,False,0.6954135460285484,0.2333372072577528,True,True,True,1.0,True,6.103456594810258,447.4015863732546,N/A,new_parameter_combo,Q2_provisional,requires_pilot_and_Q3_k100_confirmation
4.8,30.0,4.8,0.3,False,4.8,10.000000000000002,4.8,4.8,4.8,4.8,False,0.7041625508071157,0.2333372072577528,True,True,True,0.999,True,6.103043166891803,447.21665629694894,N/A,new_parameter_combo,Q2_provisional,requires_pilot_and_Q3_k100_confirmation
4.8,22.0,4.8,0.22,False,4.8,10.000000000000002,4.8,4.8,4.8,4.8,False,0.5845703114079536,0.2333372072577528,True,True,True,0.957,True,6.100539941169962,446.0985720521303,N/A,new_parameter_combo,Q2_provisional,requires_pilot_and_Q3_k100_confirmation
4.8,27.0,4.8,0.27,False,4.8,10.000000000000002,4.8,4.8,4.8,4.8,False,0.66,0.2333372072577528,True,True,True,0.983,True,6.096575120438749,444.33337284707653,N/A,new_parameter_combo,Q2_provisional,requires_pilot_and_Q3_k100_confirmation
4.8,24.0,4.8,0.24,False,4.8,10.000000000000002,4.8,4.8,4.8,4.8,False,0.6118623294533515,0.2333372072577528,True,True,True,0.983,True,6.0956699190274675,443.93134363705144,N/A,new_parameter_combo,Q2_provisional,requires_pilot_and_Q3_k100_confirmation
4.8,37.0,4.8,0.37,False,4.8,10.000000000000002,4.8,4.8,4.8,4.8,False,0.6666455778977405,0.2333372072577528,True,True,True,1.0,True,6.083886735934372,438.7311171127992,N/A,new_parameter_combo,Q2_provisional,requires_pilot_and_Q3_k100_confirmation
4.8,38.0,4.8,0.38,False,4.8,10.000000000000002,4.8,4.8,4.8,4.8,False,0.6660330322138686,0.2333372072577528,True,True,True,1.0,True,6.0769500217239525,435.6982958065952,N/A,new_parameter_combo,Q2_provisional,requires_pilot_and_Q3_k100_confirmation
4.8,40.0,4.8,0.4,False,4.8,10.000000000000002,4.8,4.8,4.8,4.8,False,0.668479847207415,0.2333372072577528,True,True,True,1.0,True,6.059926532390741,428.3439662961233,N/A,new_parameter_combo,Q2_provisional,requires_pilot_and_Q3_k100_confirmation
4.8,71.0,4.8,0.71,False,4.8,10.000000000000002,4.8,4.8,4.8,4.8,False,0.6611712705340371,0.2333372072577528,True,True,True,0.996,True,6.036793124135036,418.54864684216295,N/A,new_parameter_combo,Q2_provisional,requires_pilot_and_Q3_k100_confirmation
4.8,70.0,4.8,0.7,False,4.8,10.000000000000002,4.8,4.8,4.8,4.8,False,0.6727983747462724,0.2333372072577528,True,True,True,0.996,True,5.989564141443944,399.24055958538014,N/A,new_parameter_combo,Q2_provisional,requires_pilot_and_Q3_k100_confirmation
4.8,69.0,4.8,0.69,False,4.8,10.000000000000002,4.8,4.8,4.8,4.8,False,0.6854199517114181,0.2333372072577528,True,True,True,0.998,True,5.9466679485661595,382.47678115683874,N/A,new_parameter_combo,Q2_provisional,requires_pilot_and_Q3_k100_confirmation
4.8,50.0,4.8,0.5,False,4.8,10.000000000000002,4.8,4.8,4.8,4.8,False,0.7491001404406245,0.2333372072577528,True,True,True,1.0,True,5.91180786747719,369.37333017642754,N/A,new_parameter_combo,Q2_provisional,requires_pilot_and_Q3_k100_confirmation
4.8,65.0,4.8,0.65,False,4.8,10.000000000000002,4.8,4.8,4.8,4.8,False,0.7156116265125941,0.2333372072577528,True,True,True,1.0,True,5.818411075188095,336.4370555215827,N/A,new_parameter_combo,Q2_provisional,requires_pilot_and_Q3_k100_confirmation
4.8,55.0,4.8,0.55,False,4.8,10.000000000000002,4.8,4.8,4.8,4.8,False,0.7142857142857142,0.2333372072577528,True,True,True,1.0,True,5.801064178674448,330.6512447520492,N/A,new_parameter_combo,Q2_provisional,requires_pilot_and_Q3_k100_confirmation
4.8,58.0,4.8,0.58,False,4.8,10.000000000000002,4.8,4.8,4.8,4.8,False,0.6928924880528002,0.2333372072577528,True,True,True,1.0,True,5.7607739545888155,317.5940371845246,N/A,new_parameter_combo,Q2_provisional,requires_pilot_and_Q3_k100_confirmation
4.8,60.0,4.8,0.6,False,4.8,10.000000000000002,4.8,4.8,4.8,4.8,False,0.7010211211118377,0.2333372072577528,True,True,True,1.0,True,5.75557775426493,315.9480351274247,N/A,new_parameter_combo,Q2_provisional,requires_pilot_and_Q3_k100_confirmation
5.6,38.0,4.25,0.38,False,4.25,10.000840336134456,5.599999999999999,5.465,4.25,4.25,True,0.5797976423912478,1.0175991087490308,True,True,True,1.0,True,6.209705994331427,497.5549458060469,N/A,existing_parameter_combo,Q2_provisional,requires_pilot_and_Q3_k100_confirmation
4.9,27.0,4.75,0.27,False,4.75,10.000859291084854,4.9,4.8025,4.75,4.75,True,0.6709558556299225,0.2576197772544514,True,True,True,0.998,True,6.09056178560464,441.66946501035363,N/A,existing_parameter_combo,Q2_provisional,requires_pilot_and_Q3_k100_confirmation
4.9,69.0,4.25,0.69,False,4.25,10.001920768307322,4.9,4.9,4.9,4.5425,True,0.544317701534758,0.32722115841856186,True,True,True,1.0,True,6.193399169485158,489.5071993813355,N/A,existing_parameter_combo,Q2_provisional,requires_pilot_and_Q3_k100_confirmation
5.2,37.0,4.5,0.37,False,4.5,10.002564102564103,5.2,5.095000000000001,4.5,4.5,True,0.6790094685778448,0.666344430766444,True,True,True,1.0,True,6.116029124178171,453.0620646601887,N/A,existing_parameter_combo,Q2_provisional,requires_pilot_and_Q3_k100_confirmation
5.6,31.0,4.4,0.31,False,4.4,10.003246753246753,5.599999999999999,5.06,4.4,4.4,False,0.687689120555657,0.8609469181327376,True,True,True,1.0,True,6.131992106016254,460.3523184584406,N/A,new_parameter_combo,Q2_provisional,requires_pilot_and_Q3_k100_confirmation
5.2,50.0,4.25,0.5,False,4.25,10.00452488687783,5.2,5.2,4.7250000000000005,4.25,False,0.5743258026164418,0.7166017996446975,True,True,True,1.0,True,6.10412859868748,447.7023430174699,N/A,new_parameter_combo,Q2_provisional,requires_pilot_and_Q3_k100_confirmation
4.9,65.0,4.4,0.65,False,4.4,10.004638218923933,4.9,4.9,4.9,4.525,False,0.538497650308481,0.3346005841430794,True,True,True,1.0,True,5.960921834705615,387.9676014446866,N/A,new_parameter_combo,Q2_provisional,requires_pilot_and_Q3_k100_confirmation
7.0,31.0,4.0,0.31,False,4.0,10.007142857142858,7.0,5.6499999999999995,4.0,4.0,False,0.7477616257736099,1.6146550420874652,True,True,True,0.994,True,6.389710716184302,595.6842329527982,N/A,new_parameter_combo,Q2_provisional,requires_pilot_and_Q3_k100_confirmation
4.8,71.0,4.75,0.71,False,4.75,10.01184210526316,4.8,4.8,4.8,4.7775,False,0.6907586039852076,0.2316115319747195,True,True,True,0.998,True,6.047192911070774,422.9241764429328,N/A,new_parameter_combo,Q2_provisional,requires_pilot_and_Q3_k100_confirmation
4.9,24.0,4.75,0.24,False,4.75,10.012459720730398,4.9,4.78,4.75,4.75,False,0.6746715943361496,0.27871140285117063,True,True,True,0.971,True,6.089656584193358,441.2698460824019,N/A,new_parameter_combo,Q2_provisional,requires_pilot_and_Q3_k100_confirmation
4.8,70.0,4.75,0.7,False,4.75,10.013157894736842,4.8,4.8,4.8,4.7749999999999995,False,0.7018957565488094,0.23158901925080533,True,True,True,0.996,True,5.999963928379683,403.41424142493105,N/A,new_parameter_combo,Q2_provisional,requires_pilot_and_Q3_k100_confirmation
4.9,60.0,4.5,0.6,False,4.5,10.013605442176871,4.9,4.9,4.9,4.5,False,0.656191178121817,0.3462996478200934,True,True,True,1.0,True,5.842130632217439,344.51258886761195,N/A,new_parameter_combo,Q2_provisional,requires_pilot_and_Q3_k100_confirmation
4.65,22.0,4.85,0.22,False,4.85,10.013967409378118,4.65,4.829999999999999,4.85,4.85,False,0.6166340340005205,0.3262019827315488,True,True,True,0.966,True,6.114041962216149,452.16265089523966,N/A,new_parameter_combo,Q2_provisional,requires_pilot_and_Q3_k100_confirmation
4.8,69.0,4.75,0.69,False,4.75,10.014473684210527,4.8,4.8,4.8,4.7725,False,0.7140031583992348,0.2316004973275261,True,True,True,0.998,True,5.957067735501898,386.4752135736804,N/A,new_parameter_combo,Q2_provisional,requires_pilot_and_Q3_k100_confirmation
6.0,31.0,4.25,0.31,False,4.25,10.017647058823531,6.000000000000001,5.2124999999999995,4.25,4.25,True,0.5801055498610507,1.1922950525477236,True,True,True,1.0,True,6.193687088907623,489.6481583029059,N/A,existing_parameter_combo,Q2_provisional,requires_pilot_and_Q3_k100_confirmation
4.8,65.0,4.75,0.65,False,4.75,10.019736842105265,4.8,4.8,4.8,4.7625,False,0.6800735254367725,0.23198599261793384,True,True,True,1.0,True,5.828810862123834,339.9541862215316,N/A,new_parameter_combo,Q2_provisional,requires_pilot_and_Q3_k100_confirmation
4.9,22.0,4.75,0.22,False,4.75,10.020193340494094,4.9,4.765,4.75,4.75,False,0.6500220757632714,0.29466564224528935,True,True,True,0.971,True,6.094526606335853,443.4240813326372,N/A,new_parameter_combo,Q2_provisional,requires_pilot_and_Q3_k100_confirmation
4.65,65.0,5.5,0.65,False,5.5,10.023460410557185,4.65,4.65,4.65,5.2875,False,0.7113807221788874,0.5630805388588369,True,True,True,0.842,True,5.882542953981579,358.72029203327594,N/A,new_parameter_combo,Q2_provisional,requires_pilot_and_Q3_k100_confirmation
4.65,24.0,4.85,0.24,False,4.85,10.024609245094778,4.65,4.8100000000000005,4.85,4.85,False,0.5783798459260742,0.3402941692539745,True,True,True,0.982,True,6.109171940073654,449.9659620765563,N/A,new_parameter_combo,Q2_provisional,requires_pilot_and_Q3_k100_confirmation
4.8,60.0,4.75,0.6,False,4.75,10.026315789473685,4.8,4.8,4.8,4.75,False,0.6836889733240532,0.23322765375841925,True,True,True,1.0,True,5.7659775412006695,319.250972528932,N/A,new_parameter_combo,Q2_provisional,requires_pilot_and_Q3_k100_confirmation
5.6,4.0,4.75,0.04,False,4.75,10.028571428571428,4.92,4.75,4.75,4.75,False,0.9638623409205787,0.31271288226883553,True,True,True,0.8,True,6.221427188307315,503.42119640835114,N/A,new_parameter_combo,Q2_provisional,requires_pilot_and_Q3_k100_confirmation
4.8,58.0,4.75,0.58,False,4.75,10.028947368421052,4.8,4.8,4.795,4.75,False,0.6800735254367721,0.23314138950616126,True,True,True,1.0,True,5.771173741524554,320.9141819782382,N/A,new_parameter_combo,Q2_provisional,requires_pilot_and_Q3_k100_confirmation
4.9,19.0,4.75,0.19,False,4.75,10.031793770139636,4.8925,4.75,4.75,4.75,False,0.6211231802968243,0.31274219860659014,True,True,True,0.947,True,6.110041874174616,450.35757312444406,N/A,new_parameter_combo,Q2_provisional,requires_pilot_and_Q3_k100_confirmation
5.6,30.0,4.4,0.3,False,4.4,10.032467532467532,5.599999999999999,5.0,4.4,4.4,False,0.6870953354520759,0.856351617305724,True,True,True,1.0,True,6.131578678097798,460.1620352945603,N/A,new_parameter_combo,Q2_provisional,requires_pilot_and_Q3_k100_confirmation
4.8,55.0,4.75,0.55,False,4.75,10.032894736842106,4.8,4.8,4.7875,4.75,False,0.715404837579851,0.2332911953942392,True,True,True,1.0,True,5.811463965610187,334.1078902814509,N/A,new_parameter_combo,Q2_provisional,requires_pilot_and_Q3_k100_confirmation
6.0,19.0,4.5,0.19,False,4.5,10.033333333333335,5.925,4.5,4.5,4.5,False,0.7515990606428294,1.2951109500330737,True,True,True,0.995,True,6.046107360139599,422.4653198105615,N/A,new_parameter_combo,Q2_provisional,requires_pilot_and_Q3_k100_confirmation
5.6,37.0,4.25,0.37,False,4.25,10.034873949579833,5.599999999999999,5.397499999999999,4.25,4.25,False,0.5833068993038831,0.984277825926774,True,True,True,1.0,True,6.216642708541845,501.0183406716477,N/A,new_parameter_combo,Q2_provisional,requires_pilot_and_Q3_k100_confirmation
4.9,58.0,4.5,0.58,False,4.5,10.035374149659864,4.9,4.9,4.86,4.5,False,0.6757279710181656,0.33809124200651647,True,True,True,1.0,True,5.847326832541324,346.30740436549627,N/A,new_parameter_combo,Q2_provisional,requires_pilot_and_Q3_k100_confirmation
6.0,24.0,4.4,0.24,False,4.4,10.036363636363637,6.000000000000001,4.72,4.4,4.4,False,0.662561510429063,1.2491068671071266,True,True,True,1.0,True,6.081679951723353,437.7639997128563,N/A,new_parameter_combo,Q2_provisional,requires_pilot_and_Q3_k100_confirmation
5.6,24.0,4.5,0.24,False,4.5,10.038095238095238,5.599999999999999,4.72,4.5,4.5,False,0.6550042841424002,0.9047623445787129,True,True,True,0.998,True,6.0682475486684515,431.92309374969665,N/A,new_parameter_combo,Q2_provisional,requires_pilot_and_Q3_k100_confirmation
4.8,50.0,4.75,0.5,False,4.75,10.039473684210527,4.8,4.8,4.7749999999999995,4.75,False,0.7263270753649236,0.2342829370553632,True,True,True,1.0,True,5.922207654412929,373.23477842650755,N/A,new_parameter_combo,Q2_provisional,requires_pilot_and_Q3_k100_confirmation
4.65,27.0,4.85,0.27,False,4.85,10.04057199866977,4.65,4.779999999999999,4.85,4.85,False,0.582613990992321,0.36080344781643414,True,True,True,0.99,True,6.110077141484936,450.37345630480735,N/A,new_parameter_combo,Q2_provisional,requires_pilot_and_Q3_k100_confirmation
4.4,27.0,5.0,0.27,False,5.0,10.041818181818183,4.4,4.79,5.0,5.000000000000001,False,0.6560550001831452,0.4915216208108078,True,True,True,0.989,True,6.12942072582025,459.17009824379846,N/A,new_parameter_combo,Q2_provisional,requires_pilot_and_Q3_k100_confirmation
4.9,71.0,4.0,0.71,False,4.0,10.043877551020408,4.9,4.9,4.9,4.495,False,0.618489045157303,0.35416297026334725,True,True,True,1.0,True,6.511314818200396,672.7103281559606,N/A,new_parameter_combo,Q2_provisional,requires_pilot_and_Q3_k100_confirmation
4.65,50.0,5.0,0.5,False,5.0,10.051612903225807,4.65,4.65,4.825,5.000000000000001,False,0.8275398635505764,0.41642778450040296,True,True,True,1.0,True,5.918450894580914,371.8352554847732,N/A,new_parameter_combo,Q2_provisional,requires_pilot_and_Q3_k100_confirmation
4.65,13.0,4.8,0.13,False,4.8,10.05241935483871,4.702500000000001,4.8,4.8,4.8,False,0.803721434411608,0.3398353971026551,True,True,True,0.808,True,6.197839912111064,491.68580860853103,N/A,new_parameter_combo,Q2_provisional,requires_pilot_and_Q3_k100_confirmation
4.8,40.0,4.75,0.4,False,4.75,10.05263157894737,4.8,4.8,4.75,4.75,False,0.6428571428571429,0.23899399201007154,True,True,True,1.0,True,6.0703263193264805,432.82189668242506,N/A,new_parameter_combo,Q2_provisional,requires_pilot_and_Q3_k100_confirmation
4.65,65.0,5.4,0.65,False,5.4,10.053763440860216,4.65,4.65,4.65,5.2125,False,0.6502788108863425,0.5236192328106831,True,True,True,0.952,True,5.864679601767886,352.3692395381408,N/A,new_parameter_combo,Q2_provisional,requires_pilot_and_Q3_k100_confirmation
4.9,13.0,4.75,0.13,False,4.75,10.05499462943072,4.8475,4.75,4.75,4.75,False,0.7340154623572938,0.2894118961196228,True,True,True,0.808,True,6.170629254502224,478.48710154085796,N/A,new_parameter_combo,Q2_provisional,requires_pilot_and_Q3_k100_confirmation
4.8,38.0,4.75,0.38,False,4.75,10.055263157894737,4.8,4.795,4.75,4.75,False,0.640312423743285,0.2380736392325557,True,True,True,1.0,True,6.087349808659692,440.2531087409822,N/A,new_parameter_combo,Q2_provisional,requires_pilot_and_Q3_k100_confirmation
4.0,30.0,5.4,0.3,False,5.4,10.055555555555554,4.0,4.7,5.4,5.4,False,0.5816514139473392,0.9606232047089432,True,True,True,0.847,True,6.193710035158862,489.6593940214732,N/A,new_parameter_combo,Q2_provisional,requires_pilot_and_Q3_k100_confirmation
5.4,50.0,4.0,0.5,False,4.0,10.055555555555555,5.4,5.4,4.7,4.0,False,0.428990271522822,0.697382355390626,True,True,True,1.0,True,6.300006782520846,544.5756037087875,N/A,new_parameter_combo,Q2_provisional,requires_pilot_and_Q3_k100_confirmation
4.65,30.0,4.85,0.3,False,4.85,10.056534752244763,4.65,4.75,4.85,4.85,False,0.6444822959918596,0.3869990569564709,True,True,True,0.999,True,6.11654518793799,453.29593391324124,N/A,new_parameter_combo,Q2_provisional,requires_pilot_and_Q3_k100_confirmation
4.8,37.0,4.75,0.37,False,4.75,10.05657894736842,4.8,4.7925,4.75,4.75,False,0.6409495506907017,0.23772576283452343,True,True,True,1.0,True,6.09428652287011,443.31763532087217,N/A,new_parameter_combo,Q2_provisional,requires_pilot_and_Q3_k100_confirmation
6.0,30.0,4.25,0.3,False,4.25,10.058823529411764,6.000000000000001,5.124999999999999,4.25,4.25,False,0.593323396691235,1.2009968089788785,True,True,True,1.0,True,6.193273660989167,489.4457659242555,N/A,new_parameter_combo,Q2_provisional,requires_pilot_and_Q3_k100_confirmation
5.6,55.0,3.6,0.55,False,3.6,10.05952380952381,5.599999999999999,5.599999999999999,5.1000000000000005,3.6000000000000005,False,0.41502643141794,0.7874393263011952,True,True,True,1.0,True,6.448153364467988,631.5350003907033,N/A,new_parameter_combo,Q2_provisional,requires_pilot_and_Q3_k100_confirmation
4.4,13.0,4.85,0.13,False,4.85,10.061387066541705,4.5575,4.85,4.85,4.85,False,0.765847536380181,0.35855828886640295,True,True,True,0.829,True,6.216347188660296,500.8703016662706,N/A,new_parameter_combo,Q2_provisional,requires_pilot_and_Q3_k100_confirmation
4.65,31.0,4.85,0.31,False,4.85,10.061855670103094,4.65,4.74,4.85,4.85,False,0.6662798649354246,0.39680699601187197,True,True,True,1.0,True,6.116958615856445,453.48337785225215,N/A,new_parameter_combo,Q2_provisional,requires_pilot_and_Q3_k100_confirmation
4.8,31.0,4.75,0.31,False,4.75,10.064473684210526,4.8,4.7775,4.75,4.75,False,0.670820393249937,0.24092349917240363,True,True,True,0.999,True,6.113856381745998,452.078746123686,N/A,new_parameter_combo,Q2_provisional,requires_pilot_and_Q3_k100_confirmation
4.8,30.0,4.75,0.3,False,4.75,10.06578947368421,4.8,4.775,4.75,4.75,False,0.6798859448166169,0.2434606281576429,True,True,True,0.999,True,6.113442953827541,451.8918827786213,N/A,new_parameter_combo,Q2_provisional,requires_pilot_and_Q3_k100_confirmation
5.4,27.0,4.5,0.27,False,4.5,10.066666666666668,5.4,4.815,4.5,4.5,False,0.5919218364439546,0.7380551805390861,True,True,True,1.0,True,6.0968052193695526,444.4356252447214,N/A,new_parameter_combo,Q2_provisional,requires_pilot_and_Q3_k100_confirmation
4.9,55.0,4.5,0.55,False,4.5,10.068027210884352,4.9,4.9,4.800000000000001,4.5,False,0.756115289907996,0.33833469043179404,True,True,True,1.0,True,5.887617056626957,360.54510133568164,N/A,new_parameter_combo,Q2_provisional,requires_pilot_and_Q3_k100_confirmation
4.8,27.0,4.75,0.27,False,4.75,10.069736842105264,4.8,4.7675,4.75,4.75,False,0.6708203932499369,0.25134831609039704,True,True,True,0.997,True,6.106974907374489,448.97845733168987,N/A,new_parameter_combo,Q2_provisional,requires_pilot_and_Q3_k100_confirmation
5.2,40.0,4.4,0.4,False,4.4,10.06993006993007,5.2,5.2,4.4,4.4,False,0.6057142857142858,0.727350813016896,True,True,True,1.0,True,6.148026802199552,467.79342654372863,N/A,new_parameter_combo,Q2_provisional,requires_pilot_and_Q3_k100_confirmation
5.2,65.0,3.5,0.65,False,3.5,10.071428571428573,5.2,5.2,5.2,3.9250000000000007,False,0.44275632492975897,0.7900483904055206,True,True,True,1.0,True,6.555447041738636,703.0633782560932,N/A,new_parameter_combo,Q2_provisional,requires_pilot_and_Q3_k100_confirmation
4.9,70.0,4.0,0.7,False,4.0,10.071428571428573,4.9,4.9,4.9,4.45,False,0.6309032438189117,0.38538372676110694,True,True,True,1.0,True,6.464085835509304,641.6774964586874,N/A,new_parameter_combo,Q2_provisional,requires_pilot_and_Q3_k100_confirmation
7.0,30.0,4.0,0.3,False,4.0,10.071428571428573,7.0,5.5,4.0,4.0,False,0.7580617739084493,1.6477302239391245,True,True,True,0.994,True,6.389297288265846,595.4380113612584,N/A,new_parameter_combo,Q2_provisional,requires_pilot_and_Q3_k100_confirmation
4.8,24.0,4.75,0.24,False,4.75,10.073684210526316,4.8,4.76,4.75,4.75,False,0.6235186526512912,0.25962081928345376,True,True,True,0.99,True,6.106069705963206,448.5722252871263,N/A,new_parameter_combo,Q2_provisional,requires_pilot_and_Q3_k100_confirmation
4.9,60.0,4.4,0.6,False,4.4,10.07421150278293,4.9,4.9,4.9,4.4,False,0.6579033836703517,0.4125858960324215,True,True,True,1.0,True,5.89808851378245,364.34037023512445,N/A,new_parameter_combo,Q2_provisional,requires_pilot_and_Q3_k100_confirmation
4.8,71.0,4.5,0.71,False,4.5,10.075000000000001,4.8,4.8,4.8,4.665,False,0.6003825311195102,0.25479801957969556,True,True,True,1.0,True,6.1397591238573925,463.94180488658304,N/A,new_parameter_combo,Q2_provisional,requires_pilot_and_Q3_k100_confirmation
4.8,22.0,4.75,0.22,False,4.75,10.076315789473686,4.8,4.755,4.75,4.75,False,0.5967599592630121,0.26533190271791046,True,True,True,0.971,True,6.1109397281057,450.76211002221316,N/A,new_parameter_combo,Q2_provisional,requires_pilot_and_Q3_k100_confirmation
4.65,19.0,4.8,0.19,False,4.8,10.076612903225808,4.657500000000001,4.8,4.8,4.8,False,0.6635162834613536,0.3895823084630894,True,True,True,0.966,True,6.137252531783456,462.78034829275214,N/A,new_parameter_combo,Q2_provisional,requires_pilot_and_Q3_k100_confirmation
4.9,65.0,4.25,0.65,False,4.25,10.076830732292919,4.9,4.9,4.9,4.4125,False,0.6173975375621086,0.4069544805014567,True,True,True,1.0,True,6.065142296107094,430.5839437321052,N/A,new_parameter_combo,Q2_provisional,requires_pilot_and_Q3_k100_confirmation
5.2,70.0,3.0,0.7,False,3.0,10.076923076923078,5.2,5.2,5.2,4.1,False,0.5724138826594134,0.7159064416323664,True,True,True,1.0,True,6.630988241630961,758.2311160661192,N/A,new_parameter_combo,Q2_provisional,requires_pilot_and_Q3_k100_confirmation
4.8,19.0,4.75,0.19,False,4.75,10.080263157894738,4.797499999999999,4.75,4.75,4.75,False,0.6057968272600703,0.2706256669333623,True,True,True,0.898,True,6.126454995944464,457.8103410982157,N/A,new_parameter_combo,Q2_provisional,requires_pilot_and_Q3_k100_confirmation
4.8,70.0,4.5,0.7,False,4.5,10.083333333333334,4.8,4.8,4.8,4.6499999999999995,False,0.5831389374824525,0.26766297599167793,True,True,True,1.0,True,6.092530141166301,442.53968372718174,N/A,new_parameter_combo,Q2_provisional,requires_pilot_and_Q3_k100_confirmation
4.8,13.0,4.75,0.13,False,4.75,10.088157894736844,4.7825,4.75,4.75,4.75,False,0.7567721464434675,0.26808359888450195,True,True,True,0.808,True,6.187042376272072,486.40537261929575,N/A,new_parameter_combo,Q2_provisional,requires_pilot_and_Q3_k100_confirmation
4.65,22.0,4.8,0.22,False,4.8,10.088709677419356,4.65,4.785,4.8,4.8,False,0.5995310933452536,0.4031523212503769,True,True,True,0.982,True,6.121737263944692,455.65560134104345,N/A,new_parameter_combo,Q2_provisional,requires_pilot_and_Q3_k100_confirmation
4.9,4.0,4.75,0.04,False,4.75,10.089795918367347,4.779999999999999,4.75,4.75,4.75,False,0.6874999999999999,0.26983372980886966,True,True,True,0.808,True,6.33540243661884,564.1964105997604,N/A,new_parameter_combo,Q2_provisional,requires_pilot_and_Q3_k100_confirmation
5.6,22.0,4.5,0.22,False,4.5,10.090476190476192,5.599999999999999,4.609999999999999,4.5,4.5,False,0.6057968272600703,0.9752450873553483,True,True,True,0.998,True,6.073117570810945,434.031699089959,N/A,new_parameter_combo,Q2_provisional,requires_pilot_and_Q3_k100_confirmation
4.4,30.0,5.0,0.3,False,5.0,10.090909090909092,4.4,4.7,5.0,5.000000000000001,False,0.670820393249937,0.5277814543548408,True,True,True,0.972,True,6.135888772273303,462.1496573447938,N/A,new_parameter_combo,Q2_provisional,requires_pilot_and_Q3_k100_confirmation
4.4,50.0,5.5,0.5,False,5.5,10.090909090909092,4.4,4.4,4.95,5.5,False,0.8582136169071768,0.9446064953712457,True,True,True,0.999,True,6.00214232454845,404.2939953412585,N/A,new_parameter_combo,Q2_provisional,requires_pilot_and_Q3_k100_confirmation
5.4,40.0,4.25,0.4,False,4.25,10.091503267973856,5.4,5.4,4.25,4.25,False,0.5657868820663547,0.8944995747286161,True,True,True,1.0,True,6.2203349742880345,502.8716528842323,N/A,new_parameter_combo,Q2_provisional,requires_pilot_and_Q3_k100_confirmation
4.8,69.0,4.5,0.69,False,4.5,10.091666666666667,4.8,4.8,4.8,4.635,False,0.5668117061283067,0.28100452733256065,True,True,True,1.0,True,6.049633948288516,423.9578111550571,N/A,new_parameter_combo,Q2_provisional,requires_pilot_and_Q3_k100_confirmation
4.65,37.0,4.85,0.37,False,4.85,10.093781177253076,4.65,4.680000000000001,4.85,4.85,False,0.7640388661780314,0.42834918081839835,True,True,True,1.0,True,6.097388756980559,444.69504583119596,N/A,new_parameter_combo,Q2_provisional,requires_pilot_and_Q3_k100_confirmation
4.0,31.0,5.4,0.31,False,5.4,10.094444444444445,4.0,4.630000000000001,5.4,5.4,False,0.6057142857142859,0.964641829983731,True,True,True,0.847,True,6.194123463077318,489.86187473820263,N/A,new_parameter_combo,Q2_provisional,requires_pilot_and_Q3_k100_confirmation
5.4,60.0,3.5,0.6,False,3.5,10.095238095238097,5.4,5.4,5.4,3.4999999999999996,False,0.4229542600831077,0.7161143013594375,True,True,True,1.0,True,6.460701431502475,639.5094713743855,N/A,new_parameter_combo,Q2_provisional,requires_pilot_and_Q3_k100_confirmation
5.2,55.0,4.0,0.55,False,4.0,10.096153846153847,5.2,5.2,4.9,4.0,False,0.4849291185317704,0.7166512420830523,True,True,True,1.0,True,6.221175383031099,503.29444825353335,N/A,new_parameter_combo,Q2_provisional,requires_pilot_and_Q3_k100_confirmation
4.65,24.0,4.8,0.24,False,4.8,10.096774193548386,4.65,4.7700000000000005,4.8,4.8,False,0.560110030416765,0.40498371078916984,True,True,True,0.99,True,6.116867241802199,453.4419431305425,N/A,new_parameter_combo,Q2_provisional,requires_pilot_and_Q3_k100_confirmation
4.65,55.0,5.0,0.55,False,5.0,10.096774193548386,4.65,4.65,4.7375,5.000000000000001,False,0.8151159810112917,0.4289739786367661,True,True,True,1.0,True,5.807707205778172,332.8550819032107,N/A,new_parameter_combo,Q2_provisional,requires_pilot_and_Q3_k100_confirmation
4.9,2.0,4.75,0.02,False,4.75,10.097529538131042,4.765,4.75,4.75,4.75,False,0.7299029324617942,0.28943822135941594,True,True,True,0.808,True,6.384060376761455,592.3279059707049,N/A,new_parameter_combo,Q2_provisional,requires_pilot_and_Q3_k100_confirmation
4.9,69.0,4.0,0.69,False,4.0,10.098979591836734,4.9,4.9,4.9,4.404999999999999,False,0.6443459941708974,0.42142286722396044,True,True,True,1.0,True,6.42118964263152,614.733993062174,N/A,new_parameter_combo,Q2_provisional,requires_pilot_and_Q3_k100_confirmation
4.65,38.0,4.85,0.38,False,4.85,10.099102095111407,4.65,4.670000000000001,4.85,4.85,False,0.7635044613491132,0.43493724732290245,True,True,True,1.0,True,6.09045204277014,441.6209976108749,N/A,new_parameter_combo,Q2_provisional,requires_pilot_and_Q3_k100_confirmation
6.0,38.0,4.0,0.38,False,4.0,10.1,6.000000000000001,5.800000000000001,4.0,4.0,False,0.4689893606556158,1.2361875372623474,True,True,True,1.0,True,6.394970988967679,598.8259504119118,N/A,new_parameter_combo,Q2_provisional,requires_pilot_and_Q3_k100_confirmation
4.8,4.0,4.75,0.04,False,4.75,10.1,4.76,4.75,4.75,4.75,False,0.7500000000000002,0.2958948873350462,True,True,True,0.808,True,6.3518155583886875,573.5330470654537,N/A,new_parameter_combo,Q2_provisional,requires_pilot_and_Q3_k100_confirmation
4.9,58.0,4.4,0.58,False,4.4,10.102040816326532,4.9,4.9,4.8500000000000005,4.4,False,0.708101892961971,0.414221217684604,True,True,True,1.0,True,5.903284714106335,366.23848300119903,N/A,new_parameter_combo,Q2_provisional,requires_pilot_and_Q3_k100_confirmation
4.8,71.0,4.4,0.71,False,4.4,10.102272727272728,4.8,4.8,4.8,4.62,False,0.550326433740439,0.2950531376567696,True,True,True,1.0,True,6.195717005422403,490.64311268139124,N/A,new_parameter_combo,Q2_provisional,requires_pilot_and_Q3_k100_confirmation
4.8,2.0,4.75,0.02,False,4.75,10.102631578947369,4.755,4.75,4.75,4.75,False,0.7521737207071577,0.3024745959897524,True,True,True,0.808,True,6.400473498531302,602.1300780913232,N/A,new_parameter_combo,Q2_provisional,requires_pilot_and_Q3_k100_confirmation
4.4,31.0,5.0,0.31,False,5.0,10.107272727272727,4.4,4.670000000000001,5.0,5.000000000000001,False,0.6628633004640104,0.5490076428506702,True,True,True,0.972,True,6.136302200191759,462.3407624170092,N/A,new_parameter_combo,Q2_provisional,requires_pilot_and_Q3_k100_confirmation
4.65,27.0,4.8,0.27,False,4.8,10.108870967741936,4.65,4.7475,4.8,4.8,False,0.592147838381599,0.41071311629982954,True,True,True,0.99,True,6.117772443213481,453.8525852462703,N/A,new_parameter_combo,Q2_provisional,requires_pilot_and_Q3_k100_confirmation
6.0,22.0,4.4,0.22,False,4.4,10.109090909090911,6.000000000000001,4.5600000000000005,4.4,4.4,False,0.6795917141631321,1.3644978673804073,True,True,True,0.997,True,6.086549973865847,439.90111977179026,N/A,new_parameter_combo,Q2_provisional,requires_pilot_and_Q3_k100_confirmation
4.65,40.0,4.85,0.4,False,4.85,10.109743930828069,4.65,4.65,4.85,4.85,False,0.7656398426299722,0.44975759898477713,True,True,True,1.0,True,6.073428553436928,434.1666963973225,N/A,new_parameter_combo,Q2_provisional,requires_pilot_and_Q3_k100_confirmation
5.2,31.0,4.5,0.31,False,4.5,10.11025641025641,5.2,4.885,4.5,4.5,False,0.5604597067659397,0.5928375814637367,True,True,True,1.0,True,6.1355989830540585,462.01575075969737,N/A,new_parameter_combo,Q2_provisional,requires_pilot_and_Q3_k100_confirmation
5.4,58.0,3.6,0.58,False,3.6,10.11111111111111,5.4,5.4,5.220000000000001,3.6000000000000005,False,0.43916955490924403,0.6369777482289047,True,True,True,1.0,True,6.435515609672175,623.604036256924,N/A,new_parameter_combo,Q2_provisional,requires_pilot_and_Q3_k100_confirmation
3.6,22.0,5.4,0.22,False,5.4,10.11111111111111,3.6,5.220000000000001,5.4,5.4,False,0.7465854243945346,1.3249267432022687,True,True,True,0.851,True,6.180198435203497,483.0878084698346,N/A,new_parameter_combo,Q2_provisional,requires_pilot_and_Q3_k100_confirmation
5.2,38.0,4.4,0.38,False,4.4,10.111888111888113,5.2,5.12,4.4,4.4,False,0.6545917094819103,0.728038167487162,True,True,True,1.0,True,6.165050291532763,475.82507230585645,N/A,new_parameter_combo,Q2_provisional,requires_pilot_and_Q3_k100_confirmation
4.8,70.0,4.4,0.7,False,4.4,10.113636363636365,4.8,4.8,4.8,4.6000000000000005,False,0.5314612125152349,0.31004493124373184,True,True,True,1.0,True,6.1484880227313115,468.00923223985615,N/A,new_parameter_combo,Q2_provisional,requires_pilot_and_Q3_k100_confirmation
4.65,4.0,4.75,0.04,False,4.75,10.116129032258065,4.73,4.75,4.75,4.75,False,0.84375,0.3356575087577568,True,True,True,0.808,True,6.373012881163419,585.8201792652937,N/A,new_parameter_combo,Q2_provisional,requires_pilot_and_Q3_k100_confirmation
5.6,27.0,4.4,0.27,False,4.4,10.12012987012987,5.599999999999999,4.82,4.4,4.4,False,0.6924210704300605,0.8975731136417112,True,True,True,1.0,True,6.125110631644745,457.19529073810696,N/A,new_parameter_combo,Q2_provisional,requires_pilot_and_Q3_k100_confirmation
4.65,30.0,4.8,0.3,False,4.8,10.120967741935484,4.65,4.725,4.8,4.8,False,0.6531136423678033,0.41988432918751495,True,True,True,1.0,True,6.1242404896665334,456.7976389552398,N/A,new_parameter_combo,Q2_provisional,requires_pilot_and_Q3_k100_confirmation
4.9,50.0,4.5,0.5,False,4.5,10.122448979591836,4.9,4.9,4.7,4.5,False,0.6869037302955032,0.3710188489908016,True,True,True,1.0,True,5.998360745429699,402.7680127411131,N/A,new_parameter_combo,Q2_provisional,requires_pilot_and_Q3_k100_confirmation
4.65,58.0,5.0,0.58,False,5.0,10.123870967741937,4.65,4.65,4.6850000000000005,5.000000000000001,False,0.8061737426363667,0.4476799788758262,True,True,True,1.0,True,5.76741698169254,319.71084620685116,N/A,new_parameter_combo,Q2_provisional,requires_pilot_and_Q3_k100_confirmation
4.65,31.0,4.8,0.31,False,4.8,10.125,4.65,4.717499999999999,4.8,4.8,False,0.6746323876144456,0.42367003188613717,True,True,True,1.0,True,6.12465391758499,456.98653089617926,N/A,new_parameter_combo,Q2_provisional,requires_pilot_and_Q3_k100_confirmation
4.8,69.0,4.4,0.69,False,4.4,10.125,4.8,4.8,4.8,4.58,False,0.5134934373524963,0.326019933256752,True,True,True,1.0,True,6.105591829853527,448.35791454826546,N/A,new_parameter_combo,Q2_provisional,requires_pilot_and_Q3_k100_confirmation
4.8,65.0,4.5,0.65,False,4.5,10.125,4.8,4.8,4.8,4.575,False,0.5123475382979803,0.3277087073617926,True,True,True,1.0,True,5.921377074910452,372.92490597460227,N/A,new_parameter_combo,Q2_provisional,requires_pilot_and_Q3_k100_confirmation
4.65,69.0,5.4,0.69,False,5.4,10.125448028673835,4.65,4.65,4.65,5.0625,False,0.6440606046794041,0.477738824960454,True,True,True,0.908,True,5.99293647514595,400.58920474229797,N/A,new_parameter_combo,Q2_provisional,requires_pilot_and_Q3_k100_confirmation
5.4,31.0,4.4,0.31,False,4.4,10.126262626262626,5.4,4.95,4.4,4.4,False,0.6832844085065626,0.7882513579140863,True,True,True,1.0,True,6.159644575306073,473.25983670600397,N/A,new_parameter_combo,Q2_provisional,requires_pilot_and_Q3_k100_confirmation
5.2,30.0,4.5,0.3,False,4.5,10.128205128205128,5.2,4.8500000000000005,4.5,4.5,False,0.5434515366654892,0.5918991303239911,True,True,True,1.0,True,6.135185555135602,461.82478002860285,N/A,new_parameter_combo,Q2_provisional,requires_pilot_and_Q3_k100_confirmation
5.2,37.0,4.4,0.37,False,4.4,10.132867132867133,5.2,5.08,4.4,4.4,False,0.6577020136623506,0.7314045654274448,True,True,True,1.0,True,6.1719870057431825,479.13720923915275,N/A,new_parameter_combo,Q2_provisional,requires_pilot_and_Q3_k100_confirmation
5.4,24.0,4.5,0.24,False,4.5,10.133333333333333,5.4,4.680000000000001,4.5,4.5,False,0.5643888072643771,0.7788456139236071,True,True,True,0.996,True,6.095900017958271,444.0335035175613,N/A,new_parameter_combo,Q2_provisional,requires_pilot_and_Q3_k100_confirmation
4.4,19.0,4.85,0.19,False,4.85,10.137300843486411,4.4225,4.85,4.85,4.85,False,0.7264619320897076,0.46110649280707733,True,True,True,0.966,True,6.155759808332688,471.42489898292104,N/A,new_parameter_combo,Q2_provisional,requires_pilot_and_Q3_k100_confirmation
4.65,13.0,4.75,0.13,False,4.75,10.140577249575552,4.685,4.75,4.75,4.75,False,0.7926967542084759,0.3955954115511848,True,True,True,0.808,True,6.2082396990468025,496.82591795084215,N/A,new_parameter_combo,Q2_provisional,requires_pilot_and_Q3_k100_confirmation
4.65,60.0,5.0,0.6,False,5.0,10.141935483870968,4.65,4.65,4.65,5.000000000000001,False,0.8053925594049764,0.4642531274987928,True,True,True,1.0,True,5.762220781368654,318.0538733140387,N/A,new_parameter_combo,Q2_provisional,requires_pilot_and_Q3_k100_confirmation
6.0,50.0,3.5,0.5,False,3.5,10.142857142857144,6.000000000000001,6.000000000000001,4.75,3.4999999999999996,False,0.40000000000000013,1.1940653247158137,True,True,True,1.0,True,6.546753596914806,696.9778261022552,N/A,new_parameter_combo,Q2_provisional,requires_pilot_and_Q3_k100_confirmation
4.9,55.0,4.4,0.55,False,4.4,10.143784786641929,4.9,4.9,4.775000000000001,4.4,False,0.7264051302581134,0.43280107866862777,True,True,True,1.0,True,5.943574938191968,381.29560414287704,N/A,new_parameter_combo,Q2_provisional,requires_pilot_and_Q3_k100_confirmation
4.8,71.0,4.25,0.71,False,4.25,10.14558823529412,4.8,4.8,4.8,4.5525,False,0.5096297175200755,0.35386000330842476,True,True,True,1.0,True,6.299937466823883,544.5378573794889,N/A,new_parameter_combo,Q2_provisional,requires_pilot_and_Q3_k100_confirmation
4.4,13.0,4.8,0.13,False,4.8,10.147727272727273,4.54,4.8,4.8,4.8,False,0.7935505333496994,0.44548203418956334,True,True,True,0.906,True,6.22404249038884,504.73951806446536,N/A,new_parameter_combo,Q2_provisional,requires_pilot_and_Q3_k100_confirmation
4.65,37.0,4.8,0.37,False,4.8,10.149193548387098,4.65,4.6725,4.8,4.8,False,0.7395643237951733,0.4533504210646892,True,True,True,1.0,True,6.105084058709102,448.1303091275063,N/A,new_parameter_combo,Q2_provisional,requires_pilot_and_Q3_k100_confirmation
6.0,37.0,4.0,0.37,False,4.0,10.150000000000002,6.000000000000001,5.7,4.0,4.0,False,0.4902644018011805,1.128526237213777,True,True,True,1.0,True,6.4019077031780975,602.9942754170734,N/A,new_parameter_combo,Q2_provisional,requires_pilot_and_Q3_k100_confirmation
5.4,30.0,4.4,0.3,False,4.4,10.15151515151515,5.4,4.9,4.4,4.4,False,0.669404267019625,0.8366885530055194,True,True,True,1.0,True,6.159231147387617,473.06421831666376,N/A,new_parameter_combo,Q2_provisional,requires_pilot_and_Q3_k100_confirmation
4.4,50.0,5.4,0.5,False,5.4,10.151515151515152,4.4,4.4,4.9,5.4,False,0.8943673656243714,0.912317892916451,True,True,True,1.0,True,5.984278972334758,397.13607189810426,N/A,new_parameter_combo,Q2_provisional,requires_pilot_and_Q3_k100_confirmation
5.4,38.0,4.25,0.38,False,4.25,10.151633986928104,5.4,5.284999999999999,4.25,4.25,False,0.5970190618431557,0.8445727500800334,True,True,True,1.0,True,6.237358463621246,511.5055642446868,N/A,new_parameter_combo,Q2_provisional,requires_pilot_and_Q3_k100_confirmation
4.65,38.0,4.8,0.38,False,4.8,10.153225806451612,4.65,4.665000000000001,4.8,4.8,False,0.7390122208055829,0.4593581693102762,True,True,True,1.0,True,6.098147344498684,445.03251392569456,N/A,new_parameter_combo,Q2_provisional,requires_pilot_and_Q3_k100_confirmation
4.65,19.0,4.75,0.19,False,4.75,10.156876061120544,4.655,4.75,4.75,4.75,False,0.6501183418565941,0.43559999827246154,True,True,True,0.898,True,6.147652318719195,467.61827843035286,N/A,new_parameter_combo,Q2_provisional,requires_pilot_and_Q3_k100_confirmation
4.65,40.0,4.8,0.4,False,4.8,10.161290322580646,4.65,4.65,4.8,4.8,False,0.741218165334909,0.47218423375909957,True,True,True,1.0,True,6.0811238551654725,437.5206283347166,N/A,new_parameter_combo,Q2_provisional,requires_pilot_and_Q3_k100_confirmation
5.2,69.0,3.0,0.69,False,3.0,10.161538461538463,5.2,5.2,5.2,3.9899999999999993,False,0.5570627231748866,0.7905434049548667,True,True,True,1.0,True,6.588092048753176,726.3936233009588,N/A,new_parameter_combo,Q2_provisional,requires_pilot_and_Q3_k100_confirmation
4.8,70.0,4.25,0.7,False,4.25,10.161764705882355,4.8,4.8,4.8,4.5249999999999995,False,0.5246262031782484,0.3791740764537307,True,True,True,1.0,True,6.252708484132791,519.4177559427027,N/A,new_parameter_combo,Q2_provisional,requires_pilot_and_Q3_k100_confirmation
4.65,50.0,4.85,0.5,False,4.85,10.162953109411374,4.65,4.65,4.75,4.85,False,0.7954929040910318,0.476487287401076,True,True,True,1.0,True,5.925309888523378,374.3944379249413,N/A,new_parameter_combo,Q2_provisional,requires_pilot_and_Q3_k100_confirmation
4.65,22.0,4.75,0.22,False,4.75,10.165025466893042,4.65,4.74,4.75,4.75,False,0.5846687368824806,0.44696031974379696,True,True,True,0.982,True,6.132137050880432,460.41904899872117,N/A,new_parameter_combo,Q2_provisional,requires_pilot_and_Q3_k100_confirmation
4.8,60.0,4.5,0.6,False,4.5,10.166666666666668,4.8,4.8,4.8,4.5,False,0.6288327378921186,0.39366711601101484,True,True,True,1.0,True,5.858543753987287,350.21377508517827,N/A,new_parameter_combo,Q2_provisional,requires_pilot_and_Q3_k100_confirmation
5.6,19.0,4.5,0.19,False,4.5,10.169047619047621,5.545,4.5,4.5,4.5,False,0.5785273351804741,1.0111499622918871,True,True,True,0.998,True,6.088632838649708,440.8183292025593,N/A,new_parameter_combo,Q2_provisional,requires_pilot_and_Q3_k100_confirmation
4.8,65.0,4.4,0.65,False,4.4,10.170454545454547,4.8,4.8,4.8,4.5,False,0.53485836385697,0.3972780742298568,True,True,True,1.0,True,5.977334956475463,394.3879054152588,N/A,new_parameter_combo,Q2_provisional,requires_pilot_and_Q3_k100_confirmation
4.65,24.0,4.75,0.24,False,4.75,10.170458404074703,4.65,4.73,4.75,4.75,False,0.5511937705599382,0.4522482366158483,True,True,True,0.99,True,6.127267028737937,458.18224908868467,N/A,new_parameter_combo,Q2_provisional,requires_pilot_and_Q3_k100_confirmation
4.9,60.0,4.25,0.6,False,4.25,10.17046818727491,4.9,4.9,4.9,4.25,False,0.6705884751926658,0.5518183150944802,True,True,True,1.0,True,6.002308975183929,404.36137680692855,N/A,new_parameter_combo,Q2_provisional,requires_pilot_and_Q3_k100_confirmation
4.4,22.0,4.85,0.22,False,4.85,10.175257731958764,4.4,4.805,4.85,4.85,False,0.7155930892537707,0.5033439520722024,True,True,True,0.966,True,6.140244540493924,464.16706462504675,N/A,new_parameter_combo,Q2_provisional,requires_pilot_and_Q3_k100_confirmation
5.4,22.0,4.5,0.22,False,4.5,10.177777777777779,5.4,4.59,4.5,4.5,False,0.5526965725201398,0.8394561240720336,True,True,True,0.996,True,6.100770040100765,446.20123066695817,N/A,new_parameter_combo,Q2_provisional,requires_pilot_and_Q3_k100_confirmation
4.8,69.0,4.25,0.69,False,4.25,10.17794117647059,4.8,4.8,4.8,4.4975,False,0.5407175882141081,0.40554604316515575,True,True,True,1.0,True,6.209812291255006,497.6078371771431,N/A,new_parameter_combo,Q2_provisional,requires_pilot_and_Q3_k100_confirmation
5.6,55.0,3.5,0.55,False,3.5,10.178571428571429,5.599999999999999,5.599999999999999,5.075000000000001,3.4999999999999996,False,0.4427563249297587,0.8452124082230503,True,True,True,1.0,True,6.478535386622173,651.0167598289913,N/A,new_parameter_combo,Q2_provisional,requires_pilot_and_Q3_k100_confirmation
4.65,27.0,4.75,0.27,False,4.75,10.178607809847199,4.65,4.715,4.75,4.75,False,0.604184626169849,0.46125527227466595,True,True,True,0.99,True,6.128172230149219,458.59718407872055,N/A,new_parameter_combo,Q2_provisional,requires_pilot_and_Q3_k100_confirmation
5.4,37.0,4.25,0.37,False,4.25,10.18169934640523,5.4,5.2275,4.25,4.25,False,0.5824851097334803,0.8356938930775385,True,True,True,1.0,True,6.244295177831665,515.0660669788352,N/A,new_parameter_combo,Q2_provisional,requires_pilot_and_Q3_k100_confirmation
5.2,27.0,4.5,0.27,False,4.5,10.182051282051283,5.2,4.745,4.5,4.5,False,0.5505099676570769,0.6236156789088508,True,True,True,1.0,True,6.128717508682549,458.8473154680854,N/A,new_parameter_combo,Q2_provisional,requires_pilot_and_Q3_k100_confirmation
6.0,27.0,4.25,0.27,False,4.25,10.18235294117647,6.000000000000001,4.8625,4.25,4.25,False,0.6390298769803094,1.2777912867709935,True,True,True,1.0,True,6.186805614536114,486.2902240708181,N/A,new_parameter_combo,Q2_provisional,requires_pilot_and_Q3_k100_confirmation
4.8,58.0,4.5,0.58,False,4.5,10.183333333333335,4.8,4.8,4.77,4.5,False,0.6728313613501727,0.4079273232642489,True,True,True,1.0,True,5.863739954311171,352.0382921896519,N/A,new_parameter_combo,Q2_provisional,requires_pilot_and_Q3_k100_confirmation
4.65,30.0,4.75,0.3,False,4.75,10.186757215619695,4.65,4.7,4.75,4.75,False,0.6640462558037196,0.4714859946181239,True,True,True,1.0,True,6.134640276602273,461.5730255342921,N/A,new_parameter_combo,Q2_provisional,requires_pilot_and_Q3_k100_confirmation
4.65,65.0,5.0,0.65,False,5.0,10.187096774193547,4.65,4.65,4.65,4.9125000000000005,False,0.7111961978861779,0.47486004077590066,True,True,True,0.998,True,5.825054102291819,338.67945591702613,N/A,new_parameter_combo,Q2_provisional,requires_pilot_and_Q3_k100_confirmation
4.65,31.0,4.75,0.31,False,4.75,10.189473684210526,4.65,4.695,4.75,4.75,False,0.6852217585704409,0.4751547765764368,True,True,True,1.0,True,6.135053704520728,461.7638921615315,N/A,new_parameter_combo,Q2_provisional,requires_pilot_and_Q3_k100_confirmation
4.65,55.0,4.85,0.55,False,4.85,10.189557698703027,4.65,4.65,4.699999999999999,4.85,False,0.7667535466337995,0.49993946316537996,True,True,True,1.0,True,5.814566199720635,335.1459805422242,N/A,new_parameter_combo,Q2_provisional,requires_pilot_and_Q3_k100_confirmation
4.9,71.0,3.6,0.71,False,3.6,10.193877551020408,4.9,4.9,4.9,4.3149999999999995,False,0.5734741289113332,0.5335574674156545,True,True,True,1.0,True,6.797857558240101,895.9257652329861,N/A,new_parameter_combo,Q2_provisional,requires_pilot_and_Q3_k100_confirmation
6.0,58.0,3.0,0.58,False,3.0,10.200000000000003,6.000000000000001,6.000000000000001,5.699999999999999,3.0,False,0.43916955490924403,1.2690961964447154,True,True,True,1.0,True,6.300107817662907,544.6306277619058,N/A,new_parameter_combo,Q2_provisional,requires_pilot_and_Q3_k100_confirmation
4.4,24.0,4.85,0.24,False,4.85,10.200562324273664,4.4,4.76,4.85,4.85,False,0.6829049594734755,0.5274339735269118,True,True,True,0.966,True,6.135374518351431,461.9120561699168,N/A,new_parameter_combo,Q2_provisional,requires_pilot_and_Q3_k100_confirmation
4.65,50.0,4.8,0.5,False,4.8,10.201612903225808,4.65,4.65,4.7250000000000005,4.8,False,0.7757904338117849,0.504225822306057,True,True,True,1.0,True,5.933005190251921,377.2866299630656,N/A,new_parameter_combo,Q2_provisional,requires_pilot_and_Q3_k100_confirmation
4.4,37.0,5.0,0.37,False,5.0,10.205454545454543,4.4,4.49,5.0,5.000000000000001,False,0.7298657970015124,0.7410643360838132,True,True,True,0.998,True,6.116732341315871,453.38077771760766,N/A,new_parameter_combo,Q2_provisional,requires_pilot_and_Q3_k100_confirmation
4.65,58.0,4.85,0.58,False,4.85,10.205520452278018,4.65,4.65,4.67,4.85,False,0.7460322127763651,0.5167644861149754,True,True,True,1.0,True,5.7742759756350015,321.9112787141908,N/A,new_parameter_combo,Q2_provisional,requires_pilot_and_Q3_k100_confirmation
4.65,37.0,4.75,0.37,False,4.75,10.205772495755518,4.65,4.665,4.75,4.75,False,0.7164882337000461,0.49967760515442083,True,True,True,1.0,True,6.1154838456448415,452.81508698399557,N/A,new_parameter_combo,Q2_provisional,requires_pilot_and_Q3_k100_confirmation
5.6,24.0,4.4,0.24,False,4.4,10.207792207792208,5.599999999999999,4.64,4.4,4.4,False,0.6836889733240533,1.017254880734869,True,True,True,1.0,True,6.124205430233462,456.78162416972594,N/A,new_parameter_combo,Q2_provisional,requires_pilot_and_Q3_k100_confirmation
4.9,58.0,4.25,0.58,False,4.25,10.207923169267708,4.9,4.9,4.835,4.25,False,0.6596637400979379,0.5702326618733325,True,True,True,1.0,True,6.007505175507814,406.4679879709049,N/A,new_parameter_combo,Q2_provisional,requires_pilot_and_Q3_k100_confirmation
4.8,55.0,4.5,0.55,False,4.5,10.208333333333334,4.8,4.8,4.7250000000000005,4.5,False,0.7535277577054829,0.4341402897709877,True,True,True,1.0,True,5.9040301783968046,366.51160249984065,N/A,new_parameter_combo,Q2_provisional,requires_pilot_and_Q3_k100_confirmation
4.65,38.0,4.75,0.38,False,4.75,10.208488964346351,4.65,4.66,4.75,4.75,False,0.7159183350774023,0.5041559675738388,True,True,True,1.0,True,6.108547131434423,449.6849072679704,N/A,new_parameter_combo,Q2_provisional,requires_pilot_and_Q3_k100_confirmation
4.9,65.0,4.0,0.65,False,4.0,10.209183673469388,4.9,4.9,4.9,4.2250000000000005,False,0.6194592152738996,0.5947922207727862,True,True,True,1.0,True,6.292932769253456,540.736862324865,N/A,new_parameter_combo,Q2_provisional,requires_pilot_and_Q3_k100_confirmation
4.9,50.0,4.4,0.5,False,4.4,10.213358070500927,4.9,4.9,4.65,4.4,False,0.7122192429301533,0.5054272050782724,True,True,True,1.0,True,6.054318626994711,425.9485766929496,N/A,new_parameter_combo,Q2_provisional,requires_pilot_and_Q3_k100_confirmation
4.65,40.0,4.75,0.4,False,4.75,10.213921901528012,4.65,4.65,4.75,4.75,False,0.7181952162347287,0.5134223603903832,True,True,True,1.0,True,6.091523642101212,442.09449202934246,N/A,new_parameter_combo,Q2_provisional,requires_pilot_and_Q3_k100_confirmation
5.4,58.0,3.5,0.58,False,3.5,10.215873015873017,5.4,5.4,5.21,3.4999999999999996,False,0.4190763653560054,0.755122569640754,True,True,True,1.0,True,6.465897631826359,642.8411392070162,N/A,new_parameter_combo,Q2_provisional,requires_pilot_and_Q3_k100_confirmation
4.4,19.0,4.8,0.19,False,4.8,10.215909090909092,4.42,4.8,4.8,4.8,False,0.7556103088070668,0.5173828028528727,True,True,True,0.966,True,6.163455110061232,475.06665003822235,N/A,new_parameter_combo,Q2_provisional,requires_pilot_and_Q3_k100_confirmation
4.65,60.0,4.85,0.6,False,4.85,10.21616228799468,4.65,4.65,4.65,4.85,False,0.7640872781446167,0.5290106558965342,True,True,True,1.0,True,5.769079775311117,320.2429015882712,N/A,new_parameter_combo,Q2_provisional,requires_pilot_and_Q3_k100_confirmation
6.0,19.0,4.4,0.19,False,4.4,10.218181818181819,5.920000000000001,4.4,4.4,4.4,False,0.7217269538533027,1.4327402512758707,True,True,True,0.995,True,6.102065241704611,446.779525640001,N/A,new_parameter_combo,Q2_provisional,requires_pilot_and_Q3_k100_confirmation
4.65,55.0,4.8,0.55,False,4.8,10.221774193548388,4.65,4.65,4.6875,4.8,False,0.7315128168907982,0.5252238656590613,True,True,True,1.0,True,5.822261501449179,337.73497877068615,N/A,new_parameter_combo,Q2_provisional,requires_pilot_and_Q3_k100_confirmation
4.4,38.0,5.0,0.38,False,5.0,10.22181818181818,4.4,4.46,5.0,5.000000000000001,False,0.7567721464434676,0.7803263470946651,True,True,True,0.999,True,6.109795627105453,450.24668754517154,N/A,new_parameter_combo,Q2_provisional,requires_pilot_and_Q3_k100_confirmation
5.4,65.0,3.0,0.65,False,3.0,10.222222222222221,5.4,5.4,5.4,3.6000000000000005,False,0.4012893759686469,0.7230985599343448,True,True,True,1.0,True,6.427922886062116,618.8871129755391,N/A,new_parameter_combo,Q2_provisional,requires_pilot_and_Q3_k100_confirmation
4.65,69.0,5.0,0.69,False,5.0,10.223225806451614,4.65,4.65,4.65,4.8425,False,0.6487696607456934,0.5346679510403355,True,True,True,0.924,True,5.953310975669884,385.02604281288427,N/A,new_parameter_combo,Q2_provisional,requires_pilot_and_Q3_k100_confirmation
4.8,71.0,4.0,0.71,False,4.0,10.225000000000001,4.8,4.8,4.8,4.4399999999999995,False,0.5846370756324661,0.47705105047792445,True,True,True,1.0,True,6.527727939970244,683.8427133727205,N/A,new_parameter_combo,Q2_provisional,requires_pilot_and_Q3_k100_confirmation
5.4,27.0,4.4,0.27,False,4.4,10.227272727272728,5.4,4.750000000000001,4.4,4.4,False,0.633696662812093,0.8684000446840764,True,True,True,1.0,True,6.152763100934564,470.01429114558493,N/A,new_parameter_combo,Q2_provisional,requires_pilot_and_Q3_k100_confirmation
4.8,60.0,4.4,0.6,False,4.4,10.227272727272728,4.8,4.8,4.8,4.4,False,0.6549279443151728,0.49676219732098936,True,True,True,1.0,True,5.914501635552298,370.36967762303476,N/A,new_parameter_combo,Q2_provisional,requires_pilot_and_Q3_k100_confirmation
4.4,55.0,5.5,0.55,False,5.5,10.227272727272728,4.4,4.4,4.675,5.5,False,0.9414372425353976,0.9919846479115642,True,True,True,0.998,True,5.891398635745707,361.9111123738011,N/A,new_parameter_combo,Q2_provisional,requires_pilot_and_Q3_k100_confirmation
4.9,40.0,4.5,0.4,False,4.5,10.231292517006803,4.9,4.9,4.5,4.5,False,0.6803043895933643,0.5295578882510914,True,True,True,1.0,True,6.14647941034325,467.0701265636366,N/A,new_parameter_combo,Q2_provisional,requires_pilot_and_Q3_k100_confirmation
4.65,70.0,5.0,0.7,False,5.0,10.23225806451613,4.65,4.65,4.65,4.825,False,0.6354205029437002,0.541475080674731,True,True,True,0.924,True,5.996207168547668,401.90155418748606,N/A,new_parameter_combo,Q2_provisional,requires_pilot_and_Q3_k100_confirmation
6.0,13.0,4.5,0.13,False,4.5,10.233333333333334,5.4750000000000005,4.5,4.5,4.5,False,0.8486483851588081,0.9899649103281988,True,True,True,0.957,True,6.106694740467208,448.8526860451624,N/A,new_parameter_combo,Q2_provisional,requires_pilot_and_Q3_k100_confirmation
4.65,58.0,4.8,0.58,False,4.8,10.233870967741936,4.65,4.65,4.665,4.8,False,0.7264737176939027,0.5392045133510454,True,True,True,1.0,True,5.781971277363546,324.3980390475971,N/A,new_parameter_combo,Q2_provisional,requires_pilot_and_Q3_k100_confirmation
4.4,13.0,4.75,0.13,False,4.75,10.235885167464115,4.5225,4.75,4.75,4.75,False,0.8222666532090379,0.5394949544737203,True,True,True,0.808,True,6.234442277324579,510.0160915730219,N/A,new_parameter_combo,Q2_provisional,requires_pilot_and_Q3_k100_confirmation
5.2,24.0,4.5,0.24,False,4.5,10.235897435897435,5.2,4.640000000000001,4.5,4.5,False,0.5744562646538028,0.7081190582247506,True,True,True,0.996,True,6.127812307271267,458.4321541612091,N/A,new_parameter_combo,Q2_provisional,requires_pilot_and_Q3_k100_confirmation
4.9,71.0,3.5,0.71,False,3.5,10.236734693877553,4.9,4.9,4.9,4.27,False,0.5771615316992891,0.593558292134075,True,True,True,1.0,True,6.8282395803942855,923.5635212117274,N/A,new_parameter_combo,Q2_provisional,requires_pilot_and_Q3_k100_confirmation
4.9,70.0,3.6,0.7,False,3.6,10.238095238095239,4.9,4.9,4.9,4.25,False,0.5615667995957053,0.605227515090048,True,True,True,1.0,True,6.750628575549009,854.5957717394417,N/A,new_parameter_combo,Q2_provisional,requires_pilot_and_Q3_k100_confirmation
4.4,27.0,4.85,0.27,False,4.85,10.238519212746017,4.4,4.6925,4.85,4.85,False,0.6403379209926774,0.6216893123342186,True,True,True,0.966,True,6.136279719762713,462.3303689151301,N/A,new_parameter_combo,Q2_provisional,requires_pilot_and_Q3_k100_confirmation
5.6,31.0,4.25,0.31,False,4.25,10.239075630252103,5.599999999999999,4.9925,4.25,4.25,False,0.5934201285595155,0.9923317487456278,True,True,True,1.0,True,6.2362125674177324,510.91976765568626,N/A,new_parameter_combo,Q2_provisional,requires_pilot_and_Q3_k100_confirmation
4.0,37.0,5.5,0.37,False,5.5,10.24090909090909,4.0,4.2250000000000005,5.499999999999999,5.5,False,0.6978465418115702,1.2811543001858656,True,True,True,0.938,True,6.192416956415123,489.02663505914114,N/A,new_parameter_combo,Q2_provisional,requires_pilot_and_Q3_k100_confirmation
4.65,50.0,4.75,0.5,False,4.75,10.241086587436332,4.65,4.65,4.699999999999999,4.75,False,0.7850164311617162,0.5414525147025986,True,True,True,1.0,True,5.943404977187661,381.2308042659412,N/A,new_parameter_combo,Q2_provisional,requires_pilot_and_Q3_k100_confirmation
4.65,71.0,5.0,0.71,False,5.0,10.241290322580646,4.65,4.65,4.65,4.8075,False,0.6230963099550441,0.5488876369063276,True,True,True,0.924,True,6.04343615123876,421.3383325672866,N/A,new_parameter_combo,Q2_provisional,requires_pilot_and_Q3_k100_confirmation
4.65,60.0,4.8,0.6,False,4.8,10.241935483870968,4.65,4.65,4.65,4.8,False,0.7287176192617063,0.5490527430014153,True,True,True,1.0,True,5.7767750770396615,322.7167737306378,N/A,new_parameter_combo,Q2_provisional,requires_pilot_and_Q3_k100_confirmation
4.8,65.0,4.25,0.65,False,4.25,10.24264705882353,4.8,4.8,4.8,4.3875,False,0.6142259107101842,0.5182966237678501,True,True,True,1.0,True,6.081555417876942,437.7094866725815,N/A,new_parameter_combo,Q2_provisional,requires_pilot_and_Q3_k100_confirmation
4.65,65.0,4.85,0.65,False,4.85,10.242766877286332,4.65,4.65,4.65,4.8,False,0.7726577715183844,0.5498729058745631,True,True,True,0.997,True,5.831913096234282,341.01044122205974,N/A,new_parameter_combo,Q2_provisional,requires_pilot_and_Q3_k100_confirmation
5.4,19.0,4.5,0.19,False,4.5,10.244444444444445,5.355,4.5,4.5,4.5,False,0.5918774176727986,0.9229983869085268,True,True,True,0.996,True,6.1162853079395285,453.17814667257016,N/A,new_parameter_combo,Q2_provisional,requires_pilot_and_Q3_k100_confirmation
4.4,22.0,4.8,0.22,False,4.8,10.25,4.4,4.76,4.8,4.8,False,0.7009090307506068,0.5836540667196755,True,True,True,0.966,True,6.147939842222469,467.7527490067612,N/A,new_parameter_combo,Q2_provisional,requires_pilot_and_Q3_k100_confirmation
4.8,50.0,4.5,0.5,False,4.5,10.25,4.8,4.8,4.6499999999999995,4.5,False,0.689741244738835,0.48826656358379994,True,True,True,1.0,True,6.014773867199548,409.4332421617969,N/A,new_parameter_combo,Q2_provisional,requires_pilot_and_Q3_k100_confirmation
4.8,58.0,4.4,0.58,False,4.4,10.25,4.8,4.8,4.76,4.4,False,0.7053382456781474,0.5188318692814434,True,True,True,1.0,True,5.919697835876183,372.29920141643,N/A,new_parameter_combo,Q2_provisional,requires_pilot_and_Q3_k100_confirmation
4.8,70.0,4.0,0.7,False,4.0,10.250000000000002,4.8,4.8,4.8,4.3999999999999995,False,0.5758755534498965,0.5206085195714798,True,True,True,1.0,True,6.480498957279153,652.2963330909207,N/A,new_parameter_combo,Q2_provisional,requires_pilot_and_Q3_k100_confirmation
4.9,38.0,4.5,0.38,False,4.5,10.253061224489796,4.9,4.86,4.5,4.5,False,0.6462632977355284,0.5380904759913169,True,True,True,1.0,True,6.163502899676462,475.0893538331345,N/A,new_parameter_combo,Q2_provisional,requires_pilot_and_Q3_k100_confirmation
4.4,40.0,5.0,0.4,False,5.0,10.254545454545454,4.4,4.4,5.0,5.000000000000001,False,0.810926655633126,0.8626582382860071,True,True,True,1.0,True,6.092772137772242,442.6467897877667,N/A,new_parameter_combo,Q2_provisional,requires_pilot_and_Q3_k100_confirmation
4.65,55.0,4.75,0.55,False,4.75,10.254668930390492,4.65,4.65,4.675,4.75,False,0.7215214093376945,0.5573468844554501,True,True,True,1.0,True,5.832661288384918,341.26567802864787,N/A,new_parameter_combo,Q2_provisional,requires_pilot_and_Q3_k100_confirmation
5.2,60.0,3.6,0.6,False,3.6,10.256410256410257,5.2,5.2,5.2,3.6000000000000005,False,0.4960090724976714,0.8607851886878605,True,True,True,1.0,True,6.462231698661286,640.4888408735517,N/A,new_parameter_combo,Q2_provisional,requires_pilot_and_Q3_k100_confirmation
7.0,38.0,3.6,0.38,False,3.6,10.257142857142858,7.0,6.66,3.6,3.6000000000000005,False,0.6654847090348387,2.050525514993953,True,True,True,0.949,True,6.649746883137701,772.5887455447775,N/A,new_parameter_combo,Q2_provisional,requires_pilot_and_Q3_k100_confirmation
5.2,31.0,4.4,0.31,False,4.4,10.258741258741257,5.2,4.84,4.4,4.4,False,0.6044130068985635,0.7482937067014256,True,True,True,1.0,True,6.191556864619069,488.6062080910859,N/A,new_parameter_combo,Q2_provisional,requires_pilot_and_Q3_k100_confirmation
4.65,65.0,4.8,0.65,False,4.8,10.262096774193548,4.65,4.65,4.65,4.7625,False,0.7535012027196772,0.5680554782091025,True,True,True,1.0,True,5.839608397962826,343.6447423310349,N/A,new_parameter_combo,Q2_provisional,requires_pilot_and_Q3_k100_confirmation
5.2,40.0,4.25,0.4,False,4.25,10.262443438914028,5.2,5.2,4.25,4.25,False,0.5622476758329836,0.9148936938119397,True,True,True,1.0,True,6.252247263601031,519.1782450470185,N/A,new_parameter_combo,Q2_provisional,requires_pilot_and_Q3_k100_confirmation
4.65,58.0,4.75,0.58,False,4.75,10.262818336162988,4.65,4.65,4.66,4.75,False,0.7056317051524306,0.5674259130029589,True,True,True,1.0,True,5.792371064299285,327.78931323518236,N/A,new_parameter_combo,Q2_provisional,requires_pilot_and_Q3_k100_confirmation
4.9,37.0,4.5,0.37,False,4.5,10.263945578231292,4.9,4.84,4.5,4.5,False,0.628979676677609,0.5455315886341837,True,True,True,1.0,True,6.17043961388688,478.3963695559944,N/A,new_parameter_combo,Q2_provisional,requires_pilot_and_Q3_k100_confirmation
4.65,69.0,4.85,0.69,False,4.85,10.264050548719656,4.65,4.65,4.65,4.76,False,0.7156130747157171,0.5700440181989296,True,True,True,0.985,True,5.9601699696123465,387.676011779623,N/A,new_parameter_combo,Q2_provisional,requires_pilot_and_Q3_k100_confirmation
4.9,55.0,4.25,0.55,False,4.25,10.264105642256903,4.9,4.9,4.737500000000001,4.25,False,0.6232691338942643,0.6217252334732226,True,True,True,1.0,True,6.047795399593447,423.17906017975344,N/A,new_parameter_combo,Q2_provisional,requires_pilot_and_Q3_k100_confirmation
7.0,27.0,4.0,0.27,False,4.0,10.264285714285716,7.0,5.05,4.0,4.0,False,0.7943451288158502,1.9391215705990048,True,True,True,0.975,True,6.382829241812793,591.5991190941452,N/A,new_parameter_combo,Q2_provisional,requires_pilot_and_Q3_k100_confirmation
5.6,22.0,4.4,0.22,False,4.4,10.266233766233768,5.599999999999999,4.5200000000000005,4.4,4.4,False,0.6367022820112767,1.1338608016124498,True,True,True,0.998,True,6.1290754523759565,459.0115863690066,N/A,new_parameter_combo,Q2_provisional,requires_pilot_and_Q3_k100_confirmation
4.65,60.0,4.75,0.6,False,4.75,10.268251273344653,4.65,4.65,4.65,4.75,False,0.6938511141609914,0.5743581817936143,True,True,True,1.0,True,5.7871748639754,326.0904718820401,N/A,new_parameter_combo,Q2_provisional,requires_pilot_and_Q3_k100_confirmation
5.2,50.0,4.0,0.5,False,4.0,10.26923076923077,5.2,5.2,4.6000000000000005,4.0,False,0.4690959607672647,0.7970230817270813,True,True,True,1.0,True,6.331919071833842,562.2345276520037,N/A,new_parameter_combo,Q2_provisional,requires_pilot_and_Q3_k100_confirmation
4.65,70.0,4.85,0.7,False,4.85,10.269371466577985,4.65,4.65,4.65,4.75,False,0.7035333791379237,0.5755295726391301,True,True,True,0.976,True,6.003066162490131,404.6676700546106,N/A,new_parameter_combo,Q2_provisional,requires_pilot_and_Q3_k100_confirmation
5.2,22.0,4.5,0.22,False,4.5,10.271794871794873,5.2,4.57,4.5,4.5,False,0.5967599592630122,0.7970427196173394,True,True,True,0.996,True,6.132682329413761,460.6701740828127,N/A,new_parameter_combo,Q2_provisional,requires_pilot_and_Q3_k100_confirmation
4.4,24.0,4.8,0.24,False,4.8,10.272727272727272,4.4,4.72,4.8,4.8,False,0.6675021975045995,0.6444180794589996,True,True,True,0.966,True,6.143069820079974,465.4803206413993,N/A,new_parameter_combo,Q2_provisional,requires_pilot_and_Q3_k100_confirmation
5.6,30.0,4.25,0.3,False,4.25,10.27310924369748,5.599999999999999,4.925,4.25,4.25,False,0.5989600894679962,1.025861252606847,True,True,True,1.0,True,6.235799139499276,510.70858281750833,N/A,new_parameter_combo,Q2_provisional,requires_pilot_and_Q3_k100_confirmation
4.65,71.0,4.85,0.71,False,4.85,10.274692384436316,4.65,4.65,4.65,4.74,False,0.6924225671362776,0.5811824505197619,True,True,True,0.976,True,6.050295145181223,424.23822343608003,N/A,new_parameter_combo,Q2_provisional,requires_pilot_and_Q3_k100_confirmation
4.8,69.0,4.0,0.69,False,4.0,10.275,4.8,4.8,4.8,4.359999999999999,False,0.5905721888169826,0.5650951212901361,True,True,True,1.0,True,6.437602764401368,624.9069535923987,N/A,new_parameter_combo,Q2_provisional,requires_pilot_and_Q3_k100_confirmation
4.4,30.0,4.85,0.3,False,4.85,10.276476101218371,4.4,4.625,4.85,4.85,False,0.6069596362197407,0.6769624114824643,True,True,True,0.995,True,6.1427477662157655,465.3304350423373,N/A,new_parameter_combo,Q2_provisional,requires_pilot_and_Q3_k100_confirmation
4.4,55.0,5.4,0.55,False,5.4,10.277777777777777,4.4,4.4,4.65,5.4,False,0.8961607454205152,0.9814141424737128,True,True,True,0.998,True,5.873535283532015,355.503567207537,N/A,new_parameter_combo,Q2_provisional,requires_pilot_and_Q3_k100_confirmation
5.4,55.0,3.6,0.55,False,3.6,10.277777777777779,5.4,5.4,4.950000000000001,3.6000000000000005,False,0.4012893759686469,0.7773182806967601,True,True,True,1.0,True,6.475805833757808,649.2421981491831,N/A,new_parameter_combo,Q2_provisional,requires_pilot_and_Q3_k100_confirmation
4.65,69.0,4.8,0.69,False,4.8,10.278225806451614,4.65,4.65,4.65,4.7325,False,0.7408792564946616,0.5850424385799605,True,True,True,0.999,True,5.96786527134089,390.67080379858345,N/A,new_parameter_combo,Q2_provisional,requires_pilot_and_Q3_k100_confirmation
5.2,30.0,4.4,0.3,False,4.4,10.27972027972028,5.2,4.8,4.4,4.4,False,0.5886761186799422,0.7626210255277739,True,True,True,1.0,True,6.191143436700614,488.40424639470893,N/A,new_parameter_combo,Q2_provisional,requires_pilot_and_Q3_k100_confirmation
4.0,38.0,5.5,0.38,False,5.5,10.281818181818183,4.0,4.15,5.499999999999999,5.5,False,0.6770659992548282,1.3875903168175088,True,True,True,0.938,True,6.185480242204704,485.6461353857452,N/A,new_parameter_combo,Q2_provisional,requires_pilot_and_Q3_k100_confirmation
4.65,65.0,4.75,0.65,False,4.75,10.281833616298812,4.65,4.65,4.65,4.7250000000000005,False,0.719836135867046,0.5890652637639815,True,True,True,1.0,True,5.850008184898565,347.2372225685481,N/A,new_parameter_combo,Q2_provisional,requires_pilot_and_Q3_k100_confirmation
4.65,70.0,4.8,0.7,False,4.8,10.282258064516128,4.65,4.65,4.65,4.725,False,0.7292182221812791,0.5895196239205662,True,True,True,0.996,True,6.010761464218675,407.7937224070573,N/A,new_parameter_combo,Q2_provisional,requires_pilot_and_Q3_k100_confirmation
4.9,69.0,3.6,0.69,False,3.6,10.282312925170068,4.9,4.9,4.9,4.185,False,0.544593206167761,0.67975812186015,True,True,True,1.0,True,6.7077323826712245,818.7120073787103,N/A,new_parameter_combo,Q2_provisional,requires_pilot_and_Q3_k100_confirmation
4.8,55.0,4.4,0.55,False,4.4,10.28409090909091,4.8,4.8,4.7,4.4,False,0.755402649760581,0.5583514096517647,True,True,True,1.0,True,5.959988059961816,387.6054961857291,N/A,new_parameter_combo,Q2_provisional,requires_pilot_and_Q3_k100_confirmation
5.6,40.0,4.0,0.4,False,4.0,10.285714285714286,5.599999999999999,5.599999999999999,4.0,4.0,False,0.4468306760521533,1.1355381661089141,True,True,True,1.0,True,6.420472978144577,614.2935928688687,N/A,new_parameter_combo,Q2_provisional,requires_pilot_and_Q3_k100_confirmation
4.9,70.0,3.5,0.7,False,3.5,10.285714285714288,4.9,4.9,4.9,4.2,False,0.5592023519336836,0.6750469209290736,True,True,True,1.0,True,6.781010597703194,880.9585691009582,N/A,new_parameter_combo,Q2_provisional,requires_pilot_and_Q3_k100_confirmation
4.65,71.0,4.8,0.71,False,4.8,10.286290322580646,4.65,4.65,4.65,4.7175,False,0.7185047052591881,0.5940848836595931,True,True,True,0.991,True,6.057990446909766,427.5154580523053,N/A,new_parameter_combo,Q2_provisional,requires_pilot_and_Q3_k100_confirmation
4.4,31.0,4.85,0.31,False,4.85,10.289128397375821,4.4,4.6025,4.85,4.85,False,0.5981536216575477,0.6912233786598608,True,True,True,0.995,True,6.143161194134222,465.5228554087262,N/A,new_parameter_combo,Q2_provisional,requires_pilot_and_Q3_k100_confirmation
4.65,69.0,4.75,0.69,False,4.75,10.29269949066214,4.65,4.65,4.65,4.705,False,0.7595653840875596,0.6015450852125195,True,True,True,0.999,True,5.978265058276629,394.75489695973516,N/A,new_parameter_combo,Q2_provisional,requires_pilot_and_Q3_k100_confirmation
4.65,70.0,4.75,0.7,False,4.75,10.29541595925297,4.65,4.65,4.65,4.7,False,0.7561476149279486,0.6047591768542616,True,True,True,0.998,True,6.021161251154414,412.05681946127675,N/A,new_parameter_combo,Q2_provisional,requires_pilot_and_Q3_k100_confirmation
4.4,19.0,4.75,0.19,False,4.75,10.29617224880383,4.4175,4.75,4.75,4.75,False,0.7446407159955514,0.6665135323904533,True,True,True,0.966,True,6.17385489699697,480.0330218214399,N/A,new_parameter_combo,Q2_provisional,requires_pilot_and_Q3_k100_confirmation
4.65,71.0,4.75,0.71,False,4.75,10.298132427843804,4.65,4.65,4.65,4.694999999999999,False,0.7458210318029337,0.6080097391958417,True,True,True,0.996,True,6.068390233845506,431.98472716978523,N/A,new_parameter_combo,Q2_provisional,requires_pilot_and_Q3_k100_confirmation
5.4,24.0,4.4,0.24,False,4.4,10.303030303030303,5.4,4.6000000000000005,4.4,4.4,False,0.6080581598542247,0.9637276527532145,True,True,True,1.0,True,6.151857899523282,469.5890260502377,N/A,new_parameter_combo,Q2_provisional,requires_pilot_and_Q3_k100_confirmation
6.0,24.0,4.25,0.24,False,4.25,10.305882352941177,6.000000000000001,4.6,4.25,4.25,False,0.6923724372306677,1.4426188443525083,True,True,True,1.0,True,6.185900413124831,485.85023264417015,N/A,new_parameter_combo,Q2_provisional,requires_pilot_and_Q3_k100_confirmation
4.4,27.0,4.8,0.27,False,4.8,10.306818181818182,4.4,4.66,4.8,4.8,False,0.6238851280974924,0.7204800001430928,True,True,True,0.99,True,6.143975021491256,465.90186484698864,N/A,new_parameter_combo,Q2_provisional,requires_pilot_and_Q3_k100_confirmation
4.4,58.0,5.5,0.58,False,5.5,10.309090909090909,4.4,4.4,4.510000000000001,5.5,False,0.8781810979611933,1.0653046908137371,True,True,True,0.998,True,5.851108411660075,347.6194724956507,N/A,new_parameter_combo,Q2_provisional,requires_pilot_and_Q3_k100_confirmation
5.2,38.0,4.25,0.38,False,4.25,10.314027149321268,5.2,5.1049999999999995,4.25,4.25,False,0.5421547382473768,0.9066362028840924,True,True,True,1.0,True,6.269270752934243,528.0921277888724,N/A,new_parameter_combo,Q2_provisional,requires_pilot_and_Q3_k100_confirmation
4.65,80.0,4.65,0.8,True,4.65,10.32258064516129,4.65,4.65,4.65,4.65,False,0.6598780663880265,0.6388120655794111,True,True,True,0.908,True,6.717339649157222,826.6154964812457,N/A,new_parameter_combo,Q2_provisional,requires_pilot_and_Q3_k100_confirmation
4.8,60.0,4.25,0.6,False,4.25,10.323529411764707,4.8,4.8,4.8,4.25,False,0.701895756548809,0.6685455587659006,True,True,True,1.0,True,6.018722096953777,411.0529741036929,N/A,new_parameter_combo,Q2_provisional,requires_pilot_and_Q3_k100_confirmation
5.2,19.0,4.5,0.19,False,4.5,10.325641025641026,5.165,4.5,4.5,4.5,False,0.6383972277572666,0.8943918439961734,True,True,True,0.987,True,6.1481975972525245,467.8733301701732,N/A,new_parameter_combo,Q2_provisional,requires_pilot_and_Q3_k100_confirmation
5.6,13.0,4.5,0.13,False,4.5,10.326190476190478,5.215000000000001,4.5,4.5,4.5,False,0.7298657970015122,0.912991436918009,True,True,True,0.95,True,6.149220218977317,468.3520323259512,N/A,new_parameter_combo,Q2_provisional,requires_pilot_and_Q3_k100_confirmation
4.4,22.0,4.75,0.22,False,4.75,10.326315789473686,4.4,4.715,4.75,4.75,False,0.6882393983111946,0.726341260793689,True,True,True,0.966,True,6.158339629158207,472.64266088334256,N/A,new_parameter_combo,Q2_provisional,requires_pilot_and_Q3_k100_confirmation
4.0,37.0,5.4,0.37,False,5.4,10.327777777777778,4.0,4.21,5.4,5.4,False,0.7465854243945346,1.3099378313421335,True,True,True,0.938,True,6.174553604201431,480.3685415535425,N/A,new_parameter_combo,Q2_provisional,requires_pilot_and_Q3_k100_confirmation
4.9,31.0,4.5,0.31,False,4.5,10.329251700680274,4.9,4.72,4.5,4.5,False,0.54557882106988,0.661193991888541,True,True,True,1.0,True,6.1900094727627675,487.85072748675964,N/A,new_parameter_combo,Q2_provisional,requires_pilot_and_Q3_k100_confirmation
4.8,40.0,4.5,0.4,False,4.5,10.333333333333334,4.8,4.8,4.5,4.5,False,0.6687219620290632,0.6354962772626918,True,True,True,1.0,True,6.162892532113098,474.7994631807808,N/A,new_parameter_combo,Q2_provisional,requires_pilot_and_Q3_k100_confirmation
4.9,69.0,3.5,0.69,False,3.5,10.334693877551022,4.9,4.9,4.9,4.13,False,0.5421547382473769,0.761225272278402,True,True,True,1.0,True,6.738114404825409,843.9678528459002,N/A,new_parameter_combo,Q2_provisional,requires_pilot_and_Q3_k100_confirmation
7.0,37.0,3.6,0.37,False,3.6,10.338095238095239,7.0,6.49,3.6,3.6000000000000005,False,0.6562202374203345,1.9378305630374595,True,True,True,0.985,True,6.6566835973481195,777.9666036428533,N/A,new_parameter_combo,Q2_provisional,requires_pilot_and_Q3_k100_confirmation
5.2,37.0,4.25,0.37,False,4.25,10.339819004524887,5.2,5.0575,4.25,4.25,False,0.5416381991472817,0.9264090464823217,True,True,True,1.0,True,6.276207467144661,531.7680867545405,N/A,new_parameter_combo,Q2_provisional,requires_pilot_and_Q3_k100_confirmation
4.9,30.0,4.5,0.3,False,4.5,10.340136054421768,4.9,4.7,4.5,4.5,False,0.5357648785633872,0.6859776068274406,True,True,True,1.0,True,6.189596044844311,487.64907806260044,N/A,new_parameter_combo,Q2_provisional,requires_pilot_and_Q3_k100_confirmation
4.4,30.0,4.8,0.3,False,4.8,10.340909090909092,4.4,4.6000000000000005,4.8,4.8,False,0.589576118919347,0.757241151383594,True,True,True,0.995,True,6.15044306794431,468.92510644500464,N/A,new_parameter_combo,Q2_provisional,requires_pilot_and_Q3_k100_confirmation
4.8,50.0,4.4,0.5,False,4.4,10.340909090909092,4.8,4.8,4.6000000000000005,4.4,False,0.7170376452417804,0.6376284707821591,True,True,True,1.0,True,6.070731748764558,432.99741099771575,N/A,new_parameter_combo,Q2_provisional,requires_pilot_and_Q3_k100_confirmation
5.2,27.0,4.4,0.27,False,4.4,10.342657342657343,5.2,4.680000000000001,4.4,4.4,False,0.547730737186789,0.8377124321365613,True,True,True,1.0,True,6.18467539024756,485.25541939855555,N/A,new_parameter_combo,Q2_provisional,requires_pilot_and_Q3_k100_confirmation
4.4,24.0,4.75,0.24,False,4.75,10.346411483253588,4.4,4.68,4.75,4.75,False,0.6541858938203035,0.7641532210304693,True,True,True,0.982,True,6.1534696070157135,470.3464764321514,N/A,new_parameter_combo,Q2_provisional,requires_pilot_and_Q3_k100_confirmation
4.9,60.0,4.0,0.6,False,4.0,10.346938775510205,4.9,4.9,4.9,4.0,False,0.5955430766304389,0.8418551986196438,True,True,True,1.0,True,6.230099448330291,507.80598144175013,N/A,new_parameter_combo,Q2_provisional,requires_pilot_and_Q3_k100_confirmation
4.8,38.0,4.5,0.38,False,4.5,10.350000000000001,4.8,4.7700000000000005,4.5,4.5,False,0.618465843842649,0.666923931322572,True,True,True,1.0,True,6.17991602144631,482.9513970899252,N/A,new_parameter_combo,Q2_provisional,requires_pilot_and_Q3_k100_confirmation
5.2,60.0,3.5,0.6,False,3.5,10.351648351648352,5.2,5.2,5.2,3.4999999999999996,False,0.4190763653560054,0.7824023728881904,True,True,True,1.0,True,6.492613720815471,660.2468107613435,N/A,new_parameter_combo,Q2_provisional,requires_pilot_and_Q3_k100_confirmation
4.4,31.0,4.8,0.31,False,4.8,10.352272727272728,4.4,4.58,4.8,4.8,False,0.5937927213416879,0.7722014441016065,True,True,True,0.999,True,6.150856495862765,469.1190132561564,N/A,new_parameter_combo,Q2_provisional,requires_pilot_and_Q3_k100_confirmation
4.9,40.0,4.4,0.4,False,4.4,10.352504638218925,4.9,4.9,4.4,4.4,False,0.7122192429301533,0.7330503879392899,True,True,True,1.0,True,6.202437291908262,493.95147909487633,N/A,new_parameter_combo,Q2_provisional,requires_pilot_and_Q3_k100_confirmation
4.4,58.0,5.4,0.58,False,5.4,10.353535353535353,4.4,4.4,4.500000000000001,5.4,False,0.829458884343478,1.0592835750642713,True,True,True,0.998,True,5.833245059446382,341.46495721680424,N/A,new_parameter_combo,Q2_provisional,requires_pilot_and_Q3_k100_confirmation
5.4,22.0,4.4,0.22,False,4.4,10.353535353535355,5.4,4.5,4.4,4.4,False,0.5972214842715472,1.061423211708885,True,True,True,0.998,True,6.156727921665776,471.8815127044288,N/A,new_parameter_combo,Q2_provisional,requires_pilot_and_Q3_k100_confirmation
5.6,19.0,4.4,0.19,False,4.4,10.353896103896105,5.539999999999999,4.4,4.4,4.4,False,0.5773991651521218,1.2293607905721218,True,True,True,0.998,True,6.14459072021472,466.188808356746,N/A,new_parameter_combo,Q2_provisional,requires_pilot_and_Q3_k100_confirmation
4.8,58.0,4.25,0.58,False,4.25,10.355882352941176,4.8,4.8,4.745,4.25,False,0.6806393303058412,0.7030015529870078,True,True,True,1.0,True,6.023918297277661,413.1944466426144,N/A,new_parameter_combo,Q2_provisional,requires_pilot_and_Q3_k100_confirmation
5.6,50.0,3.6,0.5,False,3.6,10.357142857142858,5.599999999999999,5.599999999999999,4.6,3.6000000000000005,False,0.3118615927959459,0.9557509150842829,True,True,True,1.0,True,6.558897053270731,705.4931439686953,N/A,new_parameter_combo,Q2_provisional,requires_pilot_and_Q3_k100_confirmation
4.9,50.0,4.25,0.5,False,4.25,10.357743097238895,4.9,4.9,4.575,4.25,False,0.6066763964421231,0.7434539874235228,True,True,True,1.0,True,6.158539088396189,472.73694323075017,N/A,new_parameter_combo,Q2_provisional,requires_pilot_and_Q3_k100_confirmation
4.8,37.0,4.5,0.37,False,4.5,10.358333333333334,4.8,4.755,4.5,4.5,False,0.6003825311195099,0.6835538493528328,True,True,True,1.0,True,6.186852735656728,486.31313915100804,N/A,new_parameter_combo,Q2_provisional,requires_pilot_and_Q3_k100_confirmation
5.2,58.0,3.6,0.58,False,3.6,10.35897435897436,5.2,5.2,5.04,3.6000000000000005,False,0.49928980174088194,0.8231599842858248,True,True,True,1.0,True,6.4674278989851715,643.8256109509545,N/A,new_parameter_combo,Q2_provisional,requires_pilot_and_Q3_k100_confirmation
4.65,71.0,4.5,0.71,False,4.5,10.361290322580645,4.65,4.65,4.65,4.5825000000000005,False,0.6254290619083769,0.6919861696235751,True,True,True,0.994,True,6.160956446632123,473.88110013528916,N/A,new_parameter_combo,Q2_provisional,requires_pilot_and_Q3_k100_confirmation
5.4,31.0,4.25,0.31,False,4.25,10.362091503267974,5.4,4.8825,4.25,4.25,False,0.5801055498610507,0.9765343268361195,True,True,True,1.0,True,6.263865036707552,525.2451136127567,N/A,new_parameter_combo,Q2_provisional,requires_pilot_and_Q3_k100_confirmation
4.0,40.0,5.5,0.4,False,5.5,10.363636363636363,4.0,4.0,5.499999999999999,5.5,False,0.6568710618049292,1.6100574318877596,True,True,True,0.938,True,6.168456752871493,477.44871588815,N/A,new_parameter_combo,Q2_provisional,requires_pilot_and_Q3_k100_confirmation
4.4,60.0,5.5,0.6,False,5.5,10.363636363636363,4.4,4.4,4.4,5.5,False,0.8382306438235829,1.1293124653581927,True,True,True,0.998,True,5.8459122113361905,345.81785691152913,N/A,new_parameter_combo,Q2_provisional,requires_pilot_and_Q3_k100_confirmation
4.4,37.0,4.85,0.37,False,4.85,10.365042174320525,4.4,4.4675,4.85,4.85,False,0.7396648441237781,0.85594384452422,True,True,True,0.999,True,6.123591335258334,456.50120298102655,N/A,new_parameter_combo,Q2_provisional,requires_pilot_and_Q3_k100_confirmation
4.65,70.0,4.5,0.7,False,4.5,10.365591397849464,4.65,4.65,4.65,4.575,False,0.6290588866776808,0.6981985954502603,True,True,True,0.997,True,6.113727463941031,452.02046888063165,N/A,new_parameter_combo,Q2_provisional,requires_pilot_and_Q3_k100_confirmation
4.0,38.0,5.4,0.38,False,5.4,10.366666666666667,4.0,4.14,5.4,5.4,False,0.7271989874490604,1.4050629813298365,True,True,True,0.938,True,6.167616889991012,477.0478927761297,N/A,new_parameter_combo,Q2_provisional,requires_pilot_and_Q3_k100_confirmation
4.65,69.0,4.5,0.69,False,4.5,10.36989247311828,4.65,4.65,4.65,4.5675,False,0.6139540477137371,0.704466073673226,True,True,True,0.997,True,6.070831271063247,433.0405060398076,N/A,new_parameter_combo,Q2_provisional,requires_pilot_and_Q3_k100_confirmation
5.6,38.0,4.0,0.38,False,4.0,10.371428571428572,5.599999999999999,5.44,4.0,4.0,False,0.46598808778678436,1.1448524764005354,True,True,True,1.0,True,6.437496467477788,624.8405314360064,N/A,new_parameter_combo,Q2_provisional,requires_pilot_and_Q3_k100_confirmation
4.9,27.0,4.5,0.27,False,4.5,10.372789115646258,4.9,4.64,4.5,4.5,False,0.5746144448272088,0.7646976083654254,True,True,True,1.0,True,6.183127998391258,484.50511976783235,N/A,new_parameter_combo,Q2_provisional,requires_pilot_and_Q3_k100_confirmation
4.8,71.0,3.6,0.71,False,3.6,10.375000000000002,4.8,4.8,4.8,4.26,False,0.609787935704383,0.7218247388389072,True,True,True,1.0,True,6.814270680009949,910.7520438357456,N/A,new_parameter_combo,Q2_provisional,requires_pilot_and_Q3_k100_confirmation
4.8,65.0,4.0,0.65,False,4.0,10.375000000000002,4.8,4.8,4.8,4.2,False,0.6532216081757825,0.7489772717511902,True,True,True,1.0,True,6.309345891023304,549.6852771185005,N/A,new_parameter_combo,Q2_provisional,requires_pilot_and_Q3_k100_confirmation
5.6,27.0,4.25,0.27,False,4.25,10.375210084033615,5.599999999999999,4.7225,4.25,4.25,False,0.5927952850689686,1.1477404375911642,True,True,True,1.0,True,6.229331093046223,507.41595589091287,N/A,new_parameter_combo,Q2_provisional,requires_pilot_and_Q3_k100_confirmation
4.4,27.0,4.75,0.27,False,4.75,10.376555023923446,4.4,4.6275,4.75,4.75,False,0.609616808381482,0.8096252955115305,True,True,True,0.99,True,6.154374808426995,470.77242748307043,N/A,new_parameter_combo,Q2_provisional,requires_pilot_and_Q3_k100_confirmation
4.4,38.0,4.85,0.38,False,4.85,10.377694470477975,4.4,4.445,4.85,4.85,False,0.766227173645423,0.8894202433692533,True,True,True,0.999,True,6.116654621047916,453.34554221135176,N/A,new_parameter_combo,Q2_provisional,requires_pilot_and_Q3_k100_confirmation
5.4,13.0,4.5,0.13,False,4.5,10.37777777777778,5.085,4.5,4.5,4.5,False,0.697014405613437,0.9169357099409225,True,True,True,0.95,True,6.176872688267136,481.48384933031446,N/A,new_parameter_combo,Q2_provisional,requires_pilot_and_Q3_k100_confirmation
4.9,38.0,4.4,0.38,False,4.4,10.380333951762523,4.9,4.8500000000000005,4.4,4.4,False,0.6812392107365062,0.752341087675438,True,True,True,1.0,True,6.219460781241473,502.43223807663657,N/A,new_parameter_combo,Q2_provisional,requires_pilot_and_Q3_k100_confirmation
4.65,65.0,4.5,0.65,False,4.5,10.387096774193548,4.65,4.65,4.65,4.5375,False,0.5640603358684247,0.7300579670974598,True,True,True,1.0,True,5.942574397685183,380.9142932361874,N/A,new_parameter_combo,Q2_provisional,requires_pilot_and_Q3_k100_confirmation
6.0,22.0,4.25,0.22,False,4.25,10.388235294117647,6.000000000000001,4.425,4.25,4.25,False,0.6882393983111946,1.6103554070208266,True,True,True,1.0,True,6.190770435267326,488.2221048824142,N/A,new_parameter_combo,Q2_provisional,requires_pilot_and_Q3_k100_confirmation
4.65,71.0,4.4,0.71,False,4.4,10.388563049853373,4.65,4.65,4.65,4.5375000000000005,False,0.5775478434550617,0.7317980463308852,True,True,True,1.0,True,6.216914328197134,501.15444558418255,N/A,new_parameter_combo,Q2_provisional,requires_pilot_and_Q3_k100_confirmation
5.4,30.0,4.25,0.3,False,4.25,10.392156862745098,5.4,4.825,4.25,4.25,False,0.593323396691235,1.0298884951521454,True,True,True,1.0,True,6.2634516087890955,525.0280075007129,N/A,new_parameter_combo,Q2_provisional,requires_pilot_and_Q3_k100_confirmation
4.9,37.0,4.4,0.37,False,4.4,10.394248608534323,4.9,4.825,4.4,4.4,False,0.6826532309111774,0.7654301318924869,True,True,True,1.0,True,6.2263974954518915,505.9295829394194,N/A,new_parameter_combo,Q2_provisional,requires_pilot_and_Q3_k100_confirmation
4.65,70.0,4.4,0.7,False,4.4,10.395894428152491,4.65,4.65,4.65,4.525,False,0.5814766400365224,0.7428939122356613,True,True,True,1.0,True,6.169685345506043,478.03566635154294,N/A,new_parameter_combo,Q2_provisional,requires_pilot_and_Q3_k100_confirmation
5.4,55.0,3.5,0.55,False,3.5,10.396825396825397,5.4,5.4,4.925000000000001,3.4999999999999996,False,0.42474482135195735,0.8247370635539729,True,True,True,1.0,True,6.506187855911993,669.2701939272512,N/A,new_parameter_combo,Q2_provisional,requires_pilot_and_Q3_k100_confirmation
4.9,58.0,4.0,0.58,False,4.0,10.402040816326533,4.9,4.9,4.8100000000000005,4.0,False,0.5927952850689686,0.8868382359362423,True,True,True,1.0,True,6.2352956486541755,510.4515104437694,N/A,new_parameter_combo,Q2_provisional,requires_pilot_and_Q3_k100_confirmation
4.4,40.0,4.85,0.4,False,4.85,10.402999062792878,4.4,4.4,4.85,4.85,False,0.8197573060463241,0.9537550924553168,True,True,True,1.0,True,6.0996311317147045,445.69333762020557,N/A,new_parameter_combo,Q2_provisional,requires_pilot_and_Q3_k100_confirmation
4.65,69.0,4.4,0.69,False,4.4,10.403225806451614,4.65,4.65,4.65,4.5125,False,0.5651013826775527,0.7541185441769521,True,True,True,1.0,True,6.126789152628258,457.9633470461602,N/A,new_parameter_combo,Q2_provisional,requires_pilot_and_Q3_k100_confirmation
4.4,60.0,5.4,0.6,False,5.4,10.404040404040403,4.4,4.4,4.4,5.4,False,0.7870391427654019,1.123173874134941,True,True,True,0.998,True,5.8280488591224975,339.69523878320615,N/A,new_parameter_combo,Q2_provisional,requires_pilot_and_Q3_k100_confirmation
4.8,55.0,4.25,0.55,False,4.25,10.404411764705882,4.8,4.8,4.6625,4.25,False,0.6568357201502569,0.7632862300654897,True,True,True,1.0,True,6.064208521363295,430.1820629826106,N/A,new_parameter_combo,Q2_provisional,requires_pilot_and_Q3_k100_confirmation
4.9,24.0,4.5,0.24,False,4.5,10.405442176870748,4.9,4.58,4.5,4.5,False,0.6256246878121097,0.8485342070011859,True,True,True,0.996,True,6.182222796979977,484.0667434889918,N/A,new_parameter_combo,Q2_provisional,requires_pilot_and_Q3_k100_confirmation
5.2,24.0,4.4,0.24,False,4.4,10.405594405594407,5.2,4.5600000000000005,4.4,4.4,False,0.5517245689653489,0.9659618567654383,True,True,True,1.0,True,6.183770188836278,484.8163642547315,N/A,new_parameter_combo,Q2_provisional,requires_pilot_and_Q3_k100_confirmation
4.4,30.0,4.75,0.3,False,4.75,10.4066985645933,4.4,4.575,4.75,4.75,False,0.5817373697356384,0.8481975946980758,True,True,True,0.987,True,6.160842854880048,473.82727420799824,N/A,new_parameter_combo,Q2_provisional,requires_pilot_and_Q3_k100_confirmation
4.8,31.0,4.5,0.31,False,4.5,10.408333333333335,4.8,4.665,4.5,4.5,False,0.574456264653803,0.793655138305923,True,True,True,1.0,True,6.206422594532615,495.9239530629838,N/A,new_parameter_combo,Q2_provisional,requires_pilot_and_Q3_k100_confirmation
4.65,60.0,4.5,0.6,False,4.5,10.408602150537634,4.65,4.65,4.65,4.5,False,0.6268330517329938,0.7631230275600737,True,True,True,1.0,True,5.879741076762018,357.7166085743626,N/A,new_parameter_combo,Q2_provisional,requires_pilot_and_Q3_k100_confirmation
4.0,27.0,5.0,0.27,False,5.0,10.41,4.0,4.65,5.0,5.000000000000001,False,0.5969976968129781,1.0988805567028304,True,True,True,0.935,True,6.147616489229741,467.6015242063269,N/A,new_parameter_combo,Q2_provisional,requires_pilot_and_Q3_k100_confirmation
5.6,37.0,4.0,0.37,False,4.0,10.414285714285716,5.599999999999999,5.36,4.0,4.0,False,0.4526588119102512,1.1663679816097317,True,True,True,1.0,True,6.444433181688207,629.1899394896011,N/A,new_parameter_combo,Q2_provisional,requires_pilot_and_Q3_k100_confirmation
4.8,30.0,4.5,0.3,False,4.5,10.416666666666666,4.8,4.65,4.5,4.5,False,0.585017006555522,0.8134152373151782,True,True,True,1.0,True,6.20600916661416,495.7189666318333,N/A,new_parameter_combo,Q2_provisional,requires_pilot_and_Q3_k100_confirmation
4.8,70.0,3.6,0.7,False,3.6,10.416666666666668,4.8,4.8,4.8,4.199999999999999,False,0.6091182151274089,0.7967078601349017,True,True,True,1.0,True,6.767041697318857,868.7380985886462,N/A,new_parameter_combo,Q2_provisional,requires_pilot_and_Q3_k100_confirmation
4.4,31.0,4.75,0.31,False,4.75,10.416746411483253,4.4,4.5575,4.75,4.75,False,0.6057968272600702,0.862802299401744,True,True,True,0.999,True,6.1612562827985045,474.0232081311681,N/A,new_parameter_combo,Q2_provisional,requires_pilot_and_Q3_k100_confirmation
4.65,58.0,4.5,0.58,False,4.5,10.41720430107527,4.65,4.65,4.635,4.5,False,0.6793313648848599,0.775065409901579,True,True,True,1.0,True,5.8849372770859025,359.58021337043175,N/A,new_parameter_combo,Q2_provisional,requires_pilot_and_Q3_k100_confirmation
4.8,71.0,3.5,0.71,False,3.5,10.417857142857144,4.8,4.8,4.8,4.215,False,0.6059468261509827,0.7915487509306224,True,True,True,1.0,True,6.844652702164134,938.8471647949318,N/A,new_parameter_combo,Q2_provisional,requires_pilot_and_Q3_k100_confirmation
4.4,50.0,5.0,0.5,False,5.0,10.418181818181818,4.4,4.4,4.7,5.000000000000001,False,0.8673811892997337,0.9835167179193567,True,True,True,1.0,True,5.944653472858691,381.70706651854664,N/A,new_parameter_combo,Q2_provisional,requires_pilot_and_Q3_k100_confirmation
4.4,37.0,4.8,0.37,False,4.8,10.420454545454545,4.4,4.46,4.8,4.8,False,0.7471974850283244,0.9153534863437536,True,True,True,1.0,True,6.131286636986879,460.02766868381224,N/A,new_parameter_combo,Q2_provisional,requires_pilot_and_Q3_k100_confirmation
4.9,22.0,4.5,0.22,False,4.5,10.427210884353745,4.9,4.54,4.5,4.5,False,0.6636157335662971,0.906570673749854,True,True,True,0.996,True,6.18709281912247,486.42990891157467,N/A,new_parameter_combo,Q2_provisional,requires_pilot_and_Q3_k100_confirmation
5.6,60.0,3.0,0.6,False,3.0,10.42857142857143,5.599999999999999,5.599999999999999,5.6,3.0,False,0.3118615927959459,1.0376904819681567,True,True,True,1.0,True,6.337437095849132,565.3455266676623,N/A,new_parameter_combo,Q2_provisional,requires_pilot_and_Q3_k100_confirmation
5.4,19.0,4.4,0.19,False,4.4,10.429292929292929,5.35,4.4,4.4,4.4,False,0.5910385456973173,1.1867471244010326,True,True,True,0.996,True,6.172243189504539,479.25997213588045,N/A,new_parameter_combo,Q2_provisional,requires_pilot_and_Q3_k100_confirmation
4.65,55.0,4.5,0.55,False,4.5,10.43010752688172,4.65,4.65,4.612500000000001,4.5,False,0.7593373059007787,0.7937053221412967,True,True,True,1.0,True,5.925227501171536,374.3635938292554,N/A,new_parameter_combo,Q2_provisional,requires_pilot_and_Q3_k100_confirmation
4.4,38.0,4.8,0.38,False,4.8,10.431818181818182,4.4,4.44,4.8,4.8,False,0.7735011839891736,0.9440292913283448,True,True,True,1.0,True,6.12434992277646,456.8476304767918,N/A,new_parameter_combo,Q2_provisional,requires_pilot_and_Q3_k100_confirmation
4.65,71.0,4.25,0.71,False,4.25,10.431878557874764,4.65,4.65,4.65,4.470000000000001,False,0.5207317077724307,0.7976766439002348,True,True,True,1.0,True,6.321134789598613,556.2038087587047,N/A,new_parameter_combo,Q2_provisional,requires_pilot_and_Q3_k100_confirmation
4.65,65.0,4.4,0.65,False,4.4,10.432551319648093,4.65,4.65,4.65,4.4625,False,0.5430124601588392,0.8001954324582543,True,True,True,1.0,True,5.998532279250194,402.83710700294347,N/A,new_parameter_combo,Q2_provisional,requires_pilot_and_Q3_k100_confirmation
5.2,13.0,4.5,0.13,False,4.5,10.433333333333334,4.955,4.5,4.5,4.5,False,0.713285013303996,0.9442202343987286,True,True,True,0.95,True,6.208784977580132,497.096900332426,N/A,new_parameter_combo,Q2_provisional,requires_pilot_and_Q3_k100_confirmation
6.0,13.0,4.4,0.13,False,4.4,10.436363636363637,5.44,4.4,4.4,4.4,False,0.8432415134467702,1.2340320937014666,True,True,True,0.975,True,6.162652622032218,474.6855676660548,N/A,new_parameter_combo,Q2_provisional,requires_pilot_and_Q3_k100_confirmation
4.8,27.0,4.5,0.27,False,4.5,10.441666666666666,4.8,4.6049999999999995,4.5,4.5,False,0.6235186526512912,0.8745749099837699,True,True,True,0.999,True,6.199541120161106,492.5229803639865,N/A,new_parameter_combo,Q2_provisional,requires_pilot_and_Q3_k100_confirmation
4.65,70.0,4.25,0.7,False,4.25,10.444022770398483,4.65,4.65,4.65,4.45,False,0.5329368776517764,0.8177246316045371,True,True,True,1.0,True,6.273905806907521,530.5455447717283,N/A,new_parameter_combo,Q2_provisional,requires_pilot_and_Q3_k100_confirmation
5.4,40.0,4.0,0.4,False,4.0,10.444444444444445,5.4,5.4,4.0,4.0,False,0.4929756586282937,1.1043348856015314,True,True,True,1.0,True,6.448125447434397,631.5173700529783,N/A,new_parameter_combo,Q2_provisional,requires_pilot_and_Q3_k100_confirmation
4.0,40.0,5.4,0.4,False,5.4,10.444444444444445,4.0,4.0,5.4,5.4,False,0.6903430085021178,1.6054621432308018,True,True,True,0.938,True,6.150593400657801,468.9956065277822,N/A,new_parameter_combo,Q2_provisional,requires_pilot_and_Q3_k100_confirmation
5.2,22.0,4.4,0.22,False,4.4,10.447552447552448,5.2,4.48,4.4,4.4,False,0.5749108182836639,1.072506525202005,True,True,True,0.996,True,6.188640210978773,487.18318925091177,N/A,new_parameter_combo,Q2_provisional,requires_pilot_and_Q3_k100_confirmation
6.0,31.0,4.0,0.31,False,4.0,10.450000000000001,6.000000000000001,5.1,4.0,4.0,False,0.5560102957496307,1.3468473217054056,True,True,True,1.0,True,6.421477562053985,614.9110124008563,N/A,new_parameter_combo,Q2_provisional,requires_pilot_and_Q3_k100_confirmation
4.65,50.0,4.5,0.5,False,4.5,10.451612903225806,4.65,4.65,4.575,4.5,False,0.7142059107205448,0.8290705252902232,True,True,True,1.0,True,6.035971189974278,418.20476875331826,N/A,new_parameter_combo,Q2_provisional,requires_pilot_and_Q3_k100_confirmation
4.8,40.0,4.4,0.4,False,4.4,10.454545454545455,4.8,4.8,4.4,4.4,False,0.7059667573618461,0.835165658705601,True,True,True,1.0,True,6.218850413678109,502.1256633068918,N/A,new_parameter_combo,Q2_provisional,requires_pilot_and_Q3_k100_confirmation
4.4,40.0,4.8,0.4,False,4.8,10.454545454545455,4.4,4.4,4.8,4.8,False,0.8265603673152534,1.002491843731841,True,True,True,1.0,True,6.107326433443249,449.1363127072681,N/A,new_parameter_combo,Q2_provisional,requires_pilot_and_Q3_k100_confirmation
4.65,69.0,4.25,0.69,False,4.25,10.456166982922202,4.65,4.65,4.65,4.430000000000001,False,0.5487846323505076,0.8388853322944065,True,True,True,1.0,True,6.231009614029737,508.26837942550287,N/A,new_parameter_combo,Q2_provisional,requires_pilot_and_Q3_k100_confirmation
7.0,38.0,3.5,0.38,False,3.5,10.457142857142857,7.0,6.65,3.5,3.4999999999999996,False,0.6702759864109589,1.9650272158540212,True,True,True,0.99,True,6.680128905291886,796.4217683798063,N/A,new_parameter_combo,Q2_provisional,requires_pilot_and_Q3_k100_confirmation
7.0,24.0,4.0,0.24,False,4.0,10.457142857142857,7.0,4.6,4.0,4.0,False,0.8378571428571431,2.1589103882469973,True,True,True,0.948,True,6.381924040401511,591.0638450385932,N/A,new_parameter_combo,Q2_provisional,requires_pilot_and_Q3_k100_confirmation
4.8,69.0,3.6,0.69,False,3.6,10.458333333333334,4.8,4.8,4.8,4.14,False,0.5959660310823778,0.8722555923832236,True,True,True,1.0,True,6.724145504441072,832.2605097076548,N/A,new_parameter_combo,Q2_provisional,requires_pilot_and_Q3_k100_confirmation
4.9,65.0,3.6,0.65,False,3.6,10.459183673469388,4.9,4.9,4.9,3.9250000000000007,False,0.5324107666922185,0.9933247169696757,True,True,True,1.0,True,6.57947550929316,720.1615121564944,N/A,new_parameter_combo,Q2_provisional,requires_pilot_and_Q3_k100_confirmation
4.9,19.0,4.5,0.19,False,4.5,10.459863945578231,4.88,4.5,4.5,4.5,False,0.7111919607968311,0.9003301419827886,True,True,True,0.996,True,6.2026080869612334,494.03585076884093,N/A,new_parameter_combo,Q2_provisional,requires_pilot_and_Q3_k100_confirmation
5.2,58.0,3.5,0.58,False,3.5,10.463736263736266,5.2,5.2,5.03,3.4999999999999996,False,0.4229542600831077,0.9175689050079443,True,True,True,1.0,True,6.497809921139356,663.6865144083957,N/A,new_parameter_combo,Q2_provisional,requires_pilot_and_Q3_k100_confirmation
4.8,70.0,3.5,0.7,False,3.5,10.464285714285717,4.8,4.8,4.8,4.1499999999999995,False,0.6039226577390623,0.8748535236583853,True,True,True,1.0,True,6.797423719473042,895.5371622052457,N/A,new_parameter_combo,Q2_provisional,requires_pilot_and_Q3_k100_confirmation
4.8,24.0,4.5,0.24,False,4.5,10.466666666666667,4.8,4.5600000000000005,4.5,4.5,False,0.6708203932499369,0.8626601160586651,True,True,True,0.996,True,6.198635918749824,492.0773495903037,N/A,new_parameter_combo,Q2_provisional,requires_pilot_and_Q3_k100_confirmation
4.65,60.0,4.4,0.6,False,4.4,10.469208211143696,4.65,4.65,4.65,4.4,False,0.661603865424695,0.860084202685106,True,True,True,1.0,True,5.935698958327029,378.30432274078476,N/A,new_parameter_combo,Q2_provisional,requires_pilot_and_Q3_k100_confirmation
4.0,22.0,4.85,0.22,False,4.85,10.475257731958763,4.0,4.765,4.85,4.85,False,0.5858450420250279,1.107042037359638,True,True,True,0.847,True,6.158440303903417,472.6902464580948,N/A,new_parameter_combo,Q2_provisional,requires_pilot_and_Q3_k100_confirmation
4.4,37.0,4.75,0.37,False,4.75,10.477033492822967,4.4,4.4525,4.75,4.75,False,0.7567721464434675,0.9831720042699692,True,True,True,1.0,True,6.141686423922617,464.83682216378565,N/A,new_parameter_combo,Q2_provisional,requires_pilot_and_Q3_k100_confirmation
4.8,38.0,4.4,0.38,False,4.4,10.477272727272727,4.8,4.76,4.4,4.4,False,0.6729784543356494,0.8754316923186192,True,True,True,1.0,True,6.235873903011321,510.74676661215045,N/A,new_parameter_combo,Q2_provisional,requires_pilot_and_Q3_k100_confirmation
5.6,24.0,4.25,0.24,False,4.25,10.47731092436975,5.599999999999999,4.52,4.25,4.25,False,0.601903443337917,1.3290585141760691,True,True,True,1.0,True,6.2284258916349415,506.95685007449885,N/A,new_parameter_combo,Q2_provisional,requires_pilot_and_Q3_k100_confirmation
4.9,31.0,4.4,0.31,False,4.4,10.47773654916512,4.9,4.675,4.4,4.4,False,0.6066763964421229,0.9089590897297629,True,True,True,1.0,True,6.245967354327778,515.9280688587653,N/A,new_parameter_combo,Q2_provisional,requires_pilot_and_Q3_k100_confirmation
5.4,27.0,4.25,0.27,False,4.25,10.48235294117647,5.4,4.6525,4.25,4.25,False,0.6390298769803094,1.1846351792058774,True,True,True,1.0,True,6.256983562336043,521.6430607563748,N/A,new_parameter_combo,Q2_provisional,requires_pilot_and_Q3_k100_confirmation
4.8,22.0,4.5,0.22,False,4.5,10.483333333333334,4.8,4.53,4.5,4.5,False,0.6900162671847613,0.9023264097042872,True,True,True,0.996,True,6.2035059408923185,494.47962199060686,N/A,new_parameter_combo,Q2_provisional,requires_pilot_and_Q3_k100_confirmation
4.65,58.0,4.4,0.58,False,4.4,10.483870967741936,4.65,4.65,4.625,4.4,False,0.7115413574180538,0.8805276486688043,True,True,True,1.0,True,5.940895158650914,380.27518384517487,N/A,new_parameter_combo,Q2_provisional,requires_pilot_and_Q3_k100_confirmation
4.9,55.0,4.0,0.55,False,4.0,10.48469387755102,4.9,4.9,4.675000000000001,4.0,False,0.5989600894679962,0.9868296909279648,True,True,True,1.0,True,6.275585872739809,531.4376453980237,N/A,new_parameter_combo,Q2_provisional,requires_pilot_and_Q3_k100_confirmation
4.8,50.0,4.25,0.5,False,4.25,10.48529411764706,4.8,4.8,4.525,4.25,False,0.6411123146532131,0.8823443395374495,True,True,True,1.0,True,6.174952210166037,480.5600574865757,N/A,new_parameter_combo,Q2_provisional,requires_pilot_and_Q3_k100_confirmation
3.6,19.0,5.0,0.19,False,5.0,10.486666666666668,3.6700000000000004,5.0,5.0,5.000000000000001,False,0.8595205117995044,1.3494581239622505,True,True,True,0.831,True,6.156088203566194,471.5797380955248,N/A,new_parameter_combo,Q2_provisional,requires_pilot_and_Q3_k100_confirmation
4.4,38.0,4.75,0.38,False,4.75,10.487081339712919,4.4,4.4350000000000005,4.75,4.75,False,0.782754164238462,1.0082108729428392,True,True,True,1.0,True,6.134749709712199,461.6235396698433,N/A,new_parameter_combo,Q2_provisional,requires_pilot_and_Q3_k100_confirmation
4.8,37.0,4.4,0.37,False,4.4,10.488636363636363,4.8,4.74,4.4,4.4,False,0.6563986469162387,0.8968835666575872,True,True,True,1.0,True,6.242810617221739,514.3019874857789,N/A,new_parameter_combo,Q2_provisional,requires_pilot_and_Q3_k100_confirmation
4.9,30.0,4.4,0.3,False,4.4,10.49165120593692,4.9,4.65,4.4,4.4,False,0.5978662100353562,0.9101330595850629,True,True,True,1.0,True,6.245553926409323,515.7148138770035,N/A,new_parameter_combo,Q2_provisional,requires_pilot_and_Q3_k100_confirmation
4.9,71.0,3.0,0.71,False,3.0,10.49387755102041,4.9,4.9,4.9,4.044999999999999,False,0.6533236259344077,0.975694249822761,True,True,True,1.0,True,6.732627714030762,839.3499423050466,N/A,new_parameter_combo,Q2_provisional,requires_pilot_and_Q3_k100_confirmation
5.2,31.0,4.25,0.31,False,4.25,10.494570135746606,5.2,4.7725,4.25,4.25,False,0.5934201285595156,1.0752771303394026,True,True,True,1.0,True,6.295777326020548,542.2772087886426,N/A,new_parameter_combo,Q2_provisional,requires_pilot_and_Q3_k100_confirmation
4.65,40.0,4.5,0.4,False,4.5,10.494623655913978,4.65,4.65,4.5,4.5,False,0.6621178142898739,0.8924852448523741,True,True,True,1.0,True,6.184089854887829,484.9713683610755,N/A,new_parameter_combo,Q2_provisional,requires_pilot_and_Q3_k100_confirmation
6.0,30.0,4.0,0.3,False,4.0,10.5,6.000000000000001,5.0,4.0,4.0,False,0.5697873753087414,1.3527808731600144,True,True,True,1.0,True,6.421064134135529,614.6568435648303,N/A,new_parameter_combo,Q2_provisional,requires_pilot_and_Q3_k100_confirmation
6.0,55.0,3.0,0.55,False,3.0,10.5,6.000000000000001,6.000000000000001,5.25,3.0,False,0.4012893759686469,1.1443432250751577,True,True,True,1.0,True,6.34039804174854,567.0219648832222,N/A,new_parameter_combo,Q2_provisional,requires_pilot_and_Q3_k100_confirmation
4.0,30.0,5.0,0.3,False,5.0,10.5,4.0,4.5,5.0,5.000000000000001,False,0.6031195476648976,1.1684708675689388,True,True,True,0.935,True,6.154084535682795,470.6357949099665,N/A,new_parameter_combo,Q2_provisional,requires_pilot_and_Q3_k100_confirmation
4.4,65.0,5.5,0.65,False,5.5,10.5,4.4,4.4,4.4,5.2250000000000005,False,0.7620357402299155,1.1579062574997292,True,True,True,0.839,True,5.908745532259355,368.24391542481186,N/A,new_parameter_combo,Q2_provisional,requires_pilot_and_Q3_k100_confirmation
4.4,55.0,5.0,0.55,False,5.0,10.5,4.4,4.4,4.55,5.000000000000001,False,0.8212732772459893,1.0870549978958508,True,True,True,1.0,True,5.833909784055948,341.6920128335384,N/A,new_parameter_combo,Q2_provisional,requires_pilot_and_Q3_k100_confirmation
5.6,50.0,3.5,0.5,False,3.5,10.500000000000002,5.599999999999999,5.599999999999999,4.55,3.4999999999999996,False,0.3219590860050767,1.075417973223056,True,True,True,1.0,True,6.5892790754249155,727.2563838645938,N/A,new_parameter_combo,Q2_provisional,requires_pilot_and_Q3_k100_confirmation
5.2,65.0,3.0,0.65,False,3.0,10.500000000000002,5.2,5.2,5.2,3.5500000000000003,False,0.4464285714285715,0.9248074433752989,True,True,True,1.0,True,6.459835175375113,638.9557322508826,N/A,new_parameter_combo,Q2_provisional,requires_pilot_and_Q3_k100_confirmation
4.8,60.0,4.0,0.6,False,4.0,10.500000000000002,4.8,4.8,4.8,4.0,False,0.6428571428571429,0.9858976446513523,True,True,True,1.0,True,6.246512570100139,516.2094376756991,N/A,new_parameter_combo,Q2_provisional,requires_pilot_and_Q3_k100_confirmation
4.65,38.0,4.5,0.38,False,4.5,10.503225806451614,4.65,4.635000000000001,4.5,4.5,False,0.6265293788003876,0.9072048847261043,True,True,True,1.0,True,6.20111334422104,493.2979458938756,N/A,new_parameter_combo,Q2_provisional,requires_pilot_and_Q3_k100_confirmation
4.65,65.0,4.25,0.65,False,4.25,10.504743833017077,4.65,4.65,4.65,4.3500000000000005,False,0.6213393049596614,0.9171440748198766,True,True,True,1.0,True,6.102752740651673,447.0867917038927,N/A,new_parameter_combo,Q2_provisional,requires_pilot_and_Q3_k100_confirmation
4.65,55.0,4.4,0.55,False,4.4,10.505865102639296,4.65,4.65,4.5875,4.4,False,0.7764389414802291,0.9123112178527826,True,True,True,1.0,True,5.981185382736546,395.9093942738805,N/A,new_parameter_combo,Q2_provisional,requires_pilot_and_Q3_k100_confirmation
4.4,40.0,4.75,0.4,False,4.75,10.507177033492823,4.4,4.4,4.75,4.75,False,0.835225742429151,1.0622440984510717,True,True,True,1.0,True,6.117726220378987,453.8316073781701,N/A,new_parameter_combo,Q2_provisional,requires_pilot_and_Q3_k100_confirmation
4.65,37.0,4.5,0.37,False,4.5,10.50752688172043,4.65,4.6275,4.5,4.5,False,0.6271805075340049,0.9147523255184278,True,True,True,1.0,True,6.208050058431459,496.7317085112936,N/A,new_parameter_combo,Q2_provisional,requires_pilot_and_Q3_k100_confirmation
4.8,19.0,4.5,0.19,False,4.5,10.508333333333335,4.784999999999999,4.5,4.5,4.5,False,0.6628633004640103,0.9531865102519249,True,True,True,0.996,True,6.219021208731082,502.2114312103135,N/A,new_parameter_combo,Q2_provisional,requires_pilot_and_Q3_k100_confirmation
5.2,19.0,4.4,0.19,False,4.4,10.510489510489512,5.160000000000001,4.4,4.4,4.4,False,0.6180218607850076,1.147540429160247,True,True,True,0.996,True,6.204155478817536,494.80090959128177,N/A,new_parameter_combo,Q2_provisional,requires_pilot_and_Q3_k100_confirmation
4.8,69.0,3.5,0.69,False,3.5,10.510714285714288,4.8,4.8,4.8,4.084999999999999,False,0.5905721888169825,0.9587692106688068,True,True,True,1.0,True,6.754527526595258,857.9343029733972,N/A,new_parameter_combo,Q2_provisional,requires_pilot_and_Q3_k100_confirmation
4.65,71.0,4.0,0.71,False,4.0,10.511290322580646,4.65,4.65,4.65,4.3575,False,0.6487696607456931,0.9231607916172684,True,True,True,1.0,True,6.548925262744976,698.4930737418398,N/A,new_parameter_combo,Q2_provisional,requires_pilot_and_Q3_k100_confirmation
6.0,19.0,4.25,0.19,False,4.25,10.511764705882355,5.9125000000000005,4.25,4.25,4.25,False,0.7446407159955514,1.6903129759140367,True,True,True,1.0,True,6.206285703106089,495.85606997201324,N/A,new_parameter_combo,Q2_provisional,requires_pilot_and_Q3_k100_confirmation
5.2,55.0,3.6,0.55,False,3.6,10.512820512820513,5.2,5.2,4.800000000000001,3.6000000000000005,False,0.4464285714285715,1.0004594644785119,True,True,True,1.0,True,6.507718123070804,670.2951401461473,N/A,new_parameter_combo,Q2_provisional,requires_pilot_and_Q3_k100_confirmation
5.2,30.0,4.25,0.3,False,4.25,10.520361990950226,5.2,4.725,4.25,4.25,False,0.6063477987601049,1.1071484970549605,True,True,True,1.0,True,6.295363898102092,542.0530625883285,N/A,new_parameter_combo,Q2_provisional,requires_pilot_and_Q3_k100_confirmation
5.4,38.0,4.0,0.38,False,4.0,10.522222222222222,5.4,5.26,4.0,4.0,False,0.4697073557013983,1.034430006088137,True,True,True,1.0,True,6.4651489367676085,642.3600273480397,N/A,new_parameter_combo,Q2_provisional,requires_pilot_and_Q3_k100_confirmation
4.9,13.0,4.5,0.13,False,4.5,10.525170068027212,4.760000000000001,4.5,4.5,4.5,False,0.7108870034208339,0.9741864256192482,True,True,True,0.947,True,6.263195467288842,524.8935432608677,N/A,new_parameter_combo,Q2_provisional,requires_pilot_and_Q3_k100_confirmation
4.0,24.0,4.85,0.24,False,4.85,10.527835051546393,4.0,4.68,4.85,4.85,False,0.579797642391248,1.1466780980438915,True,True,True,0.847,True,6.153570281760922,470.3938308274819,N/A,new_parameter_combo,Q2_provisional,requires_pilot_and_Q3_k100_confirmation
5.6,13.0,4.4,0.13,False,4.4,10.529220779220779,5.18,4.4,4.4,4.4,False,0.7242955761515136,1.1735231259491297,True,True,True,0.973,True,6.205178100542327,495.30716255940007,N/A,new_parameter_combo,Q2_provisional,requires_pilot_and_Q3_k100_confirmation
4.4,50.0,4.85,0.5,False,4.85,10.529522024367386,4.4,4.4,4.625,4.85,False,0.8744397623388266,1.0978307242565646,True,True,True,1.0,True,5.951512466801153,384.3341923962385,N/A,new_parameter_combo,Q2_provisional,requires_pilot_and_Q3_k100_confirmation
4.0,31.0,5.0,0.31,False,5.0,10.53,4.0,4.45,5.0,5.000000000000001,False,0.607838362140624,1.2189208087863836,True,True,True,0.935,True,6.1544979636012505,470.8304091137073,N/A,new_parameter_combo,Q2_provisional,requires_pilot_and_Q3_k100_confirmation
4.4,65.0,5.4,0.65,False,5.4,10.53030303030303,4.4,4.4,4.4,5.15,False,0.7578248276401053,1.1719113486043629,True,True,True,0.968,True,5.890882180045662,361.7242495742384,N/A,new_parameter_combo,Q2_provisional,requires_pilot_and_Q3_k100_confirmation
4.9,65.0,3.5,0.65,False,3.5,10.530612244897961,4.9,4.9,4.9,3.8500000000000005,False,0.5273181328811918,1.0885230671443695,True,True,True,1.0,True,6.609857531447346,742.377245770414,N/A,new_parameter_combo,Q2_provisional,requires_pilot_and_Q3_k100_confirmation
4.65,70.0,4.0,0.7,False,4.0,10.532258064516128,4.65,4.65,4.65,4.324999999999999,False,0.6354205029437,0.958211031557046,True,True,True,1.0,True,6.501696280053883,666.2708569987715,N/A,new_parameter_combo,Q2_provisional,requires_pilot_and_Q3_k100_confirmation
4.65,31.0,4.5,0.31,False,4.5,10.533333333333335,4.65,4.5825000000000005,4.5,4.5,False,0.6576770198965444,0.9624752289325901,True,True,True,1.0,True,6.227619917307346,506.54842048213277,N/A,new_parameter_combo,Q2_provisional,requires_pilot_and_Q3_k100_confirmation
4.9,27.0,4.4,0.27,False,4.4,10.533395176252318,4.9,4.575,4.4,4.4,False,0.579140042455631,0.9938026385149485,True,True,True,1.0,True,6.239085879956269,512.3899109093504,N/A,new_parameter_combo,Q2_provisional,requires_pilot_and_Q3_k100_confirmation
4.65,30.0,4.5,0.3,False,4.5,10.53763440860215,4.65,4.575,4.5,4.5,False,0.666921255066281,0.9708087875035901,True,True,True,1.0,True,6.22720648938889,506.33904250738794,N/A,new_parameter_combo,Q2_provisional,requires_pilot_and_Q3_k100_confirmation
4.65,50.0,4.4,0.5,False,4.4,10.542521994134898,4.65,4.65,4.525,4.4,False,0.731198192827278,0.9679364060148427,True,True,True,1.0,True,6.0919290715392895,442.2737664899394,N/A,new_parameter_combo,Q2_provisional,requires_pilot_and_Q3_k100_confirmation
7.0,37.0,3.5,0.37,False,3.5,10.542857142857144,7.0,6.475,3.5,3.4999999999999996,False,0.6610786640030067,1.8517637848959116,True,True,True,0.99,True,6.687065619502304,801.9655240729405,N/A,new_parameter_combo,Q2_provisional,requires_pilot_and_Q3_k100_confirmation
4.9,40.0,4.25,0.4,False,4.25,10.54501800720288,4.9,4.9,4.25,4.25,False,0.6066763964421231,1.060500695416662,True,True,True,1.0,True,6.30665775330974,548.2096316521975,N/A,new_parameter_combo,Q2_provisional,requires_pilot_and_Q3_k100_confirmation
5.6,22.0,4.25,0.22,False,4.25,10.545378151260504,5.599999999999999,4.385,4.25,4.25,False,0.6206004334184628,1.4814604598351249,True,True,True,1.0,True,6.233295913777435,509.43176270783243,N/A,new_parameter_combo,Q2_provisional,requires_pilot_and_Q3_k100_confirmation
4.4,58.0,5.0,0.58,False,5.0,10.549090909090909,4.4,4.4,4.460000000000001,5.000000000000001,False,0.8045787337330702,1.1597831622547365,True,True,True,1.0,True,5.793619559970315,328.1988123495102,N/A,new_parameter_combo,Q2_provisional,requires_pilot_and_Q3_k100_confirmation
4.8,58.0,4.0,0.58,False,4.0,10.55,4.8,4.8,4.72,4.0,False,0.640312423743285,1.0445542434179609,True,True,True,1.0,True,6.251708770424024,518.8987463652306,N/A,new_parameter_combo,Q2_provisional,requires_pilot_and_Q3_k100_confirmation
4.0,22.0,4.8,0.22,False,4.8,10.55,4.0,4.72,4.8,4.8,False,0.6132699242584788,1.1831664485732811,True,True,True,0.847,True,6.16613560563196,476.34177230576023,N/A,new_parameter_combo,Q2_provisional,requires_pilot_and_Q3_k100_confirmation
4.65,27.0,4.5,0.27,False,4.5,10.550537634408602,4.65,4.5525,4.5,4.5,False,0.6964474585351004,0.996406535581099,True,True,True,0.996,True,6.220738442935837,503.0745867660163,N/A,new_parameter_combo,Q2_provisional,requires_pilot_and_Q3_k100_confirmation
4.65,69.0,4.0,0.69,False,4.0,10.553225806451614,4.65,4.65,4.65,4.2924999999999995,False,0.6230963099550437,0.9899188654609926,True,True,True,1.0,True,6.458800087176099,638.2946988856753,N/A,new_parameter_combo,Q2_provisional,requires_pilot_and_Q3_k100_confirmation
4.0,19.0,4.75,0.19,False,4.75,10.55526315789474,4.0375000000000005,4.75,4.75,4.75,False,0.6556271339530652,1.164797678977264,True,True,True,0.847,True,6.192050660406463,488.8475393576134,N/A,new_parameter_combo,Q2_provisional,requires_pilot_and_Q3_k100_confirmation
5.4,50.0,3.6,0.5,False,3.6,10.555555555555555,5.4,5.4,4.500000000000001,3.6000000000000005,True,0.37499999999999983,1.1461128932326268,True,True,True,1.0,True,6.58654952256055,725.2740058524807,N/A,existing_parameter_combo,Q2_provisional,requires_pilot_and_Q3_k100_confirmation
4.8,31.0,4.4,0.31,False,4.4,10.556818181818183,4.8,4.62,4.4,4.4,False,0.576974869470066,0.9961064513643824,True,True,True,1.0,True,6.2623804760976265,524.4659339193761,N/A,new_parameter_combo,Q2_provisional,requires_pilot_and_Q3_k100_confirmation
4.8,13.0,4.5,0.13,False,4.5,10.558333333333335,4.695,4.5,4.5,4.5,False,0.7298657970015124,1.0198392700526049,True,True,True,0.947,True,6.2796085890586895,533.5797739857436,N/A,new_parameter_combo,Q2_provisional,requires_pilot_and_Q3_k100_confirmation
5.4,37.0,4.0,0.37,False,4.0,10.561111111111112,5.4,5.1899999999999995,4.0,4.0,False,0.4902644018011805,1.0757532813076724,True,True,True,1.0,True,6.472085650978027,646.8313856157789,N/A,new_parameter_combo,Q2_provisional,requires_pilot_and_Q3_k100_confirmation
5.6,4.0,4.5,0.04,False,4.5,10.561904761904762,4.72,4.5,4.5,4.5,False,0.9754381537733362,1.0216585223645585,True,True,True,0.8,True,6.313993401093933,552.2458906091139,N/A,new_parameter_combo,Q2_provisional,requires_pilot_and_Q3_k100_confirmation
4.65,24.0,4.5,0.24,False,4.5,10.563440860215053,4.65,4.53,4.5,4.5,False,0.6510104244204404,1.0228472904842496,True,True,True,0.996,True,6.219833241524555,502.61940898496124,N/A,new_parameter_combo,Q2_provisional,requires_pilot_and_Q3_k100_confirmation
4.65,60.0,4.25,0.6,False,4.25,10.565464895635673,4.65,4.65,4.65,4.25,False,0.7272686400119959,1.0125280579499467,True,True,True,1.0,True,6.039919419728508,419.85920115511004,N/A,new_parameter_combo,Q2_provisional,requires_pilot_and_Q3_k100_confirmation
4.8,30.0,4.4,0.3,False,4.4,10.568181818181818,4.8,4.6,4.4,4.4,False,0.5677039326110402,1.0188261260759517,True,True,True,1.0,True,6.26196704817917,524.2491498753905,N/A,new_parameter_combo,Q2_provisional,requires_pilot_and_Q3_k100_confirmation
4.4,50.0,4.8,0.5,False,4.8,10.568181818181818,4.4,4.4,4.6000000000000005,4.8,False,0.8437090126099067,1.1450890947982353,True,True,True,1.0,True,5.959207768529698,387.30316890504633,N/A,new_parameter_combo,Q2_provisional,requires_pilot_and_Q3_k100_confirmation
4.9,70.0,3.0,0.7,False,3.0,10.571428571428573,4.9,4.9,4.9,3.95,False,0.640069451748187,1.0846798076237842,True,True,True,1.0,True,6.68539873133967,800.629850752312,N/A,new_parameter_combo,Q2_provisional,requires_pilot_and_Q3_k100_confirmation
4.65,22.0,4.5,0.22,False,4.5,10.572043010752688,4.65,4.515,4.5,4.5,False,0.6254290619083767,1.0409111583453539,True,True,True,0.99,True,6.224703263667049,505.0731466647515,N/A,new_parameter_combo,Q2_provisional,requires_pilot_and_Q3_k100_confirmation
5.4,24.0,4.25,0.24,False,4.25,10.572549019607845,5.4,4.48,4.25,4.25,False,0.6636360110045573,1.3378911854545663,True,True,True,1.0,True,6.256078360924761,521.1710823715706,N/A,new_parameter_combo,Q2_provisional,requires_pilot_and_Q3_k100_confirmation
4.9,24.0,4.4,0.24,False,4.4,10.57513914656772,4.9,4.5,4.4,4.4,False,0.604819187856999,1.0863606708982376,True,True,True,1.0,True,6.238180678544987,511.9263046990228,N/A,new_parameter_combo,Q2_provisional,requires_pilot_and_Q3_k100_confirmation
5.4,4.0,4.5,0.04,False,4.5,10.57777777777778,4.68,4.5,4.5,4.5,False,0.9365658611357229,1.0460429570052208,True,True,True,0.8,True,6.341645870383752,567.7299527597046,N/A,new_parameter_combo,Q2_provisional,requires_pilot_and_Q3_k100_confirmation
5.4,13.0,4.4,0.13,False,4.4,10.580808080808081,5.050000000000001,4.4,4.4,4.4,False,0.7015903944843122,1.1885042514525845,True,True,True,0.95,True,6.232830569832148,509.1947568704118,N/A,new_parameter_combo,Q2_provisional,requires_pilot_and_Q3_k100_confirmation
4.4,60.0,5.0,0.6,False,5.0,10.581818181818182,4.4,4.4,4.4,5.000000000000001,False,0.812655008761594,1.211177123540042,True,True,True,0.998,True,5.788423359646431,326.49784867571464,N/A,new_parameter_combo,Q2_provisional,requires_pilot_and_Q3_k100_confirmation
4.9,38.0,4.25,0.38,False,4.25,10.58247298919568,4.9,4.835,4.25,4.25,False,0.6337877107083236,1.0692206566860012,True,True,True,1.0,True,6.323681242642952,557.6219605028796,N/A,new_parameter_combo,Q2_provisional,requires_pilot_and_Q3_k100_confirmation
4.65,19.0,4.5,0.19,False,4.5,10.58494623655914,4.6425,4.5,4.5,4.5,False,0.618590218495546,1.067399663880844,True,True,True,0.947,True,6.240218531505812,512.9705989324265,N/A,new_parameter_combo,Q2_provisional,requires_pilot_and_Q3_k100_confirmation
7.0,22.0,4.0,0.22,False,4.0,10.585714285714285,7.0,4.3,4.0,4.0,False,0.870353259267964,2.477995206793615,True,True,True,0.948,True,6.386794062544005,593.9493596084777,N/A,new_parameter_combo,Q2_provisional,requires_pilot_and_Q3_k100_confirmation
4.65,58.0,4.25,0.58,False,4.25,10.589753320683112,4.65,4.65,4.61,4.25,False,0.7198361358670456,1.050894920805795,True,True,True,1.0,True,6.045115620052393,422.04655170633214,N/A,new_parameter_combo,Q2_provisional,requires_pilot_and_Q3_k100_confirmation
4.4,55.0,4.85,0.55,False,4.85,10.59278350515464,4.4,4.4,4.5125,4.85,False,0.7998775416478779,1.1888166093155699,True,True,True,1.0,True,5.840768777998411,344.04373227458257,N/A,new_parameter_combo,Q2_provisional,requires_pilot_and_Q3_k100_confirmation
5.2,4.0,4.5,0.04,False,4.5,10.594871794871795,4.64,4.5,4.5,4.5,False,0.8880441706241827,1.0805384616145752,True,True,True,0.8,True,6.373558159696748,586.1397015398401,N/A,new_parameter_combo,Q2_provisional,requires_pilot_and_Q3_k100_confirmation
5.2,27.0,4.25,0.27,False,4.25,10.597737556561086,5.2,4.5825000000000005,4.25,4.25,False,0.6330947484059425,1.226233764137905,True,True,True,1.0,True,6.2888958516490385,538.5583523571519,N/A,new_parameter_combo,Q2_provisional,requires_pilot_and_Q3_k100_confirmation
4.0,24.0,4.8,0.24,False,4.8,10.600000000000001,4.0,4.64,4.8,4.8,False,0.61592638044043,1.2316294819321925,True,True,True,0.847,True,6.161265583489467,474.0276168950381,N/A,new_parameter_combo,Q2_provisional,requires_pilot_and_Q3_k100_confirmation
4.9,37.0,4.25,0.37,False,4.25,10.601200480192077,4.9,4.8025,4.25,4.25,False,0.6596637400979379,1.0975397069086787,True,True,True,1.0,True,6.33061795685337,561.5034715826725,N/A,new_parameter_combo,Q2_provisional,requires_pilot_and_Q3_k100_confirmation
4.8,27.0,4.4,0.27,False,4.4,10.602272727272727,4.8,4.54,4.4,4.4,False,0.602640448529703,1.0907165119220978,True,True,True,1.0,True,6.255499001726117,520.8692245614246,N/A,new_parameter_combo,Q2_provisional,requires_pilot_and_Q3_k100_confirmation
4.9,22.0,4.4,0.22,False,4.4,10.602968460111317,4.9,4.45,4.4,4.4,False,0.6440386959156528,1.1519549628122134,True,True,True,0.996,True,6.243050700687482,514.4254777127604,N/A,new_parameter_combo,Q2_provisional,requires_pilot_and_Q3_k100_confirmation
4.0,27.0,4.85,0.27,False,4.85,10.606701030927836,4.0,4.552499999999999,4.85,4.85,False,0.594397310950602,1.2382713133385455,True,True,True,0.847,True,6.154475483172204,470.81982476307314,N/A,new_parameter_combo,Q2_provisional,requires_pilot_and_Q3_k100_confirmation
4.4,50.0,4.75,0.5,False,4.75,10.607655502392346,4.4,4.4,4.575,4.75,False,0.8137843067786352,1.195947823599924,True,True,True,1.0,True,5.969607555465436,391.3520566336335,N/A,new_parameter_combo,Q2_provisional,requires_pilot_and_Q3_k100_confirmation
4.65,13.0,4.5,0.13,False,4.5,10.610752688172044,4.5975,4.5,4.5,4.5,False,0.7670515915716835,1.116718980105259,True,True,True,0.947,True,6.300805911833421,545.0109639680279,N/A,new_parameter_combo,Q2_provisional,requires_pilot_and_Q3_k100_confirmation
5.6,2.0,4.5,0.02,False,4.5,10.614285714285714,4.61,4.5,4.5,4.5,False,1.030776406404415,1.1160332514509932,True,True,True,0.8,True,6.362651341236548,579.7815190240104,N/A,new_parameter_combo,Q2_provisional,requires_pilot_and_Q3_k100_confirmation
5.6,58.0,3.0,0.58,False,3.0,10.614285714285716,5.599999999999999,5.599999999999999,5.339999999999999,3.0,False,0.3387401628965537,1.1257779437505455,True,True,True,1.0,True,6.342633296173016,568.290820818619,N/A,new_parameter_combo,Q2_provisional,requires_pilot_and_Q3_k100_confirmation
5.2,40.0,4.0,0.4,False,4.0,10.615384615384617,5.2,5.2,4.0,4.0,False,0.514285714285714,1.269593217914462,True,True,True,1.0,True,6.480037736747393,651.9955499983087,N/A,new_parameter_combo,Q2_provisional,requires_pilot_and_Q3_k100_confirmation
4.65,40.0,4.4,0.4,False,4.4,10.615835777126101,4.65,4.65,4.4,4.4,False,0.6964580808766364,1.0872652656545114,True,True,True,1.0,True,6.240047736452841,512.8829935733028,N/A,new_parameter_combo,Q2_provisional,requires_pilot_and_Q3_k100_confirmation
5.4,2.0,4.5,0.02,False,4.5,10.622222222222224,4.59,4.5,4.5,4.5,False,0.9724849823088924,1.1338372346707217,True,True,True,0.8,True,6.390303810526367,596.0376346909462,N/A,new_parameter_combo,Q2_provisional,requires_pilot_and_Q3_k100_confirmation
4.9,50.0,4.0,0.5,False,4.0,10.622448979591837,4.9,4.9,4.45,4.0,False,0.5771615316992891,1.146694716039767,True,True,True,1.0,True,6.386329561542551,593.6735336018144,N/A,new_parameter_combo,Q2_provisional,requires_pilot_and_Q3_k100_confirmation
4.8,55.0,4.0,0.55,False,4.0,10.625,4.8,4.8,4.6000000000000005,4.0,False,0.646023945976858,1.1463190288423397,True,True,True,1.0,True,6.291998994509656,540.2321715701961,N/A,new_parameter_combo,Q2_provisional,requires_pilot_and_Q3_k100_confirmation
4.4,55.0,4.8,0.55,False,4.8,10.625,4.4,4.4,4.5,4.8,False,0.7826902846162412,1.2286303988502443,True,True,True,1.0,True,5.848464079726955,346.7014655164706,N/A,new_parameter_combo,Q2_provisional,requires_pilot_and_Q3_k100_confirmation
4.8,65.0,3.6,0.65,False,3.6,10.625000000000002,4.8,4.8,4.8,3.9000000000000004,False,0.5677039326110408,1.1785223235213198,True,True,True,1.0,True,6.5958886310630085,732.079145996883,N/A,new_parameter_combo,Q2_provisional,requires_pilot_and_Q3_k100_confirmation
4.65,55.0,4.25,0.55,False,4.25,10.62618595825427,4.65,4.65,4.55,4.25,False,0.7145171276920563,1.1086101243597335,True,True,True,1.0,True,6.085405844138025,439.3981036360863,N/A,new_parameter_combo,Q2_provisional,requires_pilot_and_Q3_k100_confirmation
4.0,22.0,4.75,0.22,False,4.75,10.626315789473686,4.0,4.675,4.75,4.75,False,0.6500000000000002,1.2727130016230617,True,True,True,0.847,True,6.1765353925677,481.321474284329,N/A,new_parameter_combo,Q2_provisional,requires_pilot_and_Q3_k100_confirmation
3.6,22.0,5.0,0.22,False,5.0,10.626666666666669,3.6,4.86,5.0,5.000000000000001,False,0.8320125587749166,1.4790172079271657,True,True,True,0.831,True,6.14057293572743,464.31951990804413,N/A,new_parameter_combo,Q2_provisional,requires_pilot_and_Q3_k100_confirmation
4.65,38.0,4.4,0.38,False,4.4,10.63049853372434,4.65,4.625000000000001,4.4,4.4,False,0.6513784441866496,1.111637783285062,True,True,True,1.0,True,6.257071225786052,521.688791791195,N/A,new_parameter_combo,Q2_provisional,requires_pilot_and_Q3_k100_confirmation
4.4,58.0,4.85,0.58,False,4.85,10.630740393626994,4.4,4.4,4.445,4.85,False,0.8296987405076615,1.2474206901611649,True,True,True,1.0,True,5.800478553912778,330.4576638840527,N/A,new_parameter_combo,Q2_provisional,requires_pilot_and_Q3_k100_confirmation
5.2,2.0,4.5,0.02,False,4.5,10.63076923076923,4.57,4.5,4.5,4.5,False,0.9062425228403721,1.1526284735038852,True,True,True,0.8,True,6.422216099839363,615.3653151573858,N/A,new_parameter_combo,Q2_provisional,requires_pilot_and_Q3_k100_confirmation
4.4,69.0,5.4,0.69,False,5.4,10.63131313131313,4.4,4.4,4.4,4.95,False,0.6995716619504266,1.2624125392012202,True,True,True,0.85,True,6.019139053423727,411.2244010370385,N/A,new_parameter_combo,Q2_provisional,requires_pilot_and_Q3_k100_confirmation
5.2,55.0,3.5,0.55,False,3.5,10.631868131868131,5.2,5.2,4.775,3.4999999999999996,False,0.4427563249297589,1.1732259184902178,True,True,True,1.0,True,6.5381001452249885,690.9725826709506,N/A,new_parameter_combo,Q2_provisional,requires_pilot_and_Q3_k100_confirmation
5.4,22.0,4.25,0.22,False,4.25,10.632679738562093,5.4,4.365,4.25,4.25,False,0.676367874218986,1.4686566025939014,True,True,True,1.0,True,6.260948383067254,523.7153874651896,N/A,new_parameter_combo,Q2_provisional,requires_pilot_and_Q3_k100_confirmation
4.8,4.0,4.5,0.04,False,4.5,10.633333333333333,4.56,4.5,4.5,4.5,False,0.7762087348130015,1.1600206555148034,True,True,True,0.808,True,6.444381771175306,629.1575933435729,N/A,new_parameter_combo,Q2_provisional,requires_pilot_and_Q3_k100_confirmation
5.2,13.0,4.4,0.13,False,4.4,10.636363636363637,4.92,4.4,4.4,4.4,False,0.7272480979132,1.2285543303844397,True,True,True,0.95,True,6.2647428591451435,525.7063879875991,N/A,new_parameter_combo,Q2_provisional,requires_pilot_and_Q3_k100_confirmation
4.8,24.0,4.4,0.24,False,4.4,10.636363636363638,4.8,4.48,4.4,4.4,False,0.6514598989960932,1.1673895397970646,True,True,True,0.996,True,6.254593800314836,520.3979463372953,N/A,new_parameter_combo,Q2_provisional,requires_pilot_and_Q3_k100_confirmation
4.65,65.0,4.0,0.65,False,4.0,10.637096774193548,4.65,4.65,4.65,4.1625000000000005,False,0.590518866665372,1.1231969717962749,True,True,True,1.0,True,6.330543213798035,561.4615046660125,N/A,new_parameter_combo,Q2_provisional,requires_pilot_and_Q3_k100_confirmation
4.65,37.0,4.4,0.37,False,4.4,10.637829912023461,4.65,4.6125,4.4,4.4,False,0.6277657173805902,1.1242577943192078,True,True,True,1.0,True,6.26400793999647,525.320178230343,N/A,new_parameter_combo,Q2_provisional,requires_pilot_and_Q3_k100_confirmation
4.9,19.0,4.4,0.19,False,4.4,10.644712430426717,4.875,4.4,4.4,4.4,False,0.7074603363800831,1.2342350306524306,True,True,True,0.996,True,6.258565968526245,522.4691654089687,N/A,new_parameter_combo,Q2_provisional,requires_pilot_and_Q3_k100_confirmation
4.8,40.0,4.25,0.4,False,4.25,10.647058823529413,4.8,4.8,4.25,4.25,False,0.6411123146532131,1.167386643225504,True,True,True,1.0,True,6.323070875079588,557.2817099950694,N/A,new_parameter_combo,Q2_provisional,requires_pilot_and_Q3_k100_confirmation
5.6,19.0,4.25,0.19,False,4.25,10.647478991596639,5.532499999999999,4.25,4.25,4.25,False,0.637317400819839,1.6295054130768618,True,True,True,1.0,True,6.248811181616198,517.3973674052706,N/A,new_parameter_combo,Q2_provisional,requires_pilot_and_Q3_k100_confirmation
4.9,69.0,3.0,0.69,False,3.0,10.648979591836735,4.9,4.9,4.9,3.8549999999999995,False,0.6263785816509216,1.191527999557404,True,True,True,1.0,True,6.642502538461885,767.0120704465571,N/A,new_parameter_combo,Q2_provisional,requires_pilot_and_Q3_k100_confirmation
4.65,4.0,4.5,0.04,False,4.5,10.649462365591399,4.53,4.5,4.5,4.5,False,0.8671297841153883,1.190797002966816,True,True,True,0.808,True,6.465579093950037,642.6364025656393,N/A,new_parameter_combo,Q2_provisional,requires_pilot_and_Q3_k100_confirmation
6.0,27.0,4.0,0.27,False,4.0,10.65,6.000000000000001,4.7,4.0,4.0,False,0.6172391624593091,1.5219976254883472,True,True,True,1.0,True,6.414596087682476,610.6940441488257,N/A,new_parameter_combo,Q2_provisional,requires_pilot_and_Q3_k100_confirmation
4.4,60.0,4.85,0.6,False,4.85,10.656044985941893,4.4,4.4,4.4,4.85,False,0.8459700385489127,1.2879116644160102,True,True,True,1.0,True,5.7952823535888935,328.7449932074888,N/A,new_parameter_combo,Q2_provisional,requires_pilot_and_Q3_k100_confirmation
4.4,70.0,5.4,0.7,False,5.4,10.656565656565656,4.4,4.4,4.4,4.9,False,0.6872100501747809,1.289127485506874,True,True,True,0.85,True,6.0620352463015115,429.2481741992785,N/A,new_parameter_combo,Q2_provisional,requires_pilot_and_Q3_k100_confirmation
4.4,55.0,4.75,0.55,False,4.75,10.657894736842104,4.4,4.4,4.4875,4.75,False,0.7672053712224992,1.2711666226204084,True,True,True,1.0,True,5.858863866662694,350.3259008991749,N/A,new_parameter_combo,Q2_provisional,requires_pilot_and_Q3_k100_confirmation
4.65,2.0,4.5,0.02,False,4.5,10.658064516129032,4.515,4.5,4.5,4.5,False,0.8690105687633776,1.2032866840702308,True,True,True,0.808,True,6.514237034092651,674.6790080206395,N/A,new_parameter_combo,Q2_provisional,requires_pilot_and_Q3_k100_confirmation
4.8,22.0,4.4,0.22,False,4.4,10.65909090909091,4.8,4.44,4.4,4.4,False,0.6880258656742019,1.2207192769635844,True,True,True,0.996,True,6.259463822457329,522.9384770581283,N/A,new_parameter_combo,Q2_provisional,requires_pilot_and_Q3_k100_confirmation
4.4,58.0,4.8,0.58,False,4.8,10.65909090909091,4.4,4.4,4.44,4.8,False,0.8121576201698782,1.281730589526461,True,True,True,1.0,True,5.808173855641322,333.0104449288777,N/A,new_parameter_combo,Q2_provisional,requires_pilot_and_Q3_k100_confirmation
4.65,71.0,3.6,0.71,False,3.6,10.661290322580646,4.65,4.65,4.65,4.1775,False,0.5987681071779537,1.1487961422374817,True,True,True,1.0,True,6.83546800278468,930.2636148274111,N/A,new_parameter_combo,Q2_provisional,requires_pilot_and_Q3_k100_confirmation
4.4,65.0,5.0,0.65,False,5.0,10.663636363636362,4.4,4.4,4.4,4.85,False,0.8226168423924687,1.2966074324985672,True,True,True,0.993,True,5.851256680569596,347.67101747693044,N/A,new_parameter_combo,Q2_provisional,requires_pilot_and_Q3_k100_confirmation
6.0,40.0,3.6,0.4,False,3.6,10.666666666666668,6.000000000000001,6.000000000000001,3.6,3.6000000000000005,True,0.4714420993730029,1.449853087729419,True,True,True,1.0,True,6.664490239674173,784.0636785357605,N/A,existing_parameter_combo,Q2_provisional,requires_pilot_and_Q3_k100_confirmation
5.4,60.0,3.0,0.6,False,3.0,10.666666666666668,5.4,5.4,5.4,3.0,True,0.3382314447299092,1.2410872821329497,True,True,True,1.0,True,6.365089565138951,581.1968809653381,N/A,existing_parameter_combo,Q2_provisional,requires_pilot_and_Q3_k100_confirmation
5.6,31.0,4.0,0.31,False,4.0,10.671428571428573,5.599999999999999,4.88,4.0,4.0,False,0.48064794702525465,1.2800696011631412,True,True,True,1.0,True,6.464003040564094,641.6243710048154,N/A,new_parameter_combo,Q2_provisional,requires_pilot_and_Q3_k100_confirmation
4.0,24.0,4.75,0.24,False,4.75,10.673684210526316,4.0,4.6,4.75,4.75,False,0.6525069395205305,1.3270575567256013,True,True,True,0.847,True,6.171665370425205,478.9831265710466,N/A,new_parameter_combo,Q2_provisional,requires_pilot_and_Q3_k100_confirmation
4.0,27.0,4.8,0.27,False,4.8,10.675,4.0,4.52,4.8,4.8,False,0.6296889416730347,1.3296023354688942,True,True,True,0.847,True,6.1621707849007485,474.45690162809854,N/A,new_parameter_combo,Q2_provisional,requires_pilot_and_Q3_k100_confirmation
4.8,71.0,3.0,0.71,False,3.0,10.675000000000002,4.8,4.8,4.8,3.9899999999999993,False,0.6854199517114177,1.1995628671483547,True,True,True,1.0,True,6.74904083580061,853.23997267669,N/A,new_parameter_combo,Q2_provisional,requires_pilot_and_Q3_k100_confirmation
5.2,24.0,4.25,0.24,False,4.25,10.675113122171947,5.2,4.44,4.25,4.25,False,0.607430840314604,1.385602210427661,True,True,True,1.0,True,6.287990650237757,538.0710691545348,N/A,new_parameter_combo,Q2_provisional,requires_pilot_and_Q3_k100_confirmation
4.8,38.0,4.25,0.38,False,4.25,10.679411764705883,4.8,4.745,4.25,4.25,False,0.6550042841424,1.2106262090074174,True,True,True,1.0,True,6.340094364412799,566.8497993063347,N/A,new_parameter_combo,Q2_provisional,requires_pilot_and_Q3_k100_confirmation
4.9,60.0,3.6,0.6,False,3.6,10.680272108843537,4.9,4.9,4.9,3.6000000000000005,False,0.5727619488059592,1.2640044405976723,True,True,True,1.0,True,6.516642188369995,676.3036681185165,N/A,new_parameter_combo,Q2_provisional,requires_pilot_and_Q3_k100_confirmation
4.65,31.0,4.4,0.31,False,4.4,10.681818181818182,4.65,4.5375000000000005,4.4,4.4,False,0.6379177552788444,1.2054652637059509,True,True,True,1.0,True,6.283577798872357,535.7018728026751,N/A,new_parameter_combo,Q2_provisional,requires_pilot_and_Q3_k100_confirmation
4.4,71.0,5.4,0.71,False,5.4,10.681818181818182,4.4,4.4,4.4,4.8500000000000005,False,0.6758309322453302,1.317598737495952,True,True,True,0.85,True,6.109264228992603,450.00749086505414,N/A,new_parameter_combo,Q2_provisional,requires_pilot_and_Q3_k100_confirmation
4.4,60.0,4.8,0.6,False,4.8,10.681818181818182,4.4,4.4,4.4,4.8,False,0.8141654046460395,1.3182057627893022,True,True,True,1.0,True,5.802977655317437,331.284543894186,N/A,new_parameter_combo,Q2_provisional,requires_pilot_and_Q3_k100_confirmation
5.2,38.0,4.0,0.38,False,4.0,10.684615384615384,5.2,5.08,4.0,4.0,False,0.5714285714285712,1.3590591227932771,True,True,True,1.0,True,6.497061226080604,663.1898015609278,N/A,new_parameter_combo,Q2_provisional,requires_pilot_and_Q3_k100_confirmation
4.0,30.0,4.85,0.3,False,4.85,10.68556701030928,4.0,4.425,4.85,4.85,False,0.620600433418463,1.4142430299131425,True,True,True,0.935,True,6.160943529625258,473.87497904939863,N/A,new_parameter_combo,Q2_provisional,requires_pilot_and_Q3_k100_confirmation
4.65,50.0,4.25,0.5,False,4.25,10.686907020872864,4.65,4.65,4.45,4.25,False,0.7000903959489805,1.2024219753847667,True,True,True,1.0,True,6.196149532940768,490.85537523070985,N/A,new_parameter_combo,Q2_provisional,requires_pilot_and_Q3_k100_confirmation
4.4,58.0,4.75,0.58,False,4.75,10.688038277511962,4.4,4.4,4.4350000000000005,4.75,False,0.7810249675906656,1.3184398013436265,True,True,True,1.0,True,5.818573642577061,336.4917536611965,N/A,new_parameter_combo,Q2_provisional,requires_pilot_and_Q3_k100_confirmation
4.65,30.0,4.4,0.3,False,4.4,10.689149560117302,4.65,4.5249999999999995,4.4,4.4,False,0.647444175554297,1.219833231680662,True,True,True,1.0,True,6.283164370953902,535.4804444679713,N/A,new_parameter_combo,Q2_provisional,requires_pilot_and_Q3_k100_confirmation
4.8,19.0,4.4,0.19,False,4.4,10.693181818181818,4.779999999999999,4.4,4.4,4.4,False,0.7139942262385884,1.289363746507982,True,True,True,0.996,True,6.2749790902960925,531.1152761787484,N/A,new_parameter_combo,Q2_provisional,requires_pilot_and_Q3_k100_confirmation
4.8,37.0,4.25,0.37,False,4.25,10.69558823529412,4.8,4.717499999999999,4.25,4.25,False,0.6800735254367721,1.234469136237193,True,True,True,1.0,True,6.3470310786232185,570.7955437935174,N/A,new_parameter_combo,Q2_provisional,requires_pilot_and_Q3_k100_confirmation
4.8,65.0,3.5,0.65,False,3.5,10.696428571428573,4.8,4.8,4.8,3.8250000000000006,False,0.5665978849813212,1.2981609038619943,True,True,True,1.0,True,6.626270653217193,754.6625179450327,N/A,new_parameter_combo,Q2_provisional,requires_pilot_and_Q3_k100_confirmation
5.4,50.0,3.5,0.5,False,3.5,10.698412698412698,5.4,5.4,4.45,3.4999999999999996,False,0.3834383914007567,1.2596991911634248,True,True,True,1.0,True,6.616931544714735,747.6474510298972,N/A,new_parameter_combo,Q2_provisional,requires_pilot_and_Q3_k100_confirmation
4.65,70.0,3.6,0.7,False,3.6,10.698924731182796,4.65,4.65,4.65,4.124999999999999,False,0.5910840794934443,1.2156568972263484,True,True,True,1.0,True,6.788239020093588,887.3495803838323,N/A,new_parameter_combo,Q2_provisional,requires_pilot_and_Q3_k100_confirmation
4.65,71.0,3.5,0.71,False,3.5,10.704147465437789,4.65,4.65,4.65,4.132499999999999,False,0.6254290619083769,1.2197406084350362,True,True,True,1.0,True,6.865850024938864,958.960633911147,N/A,new_parameter_combo,Q2_provisional,requires_pilot_and_Q3_k100_confirmation
4.4,13.0,4.5,0.13,False,4.5,10.706060606060607,4.4350000000000005,4.5,4.5,4.5,False,0.8486483851588081,1.2853015868566675,True,True,True,0.808,True,6.327008490111196,559.4803967834088,N/A,new_parameter_combo,Q2_provisional,requires_pilot_and_Q3_k100_confirmation
4.4,60.0,4.75,0.6,False,4.75,10.708133971291867,4.4,4.4,4.4,4.75,False,0.7831125756380427,1.3507444865415525,True,True,True,1.0,True,5.813377442253176,334.7478099661781,N/A,new_parameter_combo,Q2_provisional,requires_pilot_and_Q3_k100_confirmation
4.0,37.0,5.0,0.37,False,5.0,10.709999999999999,4.0,4.15,5.0,5.000000000000001,False,0.6857142857142855,1.6086679143067009,True,True,True,0.935,True,6.134928104725364,461.70589835325086,N/A,new_parameter_combo,Q2_provisional,requires_pilot_and_Q3_k100_confirmation
4.65,27.0,4.4,0.27,False,4.4,10.711143695014663,4.65,4.487500000000001,4.4,4.4,False,0.6824328338408706,1.2660605247673447,True,True,True,0.999,True,6.276696324500849,532.0281090472631,N/A,new_parameter_combo,Q2_provisional,requires_pilot_and_Q3_k100_confirmation
4.0,31.0,4.85,0.31,False,4.85,10.711855670103093,4.0,4.3825,4.85,4.85,False,0.6316822373469057,1.4708707247313415,True,True,True,0.935,True,6.161356957543713,474.0709326991588,N/A,new_parameter_combo,Q2_provisional,requires_pilot_and_Q3_k100_confirmation
3.6,19.0,4.85,0.19,False,4.85,10.713058419243989,3.6625,4.85,4.85,4.85,False,0.8478214127746388,1.5065376690049017,True,True,True,0.831,True,6.1629471975086565,474.8254189906824,N/A,new_parameter_combo,Q2_provisional,requires_pilot_and_Q3_k100_confirmation
4.9,31.0,4.25,0.31,False,4.25,10.713565426170469,4.9,4.6075,4.25,4.25,False,0.6589223770517981,1.2885240454115996,True,True,True,1.0,True,6.3501878157292575,572.6002422472093,N/A,new_parameter_combo,Q2_provisional,requires_pilot_and_Q3_k100_confirmation
5.6,30.0,4.0,0.3,False,4.0,10.714285714285715,5.599999999999999,4.8,4.0,4.0,False,0.4965205464643177,1.364981138924115,True,True,True,1.0,True,6.463589612645638,641.3591604031913,N/A,new_parameter_combo,Q2_provisional,requires_pilot_and_Q3_k100_confirmation
5.2,37.0,4.0,0.37,False,4.0,10.71923076923077,5.2,5.02,4.0,4.0,False,0.565144012710071,1.378291461436953,True,True,True,1.0,True,6.503997940291023,667.8061523238048,N/A,new_parameter_combo,Q2_provisional,requires_pilot_and_Q3_k100_confirmation
4.4,65.0,4.85,0.65,False,4.85,10.719306466729146,4.4,4.4,4.4,4.7375,False,0.8417680615156145,1.3645437745706892,True,True,True,1.0,True,5.858115674512058,350.0638878402375,N/A,new_parameter_combo,Q2_provisional,requires_pilot_and_Q3_k100_confirmation
3.6,24.0,5.0,0.24,False,5.0,10.720000000000002,3.6,4.72,5.0,5.000000000000001,False,0.8181612036157919,1.5834864643425282,True,True,True,0.831,True,6.135702913584936,462.0637707972783,N/A,new_parameter_combo,Q2_provisional,requires_pilot_and_Q3_k100_confirmation
5.4,19.0,4.25,0.19,False,4.25,10.722875816993465,5.342499999999999,4.25,4.25,4.25,False,0.6709147207358026,1.6162335609595273,True,True,True,0.998,True,6.276463650906018,531.9043345546664,N/A,new_parameter_combo,Q2_provisional,requires_pilot_and_Q3_k100_confirmation
4.4,19.0,4.5,0.19,False,4.5,10.724242424242425,4.405,4.5,4.5,4.5,False,0.717279440607611,1.3201090569476852,True,True,True,0.898,True,6.266421109783589,526.5893958158485,N/A,new_parameter_combo,Q2_provisional,requires_pilot_and_Q3_k100_confirmation
5.2,22.0,4.25,0.22,False,4.25,10.726696832579185,5.2,4.345000000000001,4.25,4.25,False,0.5965827698446462,1.5022327503632245,True,True,True,1.0,True,6.292860672380251,540.6978782931951,N/A,new_parameter_combo,Q2_provisional,requires_pilot_and_Q3_k100_confirmation
4.9,13.0,4.4,0.13,False,4.4,10.728200371057513,4.7250000000000005,4.4,4.4,4.4,False,0.7394634879424409,1.3340532090177102,True,True,True,0.95,True,6.3191533488538525,555.1028150067974,N/A,new_parameter_combo,Q2_provisional,requires_pilot_and_Q3_k100_confirmation
4.4,69.0,5.0,0.69,False,5.0,10.729090909090909,4.4,4.4,4.4,4.73,False,0.7692857142857147,1.3765462163409576,True,True,True,0.956,True,5.97951355394766,395.2480545281935,N/A,new_parameter_combo,Q2_provisional,requires_pilot_and_Q3_k100_confirmation
4.9,30.0,4.25,0.3,False,4.25,10.732292917166866,4.9,4.575,4.25,4.25,False,0.6705884751926658,1.3234568323431637,True,True,True,1.0,True,6.349774387810801,572.36356224938,N/A,new_parameter_combo,Q2_provisional,requires_pilot_and_Q3_k100_confirmation
4.65,24.0,4.4,0.24,False,4.4,10.733137829912025,4.65,4.45,4.4,4.4,False,0.7030039635052435,1.315346032002085,True,True,True,0.996,True,6.275791123089566,531.5467343555061,N/A,new_parameter_combo,Q2_provisional,requires_pilot_and_Q3_k100_confirmation
4.4,22.0,4.5,0.22,False,4.5,10.733333333333334,4.4,4.49,4.5,4.5,False,0.6585388898066349,1.3385913051503302,True,True,True,0.939,True,6.250905841944825,518.4822750046862,N/A,new_parameter_combo,Q2_provisional,requires_pilot_and_Q3_k100_confirmation
4.65,69.0,3.6,0.69,False,3.6,10.736559139784948,4.65,4.65,4.65,4.0725,False,0.6051566513755609,1.2828773887395388,True,True,True,1.0,True,6.745342827215803,850.0905108903366,N/A,new_parameter_combo,Q2_provisional,requires_pilot_and_Q3_k100_confirmation
4.4,65.0,4.8,0.65,False,4.8,10.738636363636363,4.4,4.4,4.4,4.7,False,0.8097984128088641,1.3897782594338057,True,True,True,1.0,True,5.865810976240602,352.7681267035545,N/A,new_parameter_combo,Q2_provisional,requires_pilot_and_Q3_k100_confirmation
4.4,24.0,4.5,0.24,False,4.5,10.739393939393938,4.4,4.48,4.5,4.5,False,0.6228636959026184,1.3513421327637816,True,True,True,0.979,True,6.246035819802331,515.9633933280743,N/A,new_parameter_combo,Q2_provisional,requires_pilot_and_Q3_k100_confirmation
4.0,38.0,5.0,0.38,False,5.0,10.74,4.0,4.1,5.0,5.000000000000001,False,0.7142857142857142,1.6750514652407478,True,True,True,0.972,True,6.127991390514945,458.51425902996624,N/A,new_parameter_combo,Q2_provisional,requires_pilot_and_Q3_k100_confirmation
4.65,60.0,4.0,0.6,False,4.0,10.741935483870968,4.65,4.65,4.65,4.0,False,0.6733087514245589,1.316977155686611,True,True,True,1.0,True,6.26770989287487,527.2684928356061,N/A,new_parameter_combo,Q2_provisional,requires_pilot_and_Q3_k100_confirmation
4.0,27.0,4.75,0.27,False,4.75,10.744736842105263,4.0,4.4875,4.75,4.75,False,0.6655134583652734,1.447306545834254,True,True,True,0.847,True,6.172570571836487,479.4168990693187,N/A,new_parameter_combo,Q2_provisional,requires_pilot_and_Q3_k100_confirmation
4.4,70.0,5.0,0.7,False,5.0,10.745454545454544,4.4,4.4,4.4,4.7,False,0.7580617739084494,1.39791848606228,True,True,True,0.956,True,6.022409746825444,412.5715918953038,N/A,new_parameter_combo,Q2_provisional,requires_pilot_and_Q3_k100_confirmation
4.65,70.0,3.5,0.7,False,3.5,10.746543778801843,4.65,4.65,4.65,4.074999999999999,False,0.6290588866776808,1.2948244656258412,True,True,True,1.0,True,6.818621042247773,914.7227759343691,N/A,new_parameter_combo,Q2_provisional,requires_pilot_and_Q3_k100_confirmation
4.65,22.0,4.4,0.22,False,4.4,10.747800586510264,4.65,4.425000000000001,4.4,4.4,False,0.6793831845722942,1.3489580752979509,True,True,True,0.996,True,6.28066114523206,534.1416923442789,N/A,new_parameter_combo,Q2_provisional,requires_pilot_and_Q3_k100_confirmation
4.4,27.0,4.5,0.27,False,4.5,10.74848484848485,4.4,4.465,4.5,4.5,False,0.6184658438426492,1.3706676954022348,True,True,True,0.979,True,6.246941021213614,516.4306555712003,N/A,new_parameter_combo,Q2_provisional,requires_pilot_and_Q3_k100_confirmation
4.0,30.0,4.8,0.3,False,4.8,10.75,4.0,4.4,4.8,4.8,False,0.6544806322261829,1.5168838686977564,True,True,True,0.847,True,6.168638831353801,477.5356569405262,N/A,new_parameter_combo,Q2_provisional,requires_pilot_and_Q3_k100_confirmation
4.8,70.0,3.0,0.7,False,3.0,10.750000000000002,4.8,4.8,4.8,3.8999999999999995,False,0.6727983747462719,1.3316640182594397,True,True,True,1.0,True,6.701811853109518,813.8791194814601,N/A,new_parameter_combo,Q2_provisional,requires_pilot_and_Q3_k100_confirmation
4.8,50.0,4.0,0.5,False,4.0,10.750000000000002,4.8,4.8,4.3999999999999995,4.0,False,0.5818935706390133,1.3278799497482117,True,True,True,1.0,True,6.4027426833123995,603.4979739180009,N/A,new_parameter_combo,Q2_provisional,requires_pilot_and_Q3_k100_confirmation
4.4,30.0,4.5,0.3,False,4.5,10.757575757575758,4.4,4.45,4.5,4.5,False,0.6770659992548281,1.3902235679108197,True,True,True,0.982,True,6.2534090676666665,519.7817789690988,N/A,new_parameter_combo,Q2_provisional,requires_pilot_and_Q3_k100_confirmation
4.4,65.0,4.75,0.65,False,4.75,10.758373205741627,4.4,4.4,4.4,4.6625000000000005,False,0.7785714285714289,1.416277744482407,True,True,True,1.0,True,5.876210763176341,356.45598328186463,N/A,new_parameter_combo,Q2_provisional,requires_pilot_and_Q3_k100_confirmation
6.0,13.0,4.25,0.13,False,4.25,10.758823529411766,5.3875,4.25,4.25,4.25,False,0.8718968296952643,1.6699966285762138,True,True,True,0.987,True,6.266873083433697,526.8274541411763,N/A,new_parameter_combo,Q2_provisional,requires_pilot_and_Q3_k100_confirmation
4.4,31.0,4.5,0.31,False,4.5,10.760606060606062,4.4,4.445,4.5,4.5,False,0.6978465418115701,1.3967917033877608,True,True,True,0.982,True,6.253822495585123,519.9967156953896,N/A,new_parameter_combo,Q2_provisional,requires_pilot_and_Q3_k100_confirmation
4.8,13.0,4.4,0.13,False,4.4,10.761363636363638,4.66,4.4,4.4,4.4,False,0.7342370745424484,1.3805791909923966,True,True,True,0.947,True,6.335566470623701,564.2889655873944,N/A,new_parameter_combo,Q2_provisional,requires_pilot_and_Q3_k100_confirmation
4.4,71.0,5.0,0.71,False,5.0,10.761818181818182,4.4,4.4,4.4,4.67,False,0.74776162577361,1.4197966331965737,True,True,True,0.924,True,6.0696387295165355,432.52439504801237,N/A,new_parameter_combo,Q2_provisional,requires_pilot_and_Q3_k100_confirmation
6.0,4.0,4.4,0.04,False,4.4,10.763636363636362,4.72,4.4,4.4,4.4,False,1.0102343635947826,1.3779738167224644,True,True,True,0.81,True,6.3274258041488345,559.7139245305843,N/A,new_parameter_combo,Q2_provisional,requires_pilot_and_Q3_k100_confirmation
4.9,58.0,3.6,0.58,False,3.6,10.768707482993198,4.9,4.9,4.7700000000000005,3.6000000000000005,False,0.5756053822910704,1.3771530790171387,True,True,True,1.0,True,6.52183838869388,679.8270235604907,N/A,new_parameter_combo,Q2_provisional,requires_pilot_and_Q3_k100_confirmation
5.2,50.0,3.6,0.5,False,3.6,10.76923076923077,5.2,5.2,4.4,3.6000000000000005,False,0.3932491550648058,1.344704310323337,True,True,True,1.0,True,6.618461811873547,748.7924272068643,N/A,new_parameter_combo,Q2_provisional,requires_pilot_and_Q3_k100_confirmation
4.65,19.0,4.4,0.19,False,4.4,10.769794721407624,4.6375,4.4,4.4,4.4,False,0.6517874021504565,1.3937627694171728,True,True,True,0.996,True,6.296176413070824,542.4936677904494,N/A,new_parameter_combo,Q2_provisional,requires_pilot_and_Q3_k100_confirmation
4.4,69.0,4.85,0.69,False,4.85,10.769915651358952,4.4,4.4,4.4,4.6475,False,0.7897312898727528,1.4314829988818256,True,True,True,0.978,True,5.986372547890122,397.9683772134111,N/A,new_parameter_combo,Q2_provisional,requires_pilot_and_Q3_k100_confirmation
4.0,50.0,5.5,0.5,False,5.5,10.772727272727273,4.0,4.0,4.75,5.5,False,0.8381527307120106,1.8711109727931823,True,True,True,0.992,True,6.020338087957942,411.71776901870896,N/A,new_parameter_combo,Q2_provisional,requires_pilot_and_Q3_k100_confirmation
4.0,31.0,4.8,0.31,False,4.8,10.775,4.0,4.36,4.8,4.8,False,0.6649980819367769,1.565135246665313,True,True,True,0.935,True,6.169052259272258,477.73312432961694,N/A,new_parameter_combo,Q2_provisional,requires_pilot_and_Q3_k100_confirmation
4.9,60.0,3.5,0.6,False,3.5,10.775510204081632,4.9,4.9,4.9,3.4999999999999996,False,0.507598512606174,1.4261918822839053,True,True,True,1.0,True,6.547024210524181,697.1664633101773,N/A,new_parameter_combo,Q2_provisional,requires_pilot_and_Q3_k100_confirmation
4.4,37.0,4.5,0.37,False,4.5,10.778787878787877,4.4,4.415,4.5,4.5,False,0.7767343989618406,1.4366965511892322,True,True,True,0.993,True,6.234252636709235,509.9193809779991,N/A,new_parameter_combo,Q2_provisional,requires_pilot_and_Q3_k100_confirmation
4.4,38.0,4.5,0.38,False,4.5,10.781818181818181,4.4,4.41,4.5,4.5,False,0.7762087348130009,1.4434269842414036,True,True,True,0.997,True,6.227315922498817,506.39445579545577,N/A,new_parameter_combo,Q2_provisional,requires_pilot_and_Q3_k100_confirmation
4.4,70.0,4.85,0.7,False,4.85,10.7825679475164,4.4,4.4,4.4,4.625,False,0.7788020628254811,1.4489115627178248,True,True,True,0.978,True,6.029268740767907,415.4111450514831,N/A,new_parameter_combo,Q2_provisional,requires_pilot_and_Q3_k100_confirmation
4.65,58.0,4.0,0.58,False,4.0,10.783870967741937,4.65,4.65,4.585,4.0,False,0.7159183350774023,1.3768782547969063,True,True,True,1.0,True,6.272906093198754,530.015416150072,N/A,new_parameter_combo,Q2_provisional,requires_pilot_and_Q3_k100_confirmation
4.4,69.0,4.8,0.69,False,4.8,10.78409090909091,4.4,4.4,4.4,4.62,False,0.755563041846332,1.451258326703306,True,True,True,0.978,True,5.994067849618666,401.04267761803607,N/A,new_parameter_combo,Q2_provisional,requires_pilot_and_Q3_k100_confirmation
4.4,40.0,4.5,0.4,False,4.5,10.787878787878787,4.4,4.4,4.5,4.5,False,0.7783092612338932,1.454715977991154,True,True,True,1.0,True,6.2102924331656055,497.84681692231914,N/A,new_parameter_combo,Q2_provisional,requires_pilot_and_Q3_k100_confirmation
4.9,27.0,4.25,0.27,False,4.25,10.788475390156064,4.9,4.4775,4.25,4.25,False,0.6819114229689297,1.4364345309972524,True,True,True,1.0,True,6.343306341357748,568.6734349629588,N/A,new_parameter_combo,Q2_provisional,requires_pilot_and_Q3_k100_confirmation
4.65,69.0,3.5,0.69,False,3.5,10.7889400921659,4.65,4.65,4.65,4.0175,False,0.6200113406220892,1.3702722187025684,True,True,True,1.0,True,6.775724849369988,876.3143287685075,N/A,new_parameter_combo,Q2_provisional,requires_pilot_and_Q3_k100_confirmation
3.6,19.0,4.8,0.19,False,4.8,10.791666666666668,3.66,4.8,4.8,4.8,False,0.8449858862485128,1.6450448674228793,True,True,True,0.831,True,6.1706424992372,478.49343901767645,N/A,new_parameter_combo,Q2_provisional,requires_pilot_and_Q3_k100_confirmation
5.6,4.0,4.4,0.04,False,4.4,10.79220779220779,4.64,4.4,4.4,4.4,False,0.9787132326870495,1.421254250533015,True,True,True,0.902,True,6.369951282658944,584.0293758399322,N/A,new_parameter_combo,Q2_provisional,requires_pilot_and_Q3_k100_confirmation
4.8,31.0,4.25,0.31,False,4.25,10.792647058823531,4.8,4.5525,4.25,4.25,False,0.6800735254367722,1.4036056974706892,True,True,True,1.0,True,6.366600937499105,582.0759500000235,N/A,new_parameter_combo,Q2_provisional,requires_pilot_and_Q3_k100_confirmation
5.4,31.0,4.0,0.31,False,4.0,10.794444444444444,5.4,4.7700000000000005,4.0,4.0,False,0.49380292276434756,1.4279337435444244,True,True,True,1.0,True,6.4916555098539135,659.6144580419761,N/A,new_parameter_combo,Q2_provisional,requires_pilot_and_Q3_k100_confirmation
4.4,71.0,4.85,0.71,False,4.85,10.795220243673851,4.4,4.4,4.4,4.6025,False,0.7687798442854703,1.4665980795453832,True,True,True,0.959,True,6.076497723458999,435.5012747828511,N/A,new_parameter_combo,Q2_provisional,requires_pilot_and_Q3_k100_confirmation
4.4,70.0,4.8,0.7,False,4.8,10.795454545454545,4.4,4.4,4.4,4.6000000000000005,False,0.7441321475794639,1.4671542493167964,True,True,True,0.978,True,6.036964042496451,418.62019060495095,N/A,new_parameter_combo,Q2_provisional,requires_pilot_and_Q3_k100_confirmation
4.4,69.0,4.75,0.69,False,4.75,10.798564593301435,4.4,4.4,4.4,4.5925,False,0.7219941206160077,1.4717653342575923,True,True,True,0.978,True,6.004467636554406,405.2351988944257,N/A,new_parameter_combo,Q2_provisional,requires_pilot_and_Q3_k100_confirmation
6.0,38.0,3.6,0.38,False,3.6,10.799999999999999,6.000000000000001,5.760000000000001,3.6,3.6000000000000005,False,0.48338939388700825,1.2785812422845093,True,True,True,1.0,True,6.681513729007384,797.5254361484691,N/A,new_parameter_combo,Q2_provisional,requires_pilot_and_Q3_k100_confirmation
4.0,40.0,5.0,0.4,False,5.0,10.799999999999999,4.0,4.0,5.0,5.000000000000001,False,0.7714285714285714,1.841136861042124,True,True,True,0.987,True,6.110967901181733,450.77480955630324,N/A,new_parameter_combo,Q2_provisional,requires_pilot_and_Q3_k100_confirmation
6.0,24.0,4.0,0.24,False,4.0,10.8,6.000000000000001,4.3999999999999995,4.0,4.0,False,0.6723128675228034,1.7746466305003454,True,True,True,1.0,True,6.413690886271194,610.1414931608974,N/A,new_parameter_combo,Q2_provisional,requires_pilot_and_Q3_k100_confirmation
5.2,19.0,4.25,0.19,False,4.25,10.804072398190048,5.152500000000001,4.25,4.25,4.25,False,0.6062598621120842,1.6422724727128946,True,True,True,0.996,True,6.3083759402190145,549.1523679314811,N/A,new_parameter_combo,Q2_provisional,requires_pilot_and_Q3_k100_confirmation
4.4,71.0,4.8,0.71,False,4.8,10.806818181818182,4.4,4.4,4.4,4.58,False,0.733636455596089,1.483247141879253,True,True,True,0.978,True,6.084193025187543,438.8655163204683,N/A,new_parameter_combo,Q2_provisional,requires_pilot_and_Q3_k100_confirmation
5.4,4.0,4.4,0.04,False,4.4,10.808080808080808,4.6000000000000005,4.4,4.4,4.4,False,0.9544656053712647,1.4485293020062466,True,True,True,0.902,True,6.397603751948763,600.4045943921279,N/A,new_parameter_combo,Q2_provisional,requires_pilot_and_Q3_k100_confirmation
4.65,40.0,4.25,0.4,False,4.25,10.808349146110055,4.65,4.65,4.25,4.25,False,0.7000903959489805,1.4053716853448535,True,True,True,1.0,True,6.344268197854319,569.2206803443767,N/A,new_parameter_combo,Q2_provisional,requires_pilot_and_Q3_k100_confirmation
4.4,70.0,4.75,0.7,False,4.75,10.808612440191386,4.4,4.4,4.4,4.575,False,0.7100229947411739,1.4860231691826598,True,True,True,0.978,True,6.047363829432189,422.99646812798545,N/A,new_parameter_combo,Q2_provisional,requires_pilot_and_Q3_k100_confirmation
4.8,30.0,4.25,0.3,False,4.25,10.808823529411764,4.8,4.5249999999999995,4.25,4.25,False,0.6722259702674696,1.4354589366478951,True,True,True,1.0,True,6.366187509580649,581.8353532897571,N/A,new_parameter_combo,Q2_provisional,requires_pilot_and_Q3_k100_confirmation
4.65,13.0,4.4,0.13,False,4.4,10.813782991202347,4.5625,4.4,4.4,4.4,False,0.7712121265466801,1.4654199503199852,True,True,True,0.947,True,6.356763793398431,576.3780564507003,N/A,new_parameter_combo,Q2_provisional,requires_pilot_and_Q3_k100_confirmation
4.0,30.0,4.75,0.3,False,4.75,10.81578947368421,4.0,4.375,4.75,4.75,False,0.689017342277525,1.6201107565732709,True,True,True,0.847,True,6.179038618289541,482.5278398519537,N/A,new_parameter_combo,Q2_provisional,requires_pilot_and_Q3_k100_confirmation
4.4,50.0,4.5,0.5,False,4.5,10.818181818181818,4.4,4.4,4.45,4.5,False,0.84370417487048,1.4968185723993435,True,True,True,1.0,True,6.0621737682520545,429.3076386121037,N/A,new_parameter_combo,Q2_provisional,requires_pilot_and_Q3_k100_confirmation
4.4,71.0,4.75,0.71,False,4.75,10.81866028708134,4.4,4.4,4.4,4.557500000000001,False,0.6990153424493574,1.5004266488910787,True,True,True,0.978,True,6.094592812123281,443.45343954493757,N/A,new_parameter_combo,Q2_provisional,requires_pilot_and_Q3_k100_confirmation
7.0,31.0,3.6,0.31,False,3.6,10.823809523809524,7.0,5.47,3.6,3.6000000000000005,False,0.6758309322453302,1.7586733926803075,True,True,True,0.994,True,6.676253456224007,793.341249432594,N/A,new_parameter_combo,Q2_provisional,requires_pilot_and_Q3_k100_confirmation
4.8,69.0,3.0,0.69,False,3.0,10.825000000000001,4.8,4.8,4.8,3.809999999999999,False,0.6597869940753762,1.4484025263924294,True,True,True,1.0,True,6.658915660231734,779.7050134217629,N/A,new_parameter_combo,Q2_provisional,requires_pilot_and_Q3_k100_confirmation
5.2,4.0,4.4,0.04,False,4.4,10.825174825174823,4.5600000000000005,4.4,4.4,4.4,False,0.9268346395013473,1.4804381725246916,True,True,True,0.902,True,6.42951604126176,619.873882026978,N/A,new_parameter_combo,Q2_provisional,requires_pilot_and_Q3_k100_confirmation
4.65,38.0,4.25,0.38,False,4.25,10.832637571157495,4.65,4.61,4.25,4.25,False,0.7024185850491494,1.444272057332103,True,True,True,1.0,True,6.3612916871875305,578.9937524005229,N/A,new_parameter_combo,Q2_provisional,requires_pilot_and_Q3_k100_confirmation
5.4,30.0,4.0,0.3,False,4.0,10.833333333333334,5.4,4.7,4.0,4.0,False,0.4929756586282937,1.5146285483655881,True,True,True,1.0,True,6.491242081935458,659.3418113733605,N/A,new_parameter_combo,Q2_provisional,requires_pilot_and_Q3_k100_confirmation
4.0,50.0,5.4,0.5,False,5.4,10.833333333333334,4.0,4.0,4.7,5.4,False,0.841961994391671,1.9194508112380957,True,True,True,0.999,True,6.00247473574425,404.4284095308575,N/A,new_parameter_combo,Q2_provisional,requires_pilot_and_Q3_k100_confirmation
4.4,55.0,4.5,0.55,False,4.5,10.833333333333334,4.4,4.4,4.425,4.5,False,0.7939169236341121,1.520670075439552,True,True,True,1.0,True,5.951430079449311,384.30252942423675,N/A,new_parameter_combo,Q2_provisional,requires_pilot_and_Q3_k100_confirmation
4.8,60.0,3.6,0.6,False,3.6,10.833333333333336,4.8,4.8,4.8,3.6000000000000005,False,0.5834626800229745,1.5124832827200987,True,True,True,1.0,True,6.533055310139844,687.4955179265033,N/A,new_parameter_combo,Q2_provisional,requires_pilot_and_Q3_k100_confirmation
4.0,31.0,4.75,0.31,False,4.75,10.839473684210528,4.0,4.3375,4.75,4.75,False,0.6990153424493573,1.6637296430405681,True,True,True,0.847,True,6.179452046207996,482.7273715755309,N/A,new_parameter_combo,Q2_provisional,requires_pilot_and_Q3_k100_confirmation
3.6,22.0,4.85,0.22,False,4.85,10.84192439862543,3.6,4.725,4.85,4.85,False,0.8288331637098668,1.7255885726003934,True,True,True,0.831,True,6.147431929669893,467.51523183812077,N/A,new_parameter_combo,Q2_provisional,requires_pilot_and_Q3_k100_confirmation
4.4,58.0,4.5,0.58,False,4.5,10.842424242424242,4.4,4.4,4.41,4.5,False,0.71777575942374,1.5351140203288487,True,True,True,1.0,True,5.911139855363679,369.12666671372483,N/A,new_parameter_combo,Q2_provisional,requires_pilot_and_Q3_k100_confirmation
5.6,27.0,4.0,0.27,False,4.0,10.842857142857143,5.599999999999999,4.56,4.0,4.0,False,0.5503264337404388,1.659814464106836,True,True,True,1.0,True,6.457121566192585,637.2242065132215,N/A,new_parameter_combo,Q2_provisional,requires_pilot_and_Q3_k100_confirmation
5.4,58.0,3.0,0.58,False,3.0,10.844444444444445,5.4,5.4,5.16,3.0,False,0.3793287573101318,1.3673348033543928,True,True,True,1.0,True,6.370285765462836,584.2247562969987,N/A,new_parameter_combo,Q2_provisional,requires_pilot_and_Q3_k100_confirmation
4.9,24.0,4.25,0.24,False,4.25,10.844657863145258,4.9,4.38,4.25,4.25,False,0.6765029563867406,1.55957129594364,True,True,True,1.0,True,6.342401139946466,568.1589038793363,N/A,new_parameter_combo,Q2_provisional,requires_pilot_and_Q3_k100_confirmation
4.65,37.0,4.25,0.37,False,4.25,10.844781783681215,4.65,4.590000000000001,4.25,4.25,False,0.7053180142854076,1.465506250154864,True,True,True,1.0,True,6.368228401397949,583.0240288678392,N/A,new_parameter_combo,Q2_provisional,requires_pilot_and_Q3_k100_confirmation
4.65,55.0,4.0,0.55,False,4.0,10.846774193548388,4.65,4.65,4.4875,4.0,False,0.7111961978861778,1.4713198037716808,True,True,True,1.0,True,6.313196317284388,551.805879736889,N/A,new_parameter_combo,Q2_provisional,requires_pilot_and_Q3_k100_confirmation
4.4,60.0,4.5,0.6,False,4.5,10.848484848484848,4.4,4.4,4.4,4.5,False,0.6683042811810336,1.5447970267939353,True,True,True,1.0,True,5.905943655039794,367.213585290259,N/A,new_parameter_combo,Q2_provisional,requires_pilot_and_Q3_k100_confirmation
5.6,2.0,4.4,0.02,False,4.4,10.85064935064935,4.5200000000000005,4.4,4.4,4.4,False,1.0338762014864251,1.5260494524958355,True,True,True,0.8,True,6.4186092228015585,613.1497661406636,N/A,new_parameter_combo,Q2_provisional,requires_pilot_and_Q3_k100_confirmation
5.6,13.0,4.25,0.13,False,4.25,10.851680672268907,5.1275,4.25,4.25,4.25,False,0.7542004821974982,1.6894154110791146,True,True,True,0.998,True,6.309398561943807,549.7142303105223,N/A,new_parameter_combo,Q2_provisional,requires_pilot_and_Q3_k100_confirmation
4.9,4.0,4.4,0.04,False,4.4,10.853432282003709,4.5,4.4,4.4,4.4,False,0.8090654251943399,1.5367548917304397,True,True,True,0.8,True,6.483926530970469,654.5359628966193,N/A,new_parameter_combo,Q2_provisional,requires_pilot_and_Q3_k100_confirmation
6.0,40.0,3.5,0.4,False,3.5,10.857142857142858,6.000000000000001,6.000000000000001,3.5,3.4999999999999996,False,0.40000000000000013,1.502974839739986,True,True,True,1.0,True,6.694872261828357,808.2506831516289,N/A,new_parameter_combo,Q2_provisional,requires_pilot_and_Q3_k100_confirmation
4.8,27.0,4.25,0.27,False,4.25,10.85735294117647,4.8,4.4425,4.25,4.25,False,0.655627133953065,1.5360296248868648,True,True,True,1.0,True,6.359719463127596,578.0841597215621,N/A,new_parameter_combo,Q2_provisional,requires_pilot_and_Q3_k100_confirmation
3.6,37.0,5.5,0.37,False,5.5,10.857575757575757,3.6,3.8850000000000007,5.499999999999999,5.5,False,0.8212732772459894,2.1833361685518677,True,True,True,0.857,True,6.1814085821816,483.67276959449396,N/A,new_parameter_combo,Q2_provisional,requires_pilot_and_Q3_k100_confirmation
5.4,2.0,4.4,0.02,False,4.4,10.85858585858586,4.5,4.4,4.4,4.4,False,1.0080312697611749,1.5431620402733024,True,True,True,0.8,True,6.446261692091378,630.3414723135614,N/A,new_parameter_combo,Q2_provisional,requires_pilot_and_Q3_k100_confirmation
4.4,65.0,4.5,0.65,False,4.5,10.863636363636362,4.4,4.4,4.4,4.475,False,0.6373174008198391,1.567211864760438,True,True,True,0.998,True,5.9687769759629585,391.02714258929257,N/A,new_parameter_combo,Q2_provisional,requires_pilot_and_Q3_k100_confirmation
6.0,37.0,3.6,0.37,False,3.6,10.866666666666667,6.000000000000001,5.640000000000001,3.6,3.6000000000000005,False,0.4875930052569565,1.1816873768838347,True,True,True,1.0,True,6.6884504432178025,803.0768742841467,N/A,new_parameter_combo,Q2_provisional,requires_pilot_and_Q3_k100_confirmation
5.2,2.0,4.4,0.02,False,4.4,10.867132867132867,4.48,4.4,4.4,4.4,False,0.9442857142857145,1.5612256664042858,True,True,True,0.8,True,6.478173981404375,650.7815214858575,N/A,new_parameter_combo,Q2_provisional,requires_pilot_and_Q3_k100_confirmation
4.0,37.0,4.85,0.37,False,4.85,10.86958762886598,4.0,4.1275,4.85,4.85,False,0.7187304566996974,1.836418855834813,True,True,True,0.987,True,6.141787098667827,464.8836218481547,N/A,new_parameter_combo,Q2_provisional,requires_pilot_and_Q3_k100_confirmation
3.6,19.0,4.75,0.19,False,4.75,10.871929824561406,3.6575,4.75,4.75,4.75,False,0.8440385938801522,1.7598754256000728,True,True,True,0.831,True,6.181042286172939,483.49563463338876,N/A,new_parameter_combo,Q2_provisional,requires_pilot_and_Q3_k100_confirmation
4.9,58.0,3.5,0.58,False,3.5,10.873469387755103,4.9,4.9,4.760000000000001,3.4999999999999996,False,0.5108048121567075,1.5102179718353537,True,True,True,1.0,True,6.552220410848065,700.7985081566869,N/A,new_parameter_combo,Q2_provisional,requires_pilot_and_Q3_k100_confirmation
4.4,69.0,4.5,0.69,False,4.5,10.875757575757575,4.4,4.4,4.4,4.455,False,0.5668117061283069,1.5853304192600486,True,True,True,0.994,True,6.097033849341023,444.53724816562163,N/A,new_parameter_combo,Q2_provisional,requires_pilot_and_Q3_k100_confirmation
4.4,70.0,4.5,0.7,False,4.5,10.878787878787879,4.4,4.4,4.4,4.45,False,0.551482232770218,1.5898852492196272,True,True,True,0.994,True,6.139930042218808,464.02110783663835,N/A,new_parameter_combo,Q2_provisional,requires_pilot_and_Q3_k100_confirmation
4.65,4.0,4.4,0.04,False,4.4,10.879765395894427,4.45,4.4,4.4,4.4,False,0.8889960981354192,1.5884302835651756,True,True,True,0.808,True,6.521536975515048,679.6221456142706,N/A,new_parameter_combo,Q2_provisional,requires_pilot_and_Q3_k100_confirmation
4.4,71.0,4.5,0.71,False,4.5,10.881818181818183,4.4,4.4,4.4,4.445,False,0.5372359341849652,1.5944499832871837,True,True,True,0.991,True,6.187159024909899,486.4621144528081,N/A,new_parameter_combo,Q2_provisional,requires_pilot_and_Q3_k100_confirmation
4.9,22.0,4.25,0.22,False,4.25,10.882112845138055,4.9,4.315,4.25,4.25,False,0.678912038575285,1.6461887257995136,True,True,True,0.996,True,6.34727116208896,570.9325988175655,N/A,new_parameter_combo,Q2_provisional,requires_pilot_and_Q3_k100_confirmation
4.65,65.0,3.6,0.65,False,3.6,10.887096774193548,4.65,4.65,4.65,3.8625000000000007,False,0.6316162303962745,1.5544198530992133,True,True,True,1.0,True,6.617085953837739,747.7629035303573,N/A,new_parameter_combo,Q2_provisional,requires_pilot_and_Q3_k100_confirmation
5.6,55.0,3.0,0.55,False,3.0,10.892857142857144,5.599999999999999,5.599999999999999,4.95,3.0,False,0.2879377767249484,1.3693119442222341,True,True,True,1.0,True,6.382923520258649,591.6548967689383,N/A,new_parameter_combo,Q2_provisional,requires_pilot_and_Q3_k100_confirmation
4.0,38.0,4.85,0.38,False,4.85,10.895876288659794,4.0,4.085,4.85,4.85,False,0.736124712149195,1.9024796728914755,True,True,True,0.987,True,6.134850384457408,461.67001584153144,N/A,new_parameter_combo,Q2_provisional,requires_pilot_and_Q3_k100_confirmation
4.9,40.0,4.0,0.4,False,4.0,10.89795918367347,4.9,4.9,4.0,4.0,False,0.5473993477511341,1.5275327989195218,True,True,True,1.0,True,6.534448226456102,688.453808905407,N/A,new_parameter_combo,Q2_provisional,requires_pilot_and_Q3_k100_confirmation
6.0,22.0,4.0,0.22,False,4.0,10.900000000000002,6.000000000000001,4.2,4.0,4.0,False,0.7124007270619307,2.036556103854521,True,True,True,1.0,True,6.418560908413688,613.1201429006594,N/A,new_parameter_combo,Q2_provisional,requires_pilot_and_Q3_k100_confirmation
4.9,55.0,3.6,0.55,False,3.6,10.901360544217686,4.9,4.9,4.575000000000001,3.6000000000000005,False,0.5304052407242553,1.464260744011385,True,True,True,1.0,True,6.562128612779513,707.776674742022,N/A,new_parameter_combo,Q2_provisional,requires_pilot_and_Q3_k100_confirmation
5.4,13.0,4.25,0.13,False,4.25,10.90326797385621,4.9975,4.25,4.25,4.25,False,0.7251407322945339,1.726084904046551,True,True,True,0.975,True,6.337051031233626,565.1273088900731,N/A,new_parameter_combo,Q2_provisional,requires_pilot_and_Q3_k100_confirmation
7.0,30.0,3.6,0.3,False,3.6,10.904761904761905,7.0,5.3,3.6,3.6000000000000005,True,0.6872100501747809,1.7645742548492767,True,True,True,0.994,True,6.675840028305551,793.013327801865,N/A,existing_parameter_combo,Q2_provisional,requires_pilot_and_Q3_k100_confirmation
4.8,24.0,4.25,0.24,False,4.25,10.905882352941177,4.8,4.36,4.25,4.25,False,0.65,1.6430302222156246,True,True,True,1.0,True,6.358814261716314,577.5611138909693,N/A,new_parameter_combo,Q2_provisional,requires_pilot_and_Q3_k100_confirmation
4.4,70.0,4.4,0.7,False,4.4,10.909090909090908,4.4,4.4,4.4,4.4,False,0.49652054646431804,1.6359645362060582,True,True,True,0.991,True,6.195887923783819,490.72697976525893,N/A,new_parameter_combo,Q2_provisional,requires_pilot_and_Q3_k100_confirmation
4.4,65.0,4.4,0.65,False,4.4,10.909090909090908,4.4,4.4,4.4,4.4,False,0.5904011088978031,1.6359645362060582,True,True,True,0.997,True,6.02473485752797,413.5319825938566,N/A,new_parameter_combo,Q2_provisional,requires_pilot_and_Q3_k100_confirmation
4.4,80.0,4.4,0.8,True,4.4,10.90909090909091,4.4,4.4,4.4,4.4,True,0.4591641974327723,1.6359645362060604,True,True,True,0.909,True,6.863153292293565,956.3780572885856,N/A,existing_parameter_combo,Q2_provisional,requires_pilot_and_Q3_k100_confirmation
4.4,13.0,4.4,0.13,False,4.4,10.90909090909091,4.4,4.4,4.4,4.4,False,0.852410747018509,1.6359645362060604,True,True,True,0.898,True,6.382966371676208,591.6802505631894,N/A,new_parameter_combo,Q2_provisional,requires_pilot_and_Q3_k100_confirmation
4.4,19.0,4.4,0.19,False,4.4,10.90909090909091,4.4,4.4,4.4,4.4,False,0.7217269538533027,1.6359645362060604,True,True,True,0.898,True,6.322378991348599,556.8962692018293,N/A,new_parameter_combo,Q2_provisional,requires_pilot_and_Q3_k100_confirmation
4.4,31.0,4.4,0.31,False,4.4,10.90909090909091,4.4,4.4,4.4,4.4,False,0.7465854243945346,1.6359645362060604,True,True,True,0.996,True,6.309780377150133,549.9241596373432,N/A,new_parameter_combo,Q2_provisional,requires_pilot_and_Q3_k100_confirmation
4.4,30.0,4.4,0.3,False,4.4,10.90909090909091,4.4,4.4,4.4,4.4,False,0.7271989874490604,1.6359645362060604,True,True,True,0.992,True,6.309366949231677,549.6968526274852,N/A,new_parameter_combo,Q2_provisional,requires_pilot_and_Q3_k100_confirmation
4.4,22.0,4.4,0.22,False,4.4,10.90909090909091,4.4,4.4,4.4,4.4,False,0.6633803353942256,1.6359645362060604,True,True,True,0.99,True,6.306863723509837,548.322558129069,N/A,new_parameter_combo,Q2_provisional,requires_pilot_and_Q3_k100_confirmation
4.4,27.0,4.4,0.27,False,4.4,10.90909090909091,4.4,4.4,4.4,4.4,False,0.6729784543356495,1.6359645362060604,True,True,True,0.973,True,6.302898902778624,546.1528615544532,N/A,new_parameter_combo,Q2_provisional,requires_pilot_and_Q3_k100_confirmation
4.4,24.0,4.4,0.24,False,4.4,10.90909090909091,4.4,4.4,4.4,4.4,False,0.6279802414674122,1.6359645362060604,True,True,True,0.99,True,6.301993701367342,545.6587069018851,N/A,new_parameter_combo,Q2_provisional,requires_pilot_and_Q3_k100_confirmation
4.4,37.0,4.4,0.37,False,4.4,10.90909090909091,4.4,4.4,4.4,4.4,False,0.7600765267593862,1.6359645362060604,True,True,True,0.999,True,6.290210518274247,539.2668426609581,N/A,new_parameter_combo,Q2_provisional,requires_pilot_and_Q3_k100_confirmation
4.4,38.0,4.4,0.38,False,4.4,10.90909090909091,4.4,4.4,4.4,4.4,False,0.7595393340703295,1.6359645362060604,True,True,True,1.0,True,6.283273804063827,535.5390469647822,N/A,new_parameter_combo,Q2_provisional,requires_pilot_and_Q3_k100_confirmation
4.4,40.0,4.4,0.4,False,4.4,10.90909090909091,4.4,4.4,4.4,4.4,False,0.7616858316408732,1.6359645362060604,True,True,True,1.0,True,6.266250314730616,526.4994646322147,N/A,new_parameter_combo,Q2_provisional,requires_pilot_and_Q3_k100_confirmation
4.4,71.0,4.4,0.71,False,4.4,10.90909090909091,4.4,4.4,4.4,4.4,False,0.480647947025255,1.6359645362060604,True,True,True,0.991,True,6.243116906474911,514.4595367840275,N/A,new_parameter_combo,Q2_provisional,requires_pilot_and_Q3_k100_confirmation
4.4,69.0,4.4,0.69,False,4.4,10.90909090909091,4.4,4.4,4.4,4.4,False,0.5134934373524964,1.6359645362060604,True,True,True,0.991,True,6.1529917309060345,470.121762784711,N/A,new_parameter_combo,Q2_provisional,requires_pilot_and_Q3_k100_confirmation
4.4,50.0,4.4,0.5,False,4.4,10.90909090909091,4.4,4.4,4.4,4.4,False,0.8333372789022239,1.6359645362060604,True,True,True,1.0,True,6.118131649817065,454.0156413756106,N/A,new_parameter_combo,Q2_provisional,requires_pilot_and_Q3_k100_confirmation
4.4,55.0,4.4,0.55,False,4.4,10.90909090909091,4.4,4.4,4.4,4.4,False,0.821647175880653,1.6359645362060604,True,True,True,1.0,True,6.007387961014323,406.42034682374566,N/A,new_parameter_combo,Q2_provisional,requires_pilot_and_Q3_k100_confirmation
4.4,58.0,4.4,0.58,False,4.4,10.90909090909091,4.4,4.4,4.4,4.4,False,0.7483328409313107,1.6359645362060604,True,True,True,1.0,True,5.9670977369286895,390.37106555724836,N/A,new_parameter_combo,Q2_provisional,requires_pilot_and_Q3_k100_confirmation
4.4,60.0,4.4,0.6,False,4.4,10.90909090909091,4.4,4.4,4.4,4.4,False,0.7010211211118377,1.6359645362060604,True,True,True,0.998,True,5.961901536604805,388.3478802901834,N/A,new_parameter_combo,Q2_provisional,requires_pilot_and_Q3_k100_confirmation
5.2,50.0,3.5,0.5,False,3.5,10.912087912087912,5.2,5.2,4.3500000000000005,3.4999999999999996,False,0.4190763653560054,1.3864414720821752,True,True,True,1.0,True,6.648843834027732,771.891374893106,N/A,new_parameter_combo,Q2_provisional,requires_pilot_and_Q3_k100_confirmation
3.6,38.0,5.5,0.38,False,5.5,10.915151515151516,3.6,3.7900000000000005,5.499999999999999,5.5,False,0.8036904673734405,2.31159971754011,True,True,True,0.857,True,6.174471867971182,480.3292796444078,N/A,new_parameter_combo,Q2_provisional,requires_pilot_and_Q3_k100_confirmation
4.8,58.0,3.6,0.58,False,3.6,10.916666666666668,4.8,4.8,4.68,3.6000000000000005,False,0.6108041913773037,1.5846700139166288,True,True,True,1.0,True,6.538251510463728,691.0771798168753,N/A,new_parameter_combo,Q2_provisional,requires_pilot_and_Q3_k100_confirmation
3.6,22.0,4.8,0.22,False,4.8,10.916666666666668,3.6,4.68,4.8,4.8,False,0.8259324507883844,1.832461486119307,True,True,True,0.831,True,6.155127231398437,471.12678076688746,N/A,new_parameter_combo,Q2_provisional,requires_pilot_and_Q3_k100_confirmation
4.65,31.0,4.25,0.31,False,4.25,10.91764705882353,4.65,4.470000000000001,4.25,4.25,False,0.6514706919731694,1.6066932205122235,True,True,True,1.0,True,6.387798260273836,594.5461017804519,N/A,new_parameter_combo,Q2_provisional,requires_pilot_and_Q3_k100_confirmation
5.2,60.0,3.0,0.6,False,3.0,10.923076923076923,5.2,5.2,5.2,3.0,False,0.3142857142857142,1.5540388564691419,True,True,True,1.0,True,6.397001854451948,600.0433211053374,N/A,new_parameter_combo,Q2_provisional,requires_pilot_and_Q3_k100_confirmation
4.0,37.0,4.8,0.37,False,4.8,10.925,4.0,4.12,4.8,4.8,False,0.7481801049130854,1.8759752284133615,True,True,True,0.987,True,6.14948240039637,468.47484162485756,N/A,new_parameter_combo,Q2_provisional,requires_pilot_and_Q3_k100_confirmation
5.2,31.0,4.0,0.31,False,4.0,10.926923076923078,5.2,4.66,4.0,4.0,False,0.5943200539529289,1.6405158357882417,True,True,True,1.0,True,6.52356779916691,681.0037407551221,N/A,new_parameter_combo,Q2_provisional,requires_pilot_and_Q3_k100_confirmation
3.6,24.0,4.85,0.24,False,4.85,10.927835051546392,3.6,4.6,4.85,4.85,False,0.8209160668274869,1.8397259891431075,True,True,True,0.831,True,6.142561907527399,465.2439573745851,N/A,new_parameter_combo,Q2_provisional,requires_pilot_and_Q3_k100_confirmation
4.8,60.0,3.5,0.6,False,3.5,10.92857142857143,4.8,4.8,4.8,3.4999999999999996,False,0.5482928049865331,1.5930229892737593,True,True,True,1.0,True,6.563437332294028,708.7035622737824,N/A,new_parameter_combo,Q2_provisional,requires_pilot_and_Q3_k100_confirmation
4.65,30.0,4.25,0.3,False,4.25,10.929791271347248,4.65,4.45,4.25,4.25,False,0.6432742942182915,1.6316850625753874,True,True,True,1.0,True,6.38738483235538,594.3003506268608,N/A,new_parameter_combo,Q2_provisional,requires_pilot_and_Q3_k100_confirmation
4.8,22.0,4.25,0.22,False,4.25,10.938235294117648,4.8,4.305000000000001,4.25,4.25,False,0.6774803257931072,1.71734568706118,True,True,True,0.996,True,6.363684283858808,580.3807094780117,N/A,new_parameter_combo,Q2_provisional,requires_pilot_and_Q3_k100_confirmation
4.9,19.0,4.25,0.19,False,4.25,10.938295318127253,4.8675,4.25,4.25,4.25,False,0.6972088120147508,1.7563178443503507,True,True,True,0.987,True,6.3627864299277235,579.8598462410247,N/A,new_parameter_combo,Q2_provisional,requires_pilot_and_Q3_k100_confirmation
4.0,40.0,4.85,0.4,False,4.85,10.948453608247423,4.0,4.0,4.85,4.85,False,0.7807061168047337,1.9687505411430968,True,True,True,0.987,True,6.117826895124196,453.8772990595712,N/A,new_parameter_combo,Q2_provisional,requires_pilot_and_Q3_k100_confirmation
5.4,27.0,4.0,0.27,False,4.0,10.95,5.4,4.49,4.0,4.0,False,0.5072057305090555,1.773496609605058,True,True,True,1.0,True,6.484774035482404,655.0909202095945,N/A,new_parameter_combo,Q2_provisional,requires_pilot_and_Q3_k100_confirmation
4.0,38.0,4.8,0.38,False,4.8,10.95,4.0,4.08,4.8,4.8,False,0.764904956080646,1.9324158710570616,True,True,True,0.987,True,6.142545686185952,465.2364105547063,N/A,new_parameter_combo,Q2_provisional,requires_pilot_and_Q3_k100_confirmation
4.65,50.0,4.0,0.5,False,4.0,10.951612903225806,4.65,4.65,4.325,4.0,False,0.6354205029437,1.6346379522850136,True,True,True,1.0,True,6.42394000608713,616.427062182063,N/A,new_parameter_combo,Q2_provisional,requires_pilot_and_Q3_k100_confirmation
5.6,40.0,3.6,0.4,False,3.6,10.952380952380953,5.599999999999999,5.599999999999999,3.6,3.6000000000000005,False,0.37964806474052337,1.2069984428965261,True,True,True,1.0,True,6.707015718184282,818.1254757562846,N/A,new_parameter_combo,Q2_provisional,requires_pilot_and_Q3_k100_confirmation
4.4,71.0,4.25,0.71,False,4.25,10.9524064171123,4.4,4.4,4.4,4.3325,False,0.5676464119322802,1.7026164484627941,True,True,True,1.0,True,6.347337367876389,570.9703991111245,N/A,new_parameter_combo,Q2_provisional,requires_pilot_and_Q3_k100_confirmation
4.9,38.0,4.0,0.38,False,4.0,10.953061224489797,4.9,4.8100000000000005,4.0,4.0,False,0.601404075680318,1.5977326076479526,True,True,True,1.0,True,6.551471715789313,700.274020141742,N/A,new_parameter_combo,Q2_provisional,requires_pilot_and_Q3_k100_confirmation
4.4,70.0,4.25,0.7,False,4.25,10.957219251336898,4.4,4.4,4.4,4.325,False,0.5811477033089131,1.7101185914919237,True,True,True,1.0,True,6.300108385185298,544.6309368520695,N/A,new_parameter_combo,Q2_provisional,requires_pilot_and_Q3_k100_confirmation
4.65,65.0,3.5,0.65,False,3.5,10.95852534562212,4.65,4.65,4.65,3.7875000000000005,False,0.630456411649367,1.674715288064708,True,True,True,1.0,True,6.647467975991924,770.8300921967681,N/A,new_parameter_combo,Q2_provisional,requires_pilot_and_Q3_k100_confirmation
5.2,13.0,4.25,0.13,False,4.25,10.958823529411765,4.8675,4.25,4.25,4.25,False,0.7172794406076108,1.7809422272571336,True,True,True,0.975,True,6.368963320546622,583.4526618768015,N/A,new_parameter_combo,Q2_provisional,requires_pilot_and_Q3_k100_confirmation
4.9,65.0,3.0,0.65,False,3.0,10.95918367346939,4.9,4.9,4.9,3.475,False,0.5304052407242553,1.4867015664798209,True,True,True,1.0,True,6.514245665083822,674.6848311943305,N/A,new_parameter_combo,Q2_provisional,requires_pilot_and_Q3_k100_confirmation
4.65,71.0,3.0,0.71,False,3.0,10.961290322580647,4.65,4.65,4.65,3.9074999999999998,False,0.7408792564946611,1.63408680154157,True,True,True,1.0,True,6.770238158575341,871.5194291022757,N/A,new_parameter_combo,Q2_provisional,requires_pilot_and_Q3_k100_confirmation
5.2,30.0,4.0,0.3,False,4.0,10.961538461538462,5.2,4.6,4.0,4.0,False,0.5936328831862332,1.7182754777629246,True,True,True,1.0,True,6.523154371248454,680.722252987581,N/A,new_parameter_combo,Q2_provisional,requires_pilot_and_Q3_k100_confirmation
4.4,69.0,4.25,0.69,False,4.25,10.962032085561498,4.4,4.4,4.4,4.317500000000001,False,0.5957142857142858,1.7176390882170984,True,True,True,1.0,True,6.257212192307513,521.7623376290877,N/A,new_parameter_combo,Q2_provisional,requires_pilot_and_Q3_k100_confirmation
4.65,27.0,4.25,0.27,False,4.25,10.966223908918407,4.65,4.390000000000001,4.25,4.25,False,0.6717995033520651,1.7088030149098057,True,True,True,1.0,True,6.380916785902327,590.4687930560762,N/A,new_parameter_combo,Q2_provisional,requires_pilot_and_Q3_k100_confirmation
5.6,24.0,4.0,0.24,False,4.0,10.971428571428573,5.599999999999999,4.319999999999999,4.0,4.0,False,0.6003825311195099,1.931055363176158,True,True,True,1.0,True,6.456216364781303,636.6476512508699,N/A,new_parameter_combo,Q2_provisional,requires_pilot_and_Q3_k100_confirmation
4.0,55.0,5.5,0.55,False,5.5,10.977272727272728,4.0,4.0,4.375,5.5,False,0.9754381537733364,2.080374690630273,True,True,True,0.998,True,5.9095943991552,368.5566382054418,N/A,new_parameter_combo,Q2_provisional,requires_pilot_and_Q3_k100_confirmation
4.9,37.0,4.0,0.37,False,4.0,10.980612244897959,4.9,4.765,4.0,4.0,False,0.6286145480340077,1.6139544812476987,True,True,True,1.0,True,6.558408429999732,705.1485078065033,N/A,new_parameter_combo,Q2_provisional,requires_pilot_and_Q3_k100_confirmation
4.4,65.0,4.25,0.65,False,4.25,10.981283422459892,4.4,4.4,4.4,4.2875,False,0.6631541822138762,1.743558666846245,True,True,True,1.0,True,6.128955318929449,458.9564470372543,N/A,new_parameter_combo,Q2_provisional,requires_pilot_and_Q3_k100_confirmation
4.0,37.0,4.75,0.37,False,4.75,10.981578947368423,4.0,4.1125,4.75,4.75,False,0.7762087348130016,1.9463295292267402,True,True,True,0.987,True,6.1598821873321095,473.3723022957045,N/A,new_parameter_combo,Q2_provisional,requires_pilot_and_Q3_k100_confirmation
4.8,19.0,4.25,0.19,False,4.25,10.986764705882354,4.772499999999999,4.25,4.25,4.25,False,0.7380337916051137,1.8037251918065413,True,True,True,0.987,True,6.379199551697571,589.4556899644011,N/A,new_parameter_combo,Q2_provisional,requires_pilot_and_Q3_k100_confirmation
3.6,22.0,4.75,0.22,False,4.75,10.992982456140352,3.6,4.635,4.75,4.75,False,0.8249632799496636,1.926432439945485,True,True,True,0.831,True,6.165527018334176,476.05196494921375,N/A,new_parameter_combo,Q2_provisional,requires_pilot_and_Q3_k100_confirmation
6.0,38.0,3.5,0.38,False,3.5,11.0,6.000000000000001,5.75,3.5,3.4999999999999996,False,0.40406101782088444,1.3791649266047645,True,True,True,1.0,True,6.711895751161569,822.1277126388418,N/A,new_parameter_combo,Q2_provisional,requires_pilot_and_Q3_k100_confirmation
4.8,40.0,4.0,0.4,False,4.0,11.0,4.8,4.8,4.0,4.0,False,0.5718302159892981,1.607038947639396,True,True,True,1.0,True,6.550861348225951,699.8467260108862,N/A,new_parameter_combo,Q2_provisional,requires_pilot_and_Q3_k100_confirmation
6.0,50.0,3.0,0.5,False,3.0,11.0,6.000000000000001,6.000000000000001,4.5,3.0,True,0.4714420993730029,1.4468131510078504,True,True,True,1.0,True,6.451141730551282,633.4250808859207,N/A,existing_parameter_combo,Q2_provisional,requires_pilot_and_Q3_k100_confirmation
3.6,38.0,5.4,0.38,False,5.4,11.0,3.6,3.7800000000000002,5.4,5.4,False,0.8216471758806533,2.299928687774978,True,True,True,0.857,True,6.156608515757489,471.8251706276558,N/A,new_parameter_combo,Q2_provisional,requires_pilot_and_Q3_k100_confirmation
3.6,24.0,4.8,0.24,False,4.8,11.0,3.6,4.56,4.8,4.8,False,0.8179872791037224,1.9313796424800307,True,True,True,0.831,True,6.150257209255943,468.83796073842274,N/A,new_parameter_combo,Q2_provisional,requires_pilot_and_Q3_k100_confirmation
3.6,30.0,5.0,0.3,False,5.0,11.0,3.6,4.3,5.0,5.000000000000001,False,0.8000000000000003,2.006534489762564,True,True,True,0.847,True,6.1430761614492715,465.4832724333723,N/A,new_parameter_combo,Q2_provisional,requires_pilot_and_Q3_k100_confirmation
4.0,40.0,4.8,0.4,False,4.8,11.0,4.0,4.0,4.8,4.8,False,0.7921154832317765,2.0634541637810124,True,True,True,1.0,True,6.1255221968527405,457.38349513956945,N/A,new_parameter_combo,Q2_provisional,requires_pilot_and_Q3_k100_confirmation
4.65,24.0,4.25,0.24,False,4.25,11.002656546489563,4.65,4.33,4.25,4.25,False,0.7159183350774022,1.7888091208776709,True,True,True,0.996,True,6.3800115844910446,589.9345417102994,N/A,new_parameter_combo,Q2_provisional,requires_pilot_and_Q3_k100_confirmation
4.0,38.0,4.75,0.38,False,4.75,11.005263157894737,4.0,4.075,4.75,4.75,False,0.7767343989618413,2.006878555171641,True,True,True,0.987,True,6.152945473121691,470.10001649656436,N/A,new_parameter_combo,Q2_provisional,requires_pilot_and_Q3_k100_confirmation
4.4,60.0,4.25,0.6,False,4.25,11.005347593582886,4.4,4.4,4.4,4.25,False,0.7633024382542598,1.7777093198788998,True,True,True,1.0,True,6.066121998006284,431.0059943476773,N/A,new_parameter_combo,Q2_provisional,requires_pilot_and_Q3_k100_confirmation
4.4,58.0,4.25,0.58,False,4.25,11.014973262032086,4.4,4.4,4.385000000000001,4.25,False,0.8062257748298549,1.792194416694431,True,True,True,1.0,True,6.071318198330169,433.25141661476795,N/A,new_parameter_combo,Q2_provisional,requires_pilot_and_Q3_k100_confirmation
4.9,55.0,3.5,0.55,False,3.5,11.020408163265305,4.9,4.9,4.550000000000001,3.4999999999999996,False,0.5273181328811918,1.357964783319213,True,True,True,1.0,True,6.592510634933698,729.6103576017606,N/A,new_parameter_combo,Q2_provisional,requires_pilot_and_Q3_k100_confirmation
4.8,58.0,3.5,0.58,False,3.5,11.021428571428572,4.8,4.8,4.67,3.4999999999999996,False,0.5512624657297551,1.4797113499833743,True,True,True,1.0,True,6.568633532617913,712.3957122214977,N/A,new_parameter_combo,Q2_provisional,requires_pilot_and_Q3_k100_confirmation
4.65,22.0,4.25,0.22,False,4.25,11.026944971537002,4.65,4.29,4.25,4.25,False,0.7493454839636617,1.8435659357651824,True,True,True,0.996,True,6.384881606633539,592.8145431342953,N/A,new_parameter_combo,Q2_provisional,requires_pilot_and_Q3_k100_confirmation
4.0,55.0,5.4,0.55,False,5.4,11.027777777777777,4.0,4.0,4.35,5.4,False,0.9743663561096348,2.165143842116131,True,True,True,0.998,True,5.891731046941507,362.03143567673686,N/A,new_parameter_combo,Q2_provisional,requires_pilot_and_Q3_k100_confirmation
4.4,55.0,4.25,0.55,False,4.25,11.029411764705884,4.4,4.4,4.3625,4.25,False,0.782754164238462,1.8140983359337117,True,True,True,1.0,True,6.111608422415801,451.06363288246916,N/A,new_parameter_combo,Q2_provisional,requires_pilot_and_Q3_k100_confirmation
3.6,40.0,5.5,0.4,False,5.5,11.030303030303031,3.6,3.6,5.499999999999999,5.5,False,0.7867525607436783,2.445981255344179,True,True,True,0.841,True,6.1574483786379695,472.2216055267179,N/A,new_parameter_combo,Q2_provisional,requires_pilot_and_Q3_k100_confirmation
4.4,71.0,4.0,0.71,False,4.0,11.031818181818181,4.4,4.4,4.4,4.22,False,0.6469331101277723,1.8167368635510368,True,True,True,1.0,True,6.575127841022751,717.0372852728013,N/A,new_parameter_combo,Q2_provisional,requires_pilot_and_Q3_k100_confirmation
4.65,70.0,3.0,0.7,False,3.0,11.032258064516128,4.65,4.65,4.65,3.8249999999999993,False,0.7292182221812787,1.748675601443744,True,True,True,1.0,True,6.723009175884249,831.3153254453971,N/A,new_parameter_combo,Q2_provisional,requires_pilot_and_Q3_k100_confirmation
4.8,55.0,3.6,0.55,False,3.6,11.041666666666668,4.8,4.8,4.500000000000001,3.6000000000000005,False,0.5694720971107852,1.5458586000950887,True,True,True,1.0,True,6.578541734549361,719.4893573943967,N/A,new_parameter_combo,Q2_provisional,requires_pilot_and_Q3_k100_confirmation
4.4,70.0,4.0,0.7,False,4.0,11.045454545454545,4.4,4.4,4.4,4.2,False,0.6588115459380057,1.837840882590104,True,True,True,1.0,True,6.5278988583316595,683.959604637903,N/A,new_parameter_combo,Q2_provisional,requires_pilot_and_Q3_k100_confirmation
3.6,31.0,5.0,0.31,False,5.0,11.046666666666667,3.6,4.23,5.0,5.000000000000001,False,0.8005100414926802,2.0406090687584726,True,True,True,0.847,True,6.143489589367727,465.6757560000687,N/A,new_parameter_combo,Q2_provisional,requires_pilot_and_Q3_k100_confirmation
4.8,38.0,4.0,0.38,False,4.0,11.050000000000002,4.8,4.72,4.0,4.0,False,0.6237231855918921,1.6417877149419433,True,True,True,1.0,True,6.567884837559162,711.862544686737,N/A,new_parameter_combo,Q2_provisional,requires_pilot_and_Q3_k100_confirmation
6.0,19.0,4.0,0.19,False,4.0,11.050000000000002,5.9,4.0,4.0,4.0,False,0.7373421657465111,2.3374506743631485,True,True,True,0.997,True,6.434076176252451,622.7070455005753,N/A,new_parameter_combo,Q2_provisional,requires_pilot_and_Q3_k100_confirmation
4.9,13.0,4.25,0.13,False,4.25,11.050660264105641,4.6725,4.25,4.25,4.25,False,0.8224392074797996,1.8884179583193543,True,True,True,0.95,True,6.423373810255332,616.0781425365938,N/A,new_parameter_combo,Q2_provisional,requires_pilot_and_Q3_k100_confirmation
4.0,40.0,4.75,0.4,False,4.75,11.05263157894737,4.0,4.0,4.75,4.75,False,0.7969328960560773,2.1290595515000676,True,True,True,1.0,True,6.13592198378848,462.16500629003224,N/A,new_parameter_combo,Q2_provisional,requires_pilot_and_Q3_k100_confirmation
4.4,50.0,4.25,0.5,False,4.25,11.053475935828878,4.4,4.4,4.325,4.25,False,0.8246520602097365,1.851056346165951,True,True,True,1.0,True,6.2223521112185445,503.88703760729686,N/A,new_parameter_combo,Q2_provisional,requires_pilot_and_Q3_k100_confirmation
7.0,31.0,3.5,0.31,False,3.5,11.057142857142859,7.0,5.425,3.5,3.4999999999999996,False,0.680549372918374,1.7085844397280114,True,True,True,0.997,True,6.706635478378192,817.8144510197656,N/A,new_parameter_combo,Q2_provisional,requires_pilot_and_Q3_k100_confirmation
5.6,22.0,4.0,0.22,False,4.0,11.057142857142859,5.599999999999999,4.16,4.0,4.0,False,0.6373174008198388,2.118232943531136,True,True,True,1.0,True,6.461086386923797,639.7557014031293,N/A,new_parameter_combo,Q2_provisional,requires_pilot_and_Q3_k100_confirmation
4.4,69.0,4.0,0.69,False,4.0,11.059090909090909,4.4,4.4,4.4,4.18,False,0.6716959953759455,1.8590667492960926,True,True,True,1.0,True,6.485002665453875,655.2407107506436,N/A,new_parameter_combo,Q2_provisional,requires_pilot_and_Q3_k100_confirmation
4.65,19.0,4.25,0.19,False,4.25,11.06337760910816,4.630000000000001,4.25,4.25,4.25,False,0.744598427074649,1.9105321908251434,True,True,True,0.996,True,6.400396874472302,602.0839422082756,N/A,new_parameter_combo,Q2_provisional,requires_pilot_and_Q3_k100_confirmation
5.2,27.0,4.0,0.27,False,4.0,11.065384615384616,5.2,4.42,4.0,4.0,False,0.5997890785730515,1.85072245473344,True,True,True,1.0,True,6.516686324795401,676.3335184036538,N/A,new_parameter_combo,Q2_provisional,requires_pilot_and_Q3_k100_confirmation
5.4,24.0,4.0,0.24,False,4.0,11.066666666666668,5.4,4.28,4.0,4.0,False,0.5599858781018228,2.0045365180861867,True,True,True,1.0,True,6.483868834071123,654.4981992904816,N/A,new_parameter_combo,Q2_provisional,requires_pilot_and_Q3_k100_confirmation
5.6,38.0,3.6,0.38,False,3.6,11.071428571428573,5.599999999999999,5.4,3.6,3.6000000000000005,False,0.42432419257940424,1.166862622161824,True,True,True,1.0,True,6.724039207517493,832.1720476775608,N/A,new_parameter_combo,Q2_provisional,requires_pilot_and_Q3_k100_confirmation
6.0,37.0,3.5,0.37,False,3.5,11.071428571428573,6.000000000000001,5.625,3.5,3.4999999999999996,False,0.40908060180789596,1.2582333490617132,True,True,True,1.0,True,6.718832465371987,827.8504030126833,N/A,new_parameter_combo,Q2_provisional,requires_pilot_and_Q3_k100_confirmation
3.6,24.0,4.75,0.24,False,4.75,11.073684210526316,3.6,4.52,4.75,4.75,False,0.8170086834149995,2.0297525820347952,True,True,True,0.831,True,6.1606569961916815,473.73921747560945,N/A,new_parameter_combo,Q2_provisional,requires_pilot_and_Q3_k100_confirmation
4.8,37.0,4.0,0.37,False,4.0,11.075000000000001,4.8,4.68,4.0,4.0,False,0.65,1.6634184904329914,True,True,True,1.0,True,6.57482155176958,716.8176980885135,N/A,new_parameter_combo,Q2_provisional,requires_pilot_and_Q3_k100_confirmation
4.65,60.0,3.6,0.6,False,3.6,11.075268817204302,4.65,4.65,4.65,3.6000000000000005,False,0.601834170367925,1.716162712371912,True,True,True,1.0,True,6.554252632914574,702.2241344531044,N/A,new_parameter_combo,Q2_provisional,requires_pilot_and_Q3_k100_confirmation
4.8,13.0,4.25,0.13,False,4.25,11.083823529411767,4.6075,4.25,4.25,4.25,False,0.7810249675906656,1.9397339778781384,True,True,True,0.95,True,6.4397869320251795,626.2733468010255,N/A,new_parameter_combo,Q2_provisional,requires_pilot_and_Q3_k100_confirmation
5.2,58.0,3.0,0.58,False,3.0,11.092307692307694,5.2,5.2,4.9799999999999995,3.0,False,0.37142857142857144,1.5387915389084283,True,True,True,1.0,True,6.402198054775832,603.1693811882556,N/A,new_parameter_combo,Q2_provisional,requires_pilot_and_Q3_k100_confirmation
4.0,50.0,5.0,0.5,False,5.0,11.1,4.0,4.0,4.5,5.000000000000001,False,0.9276093917557487,2.2060754154189093,True,True,True,1.0,True,5.962849236268182,388.71609189505597,N/A,new_parameter_combo,Q2_provisional,requires_pilot_and_Q3_k100_confirmation
4.0,58.0,5.5,0.58,False,5.5,11.1,4.0,4.0,4.15,5.5,False,0.9791333110543871,2.3217110383762076,True,True,True,0.991,True,5.8693041750695665,354.0025707346046,N/A,new_parameter_combo,Q2_provisional,requires_pilot_and_Q3_k100_confirmation
4.4,40.0,4.25,0.4,False,4.25,11.101604278074866,4.4,4.4,4.25,4.25,False,0.7543073589968051,1.92654786562408,True,True,True,1.0,True,6.370470776132096,584.3328541094751,N/A,new_parameter_combo,Q2_provisional,requires_pilot_and_Q3_k100_confirmation
4.65,69.0,3.0,0.69,False,3.0,11.103225806451615,4.65,4.65,4.65,3.7424999999999997,False,0.7172310925015872,1.7587564524471777,True,True,True,1.0,True,6.680112983006465,796.4090876260484,N/A,new_parameter_combo,Q2_provisional,requires_pilot_and_Q3_k100_confirmation
5.4,40.0,3.6,0.4,False,3.6,11.11111111111111,5.4,5.4,3.6,3.6000000000000005,True,0.47144209937300297,1.2896841839538842,True,True,True,1.0,True,6.734668187474101,841.0643620911734,N/A,existing_parameter_combo,Q2_provisional,requires_pilot_and_Q3_k100_confirmation
5.4,55.0,3.0,0.55,False,3.0,11.11111111111111,5.4,5.4,4.800000000000001,3.0,False,0.4012893759686469,1.1569067555327148,True,True,True,1.0,True,6.410575989548469,608.2439223263164,N/A,new_parameter_combo,Q2_provisional,requires_pilot_and_Q3_k100_confirmation
4.4,38.0,4.25,0.38,False,4.25,11.111229946524064,4.4,4.385000000000001,4.25,4.25,False,0.7499999999999997,1.9460223525880922,True,True,True,1.0,True,6.387494265465307,594.3653903211435,N/A,new_parameter_combo,Q2_provisional,requires_pilot_and_Q3_k100_confirmation
4.4,65.0,4.0,0.65,False,4.0,11.113636363636363,4.4,4.4,4.4,4.1,False,0.7165425062515876,1.945108571688981,True,True,True,1.0,True,6.356745792075811,576.3676809767414,N/A,new_parameter_combo,Q2_provisional,requires_pilot_and_Q3_k100_confirmation
4.4,37.0,4.25,0.37,False,4.25,11.116042780748664,4.4,4.3775,4.25,4.25,False,0.7505440203816242,1.9558241664298073,True,True,True,1.0,True,6.394430979675725,598.5026661305403,N/A,new_parameter_combo,Q2_provisional,requires_pilot_and_Q3_k100_confirmation
4.9,50.0,3.6,0.5,False,3.6,11.122448979591836,4.9,4.9,4.25,3.6000000000000005,False,0.5000511453433372,1.3478045284255853,True,True,True,1.0,True,6.672872301582256,790.6633696985014,N/A,new_parameter_combo,Q2_provisional,requires_pilot_and_Q3_k100_confirmation
4.8,65.0,3.0,0.65,False,3.0,11.125000000000002,4.8,4.8,4.8,3.45,False,0.5694720971107852,1.5311283729349614,True,True,True,1.0,True,6.530658786853669,685.8498915871869,N/A,new_parameter_combo,Q2_provisional,requires_pilot_and_Q3_k100_confirmation
6.0,4.0,4.25,0.04,False,4.25,11.129411764705882,4.6,4.25,4.25,4.25,False,1.031742693065416,1.9982713288200509,True,True,True,0.904,True,6.431646265550313,621.1957598745862,N/A,new_parameter_combo,Q2_provisional,requires_pilot_and_Q3_k100_confirmation
5.6,37.0,3.6,0.37,False,3.6,11.130952380952381,5.599999999999999,5.3,3.6,3.6000000000000005,False,0.4477266841204235,1.3308768114130267,True,True,True,1.0,True,6.730975921727912,837.9646549494148,N/A,new_parameter_combo,Q2_provisional,requires_pilot_and_Q3_k100_confirmation
4.65,13.0,4.25,0.13,False,4.25,11.136242884250475,4.510000000000001,4.25,4.25,4.25,False,0.7926967542084759,2.02314868721033,True,True,True,0.902,True,6.460984254799911,639.6903651310996,N/A,new_parameter_combo,Q2_provisional,requires_pilot_and_Q3_k100_confirmation
5.6,40.0,3.5,0.4,False,3.5,11.142857142857142,5.599999999999999,5.599999999999999,3.5,3.4999999999999996,False,0.3879853773806748,1.2973206321813424,True,True,True,1.0,True,6.737397740338467,843.3632277401935,N/A,new_parameter_combo,Q2_provisional,requires_pilot_and_Q3_k100_confirmation
7.0,30.0,3.5,0.3,False,3.5,11.142857142857142,7.0,5.249999999999999,3.5,3.4999999999999996,False,0.6918508893260344,1.838157503350188,True,True,True,0.986,True,6.706222050459735,817.4764135754704,N/A,new_parameter_combo,Q2_provisional,requires_pilot_and_Q3_k100_confirmation
4.0,58.0,5.4,0.58,False,5.4,11.144444444444444,4.0,4.0,4.140000000000001,5.4,False,0.9356826603161605,2.3601806791875095,True,True,True,0.998,True,5.851440822855874,347.7350443078041,N/A,new_parameter_combo,Q2_provisional,requires_pilot_and_Q3_k100_confirmation
5.4,22.0,4.0,0.22,False,4.0,11.144444444444446,5.4,4.14,4.0,4.0,False,0.6057142857142859,2.15379154137459,True,True,True,1.0,True,6.488738856213617,657.6933940327567,N/A,new_parameter_combo,Q2_provisional,requires_pilot_and_Q3_k100_confirmation
4.4,31.0,4.25,0.31,False,4.25,11.144919786096258,4.4,4.3325,4.25,4.25,False,0.7762087348130009,2.015499294650167,True,True,True,0.999,True,6.414000838551612,610.330637219382,N/A,new_parameter_combo,Q2_provisional,requires_pilot_and_Q3_k100_confirmation
4.9,31.0,4.0,0.31,False,4.0,11.145918367346939,4.9,4.495,4.0,4.0,False,0.7033847649409394,1.7835562949628796,True,True,True,1.0,True,6.577978288875619,719.084078415735,N/A,new_parameter_combo,Q2_provisional,requires_pilot_and_Q3_k100_confirmation
7.0,27.0,3.6,0.27,False,3.6,11.147619047619047,7.0,4.79,3.6,3.6000000000000005,False,0.7270379520172724,2.2270719664924488,True,True,True,0.963,True,6.669371981852498,787.9006331573685,N/A,new_parameter_combo,Q2_provisional,requires_pilot_and_Q3_k100_confirmation
4.4,30.0,4.25,0.3,False,4.25,11.149732620320854,4.4,4.325,4.25,4.25,False,0.7840566930772183,2.019489154730475,True,True,True,0.999,True,6.4135874106331565,610.0783616469425,N/A,new_parameter_combo,Q2_provisional,requires_pilot_and_Q3_k100_confirmation
4.65,58.0,3.6,0.58,False,3.6,11.150537634408602,4.65,4.65,4.545,3.6000000000000005,False,0.627367175347963,1.695686223612555,True,True,True,1.0,True,6.559448833238459,705.8825283702839,N/A,new_parameter_combo,Q2_provisional,requires_pilot_and_Q3_k100_confirmation
5.6,4.0,4.25,0.04,False,4.25,11.157983193277312,4.52,4.25,4.25,4.25,False,0.9406044517723047,2.0489593995583206,True,True,True,0.95,True,6.474171744060422,648.1821445093292,N/A,new_parameter_combo,Q2_provisional,requires_pilot_and_Q3_k100_confirmation
4.8,55.0,3.5,0.55,False,3.5,11.160714285714286,4.8,4.8,4.475,3.4999999999999996,False,0.5665978849813212,1.5138905984024733,True,True,True,1.0,True,6.608923756703546,741.684356199679,N/A,new_parameter_combo,Q2_provisional,requires_pilot_and_Q3_k100_confirmation
4.65,40.0,4.0,0.4,False,4.0,11.161290322580646,4.65,4.65,4.0,4.0,False,0.6354205029437,1.7340265243956785,True,True,True,1.0,True,6.572058671000681,714.8399496553108,N/A,new_parameter_combo,Q2_provisional,requires_pilot_and_Q3_k100_confirmation
4.4,27.0,4.25,0.27,False,4.25,11.164171122994652,4.4,4.3025,4.25,4.25,False,0.7632168761236876,2.0489913308393723,True,True,True,0.988,True,6.407119364180103,606.1450804989928,N/A,new_parameter_combo,Q2_provisional,requires_pilot_and_Q3_k100_confirmation
4.0,30.0,4.5,0.3,False,4.5,11.166666666666668,4.0,4.25,4.5,4.5,False,0.7762087348130016,2.129408379568863,True,True,True,0.825,True,6.271604831076158,529.3261757031439,N/A,new_parameter_combo,Q2_provisional,requires_pilot_and_Q3_k100_confirmation
5.2,24.0,4.0,0.24,False,4.0,11.16923076923077,5.2,4.24,4.0,4.0,False,0.6178897596675647,2.0230292259335005,True,True,True,1.0,True,6.5157811233841185,675.7215773550323,N/A,new_parameter_combo,Q2_provisional,requires_pilot_and_Q3_k100_confirmation
4.65,60.0,3.5,0.6,False,3.5,11.170506912442397,4.65,4.65,4.65,3.4999999999999996,False,0.6139540477137371,1.7399710966170212,True,True,True,1.0,True,6.58463465506876,723.886531075163,N/A,new_parameter_combo,Q2_provisional,requires_pilot_and_Q3_k100_confirmation
4.9,30.0,4.0,0.3,False,4.0,11.173469387755102,4.9,4.45,4.0,4.0,False,0.7165700081154751,1.8223743135145924,True,True,True,1.0,True,6.577564860957163,718.7868504274085,N/A,new_parameter_combo,Q2_provisional,requires_pilot_and_Q3_k100_confirmation
5.4,4.0,4.25,0.04,False,4.25,11.173856209150328,4.48,4.25,4.25,4.25,False,0.9719077074685305,2.0756155529923084,True,True,True,0.95,True,6.501824213350242,666.3561006784116,N/A,new_parameter_combo,Q2_provisional,requires_pilot_and_Q3_k100_confirmation
4.4,24.0,4.25,0.24,False,4.25,11.178609625668448,4.4,4.28,4.25,4.25,False,0.7219941206160075,2.079853464745849,True,True,True,0.988,True,6.406214162768821,605.5966453762557,N/A,new_parameter_combo,Q2_provisional,requires_pilot_and_Q3_k100_confirmation
4.4,71.0,3.6,0.71,False,3.6,11.181818181818182,4.4,4.4,4.4,4.04,False,0.6931089380465384,2.039484643618462,True,True,True,1.0,True,6.861670581062456,954.9610755488226,N/A,new_parameter_combo,Q2_provisional,requires_pilot_and_Q3_k100_confirmation
4.4,60.0,4.0,0.6,False,4.0,11.181818181818182,4.4,4.4,4.4,4.0,False,0.7021573897638621,2.0492519639018343,True,True,True,1.0,True,6.293912471152646,541.2668828445082,N/A,new_parameter_combo,Q2_provisional,requires_pilot_and_Q3_k100_confirmation
4.0,60.0,5.5,0.6,False,5.5,11.181818181818182,4.0,4.0,4.0,5.5,False,0.9434673350174336,2.4544021342425495,True,True,True,0.972,True,5.864107974745682,352.167873317697,N/A,new_parameter_combo,Q2_provisional,requires_pilot_and_Q3_k100_confirmation
4.0,31.0,4.5,0.31,False,4.5,11.183333333333334,4.0,4.2250000000000005,4.5,4.5,False,0.7693424173292679,2.1659595387075687,True,True,True,0.825,True,6.272018258994614,529.5450591652987,N/A,new_parameter_combo,Q2_provisional,requires_pilot_and_Q3_k100_confirmation
5.6,19.0,4.0,0.19,False,4.0,11.185714285714287,5.519999999999999,4.0,4.0,4.0,False,0.69784654181157,2.3291920004726374,True,True,True,1.0,True,6.47660165476256,649.7590843748194,N/A,new_parameter_combo,Q2_provisional,requires_pilot_and_Q3_k100_confirmation
4.4,22.0,4.25,0.22,False,4.25,11.188235294117646,4.4,4.265000000000001,4.25,4.25,False,0.6990153424493573,2.100602403073247,True,True,True,0.99,True,6.411084184911315,608.5531076237353,N/A,new_parameter_combo,Q2_provisional,requires_pilot_and_Q3_k100_confirmation
5.2,4.0,4.25,0.04,False,4.25,11.190950226244345,4.44,4.25,4.25,4.25,False,0.9638358739104572,2.1046080769935567,True,True,True,0.902,True,6.533736502663238,687.9639942763604,N/A,new_parameter_combo,Q2_provisional,requires_pilot_and_Q3_k100_confirmation
4.4,19.0,4.25,0.19,False,4.25,11.202673796791446,4.3925,4.25,4.25,4.25,False,0.7446407159955514,2.1291774846880003,True,True,True,0.977,True,6.426599452750079,618.0685988977027,N/A,new_parameter_combo,Q2_provisional,requires_pilot_and_Q3_k100_confirmation
4.65,38.0,4.0,0.38,False,4.0,11.203225806451613,4.65,4.585000000000001,4.0,4.0,False,0.6668543129836514,1.7569940168024825,True,True,True,1.0,True,6.589082160333892,727.1131902065266,N/A,new_parameter_combo,Q2_provisional,requires_pilot_and_Q3_k100_confirmation
4.4,58.0,4.0,0.58,False,4.0,11.209090909090909,4.4,4.4,4.36,4.0,False,0.7053382456781477,2.078749611204242,True,True,True,1.0,True,6.299108671476531,544.0867339071764,N/A,new_parameter_combo,Q2_provisional,requires_pilot_and_Q3_k100_confirmation
4.0,50.0,4.85,0.5,False,4.85,11.211340206185568,4.0,4.0,4.425,4.85,False,0.9627013439021577,2.349979807666515,True,True,True,1.0,True,5.969708230210646,391.3914578855445,N/A,new_parameter_combo,Q2_provisional,requires_pilot_and_Q3_k100_confirmation
6.0,2.0,4.25,0.02,False,4.25,11.211764705882352,4.425000000000001,4.25,4.25,4.25,False,1.0690464590618374,2.133941726497021,True,True,True,0.81,True,6.480304205692928,652.1693097147661,N/A,new_parameter_combo,Q2_provisional,requires_pilot_and_Q3_k100_confirmation
4.4,70.0,3.6,0.7,False,3.6,11.212121212121211,4.4,4.4,4.4,4.0,False,0.6872100501747808,2.0802895118880294,True,True,True,1.0,True,6.814441598371364,910.9077213864304,N/A,new_parameter_combo,Q2_provisional,requires_pilot_and_Q3_k100_confirmation
4.9,4.0,4.25,0.04,False,4.25,11.219207683073229,4.38,4.25,4.25,4.25,False,0.885543258257268,2.1528267987082006,True,True,True,0.902,True,6.588146992371947,726.4335350917142,N/A,new_parameter_combo,Q2_provisional,requires_pilot_and_Q3_k100_confirmation
5.4,38.0,3.6,0.38,False,3.6,11.222222222222221,5.4,5.22,3.6,3.6000000000000005,False,0.5081102443448303,1.5727366252830963,True,True,True,1.0,True,6.7516916768073125,855.5047766762527,N/A,new_parameter_combo,Q2_provisional,requires_pilot_and_Q3_k100_confirmation
4.0,60.0,5.4,0.6,False,5.4,11.222222222222223,4.0,4.0,4.0,5.4,False,0.8982931660905022,2.4869762777472038,True,True,True,0.99,True,5.846244622531989,345.93282974694375,N/A,new_parameter_combo,Q2_provisional,requires_pilot_and_Q3_k100_confirmation
4.65,37.0,4.0,0.37,False,4.0,11.224193548387097,4.65,4.5525,4.0,4.0,False,0.6826761425165118,1.7824550004106043,True,True,True,1.0,True,6.596018874544311,732.1745007429786,N/A,new_parameter_combo,Q2_provisional,requires_pilot_and_Q3_k100_confirmation
4.4,71.0,3.5,0.71,False,3.5,11.224675324675326,4.4,4.4,4.4,3.995,False,0.7041310319848727,2.074195449608526,True,True,True,1.0,True,6.892052603216641,984.4199684609504,N/A,new_parameter_combo,Q2_provisional,requires_pilot_and_Q3_k100_confirmation
4.8,31.0,4.0,0.31,False,4.0,11.225000000000001,4.8,4.4399999999999995,4.0,4.0,False,0.7332931729881444,1.8456964782936252,True,True,True,1.0,True,6.594391410645467,730.9838822824395,N/A,new_parameter_combo,Q2_provisional,requires_pilot_and_Q3_k100_confirmation
5.6,2.0,4.25,0.02,False,4.25,11.226050420168066,4.385000000000001,4.25,4.25,4.25,False,0.9863569333664157,2.1604077082536386,True,True,True,0.902,True,6.522829684203037,680.5012671680666,N/A,new_parameter_combo,Q2_provisional,requires_pilot_and_Q3_k100_confirmation
4.8,4.0,4.25,0.04,False,4.25,11.229411764705883,4.36,4.25,4.25,4.25,False,0.8654655465383346,2.170256282274914,True,True,True,0.902,True,6.604560114141796,738.4549618612149,N/A,new_parameter_combo,Q2_provisional,requires_pilot_and_Q3_k100_confirmation
4.4,13.0,4.25,0.13,False,4.25,11.231550802139038,4.3475,4.25,4.25,4.25,False,0.8718968296952643,2.1758703679797766,True,True,True,0.898,True,6.487186833077686,656.6734303772033,N/A,new_parameter_combo,Q2_provisional,requires_pilot_and_Q3_k100_confirmation
5.4,2.0,4.25,0.02,False,4.25,11.233986928104576,4.365,4.25,4.25,4.25,False,1.0251951033827658,2.174918019868031,True,True,True,0.902,True,6.550482153492857,699.5813981270576,N/A,new_parameter_combo,Q2_provisional,requires_pilot_and_Q3_k100_confirmation
5.2,22.0,4.0,0.22,False,4.0,11.23846153846154,5.2,4.12,4.0,4.0,False,0.6361170473735032,2.15542005175985,True,True,True,1.0,True,6.520651145526613,679.0203825061348,N/A,new_parameter_combo,Q2_provisional,requires_pilot_and_Q3_k100_confirmation
4.4,69.0,3.6,0.69,False,3.6,11.242424242424244,4.4,4.4,4.4,3.96,False,0.6758309322453301,2.057408414621586,True,True,True,1.0,True,6.77154540549358,872.6594651821305,N/A,new_parameter_combo,Q2_provisional,requires_pilot_and_Q3_k100_confirmation
5.2,2.0,4.25,0.02,False,4.25,11.242533936651583,4.345000000000001,4.25,4.25,4.25,False,1.0025477748298715,2.190377785664784,True,True,True,0.902,True,6.582394442805853,722.2666866663892,N/A,new_parameter_combo,Q2_provisional,requires_pilot_and_Q3_k100_confirmation
4.8,50.0,3.6,0.5,False,3.6,11.25,4.8,4.8,4.2,3.6000000000000005,False,0.5555581859348161,1.5392675913444474,True,True,True,1.0,True,6.6892854233521035,803.7477075477398,N/A,new_parameter_combo,Q2_provisional,requires_pilot_and_Q3_k100_confirmation
4.8,30.0,4.0,0.3,False,4.0,11.25,4.8,4.3999999999999995,4.0,4.0,False,0.7546890831626614,1.8836965754854957,True,True,True,1.0,True,6.5939779827270115,730.6817355998037,N/A,new_parameter_combo,Q2_provisional,requires_pilot_and_Q3_k100_confirmation
4.4,55.0,4.0,0.55,False,4.0,11.25,4.4,4.4,4.300000000000001,4.0,False,0.7567721464434676,2.0614408565403437,True,True,True,1.0,True,6.339398895562163,566.4557099822368,N/A,new_parameter_combo,Q2_provisional,requires_pilot_and_Q3_k100_confirmation
4.0,50.0,4.8,0.5,False,4.8,11.25,4.0,4.0,4.3999999999999995,4.8,False,0.9484692285736109,2.402142493885577,True,True,True,1.0,True,5.977403531939189,394.414951676105,N/A,new_parameter_combo,Q2_provisional,requires_pilot_and_Q3_k100_confirmation
4.0,55.0,5.0,0.55,False,5.0,11.25,4.0,4.0,4.25,5.000000000000001,False,0.907564581386777,2.4290956620615116,True,True,True,1.0,True,5.85210554746544,347.96626919128505,N/A,new_parameter_combo,Q2_provisional,requires_pilot_and_Q3_k100_confirmation
4.65,58.0,3.5,0.58,False,3.5,11.255299539170506,4.65,4.65,4.535,3.4999999999999996,False,0.6188633682990529,1.735237221632155,True,True,True,1.0,True,6.589830855392644,727.6577800996296,N/A,new_parameter_combo,Q2_provisional,requires_pilot_and_Q3_k100_confirmation
4.9,27.0,4.0,0.27,False,4.0,11.256122448979593,4.9,4.315,4.0,4.0,False,0.7250637727054053,1.9535340383092654,True,True,True,1.0,True,6.57109681450411,714.1527067732264,N/A,new_parameter_combo,Q2_provisional,requires_pilot_and_Q3_k100_confirmation
4.9,2.0,4.25,0.02,False,4.25,11.256662665066026,4.315,4.25,4.25,4.25,False,0.9234491273569577,2.2155461719703036,True,True,True,0.8,True,6.636804932514562,762.6543639481184,N/A,new_parameter_combo,Q2_provisional,requires_pilot_and_Q3_k100_confirmation
4.4,70.0,3.5,0.7,False,3.5,11.25974025974026,4.4,4.4,4.4,3.95,False,0.6918508893260343,2.048687769453642,True,True,True,1.0,True,6.844823620525549,939.0076447280508,N/A,new_parameter_combo,Q2_provisional,requires_pilot_and_Q3_k100_confirmation
5.4,19.0,4.0,0.19,False,4.0,11.261111111111113,5.33,4.0,4.0,4.0,False,0.6800000000000002,2.302686286657174,True,True,True,1.0,True,6.50425412405238,667.977255331735,N/A,new_parameter_combo,Q2_provisional,requires_pilot_and_Q3_k100_confirmation
4.8,2.0,4.25,0.02,False,4.25,11.261764705882355,4.305000000000001,4.25,4.25,4.25,False,0.9042134929408687,2.2245165911676894,True,True,True,0.8,True,6.653218054284411,775.2751931689018,N/A,new_parameter_combo,Q2_provisional,requires_pilot_and_Q3_k100_confirmation
4.65,55.0,3.6,0.55,False,3.6,11.263440860215054,4.65,4.65,4.387500000000001,3.6000000000000005,False,0.6351378054310381,1.6925980596790697,True,True,True,1.0,True,6.599739057324092,734.9033965607808,N/A,new_parameter_combo,Q2_provisional,requires_pilot_and_Q3_k100_confirmation
4.9,50.0,3.5,0.5,False,3.5,11.26530612244898,4.9,4.9,4.2,3.4999999999999996,False,0.4973943585920368,1.4319854803592864,True,True,True,1.0,True,6.703254323736441,815.0539633403461,N/A,new_parameter_combo,Q2_provisional,requires_pilot_and_Q3_k100_confirmation
6.0,31.0,3.6,0.31,False,3.6,11.266666666666667,6.000000000000001,4.92,3.6,3.6000000000000005,False,0.5428571428571428,1.6378925736711762,True,True,True,1.0,True,6.708020302093689,818.9477644049242,N/A,new_parameter_combo,Q2_provisional,requires_pilot_and_Q3_k100_confirmation
5.6,38.0,3.5,0.38,False,3.5,11.271428571428574,5.599999999999999,5.39,3.5,3.4999999999999996,False,0.4317997457249869,1.4026968569852574,True,True,True,1.0,True,6.754421229671678,857.8431120431012,N/A,new_parameter_combo,Q2_provisional,requires_pilot_and_Q3_k100_confirmation
4.0,27.0,4.4,0.27,False,4.4,11.277272727272727,4.0,4.26,4.4,4.4,False,0.8065560445878668,2.290901626393484,True,True,True,0.825,True,6.321094666188116,556.1814924126727,N/A,new_parameter_combo,Q2_provisional,requires_pilot_and_Q3_k100_confirmation
5.4,37.0,3.6,0.37,False,3.6,11.277777777777777,5.4,5.13,3.6,3.6000000000000005,False,0.5278107460761567,1.7187980326825012,True,True,True,1.0,True,6.758628391017731,861.459799083351,N/A,new_parameter_combo,Q2_provisional,requires_pilot_and_Q3_k100_confirmation
5.2,40.0,3.6,0.4,False,3.6,11.282051282051281,5.2,5.2,3.6,3.6000000000000005,False,0.5758755534498964,1.7373917294753667,True,True,True,1.0,True,6.766580476787097,868.3375111275375,N/A,new_parameter_combo,Q2_provisional,requires_pilot_and_Q3_k100_confirmation
4.0,37.0,4.5,0.37,False,4.5,11.283333333333333,4.0,4.075,4.5,4.5,False,0.7938539422542744,2.391409056242419,True,True,True,0.982,True,6.252448400118727,519.2826812539059,N/A,new_parameter_combo,Q2_provisional,requires_pilot_and_Q3_k100_confirmation
4.0,50.0,4.75,0.5,False,4.75,11.289473684210527,4.0,4.0,4.375,4.75,False,0.9357317337522655,2.455808937909011,True,True,True,1.0,True,5.987803318874929,398.538186356388,N/A,new_parameter_combo,Q2_provisional,requires_pilot_and_Q3_k100_confirmation
4.4,69.0,3.5,0.69,False,3.5,11.294805194805196,4.4,4.4,4.4,3.905,False,0.6805493729183739,2.0248576224776165,True,True,True,1.0,True,6.801927427647764,899.5794961569856,N/A,new_parameter_combo,Q2_provisional,requires_pilot_and_Q3_k100_confirmation
4.0,38.0,4.5,0.38,False,4.5,11.3,4.0,4.05,4.5,4.5,False,0.8186599303939659,2.429604607666675,True,True,True,0.982,True,6.245511685908308,515.6930302849629,N/A,new_parameter_combo,Q2_provisional,requires_pilot_and_Q3_k100_confirmation
5.4,40.0,3.5,0.4,False,3.5,11.301587301587302,5.4,5.4,3.5,3.4999999999999996,False,0.4781816109609658,1.4619194016213712,True,True,True,1.0,True,6.765050209628286,867.0097389336919,N/A,new_parameter_combo,Q2_provisional,requires_pilot_and_Q3_k100_confirmation
4.0,30.0,4.4,0.3,False,4.4,11.318181818181818,4.0,4.2,4.4,4.4,False,0.7803204469959765,2.377014668962634,True,True,True,0.825,True,6.3275627126411695,559.7905593659909,N/A,new_parameter_combo,Q2_provisional,requires_pilot_and_Q3_k100_confirmation
4.4,50.0,4.0,0.5,False,4.0,11.31818181818182,4.4,4.4,4.2,4.0,False,0.7580617739084491,2.0393748525904645,True,True,True,1.0,True,6.450142584364906,632.7925126986686,N/A,new_parameter_combo,Q2_provisional,requires_pilot_and_Q3_k100_confirmation
4.8,27.0,4.0,0.27,False,4.0,11.325000000000001,4.8,4.28,4.0,4.0,False,0.7234873602622118,2.00839635882419,True,True,True,1.0,True,6.587509936273958,725.970903555167,N/A,new_parameter_combo,Q2_provisional,requires_pilot_and_Q3_k100_confirmation
3.6,37.0,5.0,0.37,False,5.0,11.326666666666666,3.6,3.8100000000000005,5.0,5.000000000000001,False,0.8423501993935585,2.6369567420228868,True,True,True,0.828,True,6.12391973049184,456.65114041819766,N/A,new_parameter_combo,Q2_provisional,requires_pilot_and_Q3_k100_confirmation
4.0,31.0,4.4,0.31,False,4.4,11.33181818181818,4.0,4.18,4.4,4.4,False,0.7734906302613118,2.4054514251147556,True,True,True,0.906,True,6.327976140559625,560.0220402587553,N/A,new_parameter_combo,Q2_provisional,requires_pilot_and_Q3_k100_confirmation
6.0,30.0,3.6,0.3,False,3.6,11.333333333333332,6.000000000000001,4.8,3.6,3.6000000000000005,True,0.5585988301645687,1.7882276140039517,True,True,True,1.0,True,6.707606874175234,818.6092585140772,N/A,existing_parameter_combo,Q2_provisional,requires_pilot_and_Q3_k100_confirmation
4.0,40.0,4.5,0.4,False,4.5,11.333333333333332,4.0,4.0,4.5,4.5,False,0.8689660757568886,2.504905537185331,True,True,True,0.996,True,6.228488196575097,506.9884369747039,N/A,new_parameter_combo,Q2_provisional,requires_pilot_and_Q3_k100_confirmation
5.6,37.0,3.5,0.37,False,3.5,11.335714285714287,5.599999999999999,5.284999999999999,3.5,3.4999999999999996,False,0.4548177477555922,1.5337388831236516,True,True,True,1.0,True,6.761357943882096,863.8144112026904,N/A,new_parameter_combo,Q2_provisional,requires_pilot_and_Q3_k100_confirmation
4.9,24.0,4.0,0.24,False,4.0,11.338775510204083,4.9,4.18,4.0,4.0,False,0.7121953564614881,2.103455519821709,True,True,True,1.0,True,6.570191613092828,713.5065472315705,N/A,new_parameter_combo,Q2_provisional,requires_pilot_and_Q3_k100_confirmation
4.0,58.0,5.0,0.58,False,5.0,11.34,4.0,4.0,4.1000000000000005,5.000000000000001,False,0.8804440698897815,2.5671384448610106,True,True,True,0.999,True,5.8118153233798076,334.22530231019914,N/A,new_parameter_combo,Q2_provisional,requires_pilot_and_Q3_k100_confirmation
5.2,19.0,4.0,0.19,False,4.0,11.342307692307694,5.14,4.0,4.0,4.0,False,0.671695995375945,2.29806986325249,True,True,True,1.0,True,6.536166413365376,689.6377180248255,N/A,new_parameter_combo,Q2_provisional,requires_pilot_and_Q3_k100_confirmation
4.0,55.0,4.85,0.55,False,4.85,11.34278350515464,4.0,4.0,4.2125,4.85,False,0.9281108747980316,2.5439042973805472,True,True,True,1.0,True,5.858964541407903,350.36117164539485,N/A,new_parameter_combo,Q2_provisional,requires_pilot_and_Q3_k100_confirmation
5.2,55.0,3.0,0.55,False,3.0,11.346153846153847,5.2,5.2,4.65,3.0,False,0.4571428571428569,1.4714693281533817,True,True,True,1.0,True,6.442488278861465,627.967415428346,N/A,new_parameter_combo,Q2_provisional,requires_pilot_and_Q3_k100_confirmation
4.9,60.0,3.0,0.6,False,3.0,11.346938775510205,4.9,4.9,4.9,3.0,False,0.4602329988878523,1.6503945258415746,True,True,True,1.0,True,6.451412344160657,633.5965175288256,N/A,new_parameter_combo,Q2_provisional,requires_pilot_and_Q3_k100_confirmation
4.65,31.0,4.0,0.31,False,4.0,11.350000000000001,4.65,4.3575,4.0,4.0,False,0.7615451532300387,1.9645530048713364,True,True,True,1.0,True,6.615588733420198,746.6441753440381,N/A,new_parameter_combo,Q2_provisional,requires_pilot_and_Q3_k100_confirmation
6.0,13.0,4.0,0.13,False,4.0,11.350000000000001,5.3,4.0,4.0,4.0,False,0.8351658762283852,2.2822646436646057,True,True,True,0.994,True,6.4946635565800594,661.6015963571002,N/A,new_parameter_combo,Q2_provisional,requires_pilot_and_Q3_k100_confirmation
5.6,50.0,3.0,0.5,False,3.0,11.357142857142858,5.599999999999999,5.599999999999999,4.3,3.0,False,0.3796480647405233,1.4605096059201272,True,True,True,1.0,True,6.493667209061392,660.942739527911,N/A,new_parameter_combo,Q2_provisional,requires_pilot_and_Q3_k100_confirmation
4.4,65.0,3.6,0.65,False,3.6,11.363636363636363,4.4,4.4,4.4,3.8000000000000003,False,0.6585388898066351,2.0133828705031704,True,True,True,1.0,True,6.643288532115515,767.6151740529402,N/A,new_parameter_combo,Q2_provisional,requires_pilot_and_Q3_k100_confirmation
4.65,30.0,4.0,0.3,False,4.0,11.370967741935484,4.65,4.324999999999999,4.0,4.0,False,0.7491164864052062,1.9991977263459209,True,True,True,1.0,True,6.615175305501742,746.3355555972037,N/A,new_parameter_combo,Q2_provisional,requires_pilot_and_Q3_k100_confirmation
4.0,55.0,4.8,0.55,False,4.8,11.375000000000002,4.0,4.0,4.199999999999999,4.8,False,0.9341251500298916,2.584008734172575,True,True,True,1.0,True,5.866659843136447,353.0677070221409,N/A,new_parameter_combo,Q2_provisional,requires_pilot_and_Q3_k100_confirmation
4.65,55.0,3.5,0.55,False,3.5,11.382488479262673,4.65,4.65,4.3625,3.4999999999999996,False,0.6325620331361236,1.6039455426736053,True,True,True,1.0,True,6.630121079478277,757.5738917404944,N/A,new_parameter_combo,Q2_provisional,requires_pilot_and_Q3_k100_confirmation
5.2,38.0,3.6,0.38,False,3.6,11.384615384615383,5.2,5.04,3.6,3.6000000000000005,False,0.5769748694700663,1.7488110793286846,True,True,True,1.0,True,6.783603966120309,883.2461842631839,N/A,new_parameter_combo,Q2_provisional,requires_pilot_and_Q3_k100_confirmation
4.0,65.0,5.5,0.65,False,5.5,11.386363636363637,4.0,4.0,4.0,5.125,False,0.8644498073270394,2.651477767491668,True,True,True,0.839,True,5.926941295668847,375.005726180632,N/A,new_parameter_combo,Q2_provisional,requires_pilot_and_Q3_k100_confirmation
4.65,65.0,3.0,0.65,False,3.0,11.387096774193548,4.65,4.65,4.65,3.4125000000000005,False,0.6351378054310381,1.729383356193944,True,True,True,1.0,True,6.5518561096284005,700.5432529031494,N/A,new_parameter_combo,Q2_provisional,requires_pilot_and_Q3_k100_confirmation
4.8,50.0,3.5,0.5,False,3.5,11.392857142857144,4.8,4.8,4.15,3.4999999999999996,False,0.5482928049865331,1.700048624403042,True,True,True,1.0,True,6.719667445506289,828.541930318977,N/A,new_parameter_combo,Q2_provisional,requires_pilot_and_Q3_k100_confirmation
4.9,22.0,4.0,0.22,False,4.0,11.393877551020408,4.9,4.09,4.0,4.0,False,0.7029658606756876,2.211962912810216,True,True,True,1.0,True,6.575061635235322,716.9898148261402,N/A,new_parameter_combo,Q2_provisional,requires_pilot_and_Q3_k100_confirmation
7.0,27.0,3.5,0.27,False,3.5,11.4,7.0,4.725,3.5,3.4999999999999996,False,0.731426130018247,2.4423937101335267,True,True,True,0.82,True,6.6997540040066825,812.2060011685634,N/A,new_parameter_combo,Q2_provisional,requires_pilot_and_Q3_k100_confirmation
4.8,24.0,4.0,0.24,False,4.0,11.4,4.8,4.16,4.0,4.0,False,0.7011399473466806,2.146924766951131,True,True,True,1.0,True,6.586604734862676,725.3140510054983,N/A,new_parameter_combo,Q2_provisional,requires_pilot_and_Q3_k100_confirmation
4.0,60.0,5.0,0.6,False,5.0,11.4,4.0,4.0,4.0,5.000000000000001,False,0.8617010496567777,2.659570565379106,True,True,True,0.994,True,5.806619123055922,332.4931050056956,N/A,new_parameter_combo,Q2_provisional,requires_pilot_and_Q3_k100_confirmation
4.0,55.0,4.75,0.55,False,4.75,11.407894736842106,4.0,4.0,4.1875,4.75,False,0.9311228683253183,2.625853532344751,True,True,True,1.0,True,5.877059630072186,356.7586954288813,N/A,new_parameter_combo,Q2_provisional,requires_pilot_and_Q3_k100_confirmation
4.0,37.0,4.4,0.37,False,4.4,11.413636363636364,4.0,4.06,4.4,4.4,False,0.8370209565074537,2.5802404536047625,True,True,True,0.961,True,6.308406281683738,549.1690302714593,N/A,new_parameter_combo,Q2_provisional,requires_pilot_and_Q3_k100_confirmation
4.0,65.0,5.4,0.65,False,5.4,11.416666666666668,4.0,4.0,4.0,5.05,False,0.86058357039433,2.6819230311225293,True,True,True,0.917,True,5.909077943455154,368.3663441722996,N/A,new_parameter_combo,Q2_provisional,requires_pilot_and_Q3_k100_confirmation
4.0,58.0,4.85,0.58,False,4.85,11.421649484536085,4.0,4.0,4.085,4.85,False,0.9260140608091902,2.6621146970302534,True,True,True,0.995,True,5.8186743173222695,336.52563158805845,N/A,new_parameter_combo,Q2_provisional,requires_pilot_and_Q3_k100_confirmation
5.4,38.0,3.5,0.38,False,3.5,11.42222222222222,5.4,5.21,3.5,3.4999999999999996,False,0.5143695368197491,1.7081272315510738,True,True,True,1.0,True,6.782073698961497,881.8956152635069,N/A,new_parameter_combo,Q2_provisional,requires_pilot_and_Q3_k100_confirmation
4.0,38.0,4.4,0.38,False,4.4,11.427272727272728,4.0,4.04,4.4,4.4,False,0.8605835703943301,2.6061145781788237,True,True,True,0.961,True,6.30146956747332,545.3727836166174,N/A,new_parameter_combo,Q2_provisional,requires_pilot_and_Q3_k100_confirmation
4.65,27.0,4.0,0.27,False,4.0,11.433870967741937,4.65,4.2275,4.0,4.0,False,0.7173875507417059,2.109317960344747,True,True,True,1.0,True,6.608707259048689,741.5238006564941,N/A,new_parameter_combo,Q2_provisional,requires_pilot_and_Q3_k100_confirmation
4.4,65.0,3.5,0.65,False,3.5,11.435064935064934,4.4,4.4,4.4,3.7250000000000005,False,0.670820393249937,2.0322910445447397,True,True,True,1.0,True,6.6736705542697,791.2947708335253,N/A,new_parameter_combo,Q2_provisional,requires_pilot_and_Q3_k100_confirmation
5.2,37.0,3.6,0.37,False,3.6,11.435897435897434,5.2,4.96,3.6,3.6000000000000005,False,0.5776818558087248,1.7193663060901092,True,True,True,1.0,True,6.790540680330728,889.3943098630268,N/A,new_parameter_combo,Q2_provisional,requires_pilot_and_Q3_k100_confirmation
5.6,13.0,4.0,0.13,False,4.0,11.442857142857143,5.04,4.0,4.0,4.0,False,0.8322884605908295,2.2973879007944733,True,True,True,0.999,True,6.537189035090169,690.3433172565753,N/A,new_parameter_combo,Q2_provisional,requires_pilot_and_Q3_k100_confirmation
4.8,22.0,4.0,0.22,False,4.0,11.450000000000001,4.8,4.08,4.0,4.0,False,0.712400727061931,2.245706721112037,True,True,True,1.0,True,6.59147475700517,728.8549616524388,N/A,new_parameter_combo,Q2_provisional,requires_pilot_and_Q3_k100_confirmation
4.0,58.0,4.8,0.58,False,4.8,11.450000000000001,4.0,4.0,4.08,4.8,False,0.8970518607172759,2.6652373573805397,True,True,True,0.995,True,5.826369619050814,339.12528760244334,N/A,new_parameter_combo,Q2_provisional,requires_pilot_and_Q3_k100_confirmation
4.65,50.0,3.6,0.5,False,3.6,11.451612903225806,4.65,4.65,4.125,3.6000000000000005,False,0.6412362750649586,1.5427168953064587,True,True,True,1.0,True,6.710482746126835,820.9668623784646,N/A,new_parameter_combo,Q2_provisional,requires_pilot_and_Q3_k100_confirmation
4.4,40.0,4.0,0.4,False,4.0,11.454545454545455,4.4,4.4,4.0,4.0,False,0.7717612543225201,2.0215402249645704,True,True,True,1.0,True,6.598261249278457,733.8181524972904,N/A,new_parameter_combo,Q2_provisional,requires_pilot_and_Q3_k100_confirmation
4.0,40.0,4.4,0.4,False,4.4,11.454545454545455,4.0,4.0,4.4,4.4,False,0.9085714285714285,2.652614087053079,True,True,True,0.99,True,6.284446078140109,536.1672136261848,N/A,new_parameter_combo,Q2_provisional,requires_pilot_and_Q3_k100_confirmation
5.2,40.0,3.5,0.4,False,3.5,11.472527472527473,5.2,5.2,3.5,3.4999999999999996,False,0.5718302159892978,1.7737486852774167,True,True,True,1.0,True,6.796962498941283,895.124217315734,N/A,new_parameter_combo,Q2_provisional,requires_pilot_and_Q3_k100_confirmation
4.0,60.0,4.85,0.6,False,4.85,11.474226804123711,4.0,4.0,4.0,4.85,False,0.8882176603991265,2.672391377349703,True,True,True,0.962,True,5.813478116998385,334.7815123131148,N/A,new_parameter_combo,Q2_provisional,requires_pilot_and_Q3_k100_confirmation
4.9,19.0,4.0,0.19,False,4.0,11.476530612244899,4.855,4.0,4.0,4.0,False,0.7483690600231948,2.335172860045512,True,True,True,0.995,True,6.590576903074085,728.2008500522063,N/A,new_parameter_combo,Q2_provisional,requires_pilot_and_Q3_k100_confirmation
4.0,58.0,4.75,0.58,False,4.75,11.478947368421053,4.0,4.0,4.075,4.75,False,0.8689660757568888,2.653600746022232,True,True,True,0.988,True,5.836769405986553,342.67052122216586,N/A,new_parameter_combo,Q2_provisional,requires_pilot_and_Q3_k100_confirmation
4.4,38.0,4.0,0.38,False,4.0,11.48181818181818,4.4,4.36,4.0,4.0,False,0.7762087348130009,2.0640947402434655,True,True,True,1.0,True,6.615284738611669,746.4172338871747,N/A,new_parameter_combo,Q2_provisional,requires_pilot_and_Q3_k100_confirmation
4.4,71.0,3.0,0.71,False,3.0,11.481818181818182,4.4,4.4,4.4,3.77,False,0.7693424173292671,2.0521554852449224,True,True,True,1.0,True,6.796440736853117,894.6572972561248,N/A,new_parameter_combo,Q2_provisional,requires_pilot_and_Q3_k100_confirmation
5.4,37.0,3.5,0.37,False,3.5,11.482539682539683,5.4,5.115,3.5,3.4999999999999996,False,0.5338390990490199,1.769116476400951,True,True,True,1.0,True,6.7890104131719164,888.0343397835733,N/A,new_parameter_combo,Q2_provisional,requires_pilot_and_Q3_k100_confirmation
5.6,31.0,3.6,0.31,False,3.6,11.488095238095239,5.599999999999999,4.699999999999999,3.6,3.6000000000000005,False,0.5571355310873649,1.9291394641083395,True,True,True,1.0,True,6.750545780603799,854.5250184583913,N/A,new_parameter_combo,Q2_provisional,requires_pilot_and_Q3_k100_confirmation
5.4,13.0,4.0,0.13,False,4.0,11.494444444444445,4.91,4.0,4.0,4.0,False,0.7859110954809075,2.3201279399630494,True,True,True,0.996,True,6.564841504379988,709.6994030354224,N/A,new_parameter_combo,Q2_provisional,requires_pilot_and_Q3_k100_confirmation
4.4,37.0,4.0,0.37,False,4.0,11.495454545454546,4.4,4.34,4.0,4.0,False,0.7810249675906653,2.085996030844059,True,True,True,1.0,True,6.622221452822087,751.6129165695222,N/A,new_parameter_combo,Q2_provisional,requires_pilot_and_Q3_k100_confirmation
4.65,24.0,4.0,0.24,False,4.0,11.496774193548388,4.65,4.13,4.0,4.0,False,0.7433297131825147,2.2276322294083584,True,True,True,1.0,True,6.607802057637407,740.8528759724386,N/A,new_parameter_combo,Q2_provisional,requires_pilot_and_Q3_k100_confirmation
6.0,31.0,3.5,0.31,False,3.5,11.5,6.000000000000001,4.875,3.5,3.4999999999999996,False,0.548720217917128,1.9425403210479,True,True,True,0.999,True,6.7384023242478746,844.2108825674807,N/A,new_parameter_combo,Q2_provisional,requires_pilot_and_Q3_k100_confirmation
4.0,50.0,4.5,0.5,False,4.5,11.5,4.0,4.0,4.25,4.5,False,0.8878304932214696,2.692207148692298,True,True,True,0.988,True,6.080369531661546,437.1907206855013,N/A,new_parameter_combo,Q2_provisional,requires_pilot_and_Q3_k100_confirmation
4.0,60.0,4.8,0.6,False,4.8,11.5,4.0,4.0,4.0,4.8,False,0.8579805430456441,2.661015728176115,True,True,True,0.962,True,5.8211734187269295,337.3676950293693,N/A,new_parameter_combo,Q2_provisional,requires_pilot_and_Q3_k100_confirmation
4.8,60.0,3.0,0.6,False,3.0,11.500000000000002,4.8,4.8,4.8,3.0,False,0.5200078492343227,1.746907659496301,True,True,True,1.0,True,6.467825465930504,644.0816256205403,N/A,new_parameter_combo,Q2_provisional,requires_pilot_and_Q3_k100_confirmation
4.9,58.0,3.0,0.58,False,3.0,11.50204081632653,4.9,4.9,4.71,3.0,False,0.4810470351223462,1.7213264402170245,True,True,True,1.0,True,6.456608544484541,636.8973805039759,N/A,new_parameter_combo,Q2_provisional,requires_pilot_and_Q3_k100_confirmation
4.4,60.0,3.6,0.6,False,3.6,11.515151515151516,4.4,4.4,4.4,3.6000000000000005,False,0.7010211211118381,2.0616997664096735,True,True,True,1.0,True,6.58045521119235,720.8674014817739,N/A,new_parameter_combo,Q2_provisional,requires_pilot_and_Q3_k100_confirmation
4.8,19.0,4.0,0.19,False,4.0,11.525000000000002,4.76,4.0,4.0,4.0,False,0.776546843403539,2.359779229524548,True,True,True,0.992,True,6.606990024843934,740.2515233340854,N/A,new_parameter_combo,Q2_provisional,requires_pilot_and_Q3_k100_confirmation
4.0,27.0,4.25,0.27,False,4.25,11.53235294117647,4.0,4.1625,4.25,4.25,False,0.8271231184420038,2.585398083090906,True,True,True,0.906,True,6.425315127589595,617.2753073764077,N/A,new_parameter_combo,Q2_provisional,requires_pilot_and_Q3_k100_confirmation
6.0,27.0,3.6,0.27,False,3.6,11.533333333333335,6.000000000000001,4.44,3.6,3.6000000000000005,False,0.6069260116962112,2.1620517499099754,True,True,True,0.98,True,6.70113882772218,813.3315424591126,N/A,new_parameter_combo,Q2_provisional,requires_pilot_and_Q3_k100_confirmation
4.65,22.0,4.0,0.22,False,4.0,11.538709677419355,4.65,4.065,4.0,4.0,False,0.7755763368855025,2.3104426850902575,True,True,True,0.992,True,6.612672079779901,744.4696456085848,N/A,new_parameter_combo,Q2_provisional,requires_pilot_and_Q3_k100_confirmation
4.4,70.0,3.0,0.7,False,3.0,11.545454545454545,4.4,4.4,4.4,3.6999999999999997,False,0.7634842259439979,2.076975641301136,True,True,True,1.0,True,6.749211754162025,853.3858195183103,N/A,new_parameter_combo,Q2_provisional,requires_pilot_and_Q3_k100_confirmation
5.6,30.0,3.6,0.3,False,3.6,11.547619047619047,5.599999999999999,4.6,3.6,3.6000000000000005,False,0.577681855808725,2.0616831122218953,True,True,True,1.0,True,6.750132352685343,854.1718069775159,N/A,new_parameter_combo,Q2_provisional,requires_pilot_and_Q3_k100_confirmation
5.2,13.0,4.0,0.13,False,4.0,11.55,4.78,4.0,4.0,4.0,False,0.7827541642384618,2.35329963555092,True,True,True,0.952,True,6.596753793692985,732.7127875781691,N/A,new_parameter_combo,Q2_provisional,requires_pilot_and_Q3_k100_confirmation
5.4,50.0,3.0,0.5,False,3.0,11.555555555555555,5.4,5.4,4.2,3.0,True,0.4714420993730029,1.5925588627473892,True,True,True,1.0,True,6.521319678351212,679.4744816936051,N/A,existing_parameter_combo,Q2_provisional,requires_pilot_and_Q3_k100_confirmation
4.0,30.0,4.25,0.3,False,4.25,11.558823529411764,4.0,4.125,4.25,4.25,False,0.8015609770940703,2.6340137468665357,True,True,True,0.899,True,6.431783174042648,621.2808126716078,N/A,new_parameter_combo,Q2_provisional,requires_pilot_and_Q3_k100_confirmation
4.9,40.0,3.6,0.4,False,3.6,11.564625850340136,4.9,4.9,3.6,3.6000000000000005,False,0.6512962937441744,1.843315866584922,True,True,True,1.0,True,6.820990966495807,916.8931704407272,N/A,new_parameter_combo,Q2_provisional,requires_pilot_and_Q3_k100_confirmation
4.0,31.0,4.25,0.31,False,4.25,11.56764705882353,4.0,4.1125,4.25,4.25,False,0.7949136777676187,2.651095141170389,True,True,True,0.891,True,6.432196601961104,621.5377206075647,N/A,new_parameter_combo,Q2_provisional,requires_pilot_and_Q3_k100_confirmation
6.0,30.0,3.5,0.3,False,3.5,11.57142857142857,6.000000000000001,4.749999999999999,3.5,3.4999999999999996,False,0.5770013970909411,2.072785250369685,True,True,True,0.999,True,6.737988896329418,843.8619343569991,N/A,new_parameter_combo,Q2_provisional,requires_pilot_and_Q3_k100_confirmation
4.4,58.0,3.6,0.58,False,3.6,11.575757575757578,4.4,4.4,4.32,3.6000000000000005,False,0.7483328409313111,2.067556542681198,True,True,True,1.0,True,6.585651411516235,724.6229216743793,N/A,new_parameter_combo,Q2_provisional,requires_pilot_and_Q3_k100_confirmation
4.4,31.0,4.0,0.31,False,4.0,11.577272727272728,4.4,4.22,4.0,4.0,False,0.8015609770940696,2.2342556487743668,True,True,True,0.996,True,6.6417913116979745,766.4667448818687,N/A,new_parameter_combo,Q2_provisional,requires_pilot_and_Q3_k100_confirmation
5.2,38.0,3.5,0.38,False,3.5,11.584615384615386,5.2,5.029999999999999,3.5,3.4999999999999996,False,0.5555581859348161,1.8947922824773364,True,True,True,1.0,True,6.813985988274494,910.4927971602605,N/A,new_parameter_combo,Q2_provisional,requires_pilot_and_Q3_k100_confirmation
4.4,30.0,4.0,0.3,False,4.0,11.59090909090909,4.4,4.2,4.0,4.0,False,0.809163084896477,2.2645941400108325,True,True,True,0.996,True,6.641377883779518,766.1499316252015,N/A,new_parameter_combo,Q2_provisional,requires_pilot_and_Q3_k100_confirmation
4.65,50.0,3.5,0.5,False,3.5,11.594470046082948,4.65,4.65,4.075,3.4999999999999996,False,0.6162195732853674,1.6159010898186608,True,True,True,1.0,True,6.740864768281019,846.2922662116142,N/A,new_parameter_combo,Q2_provisional,requires_pilot_and_Q3_k100_confirmation
4.4,69.0,3.0,0.69,False,3.0,11.609090909090911,4.4,4.4,4.4,3.63,False,0.7610358140088299,2.1072968555636056,True,True,True,0.995,True,6.7063155612842404,817.5528600431476,N/A,new_parameter_combo,Q2_provisional,requires_pilot_and_Q3_k100_confirmation
4.4,60.0,3.5,0.6,False,3.5,11.61038961038961,4.4,4.4,4.4,3.4999999999999996,False,0.7237255688308878,2.109365008296825,True,True,True,0.989,True,6.610837233346535,743.1049105570951,N/A,new_parameter_combo,Q2_provisional,requires_pilot_and_Q3_k100_confirmation
5.4,31.0,3.6,0.31,False,3.6,11.611111111111112,5.4,4.590000000000001,3.6,3.6000000000000005,False,0.5709859893202285,1.8892111888882182,True,True,True,0.996,True,6.778198249893618,878.4844878180462,N/A,new_parameter_combo,Q2_provisional,requires_pilot_and_Q3_k100_confirmation
5.2,37.0,3.5,0.37,False,3.5,11.64065934065934,5.2,4.944999999999999,3.5,3.4999999999999996,False,0.5599858781018228,1.9703687224843112,True,True,True,0.999,True,6.820922702484912,916.8305817716521,N/A,new_parameter_combo,Q2_provisional,requires_pilot_and_Q3_k100_confirmation
4.8,58.0,3.0,0.58,False,3.0,11.650000000000002,4.8,4.8,4.619999999999999,3.0,False,0.5385164807134505,1.8388318379294308,True,True,True,0.991,True,6.47302166625439,647.4371131148179,N/A,new_parameter_combo,Q2_provisional,requires_pilot_and_Q3_k100_confirmation
4.9,38.0,3.6,0.38,False,3.6,11.653061224489797,4.9,4.7700000000000005,3.6,3.6000000000000005,False,0.6812392107365061,1.6589605654706356,True,True,True,0.998,True,6.838014455829018,932.635506114625,N/A,new_parameter_combo,Q2_provisional,requires_pilot_and_Q3_k100_confirmation
5.4,30.0,3.6,0.3,False,3.6,11.666666666666666,5.4,4.5,3.6,3.6000000000000005,False,0.5816097471322018,1.8275757001816666,True,True,True,0.954,True,6.777784821975162,878.121372870952,N/A,new_parameter_combo,Q2_provisional,requires_pilot_and_Q3_k100_confirmation
4.4,55.0,3.6,0.55,False,3.6,11.666666666666666,4.4,4.4,4.2,3.6000000000000005,False,0.7578248276401053,2.0881428401799162,True,True,True,0.974,True,6.625941635601868,754.4142615256103,N/A,new_parameter_combo,Q2_provisional,requires_pilot_and_Q3_k100_confirmation
4.8,40.0,3.6,0.4,False,3.6,11.666666666666668,4.8,4.8,3.6,3.6000000000000005,False,0.683487828893023,1.6518384859198487,True,True,True,0.982,True,6.837404088265655,932.0664293439196,N/A,new_parameter_combo,Q2_provisional,requires_pilot_and_Q3_k100_confirmation
4.9,37.0,3.6,0.37,False,3.6,11.697278911564625,4.9,4.705,3.6,3.6000000000000005,False,0.6928226243242278,1.6687750962981782,True,True,True,0.954,True,6.844951170039437,939.127422335298,N/A,new_parameter_combo,Q2_provisional,requires_pilot_and_Q3_k100_confirmation
5.6,31.0,3.5,0.31,False,3.5,11.721428571428572,5.599999999999999,4.654999999999999,3.5,3.4999999999999996,False,0.5627778225472467,2.0962623726419554,True,True,True,0.954,True,6.780927802757984,880.8856332039006,N/A,new_parameter_combo,Q2_provisional,requires_pilot_and_Q3_k100_confirmation
4.9,55.0,3.0,0.55,False,3.0,11.73469387755102,4.9,4.9,4.425000000000001,3.0,False,0.530405240724255,1.9195739067975526,True,True,True,0.954,True,6.4968987685701745,663.0820701479491,N/A,new_parameter_combo,Q2_provisional,requires_pilot_and_Q3_k100_confirmation
5.2,31.0,3.6,0.31,False,3.6,11.743589743589745,5.2,4.48,3.6,3.6000000000000005,False,0.6106553856308811,1.7884007944915015,True,True,True,0.823,True,6.810110539206614,906.9710572677673,N/A,new_parameter_combo,Q2_provisional,requires_pilot_and_Q3_k100_confirmation
4.8,38.0,3.6,0.38,False,3.6,11.750000000000002,4.8,4.68,3.6,3.6000000000000005,False,0.7213875518748575,1.685816939088976,True,True,True,0.9,True,6.854427577598866,948.0692779571887,N/A,new_parameter_combo,Q2_provisional,requires_pilot_and_Q3_k100_confirmation
4.9,40.0,3.5,0.4,False,3.5,11.755102040816327,4.9,4.9,3.5,3.4999999999999996,False,0.6752007449035929,1.894922634970266,True,True,True,0.954,True,6.851372988649992,945.1777345046096,N/A,new_parameter_combo,Q2_provisional,requires_pilot_and_Q3_k100_confirmation
5.2,50.0,3.0,0.5,False,3.0,11.76923076923077,5.2,5.2,4.1000000000000005,3.0,False,0.5,1.9021247465044078,True,True,True,0.954,True,6.553231967664208,701.5077643303351,N/A,new_parameter_combo,Q2_provisional,requires_pilot_and_Q3_k100_confirmation
7.0,37.0,3.0,0.37,False,3.0,11.771428571428572,7.0,6.3999999999999995,3.0,3.0,False,0.7270379520172724,2.21889631798471,True,True,True,0.823,True,6.59145375313878,728.839653040977,N/A,new_parameter_combo,Q2_provisional,requires_pilot_and_Q3_k100_confirmation
5.6,30.0,3.5,0.3,False,3.5,11.785714285714285,5.599999999999999,4.549999999999999,3.5,3.4999999999999996,False,0.5903859858134319,2.1309610046790715,True,True,True,0.954,True,6.780514374839528,880.5215257614444,N/A,new_parameter_combo,Q2_provisional,requires_pilot_and_Q3_k100_confirmation
5.2,30.0,3.6,0.3,False,3.6,11.794871794871794,5.2,4.4,3.6,3.6000000000000005,False,0.6206004334184627,1.8388083280961967,True,True,True,0.823,True,6.809697111288159,906.5961676117266,N/A,new_parameter_combo,Q2_provisional,requires_pilot_and_Q3_k100_confirmation
5.4,31.0,3.5,0.31,False,3.5,11.844444444444445,5.4,4.545,3.5,3.4999999999999996,False,0.6055967709454798,2.068262420273687,True,True,True,0.9,True,6.808580272047803,905.5842106383972,N/A,new_parameter_combo,Q2_provisional,requires_pilot_and_Q3_k100_confirmation
4.9,38.0,3.5,0.38,False,3.5,11.853061224489796,4.9,4.76,3.5,3.4999999999999996,False,0.70651135222042,1.9263041377475068,True,True,True,0.9,True,6.868396477983203,961.4056939308028,N/A,new_parameter_combo,Q2_provisional,requires_pilot_and_Q3_k100_confirmation
4.8,40.0,3.5,0.4,False,3.5,11.857142857142858,4.8,4.8,3.5,3.4999999999999996,False,0.69784654181157,1.9221880872092374,True,True,True,0.814,True,6.867786110419839,960.8190621287184,N/A,new_parameter_combo,Q2_provisional,requires_pilot_and_Q3_k100_confirmation
4.8,55.0,3.0,0.55,False,3.0,11.875000000000002,4.8,4.8,4.3500000000000005,3.0,False,0.5758755534498964,1.97126963272238,True,True,True,0.814,True,6.513311890340022,674.0551215881551,N/A,new_parameter_combo,Q2_provisional,requires_pilot_and_Q3_k100_confirmation
4.65,58.0,3.0,0.58,False,3.0,11.883870967741935,4.65,4.65,4.485,3.0,False,0.6265293788003877,2.019218055082846,True,True,True,0.814,True,6.49421898902912,661.3075351255941,N/A,new_parameter_combo,Q2_provisional,requires_pilot_and_Q3_k100_confirmation
4.9,37.0,3.5,0.37,False,3.5,11.90204081632653,4.9,4.69,3.5,3.4999999999999996,False,0.7204555850293617,1.9544675235342157,True,True,True,0.814,True,6.875333192193621,968.0978745074126,N/A,new_parameter_combo,Q2_provisional,requires_pilot_and_Q3_k100_confirmation
6.0,40.0,3.0,0.4,False,3.0,12.0,6.000000000000001,6.000000000000001,3.0,3.0,True,0.5585988301645687,2.0306013362582975,True,True,True,0.832,True,6.5992603954648335,734.5517105106719,N/A,existing_parameter_combo,Q2_provisional,requires_pilot_and_Q3_k100_confirmation
4.65,55.0,3.0,0.55,False,3.0,12.096774193548386,4.65,4.65,4.237500000000001,3.0,False,0.6589170779098262,2.1544605473302054,True,True,True,0.826,True,6.534509213114753,688.4957966831819,N/A,new_parameter_combo,Q2_provisional,requires_pilot_and_Q3_k100_confirmation
4.9,50.0,3.0,0.5,False,3.0,12.122448979591837,4.9,4.9,3.9499999999999997,3.0,False,0.6286145480340077,2.1985315511834975,True,True,True,0.814,True,6.607642457372917,740.7346450925756,N/A,new_parameter_combo,Q2_provisional,requires_pilot_and_Q3_k100_confirmation
