C1,Q1_percent,C2,q,single_stage_0_80,C2_effective,tau_0_80_min,E0_20,E20_40,E40_60,E60_80,observed_train_parameter_combo,d5_raw,d5_soc,passes_raw_5nn,passes_soc_5nn,passes_double_5nn,support_bootstrap_rate,passes_support_bootstrap,q2b_pred_log_life,q2b_pred_cycle_life,model_disagreement_log,candidate_type,status,status_reason
1.0,2.0,3.0,0.02,False,3.0,16.8,2.8000000000000003,3.0000000000000004,3.0,3.0,False,2.7332630756691407,9.287747237852885,False,False,False,0.0,False,6.28758251166261,537.851506404104,N/A,new_parameter_combo,rejected,no_support
1.0,2.0,3.5,0.02,False,3.5,14.571428571428571,3.2500000000000004,3.5,3.5,3.4999999999999996,False,2.5200648882154466,5.987124720882957,False,False,False,0.0,False,6.383194378026133,591.8151727984216,N/A,new_parameter_combo,rejected,no_support
1.0,2.0,3.6,0.02,False,3.6,14.2,3.3400000000000007,3.6,3.6,3.6000000000000005,False,2.4829673861765342,5.444609254414776,False,False,False,0.0,False,6.352812355871948,574.1050283907477,N/A,new_parameter_combo,rejected,no_support
1.0,2.0,4.0,0.02,False,4.0,12.9,3.7,4.0,4.0,4.0,False,2.355998098644464,3.6261830816457783,False,False,False,0.0,False,6.066269615832244,431.0696232118005,N/A,new_parameter_combo,rejected,no_support
1.0,2.0,4.25,0.02,False,4.25,12.211764705882352,3.9250000000000007,4.25,4.25,4.25,False,2.289241140640278,2.8068148683918848,False,True,False,0.0,False,5.838479142685881,343.2568987208003,N/A,new_parameter_combo,rejected,no_support
1.0,2.0,4.4,0.02,False,4.4,11.836363636363636,4.0600000000000005,4.4,4.4,4.4,False,2.217887508418766,2.524266303663458,False,True,False,0.0,False,5.734258681284403,309.2836080272101,N/A,new_parameter_combo,rejected,no_support
1.0,2.0,4.5,0.02,False,4.5,11.6,4.15,4.5,4.5,4.5,False,2.17269993326276,2.3189632405880403,False,True,False,0.0,False,5.678300799719391,292.4520728433337,N/A,new_parameter_combo,rejected,no_support
1.0,2.0,4.75,0.02,False,4.75,11.052631578947368,4.375,4.75,4.75,4.75,False,2.068967133620059,1.6406749279153623,False,True,False,0.0,False,5.585734586932774,266.59604880084504,N/A,new_parameter_combo,rejected,no_support
1.0,2.0,4.8,0.02,False,4.8,10.95,4.42,4.8,4.8,4.8,False,2.0499329257319623,1.4771412696733568,False,True,False,0.0,False,5.575334799997035,263.83787377101464,N/A,new_parameter_combo,rejected,no_support
1.0,2.0,4.85,0.02,False,4.85,10.849484536082475,4.465,4.85,4.85,4.85,False,2.031508060530404,1.322937599197065,False,True,False,0.0,False,5.567639498268491,261.81535365692827,N/A,new_parameter_combo,rejected,no_support
1.0,2.0,5.0,0.02,False,5.0,10.559999999999999,4.6000000000000005,5.0,5.0,5.000000000000001,False,1.9800568173666133,0.9452485861119346,False,True,False,0.0,False,5.560780504326028,260.02570833164316,N/A,new_parameter_combo,rejected,no_support
1.0,2.0,5.4,0.02,False,5.4,9.866666666666665,4.960000000000001,5.4,5.4,5.4,False,1.9279005446869097,1.1078909112030466,False,True,False,0.0,False,5.600406003802095,270.53622386719235,N/A,new_parameter_combo,rejected,no_support
1.0,2.0,5.5,0.02,False,5.5,9.709090909090909,5.05,5.5,5.499999999999999,5.5,False,1.9427816424405713,1.2840283473333163,False,True,False,0.0,False,5.618269356015787,275.4123298572276,N/A,new_parameter_combo,rejected,no_support
1.0,2.0,6.0,0.02,False,6.0,9.0,5.5,6.000000000000001,6.0,6.0,False,2.062619817175255,2.5088804766370556,False,True,False,0.0,False,5.7553279811523055,315.86912965790583,N/A,new_parameter_combo,rejected,no_support
1.0,4.0,3.0,0.04,False,3.0,17.6,2.6,3.0000000000000004,3.0,3.0,False,2.7206902823079484,10.428340122707155,False,False,False,0.0,False,6.238924571519995,512.3072647599987,N/A,new_parameter_combo,rejected,no_support
1.0,4.0,3.5,0.04,False,3.5,15.428571428571427,3.0000000000000004,3.5,3.5,3.4999999999999996,False,2.506422871792568,7.138796214700024,False,False,False,0.0,False,6.334536437883518,563.7080287212743,N/A,new_parameter_combo,rejected,no_support
1.0,4.0,3.6,0.04,False,3.6,15.066666666666666,3.0800000000000005,3.6,3.6,3.6000000000000005,False,2.469120412666199,6.639201278262173,False,False,False,0.0,False,6.304154415729333,546.8389941792699,N/A,new_parameter_combo,rejected,no_support
1.0,4.0,4.0,0.04,False,4.0,13.8,3.4,4.0,4.0,4.0,False,2.3414003528326597,4.788703389703801,False,False,False,0.0,False,6.017611675689629,410.5967854682124,N/A,new_parameter_combo,rejected,no_support
1.0,4.0,4.25,0.04,False,4.25,13.129411764705884,3.6,4.25,4.25,4.25,False,2.2699034637389053,3.8747056254597196,False,False,False,0.0,False,5.7898212025432665,326.9545605056453,N/A,new_parameter_combo,rejected,no_support
1.0,4.0,4.4,0.04,False,4.4,12.763636363636362,3.72,4.4,4.4,4.4,False,2.197922140271097,3.4238305913891187,False,False,False,0.0,False,5.685600741141788,294.5947671000417,N/A,new_parameter_combo,rejected,no_support
1.0,4.0,4.5,0.04,False,4.5,12.533333333333335,3.8,4.5,4.5,4.5,False,2.1523154356863867,3.1691432058957556,False,False,False,0.0,False,5.6296428595767765,278.5626138958732,N/A,new_parameter_combo,rejected,no_support
1.0,4.0,4.75,0.04,False,4.75,12.0,4.0,4.75,4.75,4.75,False,2.0475501787975503,2.718575001181762,False,True,False,0.0,False,5.537076646790159,253.93457289002748,N/A,new_parameter_combo,rejected,no_support
1.0,4.0,4.8,0.04,False,4.8,11.900000000000002,4.04,4.8,4.8,4.8,False,2.028314998883033,2.6637372806593205,False,True,False,0.0,False,5.526676859854421,251.30739217483588,N/A,new_parameter_combo,rejected,no_support
1.0,4.0,4.85,0.04,False,4.85,11.802061855670106,4.079999999999999,4.85,4.85,4.85,False,2.009691950198806,2.6213285460777365,False,True,False,0.0,False,5.518981558125876,249.38092783433947,N/A,new_parameter_combo,rejected,no_support
1.0,4.0,5.0,0.04,False,5.0,11.52,4.2,5.0,5.0,5.000000000000001,False,1.9576674218809178,2.293709095141507,False,True,False,0.0,False,5.5121225641834135,247.67627833429978,N/A,new_parameter_combo,rejected,no_support
1.0,4.0,5.4,0.04,False,5.4,10.844444444444443,4.5200000000000005,5.4,5.4,5.4,False,1.919413308534562,1.6537883788755126,False,True,False,0.0,False,5.55174806365948,257.6876167820331,N/A,new_parameter_combo,rejected,no_support
1.0,4.0,5.5,0.04,False,5.5,10.690909090909091,4.6,5.5,5.499999999999999,5.5,False,1.9343596999988377,1.5352918834884466,False,True,False,0.0,False,5.569611415873173,262.3321413258726,N/A,new_parameter_combo,rejected,no_support
1.0,4.0,6.0,0.04,False,6.0,10.000000000000002,5.0,6.000000000000001,6.0,6.0,True,2.0546891368232796,2.008908162125078,False,True,False,0.0,False,5.706670041009691,300.8675218166654,N/A,existing_parameter_combo,rejected,no_support
1.0,13.0,3.0,0.13,False,3.0,21.200000000000003,1.7,3.0000000000000004,3.0,3.0,False,2.5897388766011904,15.70014128315872,False,False,False,0.0,False,6.0741513894033785,434.4806411525242,N/A,new_parameter_combo,rejected,no_support
1.0,13.0,3.5,0.13,False,3.5,19.28571428571429,1.875,3.5,3.5,3.4999999999999996,False,2.460569143552785,12.827147171998469,False,False,False,0.0,False,6.169763255766902,478.07291168588665,N/A,new_parameter_combo,rejected,no_support
1.0,13.0,3.6,0.13,False,3.6,18.96666666666667,1.9100000000000001,3.6,3.6,3.6000000000000005,False,2.4225607340589184,12.349463262203981,False,False,False,0.0,False,6.139381233612717,463.7665189259324,N/A,new_parameter_combo,rejected,no_support
1.0,13.0,4.0,0.13,False,4.0,17.849999999999998,2.05,4.0,4.0,4.0,False,2.292247916392135,10.691671163435206,False,False,False,0.0,False,5.852838493573013,348.22140320217386,N/A,new_parameter_combo,rejected,no_support
1.0,13.0,4.25,0.13,False,4.25,17.258823529411764,2.1375,4.25,4.25,4.25,False,2.199214261354937,9.800673633834213,False,False,False,0.0,False,5.625048020426651,277.28559957623,N/A,new_parameter_combo,rejected,no_support
1.0,13.0,4.4,0.13,False,4.4,16.936363636363637,2.19,4.4,4.4,4.4,False,2.1248396097933937,9.31549460295734,False,False,False,0.0,False,5.520827559025172,249.8417104230739,N/A,new_parameter_combo,rejected,no_support
1.0,13.0,4.5,0.13,False,4.5,16.733333333333334,2.225,4.5,4.5,4.5,False,2.0776292660980062,9.014417908682589,False,False,False,0.0,False,5.464869677460161,236.2450650456836,N/A,new_parameter_combo,rejected,no_support
1.0,13.0,4.75,0.13,False,4.75,16.263157894736842,2.3125,4.75,4.75,4.75,False,1.9688939451750418,8.336401250865947,False,False,False,0.0,False,5.372303464673543,215.35836719344164,N/A,new_parameter_combo,rejected,no_support
1.0,13.0,4.8,0.13,False,4.8,16.175,2.33,4.8,4.8,4.8,False,1.948882594551796,8.213216410864057,False,False,False,0.0,False,5.361903677737804,213.13029189551526,N/A,new_parameter_combo,rejected,no_support
1.0,13.0,4.85,0.13,False,4.85,16.088659793814433,2.3475,4.85,4.85,4.85,False,1.9294930337648126,8.094083053304644,False,False,False,0.0,False,5.35420837600926,211.4964843753184,N/A,new_parameter_combo,rejected,no_support
1.0,13.0,5.0,0.13,False,5.0,15.84,2.4,5.0,5.0,5.000000000000001,False,1.8752448819679366,7.7607084174938095,False,False,False,0.0,False,5.347349382066797,210.05079492552204,N/A,new_parameter_combo,rejected,no_support
1.0,13.0,5.4,0.13,False,5.4,15.244444444444444,2.54,5.4,5.4,5.4,False,1.9021106697561008,7.044394617699427,False,False,False,0.0,False,5.386974881542864,218.54127133835178,N/A,new_parameter_combo,rejected,no_support
1.0,13.0,5.5,0.13,False,5.5,15.10909090909091,2.5749999999999997,5.5,5.499999999999999,5.5,False,1.9171919570037848,6.903946490292191,False,False,False,0.0,False,5.404838233756557,222.4802277820036,N/A,new_parameter_combo,rejected,no_support
1.0,13.0,6.0,0.13,False,6.0,14.500000000000002,2.75,6.000000000000001,6.0,6.0,False,2.02749279673599,6.427931870632572,False,False,False,0.0,False,5.541896858893074,255.1615461516341,N/A,new_parameter_combo,rejected,no_support
1.0,19.0,3.0,0.19,False,3.0,23.6,1.1,3.0000000000000004,3.0,3.0,False,2.5783661374551743,19.27561557055856,False,False,False,0.0,False,6.01356400907577,408.9381855621341,N/A,new_parameter_combo,rejected,no_support
1.0,19.0,3.5,0.19,False,3.5,21.85714285714286,1.125,3.5,3.5,3.4999999999999996,False,2.3842348920373104,16.68639666760262,False,False,False,0.0,False,6.109175875439294,449.96773286062677,N/A,new_parameter_combo,rejected,no_support
1.0,19.0,3.6,0.19,False,3.6,21.566666666666666,1.1300000000000001,3.6,3.6,3.6000000000000005,False,2.382892364419376,16.257793262972847,False,False,False,0.0,False,6.078793853285109,436.5023911559294,N/A,new_parameter_combo,rejected,no_support
1.0,19.0,4.0,0.19,False,4.0,20.55,1.1500000000000001,4.0,4.0,4.0,False,2.2750897044436096,14.774490771015135,False,False,False,0.0,False,5.792251113245404,327.74999691967287,N/A,new_parameter_combo,rejected,no_support
1.0,19.0,4.25,0.19,False,4.25,20.011764705882353,1.1625,4.25,4.25,4.25,False,2.1678100724473266,14.007604606661713,False,False,False,0.0,False,5.564460640099043,260.98440122077966,N/A,new_parameter_combo,rejected,no_support
1.0,19.0,4.4,0.19,False,4.4,19.71818181818182,1.1700000000000002,4.4,4.4,4.4,False,2.0923194092212793,13.598201252965492,False,False,False,0.0,False,5.460240178697564,235.1538965398585,N/A,new_parameter_combo,rejected,no_support
1.0,19.0,4.5,0.19,False,4.5,19.533333333333335,1.175,4.5,4.5,4.5,False,2.044358214747133,13.344702258982768,False,False,False,0.0,False,5.404282297132553,222.35657724937724,N/A,new_parameter_combo,rejected,no_support
1.0,19.0,4.75,0.19,False,4.75,19.105263157894736,1.1875000000000002,4.75,4.75,4.75,False,1.933752959972934,12.742738762083967,False,False,False,0.0,False,5.311716084345935,202.69777657318826,N/A,new_parameter_combo,rejected,no_support
1.0,19.0,4.8,0.19,False,4.8,19.025000000000002,1.1900000000000002,4.8,4.8,4.8,False,1.9133741166337763,12.632046356076026,False,False,False,0.0,False,5.301316297410196,200.60068643077602,N/A,new_parameter_combo,rejected,no_support
1.0,19.0,4.85,0.19,False,4.85,18.946391752577323,1.1925000000000001,4.85,4.85,4.85,False,1.893621004901478,12.524634758916113,False,False,False,0.0,False,5.2936209956816525,199.06292796794858,N/A,new_parameter_combo,rejected,no_support
1.0,19.0,5.0,0.19,False,5.0,18.720000000000002,1.2000000000000002,5.0,5.0,5.000000000000001,False,1.8828204256120769,12.221520259275115,False,False,False,0.0,False,5.28676200173919,197.70222840048842,N/A,new_parameter_combo,rejected,no_support
1.0,19.0,5.4,0.19,False,5.4,18.17777777777778,1.2200000000000002,5.4,5.4,5.4,False,1.9098200844849347,11.544823978171513,False,False,False,0.0,False,5.326387501215256,205.6935626279709,N/A,new_parameter_combo,rejected,no_support
1.0,19.0,5.5,0.19,False,5.5,18.054545454545455,1.225,5.5,5.499999999999999,5.5,False,1.9248409687821075,11.403728697231932,False,False,False,0.0,False,5.3442508534289495,209.40095381760455,N/A,new_parameter_combo,rejected,no_support
1.0,19.0,6.0,0.19,False,6.0,17.5,1.2500000000000002,6.000000000000001,6.0,6.0,False,1.9686607122610036,10.852856780895678,False,False,False,0.0,False,5.481309478565467,240.16098722301354,N/A,new_parameter_combo,rejected,no_support
1.0,22.0,3.0,0.22,False,3.0,24.8,1.0,2.8000000000000003,3.0,3.0,False,2.576941016011039,21.05835474436701,False,False,False,0.0,False,5.998048741237007,402.6423670344684,N/A,new_parameter_combo,rejected,no_support
1.0,22.0,3.5,0.22,False,3.5,23.142857142857142,1.0,3.2500000000000004,3.5,3.4999999999999996,False,2.3223151054453384,18.592098327894863,False,False,False,0.0,False,6.093660607600531,443.04024286479404,N/A,new_parameter_combo,rejected,no_support
1.0,22.0,3.6,0.22,False,3.6,22.866666666666667,1.0,3.3400000000000007,3.6,3.6000000000000005,False,2.320936761090141,18.182958167230964,False,False,False,0.0,False,6.063278585446346,429.7822071803678,N/A,new_parameter_combo,rejected,no_support
1.0,22.0,4.0,0.22,False,4.0,21.9,1.0,3.7,4.0,4.0,False,2.271319067441308,16.76247065548946,False,False,False,0.0,False,5.776735845406641,322.70411327294806,N/A,new_parameter_combo,rejected,no_support
1.0,22.0,4.25,0.22,False,4.25,21.388235294117646,1.0,3.9250000000000007,4.25,4.25,False,2.157051204297011,16.023168216265216,False,False,False,0.0,False,5.548945372260279,256.96640904824903,N/A,new_parameter_combo,rejected,no_support
1.0,22.0,4.4,0.22,False,4.4,21.10909090909091,1.0,4.0600000000000005,4.4,4.4,False,2.0811703193057474,15.62608541029741,False,False,False,0.0,False,5.444724910858801,231.5335785774913,N/A,new_parameter_combo,rejected,no_support
1.0,22.0,4.5,0.22,False,4.5,20.933333333333334,1.0,4.15,4.5,4.5,False,2.0329461129009756,15.379034329954232,False,False,False,0.0,False,5.388767029293789,218.93328075073742,N/A,new_parameter_combo,rejected,no_support
1.0,22.0,4.75,0.22,False,4.75,20.526315789473685,1.0,4.375,4.75,4.75,False,1.92168413064145,14.818307759747437,False,False,False,0.0,False,5.296200816507172,199.5771376543455,N/A,new_parameter_combo,rejected,no_support
1.0,22.0,4.8,0.22,False,4.8,20.45,1.0,4.42,4.8,4.8,False,1.9011759250419689,14.71532256468681,False,False,False,0.0,False,5.285801029571433,197.51233331805,N/A,new_parameter_combo,rejected,no_support
1.0,22.0,4.85,0.22,False,4.85,20.37525773195876,1.0,4.465,4.85,4.85,False,1.8963510880054868,14.615234748093625,False,False,False,0.0,False,5.278105727842889,195.99824945584228,N/A,new_parameter_combo,rejected,no_support
1.0,22.0,5.0,0.22,False,5.0,20.16,1.0,4.6000000000000005,5.0,5.000000000000001,False,1.892550514247795,14.320848213233807,False,False,False,0.0,False,5.271246733900426,194.65849857414898,N/A,new_parameter_combo,rejected,no_support
1.0,22.0,5.4,0.22,False,5.4,19.644444444444446,1.0,4.960000000000001,5.4,5.4,False,1.919413308534562,13.633330927895505,False,False,False,0.0,False,5.310872233376493,202.52680200659577,N/A,new_parameter_combo,rejected,no_support
1.0,22.0,5.5,0.22,False,5.5,19.527272727272727,1.0,5.05,5.499999999999999,5.5,False,1.9343596999988377,13.485629237169672,False,False,False,0.0,False,5.328735585590186,206.17711595823826,N/A,new_parameter_combo,rejected,no_support
1.0,22.0,6.0,0.22,False,6.0,19.0,1.0,5.5,6.0,6.0,False,1.944251731622829,12.877919777594762,False,False,False,0.0,False,5.4657942107267035,236.46358246512156,N/A,new_parameter_combo,rejected,no_support
1.0,24.0,3.0,0.24,False,3.0,25.599999999999998,1.0,2.6,3.0,3.0,False,2.5775745005959485,22.24806291763093,False,False,False,0.0,False,5.993178719094513,400.6862568076695,N/A,new_parameter_combo,rejected,no_support
1.0,24.0,3.5,0.24,False,3.5,24.0,1.0,3.0000000000000004,3.5,3.4999999999999996,False,2.281890663463086,19.861589376494234,False,False,False,0.0,False,6.088790585458037,440.88787237200614,N/A,new_parameter_combo,rejected,no_support
1.0,24.0,3.6,0.24,False,3.6,23.733333333333334,1.0,3.0800000000000005,3.6,3.6000000000000005,False,2.2804878863962426,19.46487825060923,False,False,False,0.0,False,6.058408563303852,427.69424664865875,N/A,new_parameter_combo,rejected,no_support
1.0,24.0,4.0,0.24,False,4.0,22.8,1.0,3.400000000000001,4.0,4.0,False,2.2706001409319088,18.08391562180299,False,False,False,0.0,False,5.7718658232641475,321.1363576965727,N/A,new_parameter_combo,rejected,no_support
1.0,24.0,4.25,0.24,False,4.25,22.305882352941175,1.0,3.600000000000001,4.25,4.25,False,2.151746443032274,17.361556841223976,False,False,False,0.0,False,5.544075350117785,255.71801925662007,N/A,new_parameter_combo,rejected,no_support
1.0,24.0,4.4,0.24,False,4.4,22.03636363636364,1.0,3.720000000000001,4.4,4.4,False,2.0756716395186507,16.97190073479091,False,False,False,0.0,False,5.439854888716306,230.40874612570892,N/A,new_parameter_combo,rejected,no_support
1.0,24.0,4.5,0.24,False,4.5,21.866666666666667,1.0,3.800000000000001,4.5,4.5,False,2.0273166390828155,16.728677040265694,False,False,False,0.0,False,5.383897007151296,217.86966284927976,N/A,new_parameter_combo,rejected,no_support
1.0,24.0,4.75,0.24,False,4.75,21.473684210526315,1.0,4.0,4.75,4.75,False,1.9157277351184439,16.173619505069475,False,False,False,0.0,False,5.2913307943646775,198.60755543457987,N/A,new_parameter_combo,rejected,no_support
1.0,24.0,4.8,0.24,False,4.8,21.400000000000002,1.0,4.04,4.8,4.8,False,1.9078785365436877,16.07110229831123,False,False,False,0.0,False,5.280931007428938,196.5527822952205,N/A,new_parameter_combo,rejected,no_support
1.0,24.0,4.85,0.24,False,4.85,21.327835051546394,1.0,4.08,4.85,4.85,False,1.904941077882485,15.971260974899755,False,False,False,0.0,False,5.273235705700395,195.04605412920768,N/A,new_parameter_combo,rejected,no_support
1.0,24.0,5.0,0.24,False,5.0,21.119999999999997,1.0,4.2,5.0,5.000000000000001,False,1.9011576763130624,15.687196406298696,False,False,False,0.0,False,5.266376711757932,193.7128120022198,N/A,new_parameter_combo,rejected,no_support
1.0,24.0,5.4,0.24,False,5.4,20.62222222222222,1.0,4.5200000000000005,5.4,5.4,False,1.9279005446869097,15.017853824344918,False,False,False,0.0,False,5.306002211233999,201.54288977817365,N/A,new_parameter_combo,rejected,no_support
1.0,24.0,5.5,0.24,False,5.5,20.509090909090908,1.0,4.6000000000000005,5.499999999999999,5.5,False,1.9427816424405713,14.866170896629967,False,False,False,0.0,False,5.323865563447692,205.17546983731887,N/A,new_parameter_combo,rejected,no_support
1.0,24.0,6.0,0.24,False,6.0,20.0,1.0,5.000000000000001,6.0,6.0,False,1.9299234678703547,14.22488771346334,False,False,False,0.0,False,5.460924188584209,235.31479915319053,N/A,new_parameter_combo,rejected,no_support
1.0,27.0,3.0,0.27,False,3.0,26.8,1.0,2.3,3.0,3.0,False,2.539426357366915,24.040930014790337,False,False,False,0.0,False,5.994083920505795,401.04912278143144,N/A,new_parameter_combo,rejected,no_support
1.0,27.0,3.5,0.27,False,3.5,25.28571428571429,1.0,2.625,3.5,3.4999999999999996,False,2.2849580222107604,21.780718070560493,False,False,False,0.0,False,6.089695786869319,441.28714538027623,N/A,new_parameter_combo,rejected,no_support
1.0,27.0,3.6,0.27,False,3.6,25.033333333333335,1.0,2.69,3.6,3.6000000000000005,False,2.2296710885835402,21.404362463620725,False,False,False,0.0,False,6.059313764715134,428.08157136131337,N/A,new_parameter_combo,rejected,no_support
1.0,27.0,4.0,0.27,False,4.0,24.150000000000002,1.0,2.95,4.0,4.0,False,2.244122595690752,20.09119732958126,False,False,False,0.0,False,5.772771024675429,321.427182388376,N/A,new_parameter_combo,rejected,no_support
1.0,27.0,4.25,0.27,False,4.25,23.68235294117647,1.0,3.1125000000000003,4.25,4.25,False,2.146618722264276,19.401149984625107,False,False,False,0.0,False,5.5449805515290675,255.94960036650238,N/A,new_parameter_combo,rejected,no_support
1.0,27.0,4.4,0.27,False,4.4,23.42727272727273,1.0,3.2100000000000004,4.4,4.4,False,2.070355510238643,19.02744361428439,False,False,False,0.0,False,5.440760090127588,230.61740687362746,N/A,new_parameter_combo,rejected,no_support
1.0,27.0,4.5,0.27,False,4.5,23.266666666666666,1.0,3.275,4.5,4.5,False,2.0218733735759797,18.79347024837642,False,False,False,0.0,False,5.3848022085625775,218.0669680625727,N/A,new_parameter_combo,rejected,no_support
1.0,27.0,4.75,0.27,False,4.75,22.894736842105264,1.0,3.4375,4.75,4.75,False,1.9275956526201241,18.25682386636047,False,False,False,0.0,False,5.292235995775959,198.78741666708984,N/A,new_parameter_combo,rejected,no_support
1.0,27.0,4.8,0.27,False,4.8,22.825,1.0,3.4699999999999998,4.8,4.8,False,1.923856803402998,18.15719416944365,False,False,False,0.0,False,5.281836208840221,196.73078270210112,N/A,new_parameter_combo,rejected,no_support
1.0,27.0,4.85,0.27,False,4.85,22.756701030927836,1.0,3.5024999999999995,4.85,4.85,False,1.920943778458912,18.05997868045576,False,False,False,0.0,False,5.2741409071116765,195.22269002614087,N/A,new_parameter_combo,rejected,no_support
1.0,27.0,5.0,0.27,False,5.0,22.56,1.0,3.5999999999999996,5.0,5.000000000000001,False,1.9171919570037848,17.782232733092954,False,False,False,0.0,False,5.267281913169214,193.88824050011084,N/A,new_parameter_combo,rejected,no_support
1.0,27.0,5.4,0.27,False,5.4,22.08888888888889,1.0,3.86,5.4,5.4,False,1.943714227966653,17.13451016410701,False,False,False,0.0,False,5.306907412645281,201.7254092824284,N/A,new_parameter_combo,rejected,no_support
1.0,27.0,5.5,0.27,False,5.5,21.981818181818184,1.0,3.9250000000000007,5.499999999999999,5.5,False,1.9528400302312197,16.99177642837365,False,False,False,0.0,False,5.3247707648589735,205.36127904686788,N/A,new_parameter_combo,rejected,no_support
1.0,27.0,6.0,0.27,False,6.0,21.5,1.0,4.25,6.0,6.0,False,1.911435111028745,16.358928134628968,False,False,False,0.0,False,5.461829389995491,235.5279028778244,N/A,new_parameter_combo,rejected,no_support
1.0,30.0,3.0,0.3,False,3.0,28.0,1.0,2.0000000000000004,3.0,3.0,False,2.512336907083499,25.84191836817034,False,False,False,0.0,False,6.000551966958848,403.65153432412546,N/A,new_parameter_combo,rejected,no_support
1.0,30.0,3.5,0.3,False,3.5,26.57142857142857,1.0,2.25,3.5,3.4999999999999996,False,2.2919140249929066,23.713857997405103,False,False,False,0.0,False,6.096163833322372,444.15066183136696,N/A,new_parameter_combo,rejected,no_support
1.0,30.0,3.6,0.3,False,3.6,26.333333333333332,1.0,2.3000000000000007,3.6,3.6000000000000005,False,2.2373965601446115,23.35935668106264,False,False,False,0.0,False,6.065781811168187,430.85939671796535,N/A,new_parameter_combo,rejected,no_support
1.0,30.0,4.0,0.3,False,4.0,25.5,1.0,2.5000000000000004,4.0,4.0,False,2.187199425413836,22.121315874668362,False,False,False,0.0,False,5.779239071128482,323.5129264084147,N/A,new_parameter_combo,rejected,no_support
1.0,30.0,4.25,0.3,False,4.25,25.05882352941176,1.0,2.6250000000000004,4.25,4.25,False,2.1449067578801655,21.469411215840374,False,False,False,0.0,False,5.55144859798212,257.610459738846,N/A,new_parameter_combo,rejected,no_support
1.0,30.0,4.4,0.3,False,4.4,24.818181818181817,1.0,2.7000000000000006,4.4,4.4,False,2.068580431116954,21.11568319583153,False,False,False,0.0,False,5.447228136580642,232.11388540331933,N/A,new_parameter_combo,rejected,no_support
1.0,30.0,4.5,0.3,False,4.5,24.666666666666664,1.0,2.7500000000000004,4.5,4.5,False,2.0200556923015767,20.89388401218261,False,False,False,0.0,False,5.39127025501563,219.48200667637266,N/A,new_parameter_combo,rejected,no_support
1.0,30.0,4.75,0.3,False,4.75,24.31578947368421,1.0,2.875000000000001,4.75,4.75,False,1.947188580324705,20.383850121431873,False,False,False,0.0,False,5.298704042229013,200.07735008993086,N/A,new_parameter_combo,rejected,no_support
1.0,30.0,4.8,0.3,False,4.8,24.25,1.0,2.9000000000000004,4.8,4.8,False,1.9434874240259288,20.28890871239453,False,False,False,0.0,False,5.288304255293274,198.00737060773332,N/A,new_parameter_combo,rejected,no_support
1.0,30.0,4.85,0.3,False,4.85,24.185567010309278,1.0,2.9250000000000007,4.85,4.85,False,1.940603866673191,20.196175465300843,False,False,False,0.0,False,5.28060895356473,196.48949190416604,N/A,new_parameter_combo,rejected,no_support
1.0,30.0,5.0,0.3,False,5.0,24.0,1.0,3.000000000000001,5.0,5.000000000000001,False,1.9368901278459085,19.930659653934832,False,False,False,0.0,False,5.2737499596222674,195.14638312256753,N/A,new_parameter_combo,rejected,no_support
1.0,30.0,5.4,0.3,False,5.4,23.555555555555557,1.0,3.200000000000001,5.4,5.4,False,1.956440045864229,19.30691752946405,False,False,False,0.0,False,5.313375459098334,203.0344073670779,N/A,new_parameter_combo,rejected,no_support
1.0,30.0,5.5,0.3,False,5.5,23.454545454545453,1.0,3.2500000000000004,5.499999999999999,5.5,False,1.938364685259517,19.16827549470126,False,False,False,0.0,False,5.331238811312026,206.69387032473296,N/A,new_parameter_combo,rejected,no_support
1.0,30.0,6.0,0.3,False,6.0,23.0,1.0,3.500000000000001,6.0,6.0,False,1.8966437865506602,18.564978790684748,False,False,False,0.0,False,5.468297436448545,237.0562456624311,N/A,new_parameter_combo,rejected,no_support
1.0,31.0,3.0,0.31,False,3.0,28.400000000000002,1.0,1.9000000000000001,3.0,3.0,False,2.5209327719747567,26.443765962682047,False,False,False,0.0,False,6.000965394877304,403.8184496390909,N/A,new_parameter_combo,rejected,no_support
1.0,31.0,3.5,0.31,False,3.5,27.0,1.0,2.125,3.5,3.4999999999999996,False,2.2949395305714693,24.36077576563415,False,False,False,0.0,False,6.096577261240828,444.334324077903,N/A,new_parameter_combo,rejected,no_support
1.0,31.0,3.6,0.31,False,3.6,26.766666666666666,1.0,2.1700000000000004,3.6,3.6000000000000005,False,2.243772447446124,24.01381423506796,False,False,False,0.0,False,6.0661952390866425,431.03756284838585,N/A,new_parameter_combo,rejected,no_support
1.0,31.0,4.0,0.31,False,4.0,25.95,1.0,2.35,4.0,4.0,False,2.16864589087292,22.802044649684213,False,False,False,0.0,False,5.7796524990469385,323.6467033358263,N/A,new_parameter_combo,rejected,no_support
1.0,31.0,4.25,0.31,False,4.25,25.517647058823528,1.0,2.4625000000000004,4.25,4.25,False,2.145097043616119,22.163818408961053,False,False,False,0.0,False,5.551862025900577,257.716985113753,N/A,new_parameter_combo,rejected,no_support
1.0,31.0,4.4,0.31,False,4.4,25.28181818181818,1.0,2.5300000000000002,4.4,4.4,False,2.0687777373441096,21.81741055827229,False,False,False,0.0,False,5.447641564499097,232.20986760329964,N/A,new_parameter_combo,rejected,no_support
1.0,31.0,4.5,0.31,False,4.5,25.133333333333333,1.0,2.5750000000000006,4.5,4.5,False,2.02025773764899,21.600146735104268,False,False,False,0.0,False,5.391683682934087,219.5727654253391,N/A,new_parameter_combo,rejected,no_support
1.0,31.0,4.75,0.31,False,4.75,24.789473684210527,1.0,2.6875000000000004,4.75,4.75,False,1.9545113956992854,21.10031451266476,False,False,False,0.0,False,5.299117470147468,200.16008475354005,N/A,new_parameter_combo,rejected,no_support
1.0,31.0,4.8,0.31,False,4.8,24.725,1.0,2.71,4.8,4.8,False,1.9508241324933338,21.007226777087187,False,False,False,0.0,False,5.28871768321173,198.08924930710657,N/A,new_parameter_combo,rejected,no_support
1.0,31.0,4.85,0.31,False,4.85,24.661855670103094,1.0,2.7325000000000004,4.85,4.85,False,1.947951435718655,20.91628709520187,False,False,False,0.0,False,5.281022381483186,196.57074294036843,N/A,new_parameter_combo,rejected,no_support
1.0,31.0,5.0,0.31,False,5.0,24.48,1.0,2.8000000000000003,5.0,5.000000000000001,False,1.944251731622829,20.655799225335148,False,False,False,0.0,False,5.274163387540723,195.2270787653024,N/A,new_parameter_combo,rejected,no_support
1.0,31.0,5.4,0.31,False,5.4,24.044444444444444,1.0,2.9800000000000004,5.4,5.4,False,1.9524721378241465,20.042995902047878,False,False,False,0.0,False,5.3137888870167895,203.1183648134708,N/A,new_parameter_combo,rejected,no_support
1.0,31.0,5.5,0.31,False,5.5,23.945454545454545,1.0,3.0250000000000004,5.499999999999999,5.5,False,1.9343596999988377,19.906551785050898,False,False,False,0.0,False,5.331652239230483,206.7793410080649,N/A,new_parameter_combo,rejected,no_support
1.0,31.0,6.0,0.31,False,6.0,23.5,1.0,3.2500000000000004,6.0,6.0,False,1.892550514247795,19.31119689428649,False,False,False,0.0,False,5.468710864367,237.15427159456445,N/A,new_parameter_combo,rejected,no_support
1.0,37.0,3.0,0.37,False,3.0,30.799999999999997,1.0,1.3000000000000003,3.0,3.0,False,2.578561535398513,30.067598458005435,False,False,False,0.0,False,5.981395536001417,395.99260466884175,N/A,new_parameter_combo,rejected,no_support
1.0,37.0,3.5,0.37,False,3.5,29.571428571428573,1.0,1.3750000000000002,3.5,3.4999999999999996,False,2.320409116812757,28.26282159891064,False,False,False,0.0,False,6.0770074023649405,435.72329717137626,N/A,new_parameter_combo,rejected,no_support
1.0,37.0,3.6,0.37,False,3.6,29.366666666666667,1.0,1.3900000000000003,3.6,3.6000000000000005,False,2.265987305654592,27.963010739783492,False,False,False,0.0,False,6.046625380210756,422.6842220185646,N/A,new_parameter_combo,rejected,no_support
1.0,37.0,4.0,0.37,False,4.0,28.650000000000002,1.0,1.4500000000000004,4.0,4.0,False,2.1507740656872016,26.917951603862495,False,False,False,0.0,False,5.760082640171051,317.3745557217139,N/A,new_parameter_combo,rejected,no_support
1.0,37.0,4.25,0.37,False,4.25,28.27058823529412,1.0,1.4875000000000005,4.25,4.25,False,2.1024777656617544,26.368800249313193,False,False,False,0.0,False,5.532292167024689,252.72252987402146,N/A,new_parameter_combo,rejected,no_support
1.0,37.0,4.4,0.37,False,4.4,28.063636363636363,1.0,1.5100000000000005,4.4,4.4,False,2.0782264073002255,26.071069423615004,False,False,False,0.0,False,5.428071705623211,227.7097304103369,N/A,new_parameter_combo,rejected,no_support
1.0,37.0,4.5,0.37,False,4.5,27.933333333333334,1.0,1.5250000000000004,4.5,4.5,False,2.0361309097483526,25.884435163683833,False,False,False,0.0,False,5.372113824058199,215.31753037245,N/A,new_parameter_combo,rejected,no_support
1.0,37.0,4.75,0.37,False,4.75,27.63157894736842,1.0,1.5625000000000004,4.75,4.75,False,2.006446879843235,25.455274812494338,False,False,False,0.0,False,5.279547611271582,196.28105992465208,N/A,new_parameter_combo,rejected,no_support
1.0,37.0,4.8,0.37,False,4.8,27.575,1.0,1.5700000000000005,4.8,4.8,False,2.0028552323202633,25.37536621796734,False,False,False,0.0,False,5.2691478243358425,194.25035646618772,N/A,new_parameter_combo,rejected,no_support
1.0,37.0,4.85,0.37,False,4.85,27.51958762886598,1.0,1.5775000000000006,4.85,4.85,False,2.000057269588212,25.297302003105084,False,False,False,0.0,False,5.261452522607299,192.76127816402445,N/A,new_parameter_combo,rejected,no_support
1.0,37.0,5.0,0.37,False,5.0,27.36,1.0,1.6000000000000005,5.0,5.000000000000001,False,1.996454127104516,25.073674386547427,False,False,False,0.0,False,5.254593528664836,191.44365367965491,N/A,new_parameter_combo,rejected,no_support
1.0,37.0,5.4,0.37,False,5.4,26.977777777777774,1.0,1.6600000000000006,5.4,5.4,False,1.9373621083255221,24.547061493170027,False,False,False,0.0,False,5.294219028140903,199.1820096641176,N/A,new_parameter_combo,rejected,no_support
1.0,37.0,5.5,0.37,False,5.5,26.89090909090909,1.0,1.6750000000000005,5.499999999999999,5.5,False,1.9191070680854447,24.429592553849623,False,False,False,0.0,False,5.312082380354596,202.77203755963257,N/A,new_parameter_combo,rejected,no_support
1.0,37.0,6.0,0.37,False,6.0,26.5,1.0,1.7500000000000007,6.0,6.0,False,1.8769581611680939,23.9149693322978,False,False,False,0.0,False,5.449141005491113,232.55831376948225,N/A,new_parameter_combo,rejected,no_support
1.0,38.0,3.0,0.38,False,3.0,31.200000000000003,1.0,1.2000000000000002,3.0,3.0,False,2.589145316390673,30.67336037352574,False,False,False,0.0,False,5.974458821790998,393.2552223367151,N/A,new_parameter_combo,rejected,no_support
1.0,38.0,3.5,0.38,False,3.5,30.0,1.0,1.2500000000000002,3.5,3.4999999999999996,False,2.3258556687457497,28.915969859097178,False,False,False,0.0,False,6.070070688154522,432.7112680543923,N/A,new_parameter_combo,rejected,no_support
1.0,38.0,3.6,0.38,False,3.6,29.8,1.0,1.2600000000000002,3.6,3.6000000000000005,False,2.271564349041589,28.62426369199677,False,False,False,0.0,False,6.0396886660003375,419.7623282564578,N/A,new_parameter_combo,rejected,no_support
1.0,38.0,4.0,0.38,False,4.0,29.099999999999998,1.0,1.3000000000000003,4.0,4.0,False,2.1600530275048007,27.608147115464103,False,False,False,0.0,False,5.753145925960633,315.180637221075,N/A,new_parameter_combo,rejected,no_support
1.0,38.0,4.25,0.38,False,4.25,28.729411764705883,1.0,1.3250000000000002,4.25,4.25,False,2.09423711208465,27.074723601886625,False,False,False,0.0,False,5.525355452814271,250.975532126965,N/A,new_parameter_combo,rejected,no_support
1.0,38.0,4.4,0.38,False,4.4,28.527272727272727,1.0,1.3400000000000003,4.4,4.4,False,2.0811703193057474,26.785700539474007,False,False,False,0.0,False,5.421134991412792,226.13563891082558,N/A,new_parameter_combo,rejected,no_support
1.0,38.0,4.5,0.38,False,4.5,28.4,1.0,1.3500000000000003,4.5,4.5,False,2.0459298818954315,26.604597011314215,False,False,False,0.0,False,5.365177109847781,213.8291025672601,N/A,new_parameter_combo,rejected,no_support
1.0,38.0,4.75,0.38,False,4.75,28.105263157894736,1.0,1.3750000000000002,4.75,4.75,False,2.0163901114696667,26.188388077568185,False,False,False,0.0,False,5.272610897061163,194.92422573322028,N/A,new_parameter_combo,rejected,no_support
1.0,38.0,4.8,0.38,False,4.8,28.05,1.0,1.3800000000000003,4.8,4.8,False,2.012816206620131,26.110929930762666,False,False,False,0.0,False,5.262211110125424,192.90755994036746,N/A,new_parameter_combo,rejected,no_support
1.0,38.0,4.85,0.38,False,4.85,27.995876288659794,1.0,1.3850000000000002,4.85,4.85,False,2.010032109602395,26.035272237391364,False,False,False,0.0,False,5.25451580839688,191.42877520577935,N/A,new_parameter_combo,rejected,no_support
1.0,38.0,5.0,0.38,False,5.0,27.84,1.0,1.4000000000000004,5.0,5.000000000000001,False,2.006446879843235,25.81861089178341,False,False,False,0.0,False,5.247656814454418,190.12025907833728,N/A,new_parameter_combo,rejected,no_support
1.0,38.0,5.4,0.38,False,5.4,27.46666666666667,1.0,1.4400000000000004,5.4,5.4,False,1.9363084222619213,25.308874374735506,False,False,False,0.0,False,5.2872823139304845,197.80512204625919,N/A,new_parameter_combo,rejected,no_support
1.0,38.0,5.5,0.38,False,5.5,27.381818181818183,1.0,1.4500000000000004,5.499999999999999,5.5,False,1.9180433535565484,25.195271446755385,False,False,False,0.0,False,5.305145666144177,201.37033311737585,N/A,new_parameter_combo,rejected,no_support
1.0,38.0,6.0,0.38,False,6.0,27.0,1.0,1.5000000000000004,6.0,6.0,False,1.8758705462058012,24.69810413233575,False,False,False,0.0,False,5.442204291280694,230.9507054156995,N/A,new_parameter_combo,rejected,no_support
1.0,40.0,3.0,0.4,False,3.0,32.0,1.0,1.0,3.0,3.0,False,2.6111222077247693,31.886156263747925,False,False,False,0.0,False,5.957435332457787,386.6173068006354,N/A,new_parameter_combo,rejected,no_support
1.0,40.0,3.5,0.4,False,3.5,30.85714285714286,1.0,1.0,3.5,3.4999999999999996,False,2.3377584982025774,30.22420521139711,False,False,False,0.0,False,6.053047198821311,425.40735780550136,N/A,new_parameter_combo,rejected,no_support
1.0,40.0,3.6,0.4,False,3.6,30.66666666666667,1.0,1.0,3.6,3.6000000000000005,False,2.2837501605732555,29.948867503893133,False,False,False,0.0,False,6.022665176667126,412.67698845184407,N/A,new_parameter_combo,rejected,no_support
1.0,40.0,4.0,0.4,False,4.0,30.0,1.0,1.0,4.0,4.0,False,2.1796162599908104,28.991375574043165,False,False,False,0.0,False,5.736122436627421,309.8605744993397,N/A,new_parameter_combo,rejected,no_support
1.0,40.0,4.25,0.4,False,4.25,29.647058823529413,1.0,1.0,4.25,4.25,False,2.1144093834487987,28.489964291495138,False,False,False,0.0,False,5.5083319634810595,246.7392136008374,N/A,new_parameter_combo,rejected,no_support
1.0,40.0,4.4,0.4,False,4.4,29.454545454545457,1.0,1.0,4.4,4.4,False,2.0871864911836684,28.218729510477374,False,False,False,0.0,False,5.40411150207958,222.3186030889788,N/A,new_parameter_combo,rejected,no_support
1.0,40.0,4.5,0.4,False,4.5,29.333333333333336,1.0,1.0,4.5,4.5,False,2.066573744345052,28.04895312027993,False,False,False,0.0,False,5.348153620514569,210.21979379937324,N/A,new_parameter_combo,rejected,no_support
1.0,40.0,4.75,0.4,False,4.75,29.05263157894737,1.0,1.0,4.75,4.75,False,2.0373333160816687,27.659374628549426,False,False,False,0.0,False,5.255587407727951,191.63402010374472,N/A,new_parameter_combo,rejected,no_support
1.0,40.0,4.8,0.4,False,4.8,29.000000000000004,1.0,1.0,4.8,4.8,False,2.0337962141808426,27.58697420931321,False,False,False,0.0,False,5.245187620792213,189.65139443658427,N/A,new_parameter_combo,rejected,no_support
1.0,40.0,4.85,0.4,False,4.85,28.948453608247426,1.0,1.0,4.85,4.85,False,2.0310408762051857,27.516290284935152,False,False,False,0.0,False,5.237492319063669,188.19757071359055,N/A,new_parameter_combo,rejected,no_support
1.0,40.0,5.0,0.4,False,5.0,28.8,1.0,1.0,5.0,5.000000000000001,False,2.02749279673599,27.31406753158061,False,False,False,0.0,False,5.230633325121206,186.91114156437047,N/A,new_parameter_combo,rejected,no_support
1.0,40.0,5.4,0.4,False,5.4,28.444444444444446,1.0,1.0,5.4,5.4,False,1.9354650603924632,26.839616760427877,False,False,False,0.0,False,5.270258824597273,194.4662885911175,N/A,new_parameter_combo,rejected,no_support
1.0,40.0,5.5,0.4,False,5.5,28.363636363636367,1.0,1.0,5.499999999999999,5.5,False,1.9171919570037848,26.73417276265733,False,False,False,0.0,False,5.288122176810965,197.97132100823498,N/A,new_parameter_combo,rejected,no_support
1.0,40.0,6.0,0.4,False,6.0,28.0,1.0,1.0,6.0,6.0,False,1.8750000000000004,26.27432965785147,False,False,False,0.0,False,5.425180801947484,227.05239411944228,N/A,new_parameter_combo,rejected,no_support
1.0,50.0,3.0,0.5,False,3.0,36.0,1.0,1.0,2.0,3.0,False,2.682009698045137,37.73577095700202,False,False,False,0.0,False,5.809316667544236,333.3912307709906,N/A,new_parameter_combo,rejected,no_support
1.0,50.0,3.5,0.5,False,3.5,35.142857142857146,1.0,1.0,2.25,3.4999999999999996,False,2.4018157459620055,36.4727879653757,False,False,False,0.0,False,5.90492853390776,366.84100815731557,N/A,new_parameter_combo,rejected,no_support
1.0,50.0,3.6,0.5,False,3.6,35.0,1.0,1.0,2.3000000000000003,3.6000000000000005,False,2.3645348379755378,36.26274456019782,False,False,False,0.0,False,5.874546511753575,355.863244274713,N/A,new_parameter_combo,rejected,no_support
1.0,50.0,4.0,0.5,False,4.0,34.5,1.0,1.0,2.5,4.0,False,2.17269993326276,35.529511358856446,False,False,False,0.0,False,5.58800377171387,267.2016913950819,N/A,new_parameter_combo,rejected,no_support
1.0,50.0,4.25,0.5,False,4.25,34.23529411764706,1.0,1.0,2.625,4.25,False,2.0713084940566007,35.143138365033636,False,False,False,0.0,False,5.360213298567508,212.77032521533857,N/A,new_parameter_combo,rejected,no_support
1.0,50.0,4.4,0.5,False,4.4,34.09090909090909,1.0,1.0,2.7,4.4,False,2.086317060648027,34.933169307284565,False,False,False,0.0,False,5.25599283716603,191.71172992869302,N/A,new_parameter_combo,rejected,no_support
1.0,50.0,4.5,0.5,False,4.5,34.0,1.0,1.0,2.7499999999999996,4.5,False,2.0993226555832005,34.80131946608455,False,False,False,0.0,False,5.200034955601018,181.2785784660629,N/A,new_parameter_combo,rejected,no_support
1.0,50.0,4.75,0.5,False,4.75,33.78947368421053,1.0,1.0,2.875,4.75,False,2.0546821840739806,34.497271769531956,False,False,False,0.0,False,5.107468742814401,165.25153089674168,N/A,new_parameter_combo,rejected,no_support
1.0,50.0,4.8,0.5,False,4.8,33.75,1.0,1.0,2.9,4.8,False,2.072901077608631,34.44049772601918,False,False,False,0.0,False,5.097068955878662,163.54185572259414,N/A,new_parameter_combo,rejected,no_support
1.0,50.0,4.85,0.5,False,4.85,33.71134020618557,1.0,1.0,2.925,4.85,False,2.091726291260647,34.38497650449356,False,False,False,0.0,False,5.089373654150117,162.28818168419178,N/A,new_parameter_combo,rejected,no_support
1.0,50.0,5.0,0.5,False,5.0,33.6,1.0,1.0,3.0,5.000000000000001,False,2.0584600197869345,34.225573731903346,False,False,False,0.0,False,5.082514660207655,161.1788568044879,N/A,new_parameter_combo,rejected,no_support
1.0,50.0,5.4,0.5,False,5.4,33.333333333333336,1.0,1.0,3.2,5.4,False,1.956440045864229,33.84750333260378,False,False,False,0.0,False,5.122140159683722,167.69387752807333,N/A,new_parameter_combo,rejected,no_support
1.0,50.0,5.5,0.5,False,5.5,33.27272727272727,1.0,1.0,3.2499999999999996,5.5,False,1.938364685259517,33.76248506287688,False,False,False,0.0,False,5.140003511897414,170.71636785864098,N/A,new_parameter_combo,rejected,no_support
1.0,50.0,6.0,0.5,False,6.0,33.0,1.0,1.0,3.5,6.0,False,1.8966437865506602,33.38556615739892,False,False,False,0.0,False,5.277062137033932,195.7938141760818,N/A,new_parameter_combo,rejected,no_support
1.0,55.0,3.0,0.55,False,3.0,38.00000000000001,1.0,1.0,1.4999999999999993,3.0,False,2.6645083208420908,40.68212549059216,False,False,False,0.0,False,5.698572978741494,298.44121499295164,N/A,new_parameter_combo,rejected,no_support
1.0,55.0,3.5,0.55,False,3.5,37.285714285714285,1.0,1.0,1.6249999999999993,3.4999999999999996,False,2.4677124208134016,39.62773036055841,False,False,False,0.0,False,5.794184845105017,328.38439070675963,N/A,new_parameter_combo,rejected,no_support
1.0,55.0,3.6,0.55,False,3.6,37.16666666666667,1.0,1.0,1.6499999999999992,3.6000000000000005,False,2.4103247304299997,39.452333239709056,False,False,False,0.0,False,5.763802822950832,318.55744599842654,N/A,new_parameter_combo,rejected,no_support
1.0,55.0,4.0,0.55,False,4.0,36.75,1.0,1.0,1.7499999999999991,4.0,False,2.2292609967961887,38.839877052543784,False,False,False,0.0,False,5.477260082911128,239.19044674242443,N/A,new_parameter_combo,rejected,no_support
1.0,55.0,4.25,0.55,False,4.25,36.529411764705884,1.0,1.0,1.812499999999999,4.25,False,2.128286773871589,38.51698999202033,False,False,False,0.0,False,5.249469609764766,190.465220770397,N/A,new_parameter_combo,rejected,no_support
1.0,55.0,4.4,0.55,False,4.4,36.40909090909091,1.0,1.0,1.8499999999999992,4.4,False,2.0746095034576353,38.34145353117681,False,False,False,0.0,False,5.145249148363287,171.6142367512389,N/A,new_parameter_combo,rejected,no_support
1.0,55.0,4.5,0.55,False,4.5,36.333333333333336,1.0,1.0,1.8749999999999991,4.5,False,2.0459298818954315,38.23119455418096,False,False,False,0.0,False,5.089291266798275,162.27481174143222,N/A,new_parameter_combo,rejected,no_support
1.0,55.0,4.75,0.55,False,4.75,36.1578947368421,1.0,1.0,1.9374999999999991,4.75,False,2.0373583586675803,37.97682109773673,False,False,False,0.0,False,4.996725054011658,147.92790904013225,N/A,new_parameter_combo,rejected,no_support
1.0,55.0,4.8,0.55,False,4.8,36.12500000000001,1.0,1.0,1.9499999999999988,4.8,False,2.0180260359154576,37.92930147175699,False,False,False,0.0,False,4.9863252670759195,146.39746225832613,N/A,new_parameter_combo,rejected,no_support
1.0,55.0,4.85,0.55,False,4.85,36.09278350515464,1.0,1.0,1.9624999999999988,4.85,False,2.03735835866758,37.88282298081247,False,False,False,0.0,False,4.978629965347375,145.27521317468745,N/A,new_parameter_combo,rejected,no_support
1.0,55.0,5.0,0.55,False,5.0,36.00000000000001,1.0,1.0,1.999999999999999,5.000000000000001,False,2.0830982860603955,37.74933654674367,False,False,False,0.0,False,4.971770971404912,144.28218086200437,N/A,new_parameter_combo,rejected,no_support
1.0,55.0,5.4,0.55,False,5.4,35.77777777777778,1.0,1.0,2.099999999999999,5.4,False,1.9823467076643673,37.43239041649199,False,False,False,0.0,False,5.011396470880979,150.11421998299338,N/A,new_parameter_combo,rejected,no_support
1.0,55.0,5.5,0.55,False,5.5,35.72727272727273,1.0,1.0,2.1249999999999987,5.5,False,1.9645097274861627,37.36103156533925,False,False,False,0.0,False,5.029259823094672,152.81985709430276,N/A,new_parameter_combo,rejected,no_support
1.0,55.0,6.0,0.55,False,6.0,35.5,1.0,1.0,2.2499999999999987,6.0,False,1.9233560433231693,37.0441198375388,False,False,False,0.0,False,5.1663184482311895,175.2683886006353,N/A,new_parameter_combo,rejected,no_support
1.0,58.0,3.0,0.58,False,3.0,39.2,1.0,1.0,1.2000000000000002,3.0,False,2.651147710647876,42.455113630955154,False,False,False,0.0,False,5.65828275465586,286.6559610351465,N/A,new_parameter_combo,rejected,no_support
1.0,58.0,3.5,0.58,False,3.5,38.57142857142857,1.0,1.0,1.2500000000000002,3.4999999999999996,False,2.5017162476335066,41.52782772981251,False,False,False,0.0,False,5.753894621019384,315.4166997651798,N/A,new_parameter_combo,rejected,no_support
1.0,58.0,3.6,0.58,False,3.6,38.46666666666666,1.0,1.0,1.2600000000000002,3.6000000000000005,False,2.4513229456098746,41.37364185264392,False,False,False,0.0,False,5.7235125988652,305.97781485957785,N/A,new_parameter_combo,rejected,no_support
1.0,58.0,4.0,0.58,False,4.0,38.1,1.0,1.0,1.3000000000000003,4.0,False,2.2390013489983276,40.83546645495671,False,False,False,0.0,False,5.436969858825495,229.7449679763401,N/A,new_parameter_combo,rejected,no_support
1.0,58.0,4.25,0.58,False,4.25,37.90588235294118,1.0,1.0,1.3250000000000004,4.25,False,2.1676217805866114,40.55191064579637,False,False,False,0.0,False,5.209179385679133,182.94387021912826,N/A,new_parameter_combo,rejected,no_support
1.0,58.0,4.4,0.58,False,4.4,37.8,1.0,1.0,1.3400000000000003,4.4,False,2.1149430686601165,40.39781926052775,False,False,False,0.0,False,5.104958924277653,164.8372995814314,N/A,new_parameter_combo,rejected,no_support
1.0,58.0,4.5,0.58,False,4.5,37.73333333333333,1.0,1.0,1.3500000000000003,4.5,False,2.082926831089722,40.301056499702,False,False,False,0.0,False,5.049001042712643,155.86668253121934,N/A,new_parameter_combo,rejected,no_support
1.0,58.0,4.75,0.58,False,4.75,37.57894736842105,1.0,1.0,1.3750000000000004,4.75,False,2.0665737443450523,40.07790696374267,False,False,False,0.0,False,4.956434829926025,142.08632990192163,N/A,new_parameter_combo,rejected,no_support
1.0,58.0,4.8,0.58,False,4.8,37.550000000000004,1.0,1.0,1.3800000000000003,4.8,False,2.0499329257319623,40.036235294029105,False,False,False,0.0,False,4.946035042990286,140.6163194911205,N/A,new_parameter_combo,rejected,no_support
1.0,58.0,4.85,0.58,False,4.85,37.521649484536084,1.0,1.0,1.3850000000000005,4.85,False,2.031508060530404,39.99548163039084,False,False,False,0.0,False,4.938339741261743,139.53838731074515,N/A,new_parameter_combo,rejected,no_support
1.0,58.0,5.0,0.58,False,5.0,37.44,1.0,1.0,1.4000000000000004,5.000000000000001,False,2.07126218543581,39.87846615932036,False,False,False,0.0,False,4.931480747319279,138.5845692131413,N/A,new_parameter_combo,rejected,no_support
1.0,58.0,5.4,0.58,False,5.4,37.24444444444444,1.0,1.0,1.4400000000000004,5.4,False,2.002626973731845,39.60082878499813,False,False,False,0.0,False,4.971106246795347,144.18630481477794,N/A,new_parameter_combo,rejected,no_support
1.0,58.0,5.5,0.58,False,5.5,37.2,1.0,1.0,1.4500000000000004,5.5,False,1.9849722405913814,39.53836560077268,False,False,False,0.0,False,4.988969599009039,146.78509803565737,N/A,new_parameter_combo,rejected,no_support
1.0,58.0,6.0,0.58,False,6.0,37.0,1.0,1.0,1.5000000000000007,6.0,False,1.96432792162446,39.26121544076144,False,False,False,0.0,False,5.126028224145557,168.3471512960542,N/A,new_parameter_combo,rejected,no_support
1.0,60.0,3.0,0.6,False,3.0,40.0,1.0,1.0,1.0,3.0,False,2.643747436916788,43.638970269009754,False,False,False,0.0,False,5.653086554331976,285.1703024701226,N/A,new_parameter_combo,rejected,no_support
1.0,60.0,3.5,0.6,False,3.5,39.42857142857143,1.0,1.0,1.0,3.4999999999999996,False,2.5233962627735655,42.79709147862778,False,False,False,0.0,False,5.7486984206955,313.781982245734,N/A,new_parameter_combo,rejected,no_support
1.0,60.0,3.6,0.6,False,3.6,39.333333333333336,1.0,1.0,1.0,3.6000000000000005,False,2.4758433937153788,42.65719005823528,False,False,False,0.0,False,5.718316398541315,304.39201647006627,N/A,new_parameter_combo,rejected,no_support
1.0,60.0,4.0,0.6,False,4.0,39.0,1.0,1.0,1.0,4.0,False,2.2627416997969525,42.16914823633626,False,False,False,0.0,False,5.43177365850161,228.55426334835104,N/A,new_parameter_combo,rejected,no_support
1.0,60.0,4.25,0.6,False,4.25,38.82352941176471,1.0,1.0,1.0,4.25,False,2.1953133057046967,41.91223037424131,False,False,False,0.0,False,5.2039831853552485,181.9957227369402,N/A,new_parameter_combo,rejected,no_support
1.0,60.0,4.4,0.6,False,4.4,38.72727272727273,1.0,1.0,1.0,4.4,False,2.1433153081625864,41.77269945448487,False,False,False,0.0,False,5.09976272395377,163.98299344708767,N/A,new_parameter_combo,rejected,no_support
1.0,60.0,4.5,0.6,False,4.5,38.66666666666667,1.0,1.0,1.0,4.5,False,2.1117292701016583,41.68511584078061,False,False,False,0.0,False,5.0438048423887585,155.0588686240249,N/A,new_parameter_combo,rejected,no_support
1.0,60.0,4.75,0.6,False,4.75,38.526315789473685,1.0,1.0,1.0,4.75,False,2.0499160012656374,41.48325755897507,False,False,False,0.0,False,4.95123862960214,141.34993575114476,N/A,new_parameter_combo,rejected,no_support
1.0,60.0,4.8,0.6,False,4.8,38.5,1.0,1.0,1.0,4.8,False,2.061978567358279,41.44558330072951,False,False,False,0.0,False,4.940838842666402,139.88754399773904,N/A,new_parameter_combo,rejected,no_support
1.0,60.0,4.85,0.6,False,4.85,38.47422680412371,1.0,1.0,1.0,4.85,False,2.05468218407398,41.408746224768976,False,False,False,0.0,False,4.9331435409378575,138.81519844172857,N/A,new_parameter_combo,rejected,no_support
1.0,60.0,5.0,0.6,False,5.0,38.4,1.0,1.0,1.0,5.000000000000001,False,2.05464245362664,41.303019176191654,False,False,False,0.0,False,4.926284546995395,137.8663237195253,N/A,new_parameter_combo,rejected,no_support
1.0,60.0,5.4,0.6,False,5.4,38.22222222222222,1.0,1.0,1.0,5.4,False,2.018057385766049,41.05246624781655,False,False,False,0.0,False,4.965910046471462,143.43902707482204,N/A,new_parameter_combo,rejected,no_support
1.0,60.0,5.5,0.6,False,5.5,38.18181818181818,1.0,1.0,1.0,5.5,False,2.0005388304766543,40.99616666871798,False,False,False,0.0,False,4.9837733986851545,146.0243514691912,N/A,new_parameter_combo,rejected,no_support
1.0,60.0,6.0,0.6,False,6.0,38.0,1.0,1.0,1.0,6.0,False,1.9948434801267199,40.74677389836148,False,False,False,0.0,False,5.120832023821672,167.4746545710001,N/A,new_parameter_combo,rejected,no_support
1.0,65.0,3.0,0.65,False,3.0,42.00000000000001,1.0,1.0,1.0,2.4999999999999996,False,2.6305917119731914,46.58661398282628,False,False,False,0.0,False,5.715919875255141,303.6634073275782,N/A,new_parameter_combo,rejected,no_support
1.0,65.0,3.5,0.65,False,3.5,41.57142857142857,1.0,1.0,1.0,2.875,False,2.5128604168337327,45.95100647155783,False,False,False,0.0,False,5.811531741618665,334.13053554804924,N/A,new_parameter_combo,rejected,no_support
1.0,65.0,3.6,0.65,False,3.6,41.5,1.0,1.0,1.0,2.95,False,2.4949684315617704,45.845162662850406,False,False,False,0.0,False,5.78114971946448,324.1316367236271,N/A,new_parameter_combo,rejected,no_support
1.0,65.0,4.0,0.65,False,4.0,41.25,1.0,1.0,1.0,3.2499999999999996,False,2.3643207809225135,45.475174206565335,False,False,False,0.0,False,5.494606979424775,243.37585564287974,N/A,new_parameter_combo,rejected,no_support
1.0,65.0,4.25,0.65,False,4.25,41.11764705882353,1.0,1.0,1.0,3.4374999999999996,False,2.2355203019449776,45.27976717842379,False,False,False,0.0,False,5.266816506278413,193.7980245721226,N/A,new_parameter_combo,rejected,no_support
1.0,65.0,4.4,0.65,False,4.4,41.04545454545455,1.0,1.0,1.0,3.55,False,2.1677865368591434,45.173392761450195,False,False,False,0.0,False,5.162596044876935,174.61718174225268,N/A,new_parameter_combo,rejected,no_support
1.0,65.0,4.5,0.65,False,4.5,41.0,1.0,1.0,1.0,3.624999999999999,False,2.169262194707629,45.10651363836977,False,False,False,0.0,False,5.106638163311923,165.11433334704938,N/A,new_parameter_combo,rejected,no_support
1.0,65.0,4.75,0.65,False,4.75,40.89473684210526,1.0,1.0,1.0,3.8124999999999996,False,2.1236790612288954,44.9519962467073,False,False,False,0.0,False,5.014071950525305,150.51638527551066,N/A,new_parameter_combo,rejected,no_support
1.0,65.0,4.8,0.65,False,4.8,40.875,1.0,1.0,1.0,3.849999999999999,False,2.1127263796104887,44.92309055026928,False,False,False,0.0,False,5.003672163589567,148.95915838743576,N/A,new_parameter_combo,rejected,no_support
1.0,65.0,4.85,0.65,False,4.85,40.855670103092784,1.0,1.0,1.0,3.8874999999999993,False,2.1024777656617544,44.89480421432164,False,False,False,0.0,False,4.995976861861022,147.8172719337969,N/A,new_parameter_combo,rejected,no_support
1.0,65.0,5.0,0.65,False,5.0,40.800000000000004,1.0,1.0,1.0,3.9999999999999996,False,2.0760570211586296,44.81348177334644,False,False,False,0.0,False,4.9891178679185595,146.80686331559428,N/A,new_parameter_combo,rejected,no_support
1.0,65.0,5.4,0.65,False,5.4,40.66666666666667,1.0,1.0,1.0,4.3,False,2.0630630338486156,44.61977667004432,False,False,False,0.0,False,5.028743367394627,152.74095278507028,N/A,new_parameter_combo,rejected,no_support
1.0,65.0,5.5,0.65,False,5.5,40.63636363636363,1.0,1.0,1.0,4.375,False,2.0459298818954315,44.576015534677346,False,False,False,0.0,False,5.046606719608319,155.4939337506233,N/A,new_parameter_combo,rejected,no_support
1.0,65.0,6.0,0.65,False,6.0,40.5,1.0,1.0,1.0,4.749999999999999,False,2.0760570211586296,44.380744715028605,False,False,False,0.0,False,5.183665344744837,178.33527477275533,N/A,new_parameter_combo,rejected,no_support
1.0,69.0,3.0,0.69,False,3.0,43.6,1.0,1.0,1.0,2.1000000000000005,False,2.6256218894049566,48.95087406070253,False,False,False,0.0,False,5.844176748633204,345.21822339013806,N/A,new_parameter_combo,rejected,no_support
1.0,69.0,3.5,0.69,False,3.5,43.285714285714285,1.0,1.0,1.0,2.375000000000001,False,2.5102601956769353,48.48264692522252,False,False,False,0.0,False,5.939788614996728,379.85462547965426,N/A,new_parameter_combo,rejected,no_support
1.0,69.0,3.6,0.69,False,3.6,43.23333333333333,1.0,1.0,1.0,2.4300000000000006,False,2.4923495441049206,48.404567304104965,False,False,False,0.0,False,5.909406592842544,368.4874274415281,N/A,new_parameter_combo,rejected,no_support
1.0,69.0,4.0,0.69,False,4.0,43.050000000000004,1.0,1.0,1.0,2.650000000000001,False,2.4256731655609443,48.131259563664194,False,False,False,0.0,False,5.622863852802839,276.68062227351317,N/A,new_parameter_combo,rejected,no_support
1.0,69.0,4.25,0.69,False,4.25,42.95294117647059,1.0,1.0,1.0,2.7875000000000005,False,2.325721305710711,47.98660175769467,False,False,False,0.0,False,5.395073379656477,220.31831338550126,N/A,new_parameter_combo,rejected,no_support
1.0,69.0,4.4,0.69,False,4.4,42.9,1.0,1.0,1.0,2.8700000000000014,False,2.2555220220243326,47.90773170284277,False,False,False,0.0,False,5.290852918254998,198.5126683025884,N/A,new_parameter_combo,rejected,no_support
1.0,69.0,4.5,0.69,False,4.5,42.86666666666667,1.0,1.0,1.0,2.925000000000001,False,2.211103704450955,47.85809234740946,False,False,False,0.0,False,5.234895036689988,187.70940270990886,N/A,new_parameter_combo,rejected,no_support
1.0,69.0,4.75,0.69,False,4.75,42.78947368421053,1.0,1.0,1.0,3.062500000000001,False,2.166287264008189,47.74322174020846,False,False,False,0.0,False,5.1423288239033695,171.1137985745652,N/A,new_parameter_combo,rejected,no_support
1.0,69.0,4.8,0.69,False,4.8,42.775,1.0,1.0,1.0,3.090000000000001,False,2.1718196311397695,47.72170026157166,False,False,False,0.0,False,5.13192903696763,169.34347298793074,N/A,new_parameter_combo,rejected,no_support
1.0,69.0,4.85,0.69,False,4.85,42.76082474226804,1.0,1.0,1.0,3.117500000000001,False,2.1712416507893475,47.70062879590482,False,False,False,0.0,False,5.124233735239087,168.04532509349846,N/A,new_parameter_combo,rejected,no_support
1.0,69.0,5.0,0.69,False,5.0,42.72,1.0,1.0,1.0,3.200000000000001,False,2.1265600516000545,47.63998256641053,False,False,False,0.0,False,5.117374741296624,166.89664711763126,N/A,new_parameter_combo,rejected,no_support
1.0,69.0,5.4,0.69,False,5.4,42.62222222222222,1.0,1.0,1.0,3.4200000000000013,False,2.1095711190008384,47.495050508021,False,False,False,0.0,False,5.157000240772691,173.64278700362908,N/A,new_parameter_combo,rejected,no_support
1.0,69.0,5.5,0.69,False,5.5,42.599999999999994,1.0,1.0,1.0,3.4750000000000014,False,2.1080536772393748,47.46219493700563,False,False,False,0.0,False,5.174863592986384,176.77249962300274,N/A,new_parameter_combo,rejected,no_support
1.0,69.0,6.0,0.69,False,6.0,42.49999999999999,1.0,1.0,1.0,3.7500000000000013,False,2.162319356616872,47.314908443464105,False,False,False,0.0,False,5.311922218122901,202.73956373818098,N/A,new_parameter_combo,rejected,no_support
1.0,70.0,3.0,0.7,False,3.0,44.0,1.0,1.0,1.0,2.0000000000000004,False,2.6251554861627944,49.54269080157269,False,False,False,0.0,False,5.88707294151099,360.3489766580966,N/A,new_parameter_combo,rejected,no_support
1.0,70.0,3.5,0.7,False,3.5,43.714285714285715,1.0,1.0,1.0,2.250000000000001,False,2.5104227884025065,49.116586606773595,False,False,False,0.0,False,5.982684807874513,396.50347605128235,N/A,new_parameter_combo,rejected,no_support
1.0,70.0,3.6,0.7,False,3.6,43.666666666666664,1.0,1.0,1.0,2.3000000000000007,False,2.4925133051862765,49.04550872433603,False,False,False,0.0,False,5.952302785720328,384.63805903973736,N/A,new_parameter_combo,rejected,no_support
1.0,70.0,4.0,0.7,False,4.0,43.5,1.0,1.0,1.0,2.500000000000001,False,2.4416063004773343,48.79663272963697,False,False,False,0.0,False,5.665760045680623,288.80740454049266,N/A,new_parameter_combo,rejected,no_support
1.0,70.0,4.25,0.7,False,4.25,43.411764705882355,1.0,1.0,1.0,2.625000000000001,False,2.348599235149952,48.66484184625957,False,False,False,0.0,False,5.437969572534262,229.9747620153332,N/A,new_parameter_combo,rejected,no_support
1.0,70.0,4.4,0.7,False,4.4,43.36363636363636,1.0,1.0,1.0,2.7000000000000015,False,2.279104729350308,48.59296190464693,False,False,False,0.0,False,5.333749111132783,207.21338570723137,N/A,new_parameter_combo,rejected,no_support
1.0,70.0,4.5,0.7,False,4.5,43.333333333333336,1.0,1.0,1.0,2.750000000000001,False,2.235155110355194,48.547711177408864,False,False,False,0.0,False,5.277791229567772,195.9366180364579,N/A,new_parameter_combo,rejected,no_support
1.0,70.0,4.75,0.7,False,4.75,43.26315789473684,1.0,1.0,1.0,2.875000000000001,False,2.16232690707516,48.44295853527142,False,False,False,0.0,False,5.185225016781154,178.61363633385082,N/A,new_parameter_combo,rejected,no_support
1.0,70.0,4.8,0.7,False,4.8,43.25,1.0,1.0,1.0,2.9000000000000012,False,2.167869380996288,48.42332602818169,False,False,False,0.0,False,5.174825229845415,176.7657182047594,N/A,new_parameter_combo,rejected,no_support
1.0,70.0,4.85,0.7,False,4.85,43.23711340206186,1.0,1.0,1.0,2.925000000000001,False,2.174133770737493,48.40410175855841,False,False,False,0.0,False,5.167129928116871,175.41067309527546,N/A,new_parameter_combo,rejected,no_support
1.0,70.0,5.0,0.7,False,5.0,43.199999999999996,1.0,1.0,1.0,3.000000000000001,False,2.1416693136382174,48.34875841303977,False,False,False,0.0,False,5.160270934174409,174.2116491009782,N/A,new_parameter_combo,rejected,no_support
1.0,70.0,5.4,0.7,False,5.4,43.11111111111111,1.0,1.0,1.0,3.200000000000001,False,2.127872488315645,48.216401836051844,False,False,False,0.0,False,5.199896433650475,181.25346914291848,N/A,new_parameter_combo,rejected,no_support
1.0,70.0,5.5,0.7,False,5.5,43.090909090909086,1.0,1.0,1.0,3.2500000000000013,False,2.126368107015014,48.186374065523786,False,False,False,0.0,False,5.2177597858641676,184.5203556025902,N/A,new_parameter_combo,rejected,no_support
1.0,70.0,6.0,0.7,False,6.0,43.0,1.0,1.0,1.0,3.5000000000000013,False,2.1677865368591434,48.05162656423607,False,False,False,0.0,False,5.354818411000686,211.62554399278983,N/A,new_parameter_combo,rejected,no_support
1.0,71.0,3.0,0.71,False,3.0,44.4,1.0,1.0,1.0,1.9000000000000006,False,2.625000000000001,50.134786942231166,False,False,False,0.0,False,5.934301924202082,377.7761876895424,N/A,new_parameter_combo,rejected,no_support
1.0,71.0,3.5,0.71,False,3.5,44.14285714285714,1.0,1.0,1.0,2.1250000000000004,False,2.5109105034075694,49.75090664523502,False,False,False,0.0,False,6.029913790565605,415.67919236919977,N/A,new_parameter_combo,rejected,no_support
1.0,71.0,3.6,0.71,False,3.6,44.1,1.0,1.0,1.0,2.170000000000001,False,2.493004523887282,49.68685251232254,False,False,False,0.0,False,5.99953176841142,403.2399396050074,N/A,new_parameter_combo,rejected,no_support
1.0,71.0,4.0,0.71,False,4.0,43.949999999999996,1.0,1.0,1.0,2.3500000000000005,False,2.446358836336659,49.46250300922012,False,False,False,0.0,False,5.712989028371716,302.7747193169874,N/A,new_parameter_combo,rejected,no_support
1.0,71.0,4.25,0.71,False,4.25,43.87058823529412,1.0,1.0,1.0,2.462500000000001,False,2.3665639649077734,49.34364402643307,False,False,False,0.0,False,5.485198555225353,241.09681027731673,N/A,new_parameter_combo,rejected,no_support
1.0,71.0,4.4,0.71,False,4.4,43.82727272727273,1.0,1.0,1.0,2.5300000000000016,False,2.302800424682601,49.27879541943166,False,False,False,0.0,False,5.380978093823875,217.23464741511904,N/A,new_parameter_combo,rejected,no_support
1.0,71.0,4.5,0.71,False,4.5,43.8,1.0,1.0,1.0,2.575000000000001,False,2.25931179696791,49.237961756325234,False,False,False,0.0,False,5.325020212258863,205.4125122736961,N/A,new_parameter_combo,rejected,no_support
1.0,71.0,4.75,0.71,False,4.75,43.73684210526315,1.0,1.0,1.0,2.6875000000000004,False,2.1597429930244867,49.14340158571027,False,False,False,0.0,False,5.232453999472246,187.25175586551063,N/A,new_parameter_combo,rejected,no_support
1.0,71.0,4.8,0.71,False,4.8,43.725,1.0,1.0,1.0,2.710000000000001,False,2.164289132481979,49.12567354644232,False,False,False,0.0,False,5.2220542125365075,185.31446864897757,N/A,new_parameter_combo,rejected,no_support
1.0,71.0,4.85,0.71,False,4.85,43.71340206185567,1.0,1.0,1.0,2.732500000000001,False,2.170563855079964,49.10831216997868,False,False,False,0.0,False,5.214358910807963,183.89389079593167,N/A,new_parameter_combo,rejected,no_support
1.0,71.0,5.0,0.71,False,5.0,43.68,1.0,1.0,1.0,2.800000000000001,False,2.157051204297011,49.058320014765265,False,False,False,0.0,False,5.2074999168655,182.63687955722992,N/A,new_parameter_combo,rejected,no_support
1.0,71.0,5.4,0.71,False,5.4,43.6,1.0,1.0,1.0,2.9800000000000018,False,2.1463981457315886,48.93867680379967,False,False,False,0.0,False,5.247125416341567,190.0192563701494,N/A,new_parameter_combo,rejected,no_support
1.0,71.0,5.5,0.71,False,5.5,43.58181818181818,1.0,1.0,1.0,3.0250000000000012,False,2.144906757880165,48.91151340058389,False,False,False,0.0,False,5.264988768555259,193.4441361180954,N/A,new_parameter_combo,rejected,no_support
1.0,71.0,6.0,0.71,False,6.0,43.5,1.0,1.0,1.0,3.2500000000000013,False,2.1818856523658616,48.789500568780966,False,False,False,0.0,False,5.402047393691777,221.86018666892573,N/A,new_parameter_combo,rejected,no_support
2.0,2.0,3.0,0.02,False,3.0,16.200000000000003,2.9000000000000004,3.0000000000000004,3.0,3.0,False,2.3079277744862168,8.466545233846311,False,False,False,0.0,False,6.799353611560216,897.2671210683825,N/A,new_parameter_combo,rejected,no_support
2.0,2.0,3.5,0.02,False,3.5,13.971428571428572,3.3500000000000005,3.5,3.5,3.4999999999999996,False,2.0360457828464815,5.229621689731517,False,False,False,0.0,False,6.89496547792374,987.2916408687324,N/A,new_parameter_combo,rejected,no_support
2.0,2.0,3.6,0.02,False,3.6,13.600000000000001,3.440000000000001,3.6,3.6,3.6000000000000005,False,1.9947637528907882,4.707897894776422,False,False,False,0.0,False,6.864583455769555,957.7468127941232,N/A,new_parameter_combo,rejected,no_support
2.0,2.0,4.0,0.02,False,4.0,12.3,3.8000000000000003,4.0,4.0,4.0,False,1.8124850456807442,3.039786869275003,False,False,False,0.0,False,6.57804071572985,719.1289699738828,N/A,new_parameter_combo,rejected,no_support
2.0,2.0,4.25,0.02,False,4.25,11.611764705882354,4.025,4.25,4.25,4.25,False,1.7335230142159432,2.5072602727004005,False,True,False,0.0,False,6.350250242583488,572.6359889948315,N/A,new_parameter_combo,rejected,no_support
2.0,2.0,4.4,0.02,False,4.4,11.236363636363636,4.160000000000001,4.4,4.4,4.4,False,1.6957305330789822,2.114171861423171,False,True,False,0.0,False,6.24602978118201,515.9602776304497,N/A,new_parameter_combo,rejected,no_support
2.0,2.0,4.5,0.02,False,4.5,11.0,4.25,4.5,4.5,4.5,False,1.674843885505849,1.7244140164934678,False,True,False,0.0,False,6.190071899616998,487.8811834236351,N/A,new_parameter_combo,rejected,no_support
2.0,2.0,4.75,0.02,False,4.75,10.452631578947368,4.4750000000000005,4.75,4.75,4.75,False,1.6248076809271925,0.8167842055151446,False,True,False,0.0,False,6.097505686830381,444.74704699630666,N/A,new_parameter_combo,rejected,no_support
2.0,2.0,4.8,0.02,False,4.8,10.350000000000001,4.5200000000000005,4.8,4.8,4.8,False,1.600499921899405,0.6630226057325362,False,True,False,0.0,False,6.087105899894642,440.1457402435109,N/A,new_parameter_combo,rejected,no_support
2.0,2.0,4.85,0.02,False,4.85,10.249484536082475,4.5649999999999995,4.85,4.85,4.85,False,1.5768322675541624,0.5333473223440401,False,True,False,0.0,False,6.079410598166098,436.77168480541803,N/A,new_parameter_combo,rejected,no_support
2.0,2.0,5.0,0.02,False,5.0,9.96,4.7,5.0,5.0,5.000000000000001,True,1.5099668870541503,0.40215205966091083,False,True,False,0.0,False,6.072551604223635,433.78612115144995,N/A,existing_parameter_combo,rejected,no_support
2.0,2.0,5.4,0.02,False,5.4,9.266666666666666,5.0600000000000005,5.4,5.4,5.4,False,1.3676256797823008,1.5257910073589196,False,True,False,0.0,False,6.112177103699702,451.32021727879476,N/A,new_parameter_combo,rejected,no_support
2.0,2.0,5.5,0.02,False,5.5,9.10909090909091,5.1499999999999995,5.5,5.499999999999999,5.5,False,1.3495464090590152,1.756509035438513,False,True,False,0.0,False,6.130040455913395,459.45474796544164,N/A,new_parameter_combo,rejected,no_support
2.0,2.0,6.0,0.02,False,6.0,8.4,5.6000000000000005,6.000000000000001,6.0,6.0,False,1.5169955537852058,3.1372185342465926,False,False,False,0.0,False,6.2670990810499125,526.9465293448185,N/A,new_parameter_combo,rejected,no_support
2.0,4.0,3.0,0.04,False,3.0,16.400000000000002,2.7999999999999994,3.0000000000000004,3.0,3.0,False,2.29444760147587,8.765771077688006,False,False,False,0.0,False,6.750695671417602,854.6531135087185,N/A,new_parameter_combo,rejected,no_support
2.0,4.0,3.5,0.04,False,3.5,14.228571428571428,3.1999999999999997,3.5,3.5,3.4999999999999996,False,2.023175111523409,5.608608189440237,False,False,False,0.0,False,6.846307537781125,940.4020887390635,N/A,new_parameter_combo,rejected,no_support
2.0,4.0,3.6,0.04,False,3.6,13.866666666666665,3.28,3.6,3.6,3.6000000000000005,False,1.9816249725636177,5.097374680399233,False,False,False,0.0,False,6.81592551562694,912.2604364828453,N/A,new_parameter_combo,rejected,no_support
2.0,4.0,4.0,0.04,False,4.0,12.6,3.5999999999999996,4.0,4.0,4.0,False,1.7934688768542657,3.432202751811306,False,False,False,0.0,False,6.529382775587236,684.9752975130541,N/A,new_parameter_combo,rejected,no_support
2.0,4.0,4.25,0.04,False,4.25,11.929411764705883,3.8,4.25,4.25,4.25,False,1.7136308272918357,2.7480565650362974,False,True,False,0.0,False,6.3015923024408735,545.4397240354003,N/A,new_parameter_combo,rejected,no_support
2.0,4.0,4.4,0.04,False,4.4,11.56363636363636,3.92,4.4,4.4,4.4,False,1.6753896896677205,2.505758736273766,False,True,False,0.0,False,6.197371841039395,491.4557185586201,N/A,new_parameter_combo,rejected,no_support
2.0,4.0,4.5,0.04,False,4.5,11.333333333333332,3.9999999999999996,4.5,4.5,4.5,False,1.6542462368840078,2.2389936019616794,False,True,False,0.0,False,6.141413959474384,464.7101879079663,N/A,new_parameter_combo,rejected,no_support
2.0,4.0,4.75,0.04,False,4.75,10.799999999999999,4.199999999999999,4.75,4.75,4.75,False,1.5974469426850706,1.3594188949248758,False,True,False,0.0,False,6.048847746687766,423.62462583785356,N/A,new_parameter_combo,rejected,no_support
2.0,4.0,4.8,0.04,False,4.8,10.700000000000001,4.239999999999999,4.8,4.8,4.8,False,1.572716355448076,1.204508877136765,False,True,False,0.0,False,6.038447959752027,419.2418494603985,N/A,new_parameter_combo,rejected,no_support
2.0,4.0,4.85,0.04,False,4.85,10.602061855670105,4.279999999999999,4.85,4.85,4.85,False,1.5486241424870915,1.0610909773544641,False,True,False,0.0,False,6.030752658023483,416.02803841393614,N/A,new_parameter_combo,rejected,no_support
2.0,4.0,5.0,0.04,False,5.0,10.319999999999999,4.3999999999999995,5.0,5.0,5.000000000000001,False,1.4804853037750423,0.7462806377086092,False,True,False,0.0,False,6.023893664081021,413.18426846792045,N/A,new_parameter_combo,rejected,no_support
2.0,4.0,5.4,0.04,False,5.4,9.644444444444442,4.72,5.4,5.4,5.4,False,1.3350043950091992,1.2184725462700878,False,True,False,0.0,False,6.063519163557087,429.88561581022907,N/A,new_parameter_combo,rejected,no_support
2.0,4.0,5.5,0.04,False,5.5,9.49090909090909,4.8,5.5,5.499999999999999,5.5,False,1.3373939019524477,1.3053668291948182,False,True,False,0.0,False,6.08138251577078,437.63381232276475,N/A,new_parameter_combo,rejected,no_support
2.0,4.0,6.0,0.04,False,6.0,8.8,5.2,6.000000000000001,6.0,6.0,False,1.5061946915918916,2.6776563838121947,False,True,False,0.0,False,6.218441140907298,501.92019899371695,N/A,new_parameter_combo,rejected,no_support
2.0,13.0,3.0,0.13,False,3.0,17.3,2.35,3.0000000000000004,3.0,3.0,False,2.2277683491786227,10.126039067505836,False,False,False,0.0,False,6.585922489300986,724.8193774769653,N/A,new_parameter_combo,rejected,no_support
2.0,13.0,3.5,0.13,False,3.5,15.385714285714286,2.525,3.5,3.5,3.4999999999999996,False,1.9846792732333465,7.33416826648627,False,False,False,0.0,False,6.6815343556645095,797.5418866018478,N/A,new_parameter_combo,rejected,no_support
2.0,13.0,3.6,0.13,False,3.6,15.066666666666666,2.56,3.6,3.6,3.6000000000000005,False,1.9423057991989943,6.915335399692193,False,False,False,0.0,False,6.651152333510324,773.6753440863879,N/A,new_parameter_combo,rejected,no_support
2.0,13.0,4.0,0.13,False,4.0,13.950000000000001,2.7,4.0,4.0,4.0,False,1.7368786511957575,5.413976537765919,False,False,False,0.0,False,6.36460959347062,580.91798986402,N/A,new_parameter_combo,rejected,no_support
2.0,13.0,4.25,0.13,False,4.25,13.358823529411765,2.7875000000000005,4.25,4.25,4.25,False,1.645835809005286,4.704792796360847,False,False,False,0.0,False,6.136819120324258,462.5798174460332,N/A,new_parameter_combo,rejected,no_support
2.0,13.0,4.4,0.13,False,4.4,13.036363636363637,2.8400000000000003,4.4,4.4,4.4,False,1.605981167450006,4.344010455598431,False,False,False,0.0,False,6.032598658922779,416.79673583675515,N/A,new_parameter_combo,rejected,no_support
2.0,13.0,4.5,0.13,False,4.5,12.833333333333334,2.875,4.5,4.5,4.5,False,1.5839114590797316,4.101544488378995,False,False,False,0.0,False,5.976640777357768,394.1142245698021,N/A,new_parameter_combo,rejected,no_support
2.0,13.0,4.75,0.13,False,4.75,12.363157894736842,2.9625,4.75,4.75,4.75,False,1.4952987552148034,3.612427931585129,False,False,False,0.0,False,5.88407456457115,359.27013279472834,N/A,new_parameter_combo,rejected,no_support
2.0,13.0,4.8,0.13,False,4.8,12.275,2.9800000000000004,4.8,4.8,4.8,False,1.4688493344611422,3.5357255240926104,False,False,False,0.0,False,5.8736747776354115,355.55316131786134,N/A,new_parameter_combo,rejected,no_support
2.0,13.0,4.85,0.13,False,4.85,12.188659793814434,2.9975,4.85,4.85,4.85,False,1.4430240356095738,3.4663583399128384,False,False,False,0.0,False,5.865979475906867,352.82757302337495,N/A,new_parameter_combo,rejected,no_support
2.0,13.0,5.0,0.13,False,5.0,11.940000000000001,3.0500000000000003,5.0,5.0,5.000000000000001,False,1.3696416930522157,3.203108653961009,False,False,False,0.0,False,5.859120481964404,350.41581142164557,N/A,new_parameter_combo,rejected,no_support
2.0,13.0,5.4,0.13,False,5.4,11.344444444444443,3.1900000000000004,5.4,5.4,5.4,False,1.2903100402616425,2.5652493576015214,False,True,False,0.0,False,5.898745981440471,364.579991007888,N/A,new_parameter_combo,rejected,no_support
2.0,13.0,5.5,0.13,False,5.5,11.209090909090909,3.225,5.5,5.499999999999999,5.5,False,1.3124404748406693,2.491066573950086,False,True,False,0.0,False,5.916609333654164,371.1511283313443,N/A,new_parameter_combo,rejected,no_support
2.0,13.0,6.0,0.13,False,6.0,10.600000000000001,3.4,6.000000000000001,6.0,6.0,False,1.468877816843977,2.4904973562293202,False,True,False,0.0,False,6.053667958790681,425.6715156447262,N/A,new_parameter_combo,rejected,no_support
2.0,19.0,3.0,0.19,False,3.0,17.9,2.05,3.0000000000000004,3.0,3.0,False,2.2211627726260863,11.042472075302118,False,False,False,0.0,False,6.525335108973377,682.2083494892755,N/A,new_parameter_combo,rejected,no_support
2.0,19.0,3.5,0.19,False,3.5,16.157142857142862,2.075,3.5,3.5,3.4999999999999996,False,1.9772617587208838,8.407815505409614,False,False,False,0.0,False,6.620946975336901,750.6556129902868,N/A,new_parameter_combo,rejected,no_support
2.0,19.0,3.6,0.19,False,3.6,15.866666666666669,2.08,3.6,3.6,3.6000000000000005,False,1.9347258365205142,8.022634041359893,False,False,False,0.0,False,6.590564953182716,728.1921481831467,N/A,new_parameter_combo,rejected,no_support
2.0,19.0,4.0,0.19,False,4.0,14.850000000000001,2.1,4.0,4.0,4.0,False,1.770395003773948,6.770156858953968,False,False,False,0.0,False,6.3040222131430115,546.7667054284229,N/A,new_parameter_combo,rejected,no_support
2.0,19.0,4.25,0.19,False,4.25,14.311764705882354,2.1125000000000003,4.25,4.25,4.25,False,1.6218533112662528,6.17931415201074,False,False,False,0.0,False,6.07623173999665,435.38545404980937,N/A,new_parameter_combo,rejected,no_support
2.0,19.0,4.4,0.19,False,4.4,14.01818181818182,2.12,4.4,4.4,4.4,False,1.5813943730977762,5.851543993762299,False,False,False,0.0,False,5.972011278595171,392.2938901240219,N/A,new_parameter_combo,rejected,no_support
2.0,19.0,4.5,0.19,False,4.5,13.833333333333334,2.125,4.5,4.5,4.5,False,1.5589766397432994,5.6290422489676795,False,False,False,0.0,False,5.91605339703016,370.9448491704473,N/A,new_parameter_combo,rejected,no_support
2.0,19.0,4.75,0.19,False,4.75,13.405263157894737,2.1375,4.75,4.75,4.75,False,1.4487151238956828,5.161101255352627,False,False,False,0.0,False,5.823487184243542,338.1491885162436,N/A,new_parameter_combo,rejected,no_support
2.0,19.0,4.8,0.19,False,4.8,13.325000000000001,2.14,4.8,4.8,4.8,False,1.42139913824516,5.082669419794533,False,False,False,0.0,False,5.813087397307803,334.6507321350703,N/A,new_parameter_combo,rejected,no_support
2.0,19.0,4.85,0.19,False,4.85,13.24639175257732,2.1425,4.85,4.85,4.85,False,1.3946954901354216,5.009298995078683,False,False,False,0.0,False,5.8053920955792595,332.0853770279247,N/A,new_parameter_combo,rejected,no_support
2.0,19.0,5.0,0.19,False,5.0,13.020000000000001,2.15,5.0,5.0,5.000000000000001,False,1.3186263724816378,4.819556125444938,False,False,False,0.0,False,5.798533101636796,329.8153992199295,N/A,new_parameter_combo,rejected,no_support
2.0,19.0,5.4,0.19,False,5.4,12.477777777777778,2.17,5.4,5.4,5.4,False,1.3016480918827646,4.1673790529785695,False,False,False,0.0,False,5.838158601112863,343.1468882469422,N/A,new_parameter_combo,rejected,no_support
2.0,19.0,5.5,0.19,False,5.5,12.354545454545455,2.1750000000000003,5.5,5.499999999999999,5.5,False,1.323588967580964,4.206219487285291,False,False,False,0.0,False,5.856021953326556,349.3317184087776,N/A,new_parameter_combo,rejected,no_support
2.0,19.0,6.0,0.19,False,6.0,11.8,2.2,6.000000000000001,6.0,6.0,False,1.3865424623862053,4.080436522452083,False,False,False,0.0,False,5.993080578463074,400.6469351349758,N/A,new_parameter_combo,rejected,no_support
2.0,22.0,3.0,0.22,False,3.0,18.2,2.0,2.9000000000000004,3.0,3.0,False,2.2228160070675025,11.499399821380367,False,False,False,0.0,False,6.509819841134614,671.7053930081174,N/A,new_parameter_combo,rejected,no_support
2.0,22.0,3.5,0.22,False,3.5,16.542857142857144,2.0,3.3500000000000005,3.5,3.4999999999999996,False,1.9371428571428575,9.00785395644117,False,False,False,0.0,False,6.605431707498138,739.0988748743193,N/A,new_parameter_combo,rejected,no_support
2.0,22.0,3.6,0.22,False,3.6,16.26666666666667,2.0,3.440000000000001,3.6,3.6000000000000005,False,1.935490234793137,8.611077939473912,False,False,False,0.0,False,6.575049685343953,716.9812469269333,N/A,new_parameter_combo,rejected,no_support
2.0,22.0,4.0,0.22,False,4.0,15.3,2.0,3.8,4.0,4.0,False,1.792459483858844,7.40394128605846,False,False,False,0.0,False,6.288506945304248,538.3489443195768,N/A,new_parameter_combo,rejected,no_support
2.0,22.0,4.25,0.22,False,4.25,14.788235294117646,2.0,4.025,4.25,4.25,False,1.617131656952633,6.820434272772769,False,False,False,0.0,False,6.060716472157886,428.6824659086678,N/A,new_parameter_combo,rejected,no_support
2.0,22.0,4.4,0.22,False,4.4,14.50909090909091,2.0,4.16,4.4,4.4,False,1.575964880992737,6.518667655273523,False,False,False,0.0,False,5.956496010756408,386.254319281945,N/A,new_parameter_combo,rejected,no_support
2.0,22.0,4.5,0.22,False,4.5,14.333333333333336,2.0,4.25,4.5,4.5,False,1.5534687979236828,6.329516219311821,False,False,False,0.0,False,5.900538129191396,365.23395804654996,N/A,new_parameter_combo,rejected,no_support
2.0,22.0,4.75,0.22,False,4.75,13.926315789473685,2.0,4.475,4.75,4.75,False,1.4325658441967632,5.8828152166909815,False,False,False,0.0,False,5.807971916404779,332.94320384340307,N/A,new_parameter_combo,rejected,no_support
2.0,22.0,4.8,0.22,False,4.8,13.85,2.0,4.5200000000000005,4.8,4.8,False,1.4049359052850723,5.800124208881666,False,False,False,0.0,False,5.79757212946904,329.4986080389146,N/A,new_parameter_combo,rejected,no_support
2.0,22.0,4.85,0.22,False,4.85,13.775257731958764,2.0,4.5649999999999995,4.85,4.85,False,1.377913240359924,5.721570684504073,False,False,False,0.0,False,5.789876827740496,326.97274792339323,N/A,new_parameter_combo,rejected,no_support
2.0,22.0,5.0,0.22,False,5.0,13.560000000000002,2.0,4.7,5.0,5.000000000000001,False,1.300863135752253,5.510571628789328,False,False,False,0.0,False,5.7830178337980325,324.7377176180904,N/A,new_parameter_combo,rejected,no_support
2.0,22.0,5.4,0.22,False,5.4,13.044444444444444,2.0,5.0600000000000005,5.4,5.4,False,1.3156832631676947,4.8852276256574125,False,False,False,0.0,False,5.8226433332741,337.8639613572309,N/A,new_parameter_combo,rejected,no_support
2.0,22.0,5.5,0.22,False,5.5,12.927272727272728,2.0,5.1499999999999995,5.499999999999999,5.5,False,1.3373939019524477,4.763591217223337,False,False,False,0.0,False,5.840506685487792,343.9535728046051,N/A,new_parameter_combo,rejected,no_support
2.0,22.0,6.0,0.22,False,6.0,12.4,2.0,5.6000000000000005,6.0,6.0,False,1.3516618644906606,4.6329127717793686,False,False,False,0.0,False,5.9775653106243105,394.4787647700393,N/A,new_parameter_combo,rejected,no_support
2.0,24.0,3.0,0.24,False,3.0,18.4,2.0,2.8000000000000003,3.0,3.0,False,2.193171219946132,11.8046912568081,False,False,False,0.0,False,6.50494981899212,668.4421254132629,N/A,new_parameter_combo,rejected,no_support
2.0,24.0,3.5,0.24,False,3.5,16.8,2.0,3.1999999999999997,3.5,3.4999999999999996,False,1.9209372712298556,9.409183357522378,False,False,False,0.0,False,6.600561685355643,735.5081974242395,N/A,new_parameter_combo,rejected,no_support
2.0,24.0,3.6,0.24,False,3.6,16.53333333333333,2.0,3.2800000000000007,3.6,3.6000000000000005,False,1.8867962264113212,9.017180164534446,False,False,False,0.0,False,6.570179663201459,713.4980209567835,N/A,new_parameter_combo,rejected,no_support
2.0,24.0,4.0,0.24,False,4.0,15.600000000000001,2.0,3.6,4.0,4.0,False,1.79609916924576,7.844009193833859,False,False,False,0.0,False,6.283636923161755,535.7335467315736,N/A,new_parameter_combo,rejected,no_support
2.0,24.0,4.25,0.24,False,4.25,15.105882352941176,2.0,3.8000000000000003,4.25,4.25,False,1.6362015805654568,7.266084769738046,False,False,False,0.0,False,6.055846450015392,426.5998481211023,N/A,new_parameter_combo,rejected,no_support
2.0,24.0,4.4,0.24,False,4.4,14.836363636363638,2.0,3.9200000000000004,4.4,4.4,False,1.5749285698088034,6.943101339209432,False,False,False,0.0,False,5.951625988613913,384.37782518705484,N/A,new_parameter_combo,rejected,no_support
2.0,24.0,4.5,0.24,False,4.5,14.666666666666668,2.0,4.000000000000001,4.5,4.5,False,1.5524174696260034,6.748900297283886,False,False,False,0.0,False,5.895668107048902,363.45958470930987,N/A,new_parameter_combo,rejected,no_support
2.0,24.0,4.75,0.24,False,4.75,14.273684210526316,2.0,4.2,4.75,4.75,False,1.4245658128363332,6.33424387274856,False,False,False,0.0,False,5.8031018942622845,331.3257048932103,N/A,new_parameter_combo,rejected,no_support
2.0,24.0,4.8,0.24,False,4.8,14.200000000000001,2.0,4.24,4.8,4.8,False,1.396777632660991,6.263092587908346,False,False,False,0.0,False,5.792702107326546,327.8978435648528,N/A,new_parameter_combo,rejected,no_support
2.0,24.0,4.85,0.24,False,4.85,14.127835051546393,2.0,4.28,4.85,4.85,False,1.3695940110492753,6.195770185842163,False,False,False,0.0,False,5.785006805598002,325.3842545395292,N/A,new_parameter_combo,rejected,no_support
2.0,24.0,5.0,0.24,False,5.0,13.92,2.0,4.4,5.0,5.000000000000001,False,1.2920478919537164,5.979387882200814,False,False,False,0.0,False,5.778147811655539,323.1600824200396,N/A,new_parameter_combo,rejected,no_support
2.0,24.0,5.4,0.24,False,5.4,13.42222222222222,2.0,4.720000000000001,5.4,5.4,False,1.3280344536961692,5.4418008974631205,False,False,False,0.0,False,5.817773311131606,336.22255646746385,N/A,new_parameter_combo,rejected,no_support
2.0,24.0,5.5,0.24,False,5.5,13.309090909090909,2.0,4.8,5.499999999999999,5.5,False,1.3495464090590152,5.266922146993065,False,False,False,0.0,False,5.835636663345299,342.28258346917454,N/A,new_parameter_combo,rejected,no_support
2.0,24.0,6.0,0.24,False,6.0,12.799999999999999,2.0,5.2,6.0,6.0,False,1.3309694180696774,4.570321254742357,False,False,False,0.0,False,5.972695288481816,392.5623148154429,N/A,new_parameter_combo,rejected,no_support
2.0,27.0,3.0,0.27,False,3.0,18.7,2.0,2.65,3.0,3.0,False,2.194845538705518,12.265513931500955,False,False,False,0.0,False,6.505855020403402,669.0474741084591,N/A,new_parameter_combo,rejected,no_support
2.0,27.0,3.5,0.27,False,3.5,17.18571428571429,2.0,2.9749999999999996,3.5,3.4999999999999996,False,1.9228486520721058,10.018236335240314,False,False,False,0.0,False,6.601466886766926,736.174281907383,N/A,new_parameter_combo,rejected,no_support
2.0,27.0,3.6,0.27,False,3.6,16.933333333333337,2.0,3.0400000000000005,3.6,3.6000000000000005,False,1.8739655649919273,9.636459873012782,False,False,False,0.0,False,6.571084864612741,714.14417277695,N/A,new_parameter_combo,rejected,no_support
2.0,27.0,4.0,0.27,False,4.0,16.05,2.0,3.3,4.0,4.0,False,1.8049401542597434,8.525709604701547,False,False,False,0.0,False,6.284542124573036,536.2187130476347,N/A,new_parameter_combo,rejected,no_support
2.0,27.0,4.25,0.27,False,4.25,15.58235294117647,2.0,3.4625,4.25,4.25,False,1.668071261875187,7.945330811338385,False,False,False,0.0,False,6.056751651426675,426.98618173416054,N/A,new_parameter_combo,rejected,no_support
2.0,27.0,4.4,0.27,False,4.4,15.32727272727273,2.0,3.56,4.4,4.4,False,1.5772593124706897,7.626524186459108,False,False,False,0.0,False,5.952531190025195,384.7259220620019,N/A,new_parameter_combo,rejected,no_support
2.0,27.0,4.5,0.27,False,4.5,15.166666666666666,2.0,3.6249999999999996,4.5,4.5,False,1.5547819585959677,7.432151658804504,False,False,False,0.0,False,5.896573308460185,363.7887377907745,N/A,new_parameter_combo,rejected,no_support
2.0,27.0,4.75,0.27,False,4.75,14.794736842105264,2.0,3.7875,4.75,4.75,False,1.4168087163677079,7.006229177179184,False,False,False,0.0,False,5.804007095673566,331.6257571722585,N/A,new_parameter_combo,rejected,no_support
2.0,27.0,4.8,0.27,False,4.8,14.725,2.0,3.82,4.8,4.8,False,1.388865342204028,6.9309114909361496,False,False,False,0.0,False,5.793607308737828,328.1947915341881,N/A,new_parameter_combo,rejected,no_support
2.0,27.0,4.85,0.27,False,4.85,14.656701030927836,2.0,3.8524999999999996,4.85,4.85,False,1.3615237562288482,6.858773226687754,False,False,False,0.0,False,5.7859120070092835,325.67892617441623,N/A,new_parameter_combo,rejected,no_support
2.0,27.0,5.0,0.27,False,5.0,14.46,2.0,3.95,5.0,5.000000000000001,False,1.312440474840669,6.6610134764655475,False,False,False,0.0,False,5.779053013066821,323.45273981967836,N/A,new_parameter_combo,rejected,no_support
2.0,27.0,5.4,0.27,False,5.4,13.988888888888889,2.0,4.21,5.4,5.4,False,1.3508885964430972,6.2637018470630315,False,False,False,0.0,False,5.818678512542888,336.52704339028827,N/A,new_parameter_combo,rejected,no_support
2.0,27.0,5.5,0.27,False,5.5,13.881818181818183,2.0,4.275,5.499999999999999,5.5,False,1.363986504212366,6.129843653029482,False,False,False,0.0,False,5.8365418647565805,342.59255842050385,N/A,new_parameter_combo,rejected,no_support
2.0,27.0,6.0,0.27,False,6.0,13.4,2.0,4.6,6.0,6.0,False,1.3040165580518794,5.50788337478956,False,False,False,0.0,False,5.973600489893098,392.917823656107,N/A,new_parameter_combo,rejected,no_support
2.0,30.0,3.0,0.3,False,3.0,19.0,2.0,2.5,3.0,3.0,False,2.1971931305784724,12.729464756681146,False,False,False,0.0,False,6.512323066856455,673.3889294821915,N/A,new_parameter_combo,rejected,no_support
2.0,30.0,3.5,0.3,False,3.5,17.57142857142857,2.0,2.75,3.5,3.4999999999999996,False,1.9285714285714295,10.634464869426202,False,False,False,0.0,False,6.607934933219979,740.9513237704427,N/A,new_parameter_combo,rejected,no_support
2.0,30.0,3.6,0.3,False,3.6,17.333333333333332,2.0,2.8000000000000003,3.6,3.6000000000000005,False,1.8798371618579213,10.272092488882588,False,False,False,0.0,False,6.577552911065794,718.7782610539496,N/A,new_parameter_combo,rejected,no_support
2.0,30.0,4.0,0.3,False,4.0,16.5,2.0,3.0000000000000004,4.0,4.0,False,1.7729118214199524,9.228207872244862,False,False,False,0.0,False,6.291010171026089,539.6982413372507,N/A,new_parameter_combo,rejected,no_support
2.0,30.0,4.25,0.3,False,4.25,16.058823529411764,2.0,3.1250000000000004,4.25,4.25,False,1.7036612734619165,8.65974867641046,False,False,False,0.0,False,6.0632196978797275,429.756899097184,N/A,new_parameter_combo,rejected,no_support
2.0,30.0,4.4,0.3,False,4.4,15.818181818181817,2.0,3.2000000000000006,4.4,4.4,False,1.6065060643190483,8.353754443780092,False,False,False,0.0,False,5.958999236478249,387.2224122011751,N/A,new_parameter_combo,rejected,no_support
2.0,30.0,4.5,0.3,False,4.5,15.666666666666664,2.0,3.2500000000000004,4.5,4.5,False,1.561853948070063,8.165805877593963,False,False,False,0.0,False,5.9030413549132374,366.1493663436133,N/A,new_parameter_combo,rejected,no_support
2.0,30.0,4.75,0.3,False,4.75,15.315789473684212,2.0,3.375,4.75,4.75,False,1.4142135623730956,7.748280186840159,False,False,False,0.0,False,5.81047514212662,333.7776798403208,N/A,new_parameter_combo,rejected,no_support
2.0,30.0,4.8,0.3,False,4.8,15.25,2.0,3.400000000000001,4.8,4.8,False,1.386217876093077,7.673294240957946,False,False,False,0.0,False,5.800075355190881,330.3244506338443,N/A,new_parameter_combo,rejected,no_support
2.0,30.0,4.85,0.3,False,4.85,15.185567010309278,2.0,3.4250000000000003,4.85,4.85,False,1.358823020117043,7.601029447864863,False,False,False,0.0,False,5.792380053462336,327.79225980000905,N/A,new_parameter_combo,rejected,no_support
2.0,30.0,5.0,0.3,False,5.0,15.0,2.0,3.500000000000001,5.0,5.000000000000001,False,1.3410512172720845,7.400109031910966,False,False,False,0.0,False,5.7855210595198745,325.5516277010056,N/A,new_parameter_combo,rejected,no_support
2.0,30.0,5.4,0.3,False,5.4,14.555555555555555,2.0,3.700000000000001,5.4,5.4,False,1.36913573215413,6.9736988484194855,False,False,False,0.0,False,5.825146558995941,338.7107705508757,N/A,new_parameter_combo,rejected,no_support
2.0,30.0,5.5,0.3,False,5.5,14.454545454545455,2.0,3.7500000000000004,5.499999999999999,5.5,False,1.3431800523612707,6.890413011980124,False,False,False,0.0,False,5.843009911209633,344.81564476536664,N/A,new_parameter_combo,rejected,no_support
2.0,30.0,6.0,0.3,False,6.0,14.0,2.0,4.000000000000001,6.0,6.0,False,1.2822373622154464,6.3348190281820544,False,False,False,0.0,False,5.980068536346151,395.46747112203633,N/A,new_parameter_combo,rejected,no_support
2.0,31.0,3.0,0.31,False,3.0,19.1,2.0,2.45,3.0,3.0,False,2.1932439165653745,12.88475183735686,False,False,False,0.0,False,6.512736494774911,673.6673848222584,N/A,new_parameter_combo,rejected,no_support
2.0,31.0,3.5,0.31,False,3.5,17.700000000000003,2.0,2.675,3.5,3.4999999999999996,False,1.9189841062395492,10.841257875238002,False,False,False,0.0,False,6.608348361138435,741.2577170653135,N/A,new_parameter_combo,rejected,no_support
2.0,31.0,3.6,0.31,False,3.6,17.466666666666665,2.0,2.72,3.6,3.6000000000000005,False,1.882657695918194,10.487162820959064,False,False,False,0.0,False,6.5779663389842495,719.0754854904546,N/A,new_parameter_combo,rejected,no_support
2.0,31.0,4.0,0.31,False,4.0,16.650000000000002,2.0,2.9000000000000004,4.0,4.0,False,1.7499714283381889,9.466199390386995,False,False,False,0.0,False,6.2914235989445455,539.9214137874433,N/A,new_parameter_combo,rejected,no_support
2.0,31.0,4.25,0.31,False,4.25,16.21764705882353,2.0,3.0125,4.25,4.25,False,1.7163120464578485,8.904252815313185,False,False,False,0.0,False,6.063633125798184,429.9346093300745,N/A,new_parameter_combo,rejected,no_support
2.0,31.0,4.4,0.31,False,4.4,15.98181818181818,2.0,3.0800000000000005,4.4,4.4,False,1.6199157511476723,8.603999073713748,False,False,False,0.0,False,5.959412664396704,387.3825338541308,N/A,new_parameter_combo,rejected,no_support
2.0,31.0,4.5,0.31,False,4.5,15.833333333333334,2.0,3.1250000000000004,4.5,4.5,False,1.5623112130848367,8.419306921308491,False,False,False,0.0,False,5.903454782831694,366.3007740099064,N/A,new_parameter_combo,rejected,no_support
2.0,31.0,4.75,0.31,False,4.75,15.489473684210529,2.0,3.2375000000000003,4.75,4.75,False,1.4145021479413222,8.007887790934106,False,False,False,0.0,False,5.810888570045075,333.9157013807372,N/A,new_parameter_combo,rejected,no_support
2.0,31.0,4.8,0.31,False,4.8,15.425,2.0,3.2600000000000007,4.8,4.8,False,1.386512288633106,7.9337684893228335,False,False,False,0.0,False,5.800488783109337,330.46104421774004,N/A,new_parameter_combo,rejected,no_support
2.0,31.0,4.85,0.31,False,4.85,15.361855670103093,2.0,3.2825,4.85,4.85,False,1.3591233669283351,7.8622503599864535,False,False,False,0.0,False,5.792793481380793,327.92780628908497,N/A,new_parameter_combo,rejected,no_support
2.0,31.0,5.0,0.31,False,5.0,15.18,2.0,3.3500000000000005,5.0,5.000000000000001,False,1.3516618644906604,7.662843031293223,False,False,False,0.0,False,5.78593448743833,325.6862476587027,N/A,new_parameter_combo,rejected,no_support
2.0,31.0,5.4,0.31,False,5.4,14.744444444444445,2.0,3.5300000000000007,5.4,5.4,False,1.3634597350048856,7.2350478100045015,False,False,False,0.0,False,5.8255599869143975,338.85083199036296,N/A,new_parameter_combo,rejected,no_support
2.0,31.0,5.5,0.31,False,5.5,14.645454545454545,2.0,3.575,5.499999999999999,5.5,False,1.3373939019524477,7.150175500490305,False,False,False,0.0,False,5.84342333912809,344.9582306520954,N/A,new_parameter_combo,rejected,no_support
2.0,31.0,6.0,0.31,False,6.0,14.200000000000001,2.0,3.8000000000000003,6.0,6.0,False,1.2761749288320912,6.63858898638634,False,False,False,0.0,False,5.980481964264607,395.63100221727035,N/A,new_parameter_combo,rejected,no_support
2.0,37.0,3.0,0.37,False,3.0,19.700000000000003,2.0,2.15,3.0,3.0,False,2.1572167678917835,13.822408459145175,False,False,False,0.0,False,6.493166635899024,660.6119721241909,N/A,new_parameter_combo,rejected,no_support
2.0,37.0,3.5,0.37,False,3.5,18.47142857142857,2.0,2.225,3.5,3.4999999999999996,False,1.9348574803813736,12.094052745627657,False,False,False,0.0,False,6.588778502262548,726.8924299370544,N/A,new_parameter_combo,rejected,no_support
2.0,37.0,3.6,0.37,False,3.6,18.26666666666667,2.0,2.24,3.6,3.6000000000000005,False,1.8692440903712273,11.791802552829441,False,False,False,0.0,False,6.558396480108363,705.1400814087834,N/A,new_parameter_combo,rejected,no_support
2.0,37.0,4.0,0.37,False,4.0,17.549999999999997,2.0,2.3000000000000003,4.0,4.0,False,1.7401032106382288,10.904300358339906,False,False,False,0.0,False,6.271853740068658,529.4579461469859,N/A,new_parameter_combo,rejected,no_support
2.0,37.0,4.25,0.37,False,4.25,17.17058823529412,2.0,2.3375000000000004,4.25,4.25,False,1.6672695508231539,10.422289175919072,False,False,False,0.0,False,6.044063266922296,421.6026433117589,N/A,new_parameter_combo,rejected,no_support
2.0,37.0,4.4,0.37,False,4.4,16.96363636363636,2.0,2.3600000000000003,4.4,4.4,False,1.6365818036383033,10.167265315802439,False,False,False,0.0,False,5.939842805520818,379.8752105586399,N/A,new_parameter_combo,rejected,no_support
2.0,37.0,4.5,0.37,False,4.5,16.833333333333332,2.0,2.3750000000000004,4.5,4.5,False,1.5962328099852703,10.010200771366282,False,False,False,0.0,False,5.883884923955806,359.2020070455792,N/A,new_parameter_combo,rejected,no_support
2.0,37.0,4.75,0.37,False,4.75,16.53157894736842,2.0,2.4125000000000005,4.75,4.75,False,1.5098359486502948,9.659095127329758,False,False,False,0.0,False,5.791318711169189,327.4445445663988,N/A,new_parameter_combo,rejected,no_support
2.0,37.0,4.8,0.37,False,4.8,16.475,2.0,2.4200000000000004,4.8,4.8,False,1.4836457096748992,9.595541772344486,False,False,False,0.0,False,5.7809189242334496,324.05683731965,N/A,new_parameter_combo,rejected,no_support
2.0,37.0,4.85,0.37,False,4.85,16.41958762886598,2.0,2.4275,4.85,4.85,False,1.458082505154196,9.534090670910784,False,False,False,0.0,False,5.773223622504906,321.5726925597698,N/A,new_parameter_combo,rejected,no_support
2.0,37.0,5.0,0.37,False,5.0,16.26,2.0,2.45,5.0,5.000000000000001,False,1.4257293156951827,9.361887433823048,False,False,False,0.0,False,5.766364628562443,319.3745744664625,N/A,new_parameter_combo,rejected,no_support
2.0,37.0,5.4,0.37,False,5.4,15.87777777777778,2.0,2.5100000000000002,5.4,5.4,False,1.3417328119918328,8.984592064228558,False,False,False,0.0,False,5.80599012803851,332.2840342584452,N/A,new_parameter_combo,rejected,no_support
2.0,37.0,5.5,0.37,False,5.5,15.790909090909091,2.0,2.5250000000000004,5.499999999999999,5.5,False,1.31523645736252,8.907331532458038,False,False,False,0.0,False,5.823853480252202,338.27307390230476,N/A,new_parameter_combo,rejected,no_support
2.0,37.0,6.0,0.37,False,6.0,15.399999999999999,2.0,2.6000000000000005,6.0,6.0,False,1.2806248474865698,8.611572715999595,False,False,False,0.0,False,5.96091210538872,387.96382680330976,N/A,new_parameter_combo,rejected,no_support
2.0,38.0,3.0,0.38,False,3.0,19.8,2.0,2.1,3.0,3.0,False,2.1524813635449127,13.97958513666113,False,False,False,0.0,False,6.486229921688605,656.0453526480611,N/A,new_parameter_combo,rejected,no_support
2.0,38.0,3.5,0.38,False,3.5,18.6,2.0,2.15,3.5,3.4999999999999996,False,1.9413859976410508,12.304585692112736,False,False,False,0.0,False,6.581841788052129,721.8676328282037,N/A,new_parameter_combo,rejected,no_support
2.0,38.0,3.6,0.38,False,3.6,18.4,2.0,2.16,3.6,3.6000000000000005,False,1.8760009573123189,12.011268958036991,False,False,False,0.0,False,6.5514597658979445,700.2656519932722,N/A,new_parameter_combo,rejected,no_support
2.0,38.0,4.0,0.38,False,4.0,17.700000000000003,2.0,2.2,4.0,4.0,False,1.732772345116346,11.148030863740878,False,False,False,0.0,False,6.26491702585824,525.7979565151118,N/A,new_parameter_combo,rejected,no_support
2.0,38.0,4.25,0.38,False,4.25,17.32941176470588,2.0,2.225,4.25,4.25,False,1.6643316977093248,10.682186344340534,False,False,False,0.0,False,6.037126552711878,418.68822619039724,N/A,new_parameter_combo,rejected,no_support
2.0,38.0,4.4,0.38,False,4.4,17.12727272727273,2.0,2.24,4.4,4.4,False,1.640318535516558,10.43605250540542,False,False,False,0.0,False,5.932906091310399,377.24924310991514,N/A,new_parameter_combo,rejected,no_support
2.0,38.0,4.5,0.38,False,4.5,17.0,2.0,2.25,4.5,4.5,False,1.6031219541881407,10.284595579200328,False,False,False,0.0,False,5.876948209745388,356.7189474728549,N/A,new_parameter_combo,rejected,no_support
2.0,38.0,4.75,0.38,False,4.75,16.705263157894738,2.0,2.2750000000000004,4.75,4.75,False,1.527841113921129,9.946438973954372,False,False,False,0.0,False,5.7843819969587695,325.1810151456992,N/A,new_parameter_combo,rejected,no_support
2.0,38.0,4.8,0.38,False,4.8,16.650000000000002,2.0,2.2800000000000002,4.8,4.8,False,1.501964869558458,9.88529701754917,False,False,False,0.0,False,5.773982210023031,321.81672613922666,N/A,new_parameter_combo,rejected,no_support
2.0,38.0,4.85,0.38,False,4.85,16.595876288659795,2.0,2.285,4.85,4.85,False,1.4767188186610734,9.82619904123818,False,False,False,0.0,False,5.766286908294488,319.34975355351327,N/A,new_parameter_combo,rejected,no_support
2.0,38.0,5.0,0.38,False,5.0,16.44,2.0,2.3000000000000003,5.0,5.000000000000001,False,1.4396888836247415,9.660709654020415,False,False,False,0.0,False,5.759427914352024,317.1668304147619,N/A,new_parameter_combo,rejected,no_support
2.0,38.0,5.4,0.38,False,5.4,16.066666666666666,2.0,2.3400000000000003,5.4,5.4,False,1.340210918520831,9.298841108359202,False,False,False,0.0,False,5.799053413828092,329.9870508453648,N/A,new_parameter_combo,rejected,no_support
2.0,38.0,5.5,0.38,False,5.5,15.98181818181818,2.0,2.35,5.499999999999999,5.5,False,1.3136838684106806,9.22488583113151,False,False,False,0.0,False,5.816916766041784,335.93468999054284,N/A,new_parameter_combo,rejected,no_support
2.0,38.0,6.0,0.38,False,6.0,15.600000000000001,2.0,2.4000000000000004,6.0,6.0,False,1.3030576286847293,8.942439619113125,False,False,False,0.0,False,5.953975391178301,385.2819450901806,N/A,new_parameter_combo,rejected,no_support
2.0,40.0,3.0,0.4,False,3.0,20.000000000000004,2.0,2.0,3.0,3.0,False,2.1720041530384626,14.294634148544276,False,False,False,0.0,False,6.469206432355394,644.9716951570315,N/A,new_parameter_combo,rejected,no_support
2.0,40.0,3.5,0.4,False,3.5,18.857142857142858,2.0,2.0,3.5,3.4999999999999996,False,1.9556302809882982,12.726916968690716,False,False,False,0.0,False,6.564818298718918,709.6829341826999,N/A,new_parameter_combo,rejected,no_support
2.0,40.0,3.6,0.4,False,3.6,18.666666666666668,2.0,2.0,3.6,3.6000000000000005,False,1.8907378972026687,12.451663923303455,False,False,False,0.0,False,6.534436276564733,688.4455820063334,N/A,new_parameter_combo,rejected,no_support
2.0,40.0,4.0,0.4,False,4.0,18.000000000000004,2.0,2.0,4.0,4.0,False,1.6937008144827683,11.638980248283962,False,False,False,0.0,False,6.247893536525028,516.9227980273187,N/A,new_parameter_combo,rejected,no_support
2.0,40.0,4.25,0.4,False,4.25,17.647058823529413,2.0,2.0,4.25,4.25,False,1.678981712776151,11.206663902554675,False,False,False,0.0,False,6.0201030633786665,411.6210165933095,N/A,new_parameter_combo,rejected,no_support
2.0,40.0,4.4,0.4,False,4.4,17.454545454545453,2.0,2.0,4.4,4.4,False,1.6479449168523785,10.97914918119658,False,False,False,0.0,False,5.915882601977188,370.88149903538255,N/A,new_parameter_combo,rejected,no_support
2.0,40.0,4.5,0.4,False,4.5,17.333333333333336,2.0,2.0,4.5,4.5,False,1.6183261697929554,10.839522182662163,False,False,False,0.0,False,5.8599247204121765,350.6977426446667,N/A,new_parameter_combo,rejected,no_support
2.0,40.0,4.75,0.4,False,4.75,17.05263157894737,2.0,2.0,4.75,4.75,False,1.5647952529559483,10.529009434533268,False,False,False,0.0,False,5.767358507625558,319.69215195998504,N/A,new_parameter_combo,rejected,no_support
2.0,40.0,4.8,0.4,False,4.8,17.0,2.0,2.0,4.8,4.8,False,1.539540250748083,10.473077353867867,False,False,False,0.0,False,5.75695872068982,316.38465016190924,N/A,new_parameter_combo,rejected,no_support
2.0,40.0,4.85,0.4,False,4.85,16.948453608247423,2.0,2.0,4.85,4.85,False,1.5149205205797005,10.419085938286601,False,False,False,0.0,False,5.7492634189612755,313.95931861418734,N/A,new_parameter_combo,rejected,no_support
2.0,40.0,5.0,0.4,False,5.0,16.8,2.0,2.0,5.0,5.000000000000001,False,1.468877816843977,10.268306982777055,False,False,False,0.0,False,5.742404425018813,311.81324192678323,N/A,new_parameter_combo,rejected,no_support
2.0,40.0,5.4,0.4,False,5.4,16.444444444444446,2.0,2.0,5.4,5.4,False,1.3389921583041482,9.94135066937425,False,False,False,0.0,False,5.78202992449488,324.4170646198899,N/A,new_parameter_combo,rejected,no_support
2.0,40.0,5.5,0.4,False,5.5,16.363636363636367,2.0,2.0,5.499999999999999,5.5,False,1.3124404748406693,9.875173461090341,False,False,False,0.0,False,5.7998932767085725,330.26431113442413,N/A,new_parameter_combo,rejected,no_support
2.0,40.0,6.0,0.4,False,6.0,16.0,2.0,2.0,6.0,6.0,False,1.3486198538521084,9.626151977519957,False,False,False,0.0,False,5.93695190184509,378.77861375769714,N/A,new_parameter_combo,rejected,no_support
2.0,50.0,3.0,0.5,False,3.0,21.000000000000004,2.0,2.0,2.5,3.0,False,2.107324447381232,15.684221152442719,False,False,False,0.0,False,6.321087767441843,556.1776554709099,N/A,new_parameter_combo,rejected,no_support
2.0,50.0,3.5,0.5,False,3.5,20.142857142857146,2.0,2.0,2.7499999999999996,3.4999999999999996,False,1.9849055714444008,14.490526874464445,False,False,False,0.0,False,6.416699633805367,611.9800193175145,N/A,new_parameter_combo,rejected,no_support
2.0,50.0,3.6,0.5,False,3.6,20.000000000000004,2.0,2.0,2.8,3.6000000000000005,False,1.9622054244015898,14.294111247247933,False,False,False,0.0,False,6.386317611651182,593.6664393099674,N/A,new_parameter_combo,rejected,no_support
2.0,50.0,4.0,0.5,False,4.0,19.5,2.0,2.0,3.0,4.0,False,1.7570127710267285,13.615576338210616,False,False,False,0.0,False,6.099774871611477,445.7574061390382,N/A,new_parameter_combo,rejected,no_support
2.0,50.0,4.25,0.5,False,4.25,19.23529411764706,2.0,2.0,3.125,4.25,False,1.731789212794393,13.261307948366017,False,False,False,0.0,False,5.871984398465115,354.95264934948915,N/A,new_parameter_combo,rejected,no_support
2.0,50.0,4.4,0.5,False,4.4,19.09090909090909,2.0,2.0,3.2,4.4,False,1.7060044022241454,13.05274358273108,False,False,False,0.0,False,5.767763937063637,319.8217908474472,N/A,new_parameter_combo,rejected,no_support
2.0,50.0,4.5,0.5,False,4.5,19.0,2.0,2.0,3.2500000000000004,4.5,False,1.6632890946089016,12.922129301808637,False,False,False,0.0,False,5.711806055498625,302.41675680909117,N/A,new_parameter_combo,rejected,no_support
2.0,50.0,4.75,0.5,False,4.75,18.789473684210527,2.0,2.0,3.375,4.75,False,1.6260789196903163,12.627615959726311,False,False,False,0.0,False,5.619239842712007,275.67974359907987,N/A,new_parameter_combo,rejected,no_support
2.0,50.0,4.8,0.5,False,4.8,18.75,2.0,2.0,3.4,4.8,False,1.6298140622632453,12.585302552780703,False,False,False,0.0,False,5.608840055776269,272.8275896063814,N/A,new_parameter_combo,rejected,no_support
2.0,50.0,4.85,0.5,False,4.85,18.711340206185568,2.0,2.0,3.425,4.85,False,1.641478303361992,12.544264029935988,False,False,False,0.0,False,5.601144754047725,270.7361564100409,N/A,new_parameter_combo,rejected,no_support
2.0,50.0,5.0,0.5,False,5.0,18.6,2.0,2.0,3.5,5.000000000000001,False,1.6370861371376169,12.42846400952067,False,False,False,0.0,False,5.594285760105262,268.88553271690233,N/A,new_parameter_combo,rejected,no_support
2.0,50.0,5.4,0.5,False,5.4,18.333333333333336,2.0,2.0,3.7,5.4,False,1.5324398646522839,12.145392485401079,False,False,False,0.0,False,5.633911259581329,279.75417177201064,N/A,new_parameter_combo,rejected,no_support
2.0,50.0,5.5,0.5,False,5.5,18.272727272727273,2.0,2.0,3.7499999999999996,5.5,False,1.5092951794713685,12.077560931362413,False,False,False,0.0,False,5.651774611795021,284.79642072934246,N/A,new_parameter_combo,rejected,no_support
2.0,50.0,6.0,0.5,False,6.0,18.0,2.0,2.0,4.0,6.0,False,1.506787364980643,11.791940519691579,False,False,False,0.0,False,5.788833236931539,326.6317001569904,N/A,new_parameter_combo,rejected,no_support
2.0,55.0,3.0,0.55,False,3.0,21.5,2.0,2.0,2.2499999999999996,3.0,False,2.1083539195305905,16.390412622006686,False,False,False,0.0,False,6.210344078639101,497.87252912086075,N/A,new_parameter_combo,rejected,no_support
2.0,55.0,3.5,0.55,False,3.5,20.785714285714285,2.0,2.0,2.3749999999999996,3.4999999999999996,False,1.9506809708406967,15.389322291379507,False,False,False,0.0,False,6.305955945002625,547.8250285532738,N/A,new_parameter_combo,rejected,no_support
2.0,55.0,3.6,0.55,False,3.6,20.666666666666668,2.0,2.0,2.3999999999999995,3.6000000000000005,False,1.927577819440762,15.224200807152773,False,False,False,0.0,False,6.275573922848439,531.4312948138358,N/A,new_parameter_combo,rejected,no_support
2.0,55.0,4.0,0.55,False,4.0,20.25,2.0,2.0,2.4999999999999996,4.0,False,1.8245491475530982,14.65245020413139,False,False,False,0.0,False,5.989031182808735,399.02783757267537,N/A,new_parameter_combo,rejected,no_support
2.0,55.0,4.25,0.55,False,4.25,20.029411764705884,2.0,2.0,2.562499999999999,4.25,False,1.699699853455526,14.355137573398373,False,False,False,0.0,False,5.761240709662372,317.74231041366096,N/A,new_parameter_combo,rejected,no_support
2.0,55.0,4.4,0.55,False,4.4,19.90909090909091,2.0,2.0,2.5999999999999996,4.4,False,1.661386192801859,14.195153491428512,False,False,False,0.0,False,5.657020248260894,286.2942844087516,N/A,new_parameter_combo,rejected,no_support
2.0,55.0,4.5,0.55,False,4.5,19.833333333333336,2.0,2.0,2.624999999999999,4.5,False,1.6633111800359712,14.095385591325977,False,False,False,0.0,False,5.601062366695883,270.71385209387574,N/A,new_parameter_combo,rejected,no_support
2.0,55.0,4.75,0.55,False,4.75,19.657894736842106,2.0,2.0,2.6874999999999996,4.75,False,1.584362358058489,13.867783698938636,False,False,False,0.0,False,5.508496153909265,246.77972914401477,N/A,new_parameter_combo,rejected,no_support
2.0,55.0,4.8,0.55,False,4.8,19.625,2.0,2.0,2.6999999999999993,4.8,False,1.5755329516175327,13.825726048944215,False,False,False,0.0,False,5.498096366973526,244.22657169905278,N/A,new_parameter_combo,rejected,no_support
2.0,55.0,4.85,0.55,False,4.85,19.59278350515464,2.0,2.0,2.7124999999999995,4.85,False,1.5922010179724964,13.784749359046849,False,False,False,0.0,False,5.490401065244982,242.3543872905156,N/A,new_parameter_combo,rejected,no_support
2.0,55.0,5.0,0.55,False,5.0,19.5,2.0,2.0,2.749999999999999,5.000000000000001,False,1.6470288648450138,13.668022936793431,False,False,False,0.0,False,5.483542071302519,240.69776788214756,N/A,new_parameter_combo,rejected,no_support
2.0,55.0,5.4,0.55,False,5.4,19.27777777777778,2.0,2.0,2.849999999999999,5.4,False,1.5749285698088034,13.366824367229023,False,False,False,0.0,False,5.523167570778586,250.42702751931654,N/A,new_parameter_combo,rejected,no_support
2.0,55.0,5.5,0.55,False,5.5,19.22727272727273,2.0,2.0,2.874999999999999,5.5,False,1.5662251512760852,13.298958829072792,False,False,False,0.0,False,5.541030922992279,254.94068824651427,N/A,new_parameter_combo,rejected,no_support
2.0,55.0,6.0,0.55,False,6.0,19.000000000000004,2.0,2.0,2.9999999999999987,6.0,False,1.585525246132161,13.040044964673193,False,False,False,0.0,False,5.6780895481287965,292.39029840297695,N/A,new_parameter_combo,rejected,no_support
2.0,58.0,3.0,0.58,False,3.0,21.8,2.0,2.0,2.1,3.0,False,2.093784076786354,16.817225562642243,False,False,False,0.0,False,6.170053854553467,478.2118592819357,N/A,new_parameter_combo,rejected,no_support
2.0,58.0,3.5,0.58,False,3.5,21.17142857142857,2.0,2.0,2.1500000000000004,3.4999999999999996,False,2.0,15.935368684231905,False,False,False,0.0,False,6.265665720916991,526.1917662503621,N/A,new_parameter_combo,rejected,no_support
2.0,58.0,3.6,0.58,False,3.6,21.066666666666666,2.0,2.0,2.16,3.6000000000000005,False,1.9530488985173922,15.789919691219843,False,False,False,0.0,False,6.235283698762807,510.44541064011656,N/A,new_parameter_combo,rejected,no_support
2.0,58.0,4.0,0.58,False,4.0,20.7,2.0,2.0,2.2,4.0,False,1.8503869217555784,15.286365017954887,False,False,False,0.0,False,5.948740958723102,383.2704817994828,N/A,new_parameter_combo,rejected,no_support
2.0,58.0,4.25,0.58,False,4.25,20.50588235294118,2.0,2.0,2.225,4.25,False,1.7487021426399267,15.02459824334315,False,False,False,0.0,False,5.72095048557674,305.1948684611374,N/A,new_parameter_combo,rejected,no_support
2.0,58.0,4.4,0.58,False,4.4,20.4,2.0,2.0,2.24,4.4,False,1.6829614326161697,14.88377823006504,False,False,False,0.0,False,5.616730024175261,274.98870502185343,N/A,new_parameter_combo,rejected,no_support
2.0,58.0,4.5,0.58,False,4.5,20.333333333333336,2.0,2.0,2.2500000000000004,4.5,False,1.6492422502470638,14.795977542558083,False,False,False,0.0,False,5.56077214261025,260.02353407966524,N/A,new_parameter_combo,rejected,no_support
2.0,58.0,4.75,0.58,False,4.75,20.178947368421053,2.0,2.0,2.2750000000000004,4.75,False,1.6248076809271925,14.595733350163263,False,False,False,0.0,False,5.4682059298236325,237.03455443793672,N/A,new_parameter_combo,rejected,no_support
2.0,58.0,4.8,0.58,False,4.8,20.15,2.0,2.0,2.2800000000000002,4.8,False,1.607980099379342,14.558740981419112,False,False,False,0.0,False,5.457806142887893,234.58221955826232,N/A,new_parameter_combo,rejected,no_support
2.0,58.0,4.85,0.58,False,4.85,20.121649484536082,2.0,2.0,2.285,4.85,False,1.604493689610526,14.522702751689923,False,False,False,0.0,False,5.450110841159349,232.78396652247778,N/A,new_parameter_combo,rejected,no_support
2.0,58.0,5.0,0.58,False,5.0,20.040000000000003,2.0,2.0,2.3000000000000003,5.000000000000001,False,1.611707802554895,14.420063777488698,False,False,False,0.0,False,5.443251847216887,231.19276596197085,N/A,new_parameter_combo,rejected,no_support
2.0,58.0,5.4,0.58,False,5.4,19.844444444444445,2.0,2.0,2.3400000000000003,5.4,False,1.631686244349691,14.182664417587732,False,False,False,0.0,False,5.482877346692954,240.53782331780224,N/A,new_parameter_combo,rejected,no_support
2.0,58.0,5.5,0.58,False,5.5,19.8,2.0,2.0,2.3500000000000005,5.5,False,1.6492422502470638,14.130739403048006,False,False,False,0.0,False,5.500740698906646,244.8732424507526,N/A,new_parameter_combo,rejected,no_support
2.0,58.0,6.0,0.58,False,6.0,19.6,2.0,2.0,2.4000000000000004,6.0,False,1.6646420525942824,13.89942875402773,False,False,False,0.0,False,5.637799324043163,280.84399129670516,N/A,new_parameter_combo,rejected,no_support
2.0,60.0,3.0,0.6,False,3.0,22.0,2.0,2.0,2.0,3.0,False,2.085971883554425,17.102951147345184,False,False,False,0.0,False,6.164857654229583,475.7334194753024,N/A,new_parameter_combo,rejected,no_support
2.0,60.0,3.5,0.6,False,3.5,21.42857142857143,2.0,2.0,2.0,3.4999999999999996,False,2.040408122440815,16.301905909666665,False,False,False,0.0,False,6.260469520593107,523.4646598558118,N/A,new_parameter_combo,rejected,no_support
2.0,60.0,3.6,0.6,False,3.6,21.333333333333336,2.0,2.0,2.0,3.6000000000000005,False,2.0001306079802865,16.169887914374538,False,False,False,0.0,False,6.230087498438921,507.79991325169215,N/A,new_parameter_combo,rejected,no_support
2.0,60.0,4.0,0.6,False,4.0,21.0,2.0,2.0,2.0,4.0,False,1.8415424781903877,15.713229277337183,False,False,False,0.0,False,5.943544758399217,381.28409689421153,N/A,new_parameter_combo,rejected,no_support
2.0,60.0,4.25,0.6,False,4.25,20.823529411764707,2.0,2.0,2.0,4.25,False,1.7829120870654513,15.476191440390545,False,False,False,0.0,False,5.715754285252855,303.6131278662676,N/A,new_parameter_combo,rejected,no_support
2.0,60.0,4.4,0.6,False,4.4,20.727272727272727,2.0,2.0,2.0,4.4,False,1.725260110528146,15.348817367092483,False,False,False,0.0,False,5.611533823851376,273.5635146179095,N/A,new_parameter_combo,rejected,no_support
2.0,60.0,4.5,0.6,False,4.5,20.666666666666668,2.0,2.0,2.0,4.5,False,1.7047353017344338,15.269462788467637,False,False,False,0.0,False,5.5555759422863655,258.67590401776715,N/A,new_parameter_combo,rejected,no_support
2.0,60.0,4.75,0.6,False,4.75,20.526315789473685,2.0,2.0,2.0,4.75,False,1.65369098611289,15.088702479415641,False,False,False,0.0,False,5.463009729499747,235.80606989941273,N/A,new_parameter_combo,rejected,no_support
2.0,60.0,4.8,0.6,False,4.8,20.5,2.0,2.0,2.0,4.8,False,1.6367439055163457,15.055349090915369,False,False,False,0.0,False,5.452609942564009,233.36644479317266,N/A,new_parameter_combo,rejected,no_support
2.0,60.0,4.85,0.6,False,4.85,20.474226804123713,2.0,2.0,2.0,4.85,False,1.6450321006730844,15.02286967098113,False,False,False,0.0,False,5.4449146408354645,231.5775116055261,N/A,new_parameter_combo,rejected,no_support
2.0,60.0,5.0,0.6,False,5.0,20.400000000000002,2.0,2.0,2.0,5.000000000000001,False,1.6065275012413884,14.930448222809105,False,False,False,0.0,False,5.438055646893002,229.9945577974425,N/A,new_parameter_combo,rejected,no_support
2.0,60.0,5.4,0.6,False,5.4,20.22222222222222,2.0,2.0,2.0,5.4,False,1.6877566320354338,14.717270897733144,False,False,False,0.0,False,5.477681146369068,239.29118230558007,N/A,new_parameter_combo,rejected,no_support
2.0,60.0,5.5,0.6,False,5.5,20.181818181818183,2.0,2.0,2.0,5.5,False,1.7047353017344338,14.670786734258359,False,False,False,0.0,False,5.4955444985827615,243.60413216022025,N/A,new_parameter_combo,rejected,no_support
2.0,60.0,6.0,0.6,False,6.0,20.0,2.0,2.0,2.0,6.0,False,1.6760926321297385,14.473610261554049,False,False,False,0.0,False,5.632603123719279,279.3884545634073,N/A,new_parameter_combo,rejected,no_support
2.0,65.0,3.0,0.65,False,3.0,22.5,2.0,2.0,2.0,2.75,False,2.0732142857142866,17.808960202716648,False,False,False,0.0,False,6.227690975152748,506.5844160003506,N/A,new_parameter_combo,rejected,no_support
2.0,65.0,3.5,0.65,False,3.5,22.071428571428573,2.0,2.0,2.0,3.125,False,2.046799392979694,17.20013048768074,False,False,False,0.0,False,6.323302841516272,557.4109956419518,N/A,new_parameter_combo,rejected,no_support
2.0,65.0,3.6,0.65,False,3.6,22.0,2.0,2.0,2.0,3.2,False,2.0352886773133694,17.0992086936348,False,False,False,0.0,False,6.292920819362086,540.7304006167091,N/A,new_parameter_combo,rejected,no_support
2.0,65.0,4.0,0.65,False,4.0,21.750000000000004,2.0,2.0,2.0,3.4999999999999996,False,1.9120077064143222,16.748081564967972,False,False,False,0.0,False,6.006378079322382,406.01011753264623,N/A,new_parameter_combo,rejected,no_support
2.0,65.0,4.25,0.65,False,4.25,21.61764705882353,2.0,2.0,2.0,3.6874999999999996,False,1.854662629533403,16.564082907949704,False,False,False,0.0,False,5.7785876061760195,323.30223771079363,N/A,new_parameter_combo,rejected,no_support
2.0,65.0,4.4,0.65,False,4.4,21.545454545454547,2.0,2.0,2.0,3.8,False,1.8200597447583415,16.464509776216353,False,False,False,0.0,False,5.674367144774541,291.3039269861754,N/A,new_parameter_combo,rejected,no_support
2.0,65.0,4.5,0.65,False,4.5,21.5,2.0,2.0,2.0,3.8749999999999996,False,1.8176285289870857,16.4021677903222,False,False,False,0.0,False,5.61840926320953,275.4508647190095,N/A,new_parameter_combo,rejected,no_support
2.0,65.0,4.75,0.65,False,4.75,21.394736842105264,2.0,2.0,2.0,4.0625,False,1.7320508075688779,16.259068223389658,False,False,False,0.0,False,5.525843050422912,251.09793703600292,N/A,new_parameter_combo,rejected,no_support
2.0,65.0,4.8,0.65,False,4.8,21.375,2.0,2.0,2.0,4.1,False,1.7092688495377202,16.23246698789756,False,False,False,0.0,False,5.515443263487174,248.50010386071855,N/A,new_parameter_combo,rejected,no_support
2.0,65.0,4.85,0.65,False,4.85,21.355670103092784,2.0,2.0,2.0,4.137499999999999,False,1.6871277367170519,16.206494245372603,False,False,False,0.0,False,5.507747961758629,246.5951595431066,N/A,new_parameter_combo,rejected,no_support
2.0,65.0,5.0,0.65,False,5.0,21.3,2.0,2.0,2.0,4.25,False,1.6338261091995199,16.13217589672178,False,False,False,0.0,False,5.5008889678161665,244.9095522311208,N/A,new_parameter_combo,rejected,no_support
2.0,65.0,5.4,0.65,False,5.4,21.166666666666668,2.0,2.0,2.0,4.55,False,1.728185547616285,15.957747246928792,False,False,False,0.0,False,5.540514467292233,254.80905666876086,N/A,new_parameter_combo,rejected,no_support
2.0,65.0,5.5,0.65,False,5.5,21.136363636363637,2.0,2.0,2.0,4.625,False,1.7076959000330825,15.918970844302018,False,False,False,0.0,False,5.558377819505926,259.4016984591178,N/A,new_parameter_combo,rejected,no_support
2.0,65.0,6.0,0.65,False,6.0,21.000000000000004,2.0,2.0,2.0,4.999999999999999,False,1.6601883287717087,15.749843628498871,False,False,False,0.0,False,5.695436444642444,297.50661042132623,N/A,new_parameter_combo,rejected,no_support
2.0,69.0,3.0,0.69,False,3.0,22.9,2.0,2.0,2.0,2.5500000000000003,False,2.0700618952099,18.377713049780485,False,False,False,0.0,False,6.355947848530811,575.9079555480215,N/A,new_parameter_combo,rejected,no_support
2.0,69.0,3.5,0.69,False,3.5,22.585714285714285,2.0,2.0,2.0,2.8250000000000006,False,2.040408122440815,17.927045798328322,False,False,False,0.0,False,6.451559714894335,633.6898979930749,N/A,new_parameter_combo,rejected,no_support
2.0,69.0,3.6,0.69,False,3.6,22.53333333333333,2.0,2.0,2.0,2.8800000000000003,False,2.0206126571424035,17.85205710373205,False,False,False,0.0,False,6.421177692740151,614.7266471016279,N/A,new_parameter_combo,rejected,no_support
2.0,69.0,4.0,0.69,False,4.0,22.35,2.0,2.0,2.0,3.1000000000000005,False,1.8896760331348026,17.590179213813673,False,False,False,0.0,False,6.134634952700446,461.5705681713596,N/A,new_parameter_combo,rejected,no_support
2.0,69.0,4.25,0.69,False,4.25,22.252941176470586,2.0,2.0,2.0,3.237500000000001,False,1.831631925416262,17.45212185845868,False,False,False,0.0,False,5.906844479554084,367.5445293287406,N/A,new_parameter_combo,rejected,no_support
2.0,69.0,4.4,0.69,False,4.4,22.2,2.0,2.0,2.0,3.3200000000000007,False,1.8065645602092617,17.377081707543372,False,False,False,0.0,False,5.802624018152605,331.16741007998644,N/A,new_parameter_combo,rejected,no_support
2.0,69.0,4.5,0.69,False,4.5,22.166666666666668,2.0,2.0,2.0,3.375000000000001,False,1.7941224903010617,17.32995647352941,False,False,False,0.0,False,5.746666136587594,313.14493565895566,N/A,new_parameter_combo,rejected,no_support
2.0,69.0,4.75,0.69,False,4.75,22.089473684210528,2.0,2.0,2.0,3.5125000000000006,False,1.7784474999853337,17.22128004649942,False,False,False,0.0,False,5.654099923800977,285.4594318207971,N/A,new_parameter_combo,rejected,no_support
2.0,69.0,4.8,0.69,False,4.8,22.075,2.0,2.0,2.0,3.540000000000001,False,1.7779976125417276,17.20098745486819,False,False,False,0.0,False,5.643700136865237,282.5060981895629,N/A,new_parameter_combo,rejected,no_support
2.0,69.0,4.85,0.69,False,4.85,22.060824742268043,2.0,2.0,2.0,3.567500000000001,False,1.7572799017405354,17.18114308146167,False,False,False,0.0,False,5.636004835136694,280.34047178508257,N/A,new_parameter_combo,rejected,no_support
2.0,69.0,5.0,0.69,False,5.0,22.02,2.0,2.0,2.0,3.650000000000001,False,1.6997148620415423,17.1241733140826,False,False,False,0.0,False,5.629145841194231,278.4241975566589,N/A,new_parameter_combo,rejected,no_support
2.0,69.0,5.4,0.69,False,5.4,21.92222222222222,2.0,2.0,2.0,3.870000000000001,False,1.7075349221038159,16.989103523632355,False,False,False,0.0,False,5.668771340670298,289.67839958409735,N/A,new_parameter_combo,rejected,no_support
2.0,69.0,5.5,0.69,False,5.5,21.9,2.0,2.0,2.0,3.925000000000001,False,1.7038673840707215,16.95874725140413,False,False,False,0.0,False,5.68663469288399,294.8995213961961,N/A,new_parameter_combo,rejected,no_support
2.0,69.0,6.0,0.69,False,6.0,21.8,2.0,2.0,2.0,4.200000000000001,False,1.7214137521590938,16.824316050247436,False,False,False,0.0,False,5.823693318020508,338.2188996703153,N/A,new_parameter_combo,rejected,no_support
2.0,70.0,3.0,0.7,False,3.0,23.0,2.0,2.0,2.0,2.5000000000000004,False,2.0702590602459914,18.52040725476336,False,False,False,0.0,False,6.398844041408596,601.1497318797524,N/A,new_parameter_combo,rejected,no_support
2.0,70.0,3.5,0.7,False,3.5,22.714285714285715,2.0,2.0,2.0,2.7500000000000004,False,2.0398079141258902,18.10981647526507,False,False,False,0.0,False,6.49445590777212,661.4642298367766,N/A,new_parameter_combo,rejected,no_support
2.0,70.0,3.6,0.7,False,3.6,22.666666666666664,2.0,2.0,2.0,2.8000000000000003,False,2.0163662001385627,18.041437919509598,False,False,False,0.0,False,6.464073885617935,641.6698285281265,N/A,new_parameter_combo,rejected,no_support
2.0,70.0,4.0,0.7,False,4.0,22.5,2.0,2.0,2.0,3.0000000000000004,False,1.8851346511751426,17.802445436005286,False,False,False,0.0,False,6.1775311455782305,481.8009902915137,N/A,new_parameter_combo,rejected,no_support
2.0,70.0,4.25,0.7,False,4.25,22.411764705882355,2.0,2.0,2.0,3.1250000000000004,False,1.8269462644153567,17.676285673543017,False,False,False,0.0,False,5.949740672431869,383.6538341436726,N/A,new_parameter_combo,rejected,no_support
2.0,70.0,4.4,0.7,False,4.4,22.363636363636363,2.0,2.0,2.0,3.2000000000000006,False,1.8018137120860265,17.607646486623945,False,False,False,0.0,False,5.84552021103039,345.6823227723161,N/A,new_parameter_combo,rejected,no_support
2.0,70.0,4.5,0.7,False,4.5,22.333333333333336,2.0,2.0,2.0,3.250000000000001,False,1.7893386077154951,17.564512515075595,False,False,False,0.0,False,5.789562329465379,326.86993172676654,N/A,new_parameter_combo,rejected,no_support
2.0,70.0,4.75,0.7,False,4.75,22.263157894736842,2.0,2.0,2.0,3.375000000000001,False,1.7736213386913302,17.464940039640158,False,False,False,0.0,False,5.696996116678761,297.97098520426607,N/A,new_parameter_combo,rejected,no_support
2.0,70.0,4.8,0.7,False,4.8,22.25,2.0,2.0,2.0,3.400000000000001,False,1.773170226758059,17.4463295207574,False,False,False,0.0,False,5.686596329743022,294.88820834128893,N/A,new_parameter_combo,rejected,no_support
2.0,70.0,4.85,0.7,False,4.85,22.23711340206186,2.0,2.0,2.0,3.4250000000000003,False,1.7736213386913302,17.428123925961938,False,False,False,0.0,False,5.678901028014478,292.62766354439276,N/A,new_parameter_combo,rejected,no_support
2.0,70.0,5.0,0.7,False,5.0,22.2,2.0,2.0,2.0,3.500000000000001,False,1.7164272338143534,17.375822071793852,False,False,False,0.0,False,5.672042034072016,290.62739991280495,N/A,new_parameter_combo,rejected,no_support
2.0,70.0,5.4,0.7,False,5.4,22.11111111111111,2.0,2.0,2.0,3.700000000000001,False,1.702507754185345,17.251553575773645,False,False,False,0.0,False,5.711667533548082,302.3748683513635,N/A,new_parameter_combo,rejected,no_support
2.0,70.0,5.5,0.7,False,5.5,22.09090909090909,2.0,2.0,2.0,3.750000000000001,False,1.7041069183095923,17.223561027708723,False,False,False,0.0,False,5.729530885761775,307.8248294904973,N/A,new_parameter_combo,rejected,no_support
2.0,70.0,6.0,0.7,False,6.0,22.0,2.0,2.0,2.0,4.000000000000001,False,1.7437936593905294,17.0992086936348,False,False,False,0.0,False,5.866589510898292,353.0428758533118,N/A,new_parameter_combo,rejected,no_support
2.0,71.0,3.0,0.71,False,3.0,23.1,2.0,2.0,2.0,2.45,False,2.070850442722133,18.663294582082386,False,False,False,0.0,False,6.446073024099688,630.2225582718905,N/A,new_parameter_combo,rejected,no_support
2.0,71.0,3.5,0.71,False,3.5,22.842857142857145,2.0,2.0,2.0,2.6750000000000003,False,2.039607805437115,18.29297895201763,False,False,False,0.0,False,6.541684890463212,693.4539882926626,N/A,new_parameter_combo,rejected,no_support
2.0,71.0,3.6,0.71,False,3.6,22.8,2.0,2.0,2.0,2.72,False,2.0125164468842467,18.231257137973998,False,False,False,0.0,False,6.511302868309027,672.7022893886477,N/A,new_parameter_combo,rejected,no_support
2.0,71.0,4.0,0.71,False,4.0,22.65,2.0,2.0,2.0,2.9000000000000004,False,1.881016334054437,18.015359248547533,False,False,False,0.0,False,6.224760128269322,505.10186826496886,N/A,new_parameter_combo,rejected,no_support
2.0,71.0,4.25,0.71,False,4.25,22.570588235294117,2.0,2.0,2.0,3.0125,False,1.8226964774694643,17.901246569021133,False,False,False,0.0,False,5.99696965512296,402.20811558676616,N/A,new_parameter_combo,rejected,no_support
2.0,71.0,4.4,0.71,False,4.4,22.527272727272727,2.0,2.0,2.0,3.0800000000000005,False,1.7975045059692043,17.839105098803692,False,False,False,0.0,False,5.892749193721482,362.40022452595264,N/A,new_parameter_combo,rejected,no_support
2.0,71.0,4.5,0.71,False,4.5,22.5,2.0,2.0,2.0,3.1250000000000004,False,1.7849992854283145,17.800029873625082,False,False,False,0.0,False,5.83679131215647,342.67802790305035,N/A,new_parameter_combo,rejected,no_support
2.0,71.0,4.75,0.71,False,4.75,22.436842105263157,2.0,2.0,2.0,3.237500000000001,False,1.769243467977088,17.70974064465902,False,False,False,0.0,False,5.744225099369853,312.3814694203196,N/A,new_parameter_combo,rejected,no_support
2.0,71.0,4.8,0.71,False,4.8,22.425,2.0,2.0,2.0,3.2600000000000007,False,1.7687912395134688,17.692849892257655,False,False,False,0.0,False,5.733825312434114,309.1496031844457,N/A,new_parameter_combo,rejected,no_support
2.0,71.0,4.85,0.71,False,4.85,22.41340206185567,2.0,2.0,2.0,3.2825000000000006,False,1.769243467977088,17.676321387180387,False,False,False,0.0,False,5.72613001070557,306.77973383337206,N/A,new_parameter_combo,rejected,no_support
2.0,71.0,5.0,0.71,False,5.0,22.38,2.0,2.0,2.0,3.3500000000000005,False,1.735582005541422,17.628806107893453,False,False,False,0.0,False,5.719271016763107,304.6827333753067,N/A,new_parameter_combo,rejected,no_support
2.0,71.0,5.4,0.71,False,5.4,22.299999999999997,2.0,2.0,2.0,3.5300000000000007,False,1.7193377937390881,17.515683080637544,False,False,False,0.0,False,5.758896516239174,316.9983333331016,N/A,new_parameter_combo,rejected,no_support
2.0,71.0,5.5,0.71,False,5.5,22.28181818181818,2.0,2.0,2.0,3.575000000000001,False,1.7204650534085255,17.490146697759837,False,False,False,0.0,False,5.776759868452867,322.71186570189667,N/A,new_parameter_combo,rejected,no_support
2.0,71.0,6.0,0.71,False,6.0,22.2,2.0,2.0,2.0,3.800000000000001,False,1.7663521732655696,17.37637455485575,False,False,False,0.0,False,5.9138184935893845,370.1167489573886,N/A,new_parameter_combo,rejected,no_support
3.6,2.0,3.0,0.02,False,3.0,15.933333333333334,3.0600000000000005,3.0000000000000004,3.0,3.0,False,1.76928243410504,8.05869277624953,False,False,False,0.0,False,7.156908713489614,1282.9388650618987,N/A,new_parameter_combo,rejected,no_support
3.6,2.0,3.5,0.02,False,3.5,13.704761904761906,3.5100000000000007,3.5,3.5,3.4999999999999996,False,1.5620499351813315,4.840496120180949,False,False,False,0.0,False,7.252520579853138,1411.6585657491162,N/A,new_parameter_combo,rejected,no_support
3.6,2.0,3.6,0.02,False,3.6,13.333333333333334,3.600000000000001,3.6,3.6,3.6000000000000005,False,1.5014659503298773,4.326824973291096,False,False,False,0.0,False,7.222138557698952,1369.4145034086212,N/A,new_parameter_combo,rejected,no_support
3.6,2.0,4.0,0.02,False,4.0,12.033333333333335,3.96,4.0,4.0,4.0,False,1.2806248474865702,2.8213871185654638,False,True,False,0.0,False,6.935595817659248,1028.2317081594172,N/A,new_parameter_combo,rejected,no_support
3.6,2.0,4.25,0.02,False,4.25,11.345098039215687,4.1850000000000005,4.25,4.25,4.25,False,1.1534124724627586,2.363280551171644,True,True,True,0.301,False,6.707805344512886,818.7717442937903,N/A,new_parameter_combo,rejected,no_support
3.6,2.0,4.4,0.02,False,4.4,10.96969696969697,4.32,4.4,4.4,4.4,False,1.1092339699089642,1.7375521081723504,True,True,True,0.301,False,6.603584883111407,737.7351487169701,N/A,new_parameter_combo,rejected,no_support
3.6,2.0,4.5,0.02,False,4.5,10.733333333333334,4.41,4.5,4.5,4.5,False,1.0770329614269012,1.3291785318846157,True,True,True,0.301,False,6.547627001546396,697.5868356808671,N/A,new_parameter_combo,rejected,no_support
3.6,2.0,4.75,0.02,False,4.75,10.185964912280703,4.635,4.75,4.75,4.75,False,1.0198039027185575,0.4776224155795723,True,True,True,0.301,False,6.455060788759778,635.9123814028475,N/A,new_parameter_combo,rejected,no_support
3.6,2.0,4.8,0.02,False,4.8,10.083333333333334,4.680000000000001,4.8,4.8,4.8,False,1.0127191120937735,0.3749644368557154,True,True,True,0.301,False,6.44466100182404,629.333297956433,N/A,new_parameter_combo,rejected,no_support
3.6,2.0,4.85,0.02,False,4.85,9.98281786941581,4.725,4.85,4.85,4.85,False,1.0071742649611342,0.2906267768362734,True,True,True,0.301,False,6.436965700095495,624.508974460383,N/A,new_parameter_combo,rejected,no_support
3.6,2.0,5.0,0.02,False,5.0,9.693333333333333,4.86,5.0,5.0,5.000000000000001,False,1.0000000000000004,0.6156756516633941,True,True,True,0.54,False,6.430106706153032,620.2401279197552,N/A,new_parameter_combo,rejected,no_support
3.6,2.0,5.4,0.02,False,5.4,9.0,5.220000000000001,5.4,5.4,5.4,False,0.9329523031752478,1.8945625777716597,True,True,True,0.714,False,6.469732205629099,645.31089319946,N/A,new_parameter_combo,rejected,no_support
3.6,2.0,5.5,0.02,False,5.5,8.842424242424244,5.31,5.5,5.499999999999999,5.5,False,0.9679785275753484,2.075759934635524,True,True,True,0.537,False,6.487595557842792,656.9418839288558,N/A,new_parameter_combo,rejected,no_support
3.6,2.0,6.0,0.02,False,6.0,8.133333333333335,5.760000000000001,6.000000000000001,6.0,6.0,False,1.1336234122566131,3.4748242277792367,True,False,False,0.0,False,6.6246541829793095,753.4436138716209,N/A,new_parameter_combo,rejected,no_support
3.6,4.0,3.0,0.04,False,3.0,15.866666666666669,3.1199999999999997,3.0000000000000004,3.0,3.0,False,1.74133188528031,7.948930242894659,False,False,False,0.0,False,7.108250773346999,1222.008106304977,N/A,new_parameter_combo,rejected,no_support
3.6,4.0,3.5,0.04,False,3.5,13.695238095238095,3.52,3.5,3.5,3.4999999999999996,False,1.526428571428572,4.824244125987859,False,False,False,0.0,False,7.203862639710523,1344.614507876061,N/A,new_parameter_combo,rejected,no_support
3.6,4.0,3.6,0.04,False,3.6,13.333333333333332,3.6,3.6,3.6,3.6000000000000005,False,1.5025529295577078,4.326824973291096,False,False,False,0.0,False,7.173480617556338,1304.3767475048016,N/A,new_parameter_combo,rejected,no_support
3.6,4.0,4.0,0.04,False,4.0,12.066666666666666,3.92,4.0,4.0,4.0,False,1.2818991013814038,2.8576452667162817,False,False,False,0.0,False,6.886937877516633,979.3977848430039,N/A,new_parameter_combo,rejected,no_support
3.6,4.0,4.25,0.04,False,4.25,11.39607843137255,4.12,4.25,4.25,4.25,False,1.1244953516659677,2.4297322051082237,True,True,True,0.301,False,6.659147404370271,779.885726427193,N/A,new_parameter_combo,rejected,no_support
3.6,4.0,4.4,0.04,False,4.4,11.030303030303028,4.24,4.4,4.4,4.4,False,1.0818470246268084,1.823833352723862,True,True,True,0.301,False,6.554926942968792,702.6978109317384,N/A,new_parameter_combo,rejected,no_support
3.6,4.0,4.5,0.04,False,4.5,10.799999999999999,4.319999999999999,4.5,4.5,4.5,False,1.0639515894503278,1.450542882534482,True,True,True,0.301,False,6.498969061403781,664.4562662091687,N/A,new_parameter_combo,rejected,no_support
3.6,4.0,4.75,0.04,False,4.75,10.266666666666666,4.52,4.75,4.75,4.75,False,1.0214035960982564,0.5724318428322298,True,True,True,0.301,False,6.406402848617163,605.7109236740514,N/A,new_parameter_combo,rejected,no_support
3.6,4.0,4.8,0.04,False,4.8,10.166666666666668,4.56,4.8,4.8,4.8,False,1.0143299789133957,0.4425548561367935,True,True,True,0.54,False,6.396003061681425,599.4443013723039,N/A,new_parameter_combo,rejected,no_support
3.6,4.0,4.85,0.04,False,4.85,10.068728522336771,4.6,4.85,4.85,4.85,False,1.0087939859666344,0.34691523310655686,True,True,True,0.54,False,6.38830775995288,594.8491000106817,N/A,new_parameter_combo,rejected,no_support
3.6,4.0,5.0,0.04,False,5.0,9.786666666666665,4.72,5.0,5.0,5.000000000000001,False,1.0016313224547493,0.5058292814471116,True,True,True,0.54,False,6.3814487660104176,590.7829942754194,N/A,new_parameter_combo,rejected,no_support
3.6,4.0,5.4,0.04,False,5.4,9.111111111111109,5.04,5.4,5.4,5.4,False,0.8988534540667663,1.689315129180518,True,True,True,0.714,False,6.421074265486485,614.6630709005758,N/A,new_parameter_combo,rejected,no_support
3.6,4.0,5.5,0.04,False,5.5,8.957575757575757,5.12,5.5,5.499999999999999,5.5,False,0.9406048755390097,1.9338271548427872,True,True,True,0.714,False,6.438937617700177,625.741669688674,N/A,new_parameter_combo,rejected,no_support
3.6,4.0,6.0,0.04,False,6.0,8.266666666666666,5.5200000000000005,6.000000000000001,6.0,6.0,False,1.1029644655404356,3.2812200655385446,True,False,False,0.0,False,6.575996242836695,717.6602321969688,N/A,new_parameter_combo,rejected,no_support
3.6,13.0,3.0,0.13,False,3.0,15.566666666666668,3.39,3.0000000000000004,3.0,3.0,False,1.6280208283686182,7.517515934405902,False,False,False,0.0,False,6.9434775912303826,1036.368019824388,N/A,new_parameter_combo,rejected,no_support
3.6,13.0,3.5,0.13,False,3.5,13.652380952380954,3.5650000000000004,3.5,3.5,3.4999999999999996,False,1.3664285714285718,4.751245361770901,False,False,False,0.0,False,7.0390894575939065,1140.3487978228495,N/A,new_parameter_combo,rejected,no_support
3.6,13.0,3.6,0.13,False,3.6,13.333333333333334,3.6,3.6,3.6,3.6000000000000005,False,1.3640846897521897,4.326824973291097,False,False,False,0.0,False,7.008707435439722,1106.2237148361064,N/A,new_parameter_combo,rejected,no_support
3.6,13.0,4.0,0.13,False,4.0,12.216666666666669,3.7399999999999998,4.0,4.0,4.0,False,1.2272418054236878,3.032995184481957,False,False,False,0.0,False,6.722164695400017,830.6135922185266,N/A,new_parameter_combo,rejected,no_support
3.6,13.0,4.25,0.13,False,4.25,11.625490196078433,3.8275,4.25,4.25,4.25,False,1.0325320571195804,2.641274595898472,True,True,True,0.08,False,6.494374222253655,661.4101999949742,N/A,new_parameter_combo,rejected,no_support
3.6,13.0,4.4,0.13,False,4.4,11.303030303030305,3.88,4.4,4.4,4.4,False,0.9479220695816722,2.29555365251808,True,True,True,0.545,False,6.390153760852177,595.9482061475852,N/A,new_parameter_combo,rejected,no_support
3.6,13.0,4.5,0.13,False,4.5,11.100000000000001,3.9150000000000005,4.5,4.5,4.5,False,0.9274460900774776,1.969722210450252,True,True,True,0.545,False,6.334195879287165,563.5160857920226,N/A,new_parameter_combo,rejected,no_support
3.6,13.0,4.75,0.13,False,4.75,10.62982456140351,4.0024999999999995,4.75,4.75,4.75,False,0.9056247843339982,1.2712889411260226,True,True,True,0.54,False,6.241629666500547,513.6949806758586,N/A,new_parameter_combo,rejected,no_support
3.6,13.0,4.8,0.13,False,4.8,10.541666666666668,4.02,4.8,4.8,4.8,False,0.9065077219748328,1.1596417799241692,True,True,True,0.54,False,6.2312298795648084,508.38034576276704,N/A,new_parameter_combo,rejected,no_support
3.6,13.0,4.85,0.13,False,4.85,10.455326460481102,4.0375000000000005,4.85,4.85,4.85,False,0.9091513900335855,1.0634232852933017,True,True,True,0.54,False,6.223534577836264,504.48321962156757,N/A,new_parameter_combo,rejected,no_support
3.6,13.0,5.0,0.13,False,5.0,10.206666666666667,4.09,5.0,5.0,5.000000000000001,False,0.9274460900774776,0.9015901095646122,True,True,True,0.714,False,6.216675583893801,501.0348120966843,N/A,new_parameter_combo,rejected,no_support
3.6,13.0,5.4,0.13,False,5.4,9.61111111111111,4.23,5.4,5.4,5.4,False,0.8084873639099389,1.2862543578112082,True,True,True,0.714,False,6.256301083369869,521.2871717967365,N/A,new_parameter_combo,rejected,no_support
3.6,13.0,5.5,0.13,False,5.5,9.475757575757576,4.265,5.5,5.499999999999999,5.5,False,0.854664739884618,1.4641596963154242,True,True,True,0.714,False,6.274164435583561,530.6827768088565,N/A,new_parameter_combo,rejected,no_support
3.6,13.0,6.0,0.13,False,6.0,8.866666666666667,4.44,6.000000000000001,6.0,6.0,False,0.9943719174454205,2.5339370599663957,True,True,True,0.302,False,6.411223060720078,608.6376267974302,N/A,new_parameter_combo,rejected,no_support
3.6,19.0,3.0,0.19,False,3.0,15.366666666666667,3.5700000000000003,3.0000000000000004,3.0,3.0,False,1.6155494421403516,7.2377434199327695,False,False,False,0.0,False,6.882890210902775,975.4415213469292,N/A,new_parameter_combo,rejected,no_support
3.6,19.0,3.5,0.19,False,3.5,13.623809523809527,3.595,3.5,3.5,3.4999999999999996,False,1.3085874628618392,4.702706039648467,False,False,False,0.0,False,6.978502077266299,1073.309427671213,N/A,new_parameter_combo,rejected,no_support
3.6,19.0,3.6,0.19,False,3.6,13.333333333333336,3.6,3.6,3.6,3.6000000000000005,False,1.2750000000000006,4.326824973291099,False,False,False,0.0,False,6.948120055112113,1041.1905063730428,N/A,new_parameter_combo,rejected,no_support
3.6,19.0,4.0,0.19,False,4.0,12.316666666666668,3.62,4.0,4.0,4.0,False,1.1935199185260243,3.200936550049732,True,False,False,0.0,False,6.661577315072409,781.7830833706813,N/A,new_parameter_combo,rejected,no_support
3.6,19.0,4.25,0.19,False,4.25,11.778431372549022,3.6325000000000007,4.25,4.25,4.25,False,1.003666746871446,2.840082551150826,True,False,False,0.0,False,6.433786841926047,622.5269010392631,N/A,new_parameter_combo,rejected,no_support
3.6,19.0,4.4,0.19,False,4.4,11.484848484848486,3.64,4.4,4.4,4.4,False,0.8892700084671609,2.6237604769896263,True,True,True,0.545,False,6.329566380524568,560.9133181734771,N/A,new_parameter_combo,rejected,no_support
3.6,19.0,4.5,0.19,False,4.5,11.3,3.6450000000000005,4.5,4.5,4.5,False,0.8674105994044484,2.3253087010875895,True,True,True,0.545,False,6.2736084989595575,530.3878328101823,N/A,new_parameter_combo,rejected,no_support
3.6,19.0,4.75,0.19,False,4.75,10.871929824561406,3.6575,4.75,4.75,4.75,False,0.8440385938801522,1.7598754256000728,True,True,True,0.831,True,6.181042286172939,483.49563463338876,N/A,new_parameter_combo,Q2_provisional,requires_pilot_and_Q3_k100_confirmation
3.6,19.0,4.8,0.19,False,4.8,10.791666666666668,3.66,4.8,4.8,4.8,False,0.8449858862485128,1.6450448674228793,True,True,True,0.831,True,6.1706424992372,478.49343901767645,N/A,new_parameter_combo,Q2_provisional,requires_pilot_and_Q3_k100_confirmation
3.6,19.0,4.85,0.19,False,4.85,10.713058419243989,3.6625,4.85,4.85,4.85,False,0.8478214127746388,1.5065376690049017,True,True,True,0.831,True,6.1629471975086565,474.8254189906824,N/A,new_parameter_combo,Q2_provisional,requires_pilot_and_Q3_k100_confirmation
3.6,19.0,5.0,0.19,False,5.0,10.486666666666668,3.6700000000000004,5.0,5.0,5.000000000000001,False,0.8595205117995044,1.3494581239622505,True,True,True,0.831,True,6.156088203566194,471.5797380955248,N/A,new_parameter_combo,Q2_provisional,requires_pilot_and_Q3_k100_confirmation
3.6,19.0,5.4,0.19,False,5.4,9.944444444444445,3.6900000000000004,5.4,5.4,5.4,False,0.7901038302020825,1.319978955511669,True,True,True,0.714,False,6.19571370304226,490.64149239399416,N/A,new_parameter_combo,rejected,no_support
3.6,19.0,5.5,0.19,False,5.5,9.821212121212122,3.6950000000000003,5.5,5.499999999999999,5.5,False,0.7632168761236876,1.4504657213527554,True,True,True,0.851,True,6.2135770552559535,499.48474408806953,N/A,new_parameter_combo,Q2_provisional,requires_pilot_and_Q3_k100_confirmation
3.6,19.0,6.0,0.19,False,6.0,9.266666666666667,3.72,6.000000000000001,6.0,6.0,False,0.9541531131140887,2.300033611265349,True,True,True,0.525,False,6.350635680392471,572.8567470973009,N/A,new_parameter_combo,rejected,no_support
3.6,22.0,3.0,0.22,False,3.0,15.26666666666667,3.6,3.0599999999999996,3.0,3.0,False,1.585714285714286,7.066216186893913,False,False,False,0.0,False,6.867374943064012,960.4240859017442,N/A,new_parameter_combo,rejected,no_support
3.6,22.0,3.5,0.22,False,3.5,13.609523809523811,3.6,3.5100000000000002,3.5,3.4999999999999996,False,1.3012552809201008,4.67800980543924,False,False,False,0.0,False,6.962986809427536,1056.7852643154188,N/A,new_parameter_combo,rejected,no_support
3.6,22.0,3.6,0.22,False,3.6,13.333333333333334,3.6,3.6,3.6,3.6000000000000005,False,1.2369780903146057,4.326824973291097,False,False,False,0.0,False,6.93260478727335,1025.160830709856,N/A,new_parameter_combo,rejected,no_support
3.6,22.0,4.0,0.22,False,4.0,12.366666666666667,3.6,3.96,4.0,4.0,False,1.1591693014343314,3.2753705620556812,True,False,False,0.0,False,6.646062047233646,769.7471214706329,N/A,new_parameter_combo,rejected,no_support
3.6,22.0,4.25,0.22,False,4.25,11.854901960784314,3.6,4.1850000000000005,4.25,4.25,False,1.0000000000000004,2.9288210433280732,True,False,False,0.0,False,6.418271574087283,612.9427718581112,N/A,new_parameter_combo,rejected,no_support
3.6,22.0,4.4,0.22,False,4.4,11.575757575757578,3.6,4.32,4.4,4.4,False,0.88,2.772962333033316,True,True,True,0.297,False,6.314051112685805,552.2777625182459,N/A,new_parameter_combo,rejected,no_support
3.6,22.0,4.5,0.22,False,4.5,11.400000000000002,3.6,4.41,4.5,4.5,False,0.8488606559767669,2.503724711669412,True,True,True,0.306,False,6.258093231120794,522.2222330629622,N/A,new_parameter_combo,rejected,no_support
3.6,22.0,4.75,0.22,False,4.75,10.992982456140352,3.6,4.635,4.75,4.75,False,0.8249632799496636,1.926432439945485,True,True,True,0.831,True,6.165527018334176,476.05196494921375,N/A,new_parameter_combo,Q2_provisional,requires_pilot_and_Q3_k100_confirmation
3.6,22.0,4.8,0.22,False,4.8,10.916666666666668,3.6,4.68,4.8,4.8,False,0.8259324507883844,1.832461486119307,True,True,True,0.831,True,6.155127231398437,471.12678076688746,N/A,new_parameter_combo,Q2_provisional,requires_pilot_and_Q3_k100_confirmation
3.6,22.0,4.85,0.22,False,4.85,10.84192439862543,3.6,4.725,4.85,4.85,False,0.8288331637098668,1.7255885726003934,True,True,True,0.831,True,6.147431929669893,467.51523183812077,N/A,new_parameter_combo,Q2_provisional,requires_pilot_and_Q3_k100_confirmation
3.6,22.0,5.0,0.22,False,5.0,10.626666666666669,3.6,4.86,5.0,5.000000000000001,False,0.8320125587749166,1.4790172079271657,True,True,True,0.831,True,6.14057293572743,464.31951990804413,N/A,new_parameter_combo,Q2_provisional,requires_pilot_and_Q3_k100_confirmation
3.6,22.0,5.4,0.22,False,5.4,10.11111111111111,3.6,5.220000000000001,5.4,5.4,False,0.7465854243945346,1.3249267432022687,True,True,True,0.851,True,6.180198435203497,483.0878084698346,N/A,new_parameter_combo,Q2_provisional,requires_pilot_and_Q3_k100_confirmation
3.6,22.0,5.5,0.22,False,5.5,9.993939393939396,3.6,5.31,5.499999999999999,5.5,True,0.6978465418115702,1.3934314777558476,True,True,True,0.721,False,6.19806178741719,491.7949136512437,N/A,existing_parameter_combo,rejected,no_support
3.6,22.0,6.0,0.22,False,6.0,9.466666666666669,3.6,5.760000000000001,6.0,6.0,False,0.9451271375441771,2.122233679488316,True,True,True,0.525,False,6.3351204125537075,564.0373160698075,N/A,new_parameter_combo,rejected,no_support
3.6,24.0,3.0,0.24,False,3.0,15.200000000000001,3.6,3.1199999999999997,3.0,3.0,False,1.5681133861544374,6.94100485562682,False,False,False,0.0,False,6.862504920921517,955.7581701156495,N/A,new_parameter_combo,rejected,no_support
3.6,24.0,3.5,0.24,False,3.5,13.600000000000001,3.6,3.5199999999999996,3.5,3.4999999999999996,False,1.3000000000000005,4.661426144901472,False,False,False,0.0,False,6.958116787285041,1051.6512083086373,N/A,new_parameter_combo,rejected,no_support
3.6,24.0,3.6,0.24,False,3.6,13.333333333333332,3.6,3.6,3.6,3.6000000000000005,False,1.2304077327355805,4.326824973291096,False,False,False,0.0,False,6.927734765130856,1020.1804119828475,N/A,new_parameter_combo,rejected,no_support
3.6,24.0,4.0,0.24,False,4.0,12.4,3.6,3.92,4.0,4.0,False,1.1392801164215365,3.3226782340077676,True,False,False,0.0,False,6.641192025091152,766.0075492357294,N/A,new_parameter_combo,rejected,no_support
3.6,24.0,4.25,0.24,False,4.25,11.905882352941177,3.6,4.12,4.25,4.25,False,1.0016313224547493,2.982128571613688,True,False,False,0.0,False,6.41340155194479,609.9649838192995,N/A,new_parameter_combo,rejected,no_support
3.6,24.0,4.4,0.24,False,4.4,11.636363636363638,3.6,4.24,4.4,4.4,False,0.8818533359479053,2.868575516332905,True,False,False,0.0,False,6.30918109054331,549.5946961850817,N/A,new_parameter_combo,rejected,no_support
3.6,24.0,4.5,0.24,False,4.5,11.466666666666667,3.6,4.32,4.5,4.5,False,0.8411320875911886,2.6274949586839598,True,True,True,0.539,False,6.2532232089783,519.6851819863949,N/A,new_parameter_combo,rejected,no_support
3.6,24.0,4.75,0.24,False,4.75,11.073684210526316,3.6,4.52,4.75,4.75,False,0.8170086834149995,2.0297525820347952,True,True,True,0.831,True,6.1606569961916815,473.73921747560945,N/A,new_parameter_combo,Q2_provisional,requires_pilot_and_Q3_k100_confirmation
3.6,24.0,4.8,0.24,False,4.8,11.0,3.6,4.56,4.8,4.8,False,0.8179872791037224,1.9313796424800307,True,True,True,0.831,True,6.150257209255943,468.83796073842274,N/A,new_parameter_combo,Q2_provisional,requires_pilot_and_Q3_k100_confirmation
3.6,24.0,4.85,0.24,False,4.85,10.927835051546392,3.6,4.6,4.85,4.85,False,0.8209160668274869,1.8397259891431075,True,True,True,0.831,True,6.142561907527399,465.2439573745851,N/A,new_parameter_combo,Q2_provisional,requires_pilot_and_Q3_k100_confirmation
3.6,24.0,5.0,0.24,False,5.0,10.720000000000002,3.6,4.72,5.0,5.000000000000001,False,0.8181612036157919,1.5834864643425282,True,True,True,0.831,True,6.135702913584936,462.0637707972783,N/A,new_parameter_combo,Q2_provisional,requires_pilot_and_Q3_k100_confirmation
3.6,24.0,5.4,0.24,False,5.4,10.222222222222221,3.6,5.040000000000001,5.4,5.4,False,0.708434606605814,1.3237522186921884,True,True,True,0.721,False,6.1753284130610036,480.74087958217285,N/A,new_parameter_combo,rejected,no_support
3.6,24.0,5.5,0.24,False,5.5,10.10909090909091,3.6,5.12,5.499999999999999,5.5,False,0.6568710618049289,1.3431465260160809,True,True,True,0.721,False,6.193191765274696,489.4056840548493,N/A,new_parameter_combo,rejected,no_support
3.6,24.0,6.0,0.24,False,6.0,9.6,3.6,5.5200000000000005,6.0,6.0,False,0.9433981132056608,1.8452540679785927,True,True,True,0.525,False,6.330250390411213,561.2971196757055,N/A,new_parameter_combo,rejected,no_support
3.6,27.0,3.0,0.27,False,3.0,15.1,3.6,3.2100000000000004,3.0,3.0,False,1.544346007809369,6.75385506127453,False,False,False,0.0,False,6.863410122332799,956.6237154474086,N/A,new_parameter_combo,rejected,no_support
3.6,27.0,3.5,0.27,False,3.5,13.585714285714285,3.6,3.535,3.5,3.4999999999999996,False,1.3028226812484927,4.636612921231687,False,False,False,0.0,False,6.959021988696323,1052.6035954526365,N/A,new_parameter_combo,rejected,no_support
3.6,27.0,3.6,0.27,False,3.6,13.333333333333332,3.6,3.6,3.6,3.6000000000000005,False,1.2295311865810932,4.326824973291096,False,False,False,0.0,False,6.928639966542138,1021.1042988202867,N/A,new_parameter_combo,rejected,no_support
3.6,27.0,4.0,0.27,False,4.0,12.450000000000001,3.6,3.86,4.0,4.0,False,1.1142857142857145,3.395774583885547,True,False,False,0.0,False,6.642097226502433,766.7012542743721,N/A,new_parameter_combo,rejected,no_support
3.6,27.0,4.25,0.27,False,4.25,11.98235294117647,3.6,4.0225,4.25,4.25,False,1.0101525445522113,3.069749781869107,True,False,False,0.0,False,6.414306753356072,610.5173749583859,N/A,new_parameter_combo,rejected,no_support
3.6,27.0,4.4,0.27,False,4.4,11.727272727272727,3.6,4.12,4.4,4.4,False,0.8915201418169453,2.9687641045190367,True,False,False,0.0,False,6.310086291954593,550.0924153137454,N/A,new_parameter_combo,rejected,no_support
3.6,27.0,4.5,0.27,False,4.5,11.566666666666666,3.6,4.185,4.5,4.5,False,0.8367533985589786,2.7977991201776953,True,True,True,0.194,False,6.254128410389582,520.1558147231241,N/A,new_parameter_combo,rejected,no_support
3.6,27.0,4.75,0.27,False,4.75,11.194736842105264,3.6,4.3475,4.75,4.75,False,0.8125000000000004,2.21922694895727,True,True,True,0.706,False,6.161562197602964,474.16824103091744,N/A,new_parameter_combo,rejected,no_support
3.6,27.0,4.8,0.27,False,4.8,11.125,3.6,4.38,4.8,4.8,False,0.81348401951114,2.1140127770093775,True,True,True,0.706,False,6.151162410667225,469.26254566058935,N/A,new_parameter_combo,rejected,no_support
3.6,27.0,4.85,0.27,False,4.85,11.056701030927837,3.6,4.4125,4.85,4.85,False,0.8164289620046564,2.0175239910730056,True,True,True,0.706,False,6.143467108938681,465.6652875269461,N/A,new_parameter_combo,rejected,no_support
3.6,27.0,5.0,0.27,False,5.0,10.86,3.6,4.510000000000001,5.0,5.000000000000001,False,0.8045787337330702,1.7682507227977386,True,True,True,0.706,False,6.136608114996219,462.48222093696234,N/A,new_parameter_combo,rejected,no_support
3.6,27.0,5.4,0.27,False,5.4,10.38888888888889,3.6,4.7700000000000005,5.4,5.4,False,0.6563986469162387,1.3709627437421168,True,True,True,0.721,False,6.176233614472285,481.17624392131086,N/A,new_parameter_combo,rejected,no_support
3.6,27.0,5.5,0.27,False,5.5,10.281818181818183,3.6,4.835,5.499999999999999,5.5,False,0.6460239459768582,1.3663364184920268,True,True,True,0.721,False,6.1940969666859775,489.84889533822115,N/A,new_parameter_combo,rejected,no_support
3.6,27.0,6.0,0.27,False,6.0,9.8,3.6,5.16,6.0,6.0,False,0.9433981132056606,1.7011793779691313,True,True,True,0.525,False,6.331155591822496,561.8054366504972,N/A,new_parameter_combo,rejected,no_support
3.6,30.0,3.0,0.3,False,3.0,15.0,3.6,3.3,3.0,3.0,False,1.4935591309188336,6.567566729038234,False,False,False,0.0,False,6.869878168785853,962.8312557652372,N/A,new_parameter_combo,rejected,no_support
3.6,30.0,3.5,0.3,False,3.5,13.57142857142857,3.6,3.55,3.5,3.4999999999999996,False,1.302244052666044,4.61187548990589,False,False,False,0.0,False,6.965490035149376,1059.4339501176437,N/A,new_parameter_combo,rejected,no_support
3.6,30.0,3.6,0.3,False,3.6,13.333333333333332,3.6,3.6,3.6,3.6000000000000005,False,1.2461213293042293,4.326824973291096,False,False,False,0.0,False,6.935108012995191,1027.7302542521668,N/A,new_parameter_combo,rejected,no_support
3.6,30.0,4.0,0.3,False,4.0,12.499999999999998,3.6,3.8,4.0,4.0,False,1.0954451150103326,3.4815929051855536,True,False,False,0.0,False,6.648565272955487,771.676385949225,N/A,new_parameter_combo,rejected,no_support
3.6,30.0,4.25,0.3,False,4.25,12.058823529411764,3.6,3.9250000000000007,4.25,4.25,False,1.0257898897723572,3.186682644722988,True,False,False,0.0,False,6.4207747998091245,614.4790279663464,N/A,new_parameter_combo,rejected,no_support
3.6,30.0,4.4,0.3,False,4.4,11.818181818181818,3.6,4.0,4.4,4.4,False,0.9092001418605167,3.0884288348366953,True,False,False,0.0,False,6.316554338407646,553.6619701883014,N/A,new_parameter_combo,rejected,no_support
3.6,30.0,4.5,0.3,False,4.5,11.666666666666664,3.6,4.05,4.5,4.5,False,0.8411320875911886,2.9627080998244457,True,False,False,0.0,False,6.260596456842634,523.5311107139162,N/A,new_parameter_combo,rejected,no_support
3.6,30.0,4.75,0.3,False,4.75,11.315789473684209,3.6,4.175,4.75,4.75,False,0.8170086834149995,2.4255068919896026,True,True,True,0.706,False,6.168030244056017,477.24512322200576,N/A,new_parameter_combo,rejected,no_support
3.6,30.0,4.8,0.3,False,4.8,11.25,3.6,4.2,4.8,4.8,False,0.8179872791037224,2.329012226546342,True,True,True,0.706,False,6.157630457120278,472.3075947481213,N/A,new_parameter_combo,rejected,no_support
3.6,30.0,4.85,0.3,False,4.85,11.185567010309278,3.6,4.2250000000000005,4.85,4.85,False,0.8209160668274869,2.236496668109105,True,True,True,0.706,False,6.149935155391734,468.6869939724992,N/A,new_parameter_combo,rejected,no_support
3.6,30.0,5.0,0.3,False,5.0,11.0,3.6,4.3,5.0,5.000000000000001,False,0.8000000000000003,2.006534489762564,True,True,True,0.847,True,6.1430761614492715,465.4832724333723,N/A,new_parameter_combo,Q2_provisional,requires_pilot_and_Q3_k100_confirmation
3.6,30.0,5.4,0.3,False,5.4,10.555555555555555,3.6,4.5,5.4,5.4,False,0.6331021776513953,1.4638370475658637,True,True,True,0.721,False,6.182701660925338,484.2986011092941,N/A,new_parameter_combo,rejected,no_support
3.6,30.0,5.5,0.3,False,5.5,10.454545454545455,3.6,4.550000000000001,5.499999999999999,5.5,False,0.677065999254828,1.3416194149434588,True,True,True,0.721,False,6.200565013139031,493.0275294430987,N/A,new_parameter_combo,rejected,no_support
3.6,30.0,6.0,0.3,False,6.0,10.0,3.6,4.800000000000001,6.0,6.0,True,0.9588470968314194,1.465731128416093,True,True,True,0.525,False,6.337623638275549,565.4509974310511,N/A,existing_parameter_combo,rejected,no_support
3.6,31.0,3.0,0.31,False,3.0,14.966666666666669,3.6,3.33,3.0,3.0,False,1.4773474920427148,6.505674854872857,False,False,False,0.0,False,6.870291596704308,963.2293993833046,N/A,new_parameter_combo,rejected,no_support
3.6,31.0,3.5,0.31,False,3.5,13.566666666666668,3.6,3.555,3.5,3.4999999999999996,False,1.3094331150952934,4.603646733489773,False,False,False,0.0,False,6.965903463067832,1059.872040243487,N/A,new_parameter_combo,rejected,no_support
3.6,31.0,3.6,0.31,False,3.6,13.333333333333334,3.6,3.6,3.6,3.6000000000000005,False,1.2442729133546884,4.326824973291097,False,False,False,0.0,False,6.935521440913647,1028.155234475208,N/A,new_parameter_combo,rejected,no_support
3.6,31.0,4.0,0.31,False,4.0,12.516666666666667,3.6,3.78,4.0,4.0,False,1.0905905533709896,3.5125701242233824,True,False,False,0.0,False,6.6489787008739425,771.9954844687625,N/A,new_parameter_combo,rejected,no_support
3.6,31.0,4.25,0.31,False,4.25,12.084313725490198,3.6,3.8925,4.25,4.25,False,1.0325320571195806,3.230011327782773,True,False,False,0.0,False,6.421188227727581,614.7331232732412,N/A,new_parameter_combo,rejected,no_support
3.6,31.0,4.4,0.31,False,4.4,11.848484848484848,3.6,3.96,4.4,4.4,False,0.9168001139722834,3.1357500752642595,True,False,False,0.0,False,6.316967766326102,553.89091682737,N/A,new_parameter_combo,rejected,no_support
3.6,31.0,4.5,0.31,False,4.5,11.700000000000001,3.6,4.005000000000001,4.5,4.5,False,0.8445220390787896,3.025697024754578,True,False,False,0.0,False,6.261009884761091,523.7475978390929,N/A,new_parameter_combo,rejected,no_support
3.6,31.0,4.75,0.31,False,4.75,11.356140350877194,3.6,4.117500000000001,4.75,4.75,False,0.8204983086452992,2.506934461408111,True,True,True,0.706,False,6.168443671974473,477.44247047151316,N/A,new_parameter_combo,rejected,no_support
3.6,31.0,4.8,0.31,False,4.8,11.291666666666666,3.6,4.14,4.8,4.8,False,0.8214727472593334,2.4067918195101337,True,True,True,0.706,False,6.158043885038734,472.5029002634836,N/A,new_parameter_combo,rejected,no_support
3.6,31.0,4.85,0.31,False,4.85,11.22852233676976,3.6,4.1625,4.85,4.85,False,0.8243891523363203,2.3156407143097613,True,True,True,0.706,False,6.1503485833101905,468.88080232095524,N/A,new_parameter_combo,rejected,no_support
3.6,31.0,5.0,0.31,False,5.0,11.046666666666667,3.6,4.23,5.0,5.000000000000001,False,0.8005100414926802,2.0406090687584726,True,True,True,0.847,True,6.143489589367727,465.6757560000687,N/A,new_parameter_combo,Q2_provisional,requires_pilot_and_Q3_k100_confirmation
3.6,31.0,5.4,0.31,False,5.4,10.611111111111112,3.6,4.41,5.4,5.4,False,0.6552784109967057,1.527283423841418,True,True,True,0.721,False,6.1831150888437945,484.49886506636494,N/A,new_parameter_combo,rejected,no_support
3.6,31.0,5.5,0.31,False,5.5,10.512121212121212,3.6,4.455,5.499999999999999,5.5,False,0.69784654181157,1.5012041199867756,True,True,True,0.721,False,6.200978441057487,493.23140292892907,N/A,new_parameter_combo,rejected,no_support
3.6,31.0,6.0,0.31,False,6.0,10.066666666666668,3.6,4.680000000000001,6.0,6.0,False,0.9643650760992959,1.49547864797423,True,True,True,0.525,False,6.338037066194004,565.6848189907574,N/A,new_parameter_combo,rejected,no_support
3.6,37.0,3.0,0.37,False,3.0,14.766666666666667,3.6,3.5100000000000002,3.0,3.0,False,1.3190101421528346,6.136684113285422,False,False,False,0.0,False,6.8507217378284215,944.5623871229765,N/A,new_parameter_combo,rejected,no_support
3.6,37.0,3.5,0.37,False,3.5,13.538095238095238,3.6,3.5850000000000004,3.5,3.4999999999999996,False,1.2504335982664057,4.55445649504563,False,False,False,0.0,False,6.9463336041919455,1039.3321310772271,N/A,new_parameter_combo,rejected,no_support
3.6,37.0,3.6,0.37,False,3.6,13.333333333333332,3.6,3.6,3.6,3.6000000000000005,False,1.2322337440599493,4.326824973291096,False,False,False,0.0,False,6.91595158203776,1008.2299847062974,N/A,new_parameter_combo,rejected,no_support
3.6,37.0,4.0,0.37,False,4.0,12.616666666666667,3.6,3.66,4.0,4.0,False,1.0829146234272824,3.7016469954454028,True,False,False,0.0,False,6.629408841998056,757.0345113270345,N/A,new_parameter_combo,rejected,no_support
3.6,37.0,4.25,0.37,False,4.25,12.237254901960785,3.6,3.6975000000000002,4.25,4.25,False,1.0198039027185573,3.501783350244984,True,False,False,0.0,False,6.401618368851693,602.8198337117735,N/A,new_parameter_combo,rejected,no_support
3.6,37.0,4.4,0.37,False,4.4,12.030303030303031,3.6,3.72,4.4,4.4,False,0.9788122748452612,3.4406921269152217,True,False,False,0.0,False,6.297397907450215,543.1567256347828,N/A,new_parameter_combo,rejected,no_support
3.6,37.0,4.5,0.37,False,4.5,11.9,3.6,3.7350000000000003,4.5,4.5,False,0.907564581386777,3.3626860677117225,True,False,False,0.0,False,6.241440025885204,513.5975724801917,N/A,new_parameter_combo,rejected,no_support
3.6,37.0,4.75,0.37,False,4.75,11.598245614035088,3.6,3.772500000000001,4.75,4.75,False,0.8612716778469064,2.9435749186135483,True,False,False,0.0,False,6.148873813098586,468.1898205258205,N/A,new_parameter_combo,rejected,no_support
3.6,37.0,4.8,0.37,False,4.8,11.541666666666668,3.6,3.7800000000000002,4.8,4.8,False,0.8622000365699513,2.914594906405675,True,False,False,0.0,False,6.1384740261628465,463.3459772730656,N/A,new_parameter_combo,rejected,no_support
3.6,37.0,4.85,0.37,False,4.85,11.486254295532646,3.6,3.7875,4.85,4.85,False,0.864979134465812,2.8404508695108666,True,False,False,0.0,False,6.130778724434303,459.79407418416673,N/A,new_parameter_combo,rejected,no_support
3.6,37.0,5.0,0.37,False,5.0,11.326666666666666,3.6,3.8100000000000005,5.0,5.000000000000001,False,0.8423501993935585,2.6369567420228868,True,True,True,0.828,True,6.12391973049184,456.65114041819766,N/A,new_parameter_combo,Q2_provisional,requires_pilot_and_Q3_k100_confirmation
3.6,37.0,5.4,0.37,False,5.4,10.944444444444445,3.6,3.8700000000000006,5.4,5.4,False,0.7969341764742262,2.2444928372043718,True,True,True,0.721,False,6.163545229967907,475.1094649295962,N/A,new_parameter_combo,rejected,no_support
3.6,37.0,5.5,0.37,False,5.5,10.857575757575757,3.6,3.8850000000000007,5.499999999999999,5.5,False,0.8212732772459894,2.1833361685518677,True,True,True,0.857,True,6.1814085821816,483.67276959449396,N/A,new_parameter_combo,Q2_provisional,requires_pilot_and_Q3_k100_confirmation
3.6,37.0,6.0,0.37,False,6.0,10.466666666666667,3.6,3.9600000000000004,6.0,6.0,False,1.0138832199388006,2.133099849982992,True,True,True,0.524,False,6.318467207318117,554.7220665474218,N/A,new_parameter_combo,rejected,no_support
3.6,38.0,3.0,0.38,False,3.0,14.733333333333334,3.6,3.54,3.0,3.0,False,1.292439553712281,6.075610931607589,False,False,False,0.0,False,6.843785023618003,938.0329005628321,N/A,new_parameter_combo,rejected,no_support
3.6,38.0,3.5,0.38,False,3.5,13.533333333333333,3.6,3.5900000000000003,3.5,3.4999999999999996,False,1.2422463605936482,4.546288943638657,False,False,False,0.0,False,6.939396889981526,1032.1475286900136,N/A,new_parameter_combo,rejected,no_support
3.6,38.0,3.6,0.38,False,3.6,13.333333333333332,3.6,3.6,3.6,3.6000000000000005,False,1.2325649380582806,4.326824973291096,False,False,False,0.0,False,6.9090148678273415,1001.2603824604086,N/A,new_parameter_combo,rejected,no_support
3.6,38.0,4.0,0.38,False,4.0,12.633333333333333,3.6,3.64,4.0,4.0,False,1.1012284420739658,3.733659236259982,True,False,False,0.0,False,6.622472127787637,751.8013507283663,N/A,new_parameter_combo,rejected,no_support
3.6,38.0,4.25,0.38,False,4.25,12.262745098039217,3.6,3.6650000000000005,4.25,4.25,False,1.0202040612204073,3.5488445374200284,True,False,False,0.0,False,6.394681654641275,598.652714571662,N/A,new_parameter_combo,rejected,no_support
3.6,38.0,4.4,0.38,False,4.4,12.060606060606062,3.6,3.68,4.4,4.4,False,0.9916549762073171,3.4946107610785773,True,False,False,0.0,False,6.290461193239796,539.4020403027882,N/A,new_parameter_combo,rejected,no_support
3.6,38.0,4.5,0.38,False,4.5,11.933333333333334,3.6,3.6900000000000004,4.5,4.5,False,0.9214008855198346,3.425399504309739,True,False,False,0.0,False,6.234503311674785,510.04722102373887,N/A,new_parameter_combo,rejected,no_support
3.6,38.0,4.75,0.38,False,4.75,11.638596491228071,3.6,3.7150000000000003,4.75,4.75,False,0.8711668957232491,2.965220624577856,True,False,False,0.0,False,6.141937098888167,464.9533597240823,N/A,new_parameter_combo,rejected,no_support
3.6,38.0,4.8,0.38,False,4.8,11.583333333333334,3.6,3.72,4.8,4.8,False,0.8720847207720603,2.985256737727414,True,False,False,0.0,False,6.131537311952428,460.1430005586143,N/A,new_parameter_combo,rejected,no_support
3.6,38.0,4.85,0.38,False,4.85,11.529209621993127,3.6,3.7250000000000005,4.85,4.85,False,0.8748324183545568,2.9342590738113934,True,False,False,0.0,False,6.123842010223885,456.6156507483533,N/A,new_parameter_combo,rejected,no_support
3.6,38.0,5.0,0.38,False,5.0,11.373333333333333,3.6,3.74,5.0,5.000000000000001,False,0.8400983907391143,2.740745580218775,True,True,True,0.289,False,6.116983016281422,453.49444317439026,N/A,new_parameter_combo,rejected,no_support
3.6,38.0,5.4,0.38,False,5.4,11.0,3.6,3.7800000000000002,5.4,5.4,False,0.8216471758806533,2.299928687774978,True,True,True,0.857,True,6.156608515757489,471.8251706276558,N/A,new_parameter_combo,Q2_provisional,requires_pilot_and_Q3_k100_confirmation
3.6,38.0,5.5,0.38,False,5.5,10.915151515151516,3.6,3.7900000000000005,5.499999999999999,5.5,False,0.8036904673734405,2.31159971754011,True,True,True,0.857,True,6.174471867971182,480.3292796444078,N/A,new_parameter_combo,Q2_provisional,requires_pilot_and_Q3_k100_confirmation
3.6,38.0,6.0,0.38,False,6.0,10.533333333333335,3.6,3.8400000000000003,6.0,6.0,False,1.0246950765959602,2.2876288711404715,True,True,True,0.524,False,6.311530493107699,550.8874333590633,N/A,new_parameter_combo,rejected,no_support
3.6,40.0,3.0,0.4,False,3.0,14.666666666666668,3.6,3.6,3.0,3.0,False,1.2618064876378228,5.953862809463181,False,False,False,0.0,False,6.826761534284791,922.1994600632958,N/A,new_parameter_combo,rejected,no_support
3.6,40.0,3.5,0.4,False,3.5,13.523809523809526,3.6,3.6,3.5,3.4999999999999996,False,1.2277042205112865,4.529980688552668,False,False,False,0.0,False,6.922373400648315,1014.7254889380495,N/A,new_parameter_combo,rejected,no_support
3.6,40.0,3.6,0.4,False,3.6,13.333333333333334,3.6,3.6,3.6,3.6000000000000005,False,1.2128571428571429,4.326824973291097,True,False,False,0.0,False,6.89199137849413,984.3596994665427,N/A,new_parameter_combo,rejected,no_support
3.6,40.0,4.0,0.4,False,4.0,12.666666666666668,3.6,3.6,4.0,4.0,False,1.1244953516659673,3.7980794717979895,True,False,False,0.0,False,6.605448638454425,739.1113886309967,N/A,new_parameter_combo,rejected,no_support
3.6,40.0,4.25,0.4,False,4.25,12.313725490196077,3.6,3.6,4.25,4.25,False,1.0233996964898469,3.644306474791362,True,False,False,0.0,False,6.3776581653080635,588.547810862668,N/A,new_parameter_combo,rejected,no_support
3.6,40.0,4.4,0.4,False,4.4,12.121212121212123,3.6,3.6,4.4,4.4,False,1.006850008082391,3.604749605075083,True,False,False,0.0,False,6.273437703906585,530.2972529276997,N/A,new_parameter_combo,rejected,no_support
3.6,40.0,4.5,0.4,False,4.5,12.0,3.6,3.6,4.5,4.5,False,0.9510466844053282,3.553470898322971,True,False,False,0.0,False,6.2174798223415735,501.4379256342198,N/A,new_parameter_combo,rejected,no_support
3.6,40.0,4.75,0.4,False,4.75,11.719298245614036,3.6,3.6,4.75,4.75,False,0.8933730652272153,3.128065702736946,True,False,False,0.0,False,6.124913609554956,457.1052220395372,N/A,new_parameter_combo,rejected,no_support
3.6,40.0,4.8,0.4,False,4.8,11.666666666666668,3.6,3.6,4.8,4.8,False,0.8942680994385689,3.0505559044889448,True,False,False,0.0,False,6.114513822619217,452.3760588913753,N/A,new_parameter_combo,rejected,no_support
3.6,40.0,4.85,0.4,False,4.85,11.61512027491409,3.6,3.6,4.85,4.85,False,0.896947843340665,2.9756114647071605,True,False,False,0.0,False,6.106818520890673,448.9082486594258,N/A,new_parameter_combo,rejected,no_support
3.6,40.0,5.0,0.4,False,5.0,11.466666666666667,3.6,3.6,5.0,5.000000000000001,False,0.8494896427039148,2.9535883396193183,True,False,False,0.0,False,6.0999595269482105,445.8397252230654,N/A,new_parameter_combo,rejected,no_support
3.6,40.0,5.4,0.4,False,5.4,11.11111111111111,3.6,3.6,5.4,5.4,False,0.8149070311316226,2.554387113825259,True,True,True,0.502,False,6.139585026424277,463.86104083984804,N/A,new_parameter_combo,rejected,no_support
3.6,40.0,5.5,0.4,False,5.5,11.030303030303031,3.6,3.6,5.499999999999999,5.5,False,0.7867525607436783,2.445981255344179,True,True,True,0.841,True,6.1574483786379695,472.2216055267179,N/A,new_parameter_combo,Q2_provisional,requires_pilot_and_Q3_k100_confirmation
3.6,40.0,6.0,0.4,False,6.0,10.666666666666668,3.6,3.6,6.0,6.0,False,1.0483222747975622,2.522658548989101,True,True,True,0.524,False,6.294507003774488,541.5887793429846,N/A,new_parameter_combo,rejected,no_support
3.6,50.0,3.0,0.5,False,3.0,14.333333333333336,3.6,3.6,3.3000000000000003,3.0,False,1.1988302121447478,5.530099921236762,True,False,False,0.0,False,6.678642869371241,795.2391359587738,N/A,new_parameter_combo,rejected,no_support
3.6,50.0,3.5,0.5,False,3.5,13.476190476190478,3.6,3.6,3.5500000000000003,3.4999999999999996,False,1.146669144762787,4.478106197882918,True,False,False,0.0,False,6.774254735734764,875.0269936213717,N/A,new_parameter_combo,rejected,no_support
3.6,50.0,3.6,0.5,False,3.6,13.333333333333334,3.6,3.6,3.6,3.6000000000000005,False,1.1250000000000004,4.326824973291097,True,False,False,0.0,False,6.743872713580579,848.8416994114081,N/A,new_parameter_combo,rejected,no_support
3.6,50.0,4.0,0.5,False,4.0,12.833333333333334,3.6,3.6,3.8,4.0,False,1.042637941737697,3.9253329288883334,True,False,False,0.0,False,6.457329973540875,637.3570225598064,N/A,new_parameter_combo,rejected,no_support
3.6,50.0,4.25,0.5,False,4.25,12.568627450980394,3.6,3.6,3.9250000000000003,4.25,False,1.0451052090383934,3.7877490024335065,True,False,False,0.0,False,6.229539500394512,507.5217161249818,N/A,new_parameter_combo,rejected,no_support
3.6,50.0,4.4,0.5,False,4.4,12.424242424242424,3.6,3.6,4.0,4.4,False,1.0697167277139408,3.7371584414446537,True,False,False,0.0,False,6.125319038993034,457.29058352581364,N/A,new_parameter_combo,rejected,no_support
3.6,50.0,4.5,0.5,False,4.5,12.333333333333334,3.6,3.6,4.05,4.5,False,1.0639515894503275,3.715335465036756,True,False,False,0.0,False,6.069361157428022,432.40435500899895,N/A,new_parameter_combo,rejected,no_support
3.6,50.0,4.75,0.5,False,4.75,12.122807017543861,3.6,3.6,4.175,4.75,False,1.0558646350508294,3.6811526050949874,True,False,False,0.0,False,5.976794944641405,394.17498877305246,N/A,new_parameter_combo,rejected,no_support
3.6,50.0,4.8,0.5,False,4.8,12.083333333333334,3.6,3.6,4.2,4.8,False,1.0457499627988893,3.6162928664103826,True,False,False,0.0,False,5.966395157705666,390.0968952817657,N/A,new_parameter_combo,rejected,no_support
3.6,50.0,4.85,0.5,False,4.85,12.0446735395189,3.6,3.6,4.225,4.85,False,1.0556011924732847,3.5528633570640884,True,False,False,0.0,False,5.958699855977122,387.1065027127489,N/A,new_parameter_combo,rejected,no_support
3.6,50.0,5.0,0.5,False,5.0,11.933333333333334,3.6,3.6,4.300000000000001,5.000000000000001,False,0.9831228876620147,3.430237298176855,True,False,False,0.0,False,5.9518408620346595,384.46042663932224,N/A,new_parameter_combo,rejected,no_support
3.6,50.0,5.4,0.5,False,5.4,11.666666666666666,3.6,3.6,4.500000000000001,5.4,False,0.9509136315638124,2.984899209658358,True,False,False,0.0,False,5.991466361510726,400.0007257617561,N/A,new_parameter_combo,rejected,no_support
3.6,50.0,5.5,0.5,False,5.5,11.606060606060607,3.6,3.6,4.55,5.5,False,0.9409346098699,3.0825125356141663,True,False,False,0.0,False,6.009329713724419,407.21028131415017,N/A,new_parameter_combo,rejected,no_support
3.6,50.0,6.0,0.5,False,6.0,11.333333333333334,3.6,3.6,4.8,6.0,False,0.8944271909999161,2.8197991168692784,True,True,True,0.056,False,6.146388338860937,467.02759173175053,N/A,new_parameter_combo,rejected,no_support
3.6,55.0,3.0,0.55,False,3.0,14.166666666666666,3.6,3.6,3.4500000000000006,3.0,False,1.1340340220933882,5.289387632782776,True,False,False,0.0,False,6.567899180568498,711.8727550110845,N/A,new_parameter_combo,rejected,no_support
3.6,55.0,3.5,0.55,False,3.5,13.452380952380953,3.6,3.6,3.575,3.4999999999999996,False,1.1307537670212087,4.45253148656629,True,False,False,0.0,False,6.663511046932022,783.2963048370464,N/A,new_parameter_combo,rejected,no_support
3.6,55.0,3.6,0.55,False,3.6,13.333333333333334,3.6,3.6,3.6000000000000005,3.6000000000000005,False,1.0815748155502947,4.326824973291097,True,False,False,0.0,False,6.633129024777837,759.8560631699298,N/A,new_parameter_combo,rejected,no_support
3.6,55.0,4.0,0.55,False,4.0,12.916666666666668,3.6,3.6,3.7,4.0,False,1.0036667468714455,3.996164880505214,True,False,False,0.0,False,6.346586284738132,570.5417138811847,N/A,new_parameter_combo,rejected,no_support
3.6,55.0,4.25,0.55,False,4.25,12.69607843137255,3.6,3.6,3.7625,4.25,False,1.0233996964898469,3.879436440511937,True,False,False,0.0,False,6.11879581159177,454.3172813675186,N/A,new_parameter_combo,rejected,no_support
3.6,55.0,4.4,0.55,False,4.4,12.575757575757576,3.6,3.6,3.8000000000000003,4.4,False,1.053445270897122,3.8339002736541388,True,False,False,0.0,False,6.014575350190292,409.35197076621705,N/A,new_parameter_combo,rejected,no_support
3.6,55.0,4.5,0.55,False,4.5,12.5,3.6,3.6,3.825,4.5,False,1.0631575996213605,3.8126887639716207,True,False,False,0.0,False,5.95861746862528,387.07461134685025,N/A,new_parameter_combo,rejected,no_support
3.6,55.0,4.75,0.55,False,4.75,12.324561403508772,3.6,3.6,3.8875,4.75,False,1.0364864116970627,3.7882979312173997,True,False,False,0.0,False,5.866051255838662,352.85289987147075,N/A,new_parameter_combo,rejected,no_support
3.6,55.0,4.8,0.55,False,4.8,12.291666666666668,3.6,3.6,3.9,4.8,False,1.0357142857142856,3.787898543216064,True,False,False,0.0,False,5.8556514689029235,349.2023204198763,N/A,new_parameter_combo,rejected,no_support
3.6,55.0,4.85,0.55,False,4.85,12.259450171821307,3.6,3.6,3.9124999999999996,4.85,False,1.0364864116970627,3.7888738138438716,True,False,False,0.0,False,5.847956167174379,346.5254162027513,N/A,new_parameter_combo,rejected,no_support
3.6,55.0,5.0,0.55,False,5.0,12.166666666666666,3.6,3.6,3.9499999999999997,5.000000000000001,False,1.02419704736771,3.7238464368748145,True,False,False,0.0,False,5.841097173231916,344.15673314983775,N/A,new_parameter_combo,rejected,no_support
3.6,55.0,5.4,0.55,False,5.4,11.944444444444445,3.6,3.6,4.05,5.4,False,0.9462449956732849,3.486464364989645,True,False,False,0.0,False,5.880722672707984,358.06791413899504,N/A,new_parameter_combo,rejected,no_support
3.6,55.0,5.5,0.55,False,5.5,11.893939393939396,3.6,3.6,4.074999999999999,5.5,False,0.9428571428571431,3.4024859929153664,True,False,False,0.0,False,5.898586024921676,364.52167872554327,N/A,new_parameter_combo,rejected,no_support
3.6,55.0,6.0,0.55,False,6.0,11.666666666666666,3.6,3.6,4.199999999999999,6.0,False,1.02419704736771,3.19000985954706,True,False,False,0.0,False,6.0356446500581935,418.068230497032,N/A,new_parameter_combo,rejected,no_support
3.6,58.0,3.0,0.58,False,3.0,14.066666666666666,3.6,3.6,3.54,3.0,False,1.147985147098683,5.168949852045206,True,False,False,0.0,False,6.527608956482865,683.7613522222773,N/A,new_parameter_combo,rejected,no_support
3.6,58.0,3.5,0.58,False,3.5,13.438095238095238,3.6,3.6,3.5900000000000003,3.4999999999999996,False,1.0786575178509292,4.43730508571657,True,False,False,0.0,False,6.623220822846388,752.3644314463924,N/A,new_parameter_combo,rejected,no_support
3.6,58.0,3.6,0.58,False,3.6,13.333333333333332,3.6,3.6,3.6,3.6000000000000005,False,1.0499523798725352,4.326824973291096,True,False,False,0.0,False,6.592838800692204,729.8498300293526,N/A,new_parameter_combo,rejected,no_support
3.6,58.0,4.0,0.58,False,4.0,12.966666666666667,3.6,3.6,3.64,4.0,False,1.0000000000000002,4.040827680218804,True,False,False,0.0,False,6.306296060652499,548.0113841083014,N/A,new_parameter_combo,rejected,no_support
3.6,58.0,4.25,0.58,False,4.25,12.772549019607844,3.6,3.6,3.665,4.25,False,1.0198039027185573,3.940330096267087,True,False,False,0.0,False,6.078505587506137,436.3765805884313,N/A,new_parameter_combo,rejected,no_support
3.6,58.0,4.4,0.58,False,4.4,12.666666666666666,3.6,3.6,3.68,4.4,False,1.0295640052062458,3.900909252040202,True,False,False,0.0,False,5.974285126104658,393.18692153291386,N/A,new_parameter_combo,rejected,no_support
3.6,58.0,4.5,0.58,False,4.5,12.6,3.6,3.6,3.6900000000000004,4.5,False,1.0075723501646554,3.882442655441612,True,False,False,0.0,False,5.918327244539647,371.7892808825272,N/A,new_parameter_combo,rejected,no_support
3.6,58.0,4.75,0.58,False,4.75,12.445614035087718,3.6,3.6,3.7150000000000003,4.75,False,0.9793886056189989,3.8608599793098737,True,False,False,0.0,False,5.8257610317530295,338.9189630496702,N/A,new_parameter_combo,rejected,no_support
3.6,58.0,4.8,0.58,False,4.8,12.416666666666666,3.6,3.6,3.72,4.8,False,0.9785714285714288,3.8604080550016944,True,False,False,0.0,False,5.81536124481729,335.4125426611298,N/A,new_parameter_combo,rejected,no_support
3.6,58.0,4.85,0.58,False,4.85,12.388316151202748,3.6,3.6,3.725,4.85,False,0.994651577289295,3.8611488232213964,True,False,False,0.0,False,5.807665943088747,332.84134769069976,N/A,new_parameter_combo,rejected,no_support
3.6,58.0,5.0,0.58,False,5.0,12.306666666666667,3.6,3.6,3.74,5.000000000000001,False,0.9915654495878358,3.8701469296788766,True,False,False,0.0,False,5.800806949146284,330.5662024265423,N/A,new_parameter_combo,rejected,no_support
3.6,58.0,5.4,0.58,False,5.4,12.11111111111111,3.6,3.6,3.7800000000000002,5.4,False,1.0316778487849145,3.6368363135716657,True,False,False,0.0,False,5.840432448622351,343.9280397172625,N/A,new_parameter_combo,rejected,no_support
3.6,58.0,5.5,0.58,False,5.5,12.066666666666666,3.6,3.6,3.7900000000000005,5.5,False,1.0285714285714285,3.649111508520003,True,False,False,0.0,False,5.858295800836043,350.1269492408525,N/A,new_parameter_combo,rejected,no_support
3.6,58.0,6.0,0.58,False,6.0,11.866666666666667,3.6,3.6,3.8400000000000003,6.0,False,1.1036118809044553,3.4534318071166212,True,False,False,0.0,False,5.995354425972561,401.55898170505805,N/A,new_parameter_combo,rejected,no_support
3.6,60.0,3.0,0.6,False,3.0,14.0,3.6,3.6,3.6,3.0,False,1.160714285714286,5.0901964102090025,True,False,False,0.0,False,6.52241275615898,680.2176062429743,N/A,new_parameter_combo,rejected,no_support
3.6,60.0,3.5,0.6,False,3.5,13.428571428571429,3.6,3.6,3.6,3.4999999999999996,False,1.0785477764672502,4.4272040624781654,True,False,False,0.0,False,6.618024622522504,748.4651346811643,N/A,new_parameter_combo,rejected,no_support
3.6,60.0,3.6,0.6,False,3.6,13.333333333333334,3.6,3.6,3.6,3.6000000000000005,False,1.051506208313793,4.326824973291097,True,False,False,0.0,False,6.587642600368319,726.0672202163599,N/A,new_parameter_combo,rejected,no_support
3.6,60.0,4.0,0.6,False,4.0,13.0,3.6,3.6,3.6,4.0,False,1.001631322454749,4.071471727187801,True,False,False,0.0,False,6.301099860328614,545.1711926690894,N/A,new_parameter_combo,rejected,no_support
3.6,60.0,4.25,0.6,False,4.25,12.823529411764707,3.6,3.6,3.6,4.25,False,1.0214035960982562,3.9832537544644544,True,False,False,0.0,False,6.0733093871822526,434.1149614607985,N/A,new_parameter_combo,rejected,no_support
3.6,60.0,4.4,0.6,False,4.4,12.727272727272728,3.6,3.6,3.6,4.4,False,0.9957060872792222,3.949110907665378,True,False,False,0.0,False,5.969088925780774,391.14914246311406,N/A,new_parameter_combo,rejected,no_support
3.6,60.0,4.5,0.6,False,4.5,12.666666666666666,3.6,3.6,3.6,4.5,False,0.9729494397166268,3.9334002190476096,True,False,False,0.0,False,5.9131310442157625,369.8623998662294,N/A,new_parameter_combo,rejected,no_support
3.6,60.0,4.75,0.6,False,4.75,12.526315789473685,3.6,3.6,3.6,4.75,False,0.9437322778441448,3.9163914570277973,True,False,False,0.0,False,5.820564831429145,337.1624397996896,N/A,new_parameter_combo,rejected,no_support
3.6,60.0,4.8,0.6,False,4.8,12.5,3.6,3.6,3.6,4.8,False,0.9591030700501342,3.916503229919978,True,False,False,0.0,False,5.810165044493406,333.6741922182452,N/A,new_parameter_combo,rejected,no_support
3.6,60.0,4.85,0.6,False,4.85,12.474226804123711,3.6,3.6,3.6,4.85,False,0.9780995342906531,3.917703395498861,True,False,False,0.0,False,5.8024697427648615,331.11632304022595,N/A,new_parameter_combo,rejected,no_support
3.6,60.0,5.0,0.6,False,5.0,12.4,3.6,3.6,3.6,5.000000000000001,False,1.0144114610181107,3.927505080090362,True,False,False,0.0,False,5.7956107488224,328.8529692247314,N/A,new_parameter_combo,rejected,no_support
3.6,60.0,5.4,0.6,False,5.4,12.222222222222223,3.6,3.6,3.6,5.4,False,1.0580314797986394,3.8150841444483863,True,False,False,0.0,False,5.835236248298466,342.14555580828426,N/A,new_parameter_combo,rejected,no_support
3.6,60.0,5.5,0.6,False,5.5,12.181818181818182,3.6,3.6,3.6,5.5,False,1.0857142857142856,3.753196719418944,True,False,False,0.0,False,5.8530996005121585,348.3123380982585,N/A,new_parameter_combo,rejected,no_support
3.6,60.0,6.0,0.6,False,6.0,12.0,3.6,3.6,3.6,6.0,False,1.157054670360948,3.7071385078255155,True,False,False,0.0,False,5.990158225648676,399.47781256286333,N/A,new_parameter_combo,rejected,no_support
3.6,65.0,3.0,0.65,False,3.0,13.833333333333334,3.6,3.6,3.6,3.15,False,1.1340340220933882,4.887058989866973,True,False,False,0.0,False,6.585246077082145,724.3292665707769,N/A,new_parameter_combo,rejected,no_support
3.6,65.0,3.5,0.65,False,3.5,13.404761904761905,3.6,3.6,3.6,3.5250000000000004,False,1.0905905533709896,4.401755526853911,True,False,False,0.0,False,6.680857943445669,797.0026019346438,N/A,new_parameter_combo,rejected,no_support
3.6,65.0,3.6,0.65,False,3.6,13.333333333333332,3.6,3.6,3.6,3.6000000000000005,False,1.0688311372709913,4.326824973291096,True,False,False,0.0,False,6.650475921291484,773.1521975815232,N/A,new_parameter_combo,rejected,no_support
3.6,65.0,4.0,0.65,False,4.0,13.083333333333334,3.6,3.6,3.6,3.9,False,1.0198039027185573,4.124227520788961,True,False,False,0.0,False,6.363933181251779,580.5251827022904,N/A,new_parameter_combo,rejected,no_support
3.6,65.0,4.25,0.65,False,4.25,12.950980392156863,3.6,3.6,3.6,4.0874999999999995,False,0.9694191402008498,4.047521181527082,True,False,False,0.0,False,6.136142708105417,462.2670286043467,N/A,new_parameter_combo,rejected,no_support
3.6,65.0,4.4,0.65,False,4.4,12.878787878787879,3.6,3.6,3.6,4.2,False,0.9211804760131181,4.0134971367422825,True,False,False,0.0,False,6.031922246703939,416.5149047596003,N/A,new_parameter_combo,rejected,no_support
3.6,65.0,4.5,0.65,False,4.5,12.833333333333334,3.6,3.6,3.6,4.2749999999999995,False,0.8965341429012924,3.9953137684428643,True,False,False,0.0,False,5.975964365138927,393.8477310325874,N/A,new_parameter_combo,rejected,no_support
3.6,65.0,4.75,0.65,False,4.75,12.728070175438598,3.6,3.6,3.6,4.4625,False,0.9128074684673635,3.9641087337452268,True,False,False,0.0,False,5.88339815235231,359.0272002575725,N/A,new_parameter_combo,rejected,no_support
3.6,65.0,4.8,0.65,False,4.8,12.708333333333334,3.6,3.6,3.6,4.5,False,0.9310303295219746,3.9601277851373466,True,False,False,0.0,False,5.872998365416571,355.3127421355014,N/A,new_parameter_combo,rejected,no_support
3.6,65.0,4.85,0.65,False,4.85,12.689003436426116,3.6,3.6,3.6,4.5375,False,0.9505879625209844,3.956851208207604,True,False,False,0.0,False,5.865303063688026,352.58899683885755,N/A,new_parameter_combo,rejected,no_support
3.6,65.0,5.0,0.65,False,5.0,12.633333333333333,3.6,3.6,3.6,4.6499999999999995,False,0.9857142857142861,3.95105668514231,True,False,False,0.0,False,5.858444069745564,350.17886603053836,N/A,new_parameter_combo,rejected,no_support
3.6,65.0,5.4,0.65,False,5.4,12.5,3.6,3.6,3.6,4.95,False,0.9882173189070083,3.9621960514307744,True,False,False,0.0,False,5.898069569221631,364.3334680322016,N/A,new_parameter_combo,rejected,no_support
3.6,65.0,5.5,0.65,False,5.5,12.46969696969697,3.6,3.6,3.6,5.025,False,1.0294529952298723,3.9703691208067236,True,False,False,0.0,False,5.915932921435323,370.90016206099915,N/A,new_parameter_combo,rejected,no_support
3.6,65.0,6.0,0.65,False,6.0,12.333333333333332,3.6,3.6,3.6,5.3999999999999995,False,1.2914230404432763,3.960677843175002,False,False,False,0.0,False,6.052991546571841,425.3836835878662,N/A,new_parameter_combo,rejected,no_support
3.6,69.0,3.0,0.69,False,3.0,13.700000000000001,3.6,3.6,3.6,3.2699999999999996,False,1.1540136259939018,4.729919882760986,True,False,False,0.0,False,6.713502950460209,823.4500981058321,N/A,new_parameter_combo,rejected,no_support
3.6,69.0,3.5,0.69,False,3.5,13.385714285714288,3.6,3.6,3.6,3.5450000000000004,False,1.0785477764672502,4.381564359128678,True,False,False,0.0,False,6.809114816823733,906.0684153503788,N/A,new_parameter_combo,rejected,no_support
3.6,69.0,3.6,0.69,False,3.6,13.333333333333334,3.6,3.6,3.6,3.5999999999999996,False,1.0959815282221148,4.326824973291097,True,False,False,0.0,False,6.778732794669548,878.9542026423625,N/A,new_parameter_combo,rejected,no_support
3.6,69.0,4.0,0.69,False,4.0,13.15,3.6,3.6,3.6,3.82,False,1.0348311505767895,4.169739926437298,True,False,False,0.0,False,6.492190054629844,659.967145759941,N/A,new_parameter_combo,rejected,no_support
3.6,69.0,4.25,0.69,False,4.25,13.052941176470588,3.6,3.6,3.6,3.9575000000000005,False,0.924594781622783,4.107550806987854,True,False,False,0.0,False,6.264399581483482,525.525955698969,N/A,new_parameter_combo,rejected,no_support
3.6,69.0,4.4,0.69,False,4.4,13.0,3.6,3.6,3.6,4.040000000000001,False,0.8738852957934935,4.077880089616371,True,False,False,0.0,False,6.160179120082002,473.51288290560893,N/A,new_parameter_combo,rejected,no_support
3.6,69.0,4.5,0.69,False,4.5,12.966666666666667,3.6,3.6,3.6,4.095000000000001,False,0.8478652665394908,4.060956492569639,True,False,False,0.0,False,6.104221238516992,447.74382000737995,N/A,new_parameter_combo,rejected,no_support
3.6,69.0,4.75,0.69,False,4.75,12.889473684210527,3.6,3.6,3.6,4.2325,False,0.9056247843339983,4.027686753761598,True,False,False,0.0,False,6.011655025730374,408.15827403250705,N/A,new_parameter_combo,rejected,no_support
3.6,69.0,4.8,0.69,False,4.8,12.875,3.6,3.6,3.6,4.26,False,0.9239893127087568,4.022466242579413,True,False,False,0.0,False,6.001255238794635,403.9355109243561,N/A,new_parameter_combo,rejected,no_support
3.6,69.0,4.85,0.69,False,4.85,12.860824742268042,3.6,3.6,3.6,4.2875000000000005,False,0.9436928790660659,4.0176928778939445,True,False,False,0.0,False,5.993559937066091,400.8390347287231,N/A,new_parameter_combo,rejected,no_support
3.6,69.0,5.0,0.69,False,5.0,12.82,3.6,3.6,3.6,4.37,False,1.0100278461507886,4.005937585000506,True,False,False,0.0,False,5.986700943123628,398.0990895930606,N/A,new_parameter_combo,rejected,no_support
3.6,69.0,5.4,0.69,False,5.4,12.722222222222221,3.6,3.6,3.6,4.590000000000001,False,0.9896618676320197,3.991571967314728,True,False,False,0.0,False,6.026326442599695,414.19067796984984,N/A,new_parameter_combo,rejected,no_support
3.6,69.0,5.5,0.69,False,5.5,12.7,3.6,3.6,3.6,4.645000000000001,False,0.9873578430356859,3.9914473366029575,True,False,False,0.0,False,6.044189794813388,421.65599118002126,N/A,new_parameter_combo,rejected,no_support
3.6,69.0,6.0,0.69,False,6.0,12.6,3.6,3.6,3.6,4.920000000000001,False,1.2581238055946968,4.008681426465154,False,False,False,0.0,False,6.181248419949905,483.595309687547,N/A,new_parameter_combo,rejected,no_support
3.6,70.0,3.0,0.7,False,3.0,13.666666666666666,3.6,3.6,3.6,3.3,False,1.160714285714286,4.691443992871461,True,False,False,0.0,False,6.756399143337994,859.5415307670643,N/A,new_parameter_combo,rejected,no_support
3.6,70.0,3.5,0.7,False,3.5,13.380952380952381,3.6,3.6,3.6,3.55,False,1.0774118648551319,4.376540122489027,True,False,False,0.0,False,6.852011009701517,945.7809702147343,N/A,new_parameter_combo,rejected,no_support
3.6,70.0,3.6,0.7,False,3.6,13.333333333333332,3.6,3.6,3.6,3.5999999999999996,False,1.1045139294767468,4.326824973291096,True,False,False,0.0,False,6.821628987547332,917.4783542454104,N/A,new_parameter_combo,rejected,no_support
3.6,70.0,4.0,0.7,False,4.0,13.166666666666666,3.6,3.6,3.6,3.8,False,1.0265148089829121,4.1815651416838255,True,False,False,0.0,False,6.535086247507628,688.8931970830404,N/A,new_parameter_combo,rejected,no_support
3.6,70.0,4.25,0.7,False,4.25,13.07843137254902,3.6,3.6,3.6,3.9250000000000007,False,0.915277364005701,4.123712676638082,True,False,False,0.0,False,6.307295774361266,548.5595125416581,N/A,new_parameter_combo,rejected,no_support
3.6,70.0,4.4,0.7,False,4.4,13.03030303030303,3.6,3.6,3.6,4.000000000000001,False,0.86402121100192,4.095696733256729,True,False,False,0.0,False,6.203075312959787,494.2667310949831,N/A,new_parameter_combo,rejected,no_support
3.6,70.0,4.5,0.7,False,4.5,13.0,3.6,3.6,3.6,4.05,False,0.8376948448338599,4.079519827784836,True,False,False,0.0,False,6.1471174313947765,467.36822222246394,N/A,new_parameter_combo,rejected,no_support
3.6,70.0,4.75,0.7,False,4.75,12.929824561403509,3.6,3.6,3.6,4.175000000000001,False,0.9060753702262374,4.046983350276199,True,False,False,0.0,False,6.054551218608158,426.0476602822075,N/A,new_parameter_combo,rejected,no_support
3.6,70.0,4.8,0.7,False,4.8,12.916666666666666,3.6,3.6,3.6,4.2,False,0.9244309474106831,4.041729231444751,True,False,False,0.0,False,6.04415143167242,421.6398154420697,N/A,new_parameter_combo,rejected,no_support
3.6,70.0,4.85,0.7,False,4.85,12.903780068728521,3.6,3.6,3.6,4.2250000000000005,False,0.9441252970504566,4.036865932063262,True,False,False,0.0,False,6.0364561299438755,418.40762214304596,N/A,new_parameter_combo,rejected,no_support
3.6,70.0,5.0,0.7,False,5.0,12.866666666666667,3.6,3.6,3.6,4.3,False,1.0104318762443183,4.024517571629575,True,False,False,0.0,False,6.029597136001413,415.5475864935967,N/A,new_parameter_combo,rejected,no_support
3.6,70.0,5.4,0.7,False,5.4,12.777777777777779,3.6,3.6,3.6,4.5,False,0.9857142857142862,4.006431626600062,True,False,False,0.0,False,6.069222635477479,432.34446166268714,N/A,new_parameter_combo,rejected,no_support
3.6,70.0,5.5,0.7,False,5.5,12.757575757575756,3.6,3.6,3.6,4.550000000000001,False,0.978638162479486,4.004941723605358,True,False,False,0.0,False,6.0870859876911725,440.13697605923244,N/A,new_parameter_combo,rejected,no_support
3.6,70.0,6.0,0.7,False,6.0,12.666666666666666,3.6,3.6,3.6,4.800000000000001,False,1.2512923931125073,4.013133100609022,False,False,False,0.0,False,6.22414461282769,504.79106592708615,N/A,new_parameter_combo,rejected,no_support
3.6,71.0,3.0,0.71,False,3.0,13.633333333333335,3.6,3.6,3.6,3.3299999999999996,False,1.1680755584310816,4.653307810884295,True,False,False,0.0,False,6.803628126029086,901.1107112484125,N/A,new_parameter_combo,rejected,no_support
3.6,71.0,3.5,0.71,False,3.5,13.376190476190478,3.6,3.6,3.6,3.555,False,1.077032961426901,4.371525373031013,True,False,False,0.0,False,6.8992399923926095,991.5208657746339,N/A,new_parameter_combo,rejected,no_support
3.6,71.0,3.6,0.71,False,3.6,13.333333333333334,3.6,3.6,3.6,3.5999999999999996,False,1.1092339699089642,4.326824973291097,True,False,False,0.0,False,6.868857970238424,961.8494776061657,N/A,new_parameter_combo,rejected,no_support
3.6,71.0,4.0,0.71,False,4.0,13.183333333333334,3.6,3.6,3.6,3.78,False,1.0189320139143692,4.193566210885906,True,False,False,0.0,False,6.58231523019872,722.2094763050137,N/A,new_parameter_combo,rejected,no_support
3.6,71.0,4.25,0.71,False,4.25,13.103921568627452,3.6,3.6,3.6,3.8925,False,0.9067648256188547,4.14032574784022,True,False,False,0.0,False,6.354524757052358,575.0889687289063,N/A,new_parameter_combo,rejected,no_support
3.6,71.0,4.4,0.71,False,4.4,13.060606060606062,3.6,3.6,3.6,3.9600000000000004,False,0.8549985081738984,4.114184371497354,True,False,False,0.0,False,6.250304295650879,518.170477703338,N/A,new_parameter_combo,rejected,no_support
3.6,71.0,4.5,0.71,False,4.5,13.033333333333333,3.6,3.6,3.6,4.005000000000001,False,0.8283854471075599,4.098921641079607,True,False,False,0.0,False,6.194346414085868,489.97110211294995,N/A,new_parameter_combo,rejected,no_support
3.6,71.0,4.75,0.71,False,4.75,12.970175438596492,3.6,3.6,3.6,4.117500000000001,False,0.9074257854626184,4.067604097677921,True,False,False,0.0,False,6.10178020129925,446.6521935711601,N/A,new_parameter_combo,rejected,no_support
3.6,71.0,4.8,0.71,False,4.8,12.958333333333334,3.6,3.6,3.6,4.14,False,0.9257545874163681,4.062424107744193,True,False,False,0.0,False,6.0913804143635115,442.0311763697869,N/A,new_parameter_combo,rejected,no_support
3.6,71.0,4.85,0.71,False,4.85,12.946735395189004,3.6,3.6,3.6,4.1625,False,0.9454213643251614,4.057581888891092,True,False,False,0.0,False,6.083685112634967,438.6426676144549,N/A,new_parameter_combo,rejected,no_support
3.6,71.0,5.0,0.71,False,5.0,12.913333333333334,3.6,3.6,3.6,4.23,False,1.0116429983558677,4.044992093069372,True,False,False,0.0,False,6.076826118692504,435.6443148112215,N/A,new_parameter_combo,rejected,no_support
3.6,71.0,5.4,0.71,False,5.4,12.833333333333334,3.6,3.6,3.6,4.410000000000001,False,0.9778151404941493,4.024241059915413,True,False,False,0.0,False,6.116451618168571,453.2535211015359,N/A,new_parameter_combo,rejected,no_support
3.6,71.0,5.5,0.71,False,5.5,12.815151515151516,3.6,3.6,3.6,4.455000000000001,False,1.0034888120544079,4.02167192060385,True,False,False,0.0,False,6.134314970382264,461.4228973782331,N/A,new_parameter_combo,rejected,no_support
3.6,71.0,6.0,0.71,False,6.0,12.733333333333334,3.6,3.6,3.6,4.680000000000001,False,1.245079294253821,4.022345161994543,False,False,False,0.0,False,6.2713735955187815,529.2037908202848,N/A,new_parameter_combo,rejected,no_support
4.0,2.0,3.0,0.02,False,3.0,15.9,3.0999999999999996,3.0000000000000004,3.0,3.0,False,1.6305752083863176,7.999672070603716,False,False,False,0.0,False,7.167917087723136,1297.1399582693314,N/A,new_parameter_combo,rejected,no_support
4.0,2.0,3.5,0.02,False,3.5,13.671428571428573,3.5500000000000003,3.5,3.5,3.4999999999999996,False,1.3967106035983554,4.7807596362105516,False,False,False,0.0,False,7.26352895408666,1427.284481695085,N/A,new_parameter_combo,rejected,no_support
4.0,2.0,3.6,0.02,False,3.6,13.3,3.64,3.6,3.6,3.6000000000000005,False,1.3944176240295023,4.267341691524937,False,False,False,0.0,False,7.233146931932476,1384.5728118301058,N/A,new_parameter_combo,rejected,no_support
4.0,2.0,4.0,0.02,False,4.0,12.0,4.0,4.0,4.0,4.0,False,1.3124404748406688,2.7861991721905226,False,True,False,0.0,False,6.946604191892771,1039.6133996211574,N/A,new_parameter_combo,rejected,no_support
4.0,2.0,4.25,0.02,False,4.25,11.311764705882354,4.2250000000000005,4.25,4.25,4.25,False,1.1785714285714288,2.309360777184806,True,True,True,0.112,False,6.718813718746409,827.8348837566107,N/A,new_parameter_combo,rejected,no_support
4.0,2.0,4.4,0.02,False,4.4,10.936363636363637,4.36,4.4,4.4,4.4,False,1.0786244074027334,1.6811933671544013,True,True,True,0.112,False,6.61459325734493,745.9012787599821,N/A,new_parameter_combo,rejected,no_support
4.0,2.0,4.5,0.02,False,4.5,10.700000000000001,4.45,4.5,4.5,4.5,False,1.0144114610181107,1.2717826562240009,True,True,True,0.112,False,6.558635375779919,705.3085564452499,N/A,new_parameter_combo,rejected,no_support
4.0,2.0,4.75,0.02,False,4.75,10.152631578947368,4.675,4.75,4.75,4.75,False,0.9091811324662723,0.4142993068556546,True,True,True,0.112,False,6.466069162993302,642.9514159554622,N/A,new_parameter_combo,rejected,no_support
4.0,2.0,4.8,0.02,False,4.8,10.05,4.72,4.8,4.8,4.8,False,0.9100606197570871,0.32170842383679815,True,True,True,0.112,False,6.455669376057562,636.2995073887032,N/A,new_parameter_combo,rejected,no_support
4.0,2.0,4.85,0.02,False,4.85,9.949484536082474,4.765,4.85,4.85,4.85,False,0.9126939967111942,0.29600841751088663,True,True,True,0.112,False,6.447974074329019,631.4217825424447,N/A,new_parameter_combo,rejected,no_support
4.0,2.0,5.0,0.02,False,5.0,9.66,4.9,5.0,5.0,5.000000000000001,False,0.9309190789927196,0.6524899293351387,True,True,True,0.286,False,6.441115080386556,627.1056833312005,N/A,new_parameter_combo,rejected,no_support
4.0,2.0,5.4,0.02,False,5.4,8.966666666666667,5.260000000000001,5.4,5.4,5.4,False,0.9658674857349736,1.9380787531463828,True,True,True,0.52,False,6.480740579862623,652.4539616586542,N/A,new_parameter_combo,rejected,no_support
4.0,2.0,5.5,0.02,False,5.5,8.809090909090909,5.35,5.5,5.499999999999999,5.5,False,0.9287087810503354,2.120021011267891,True,True,True,0.52,False,6.498603932076316,664.2136980266309,N/A,new_parameter_combo,rejected,no_support
4.0,2.0,6.0,0.02,False,6.0,8.100000000000001,5.800000000000001,6.000000000000001,6.0,6.0,False,1.0857142857142856,3.5222983122660927,True,False,False,0.0,False,6.635662557212833,761.7836238896513,N/A,new_parameter_combo,rejected,no_support
4.0,4.0,3.0,0.04,False,3.0,15.800000000000002,3.1999999999999997,3.0000000000000004,3.0,3.0,False,1.6187832417199872,7.843520099823982,False,False,False,0.0,False,7.1192591475805225,1235.5347454071757,N/A,new_parameter_combo,rejected,no_support
4.0,4.0,3.5,0.04,False,3.5,13.628571428571428,3.6,3.5,3.5,3.4999999999999996,False,1.3527690799517376,4.705007337823536,False,False,False,0.0,False,7.214871013944046,1359.4983004513952,N/A,new_parameter_combo,rejected,no_support
4.0,4.0,3.6,0.04,False,3.6,13.266666666666667,3.68,3.6,3.6,3.6000000000000005,False,1.3504014898071872,4.210776204088152,False,False,False,0.0,False,7.184488991789861,1318.8151406920172,N/A,new_parameter_combo,rejected,no_support
4.0,4.0,4.0,0.04,False,4.0,12.0,4.0,4.0,4.0,4.0,False,1.269440661014423,2.7861991721905226,False,True,False,0.0,False,6.897946251750157,990.2389243614008,N/A,new_parameter_combo,rejected,no_support
4.0,4.0,4.25,0.04,False,4.25,11.329411764705883,4.2,4.25,4.25,4.25,False,1.151950431189801,2.338939326425843,True,True,True,0.112,False,6.670155778603794,788.5184291956174,N/A,new_parameter_combo,rejected,no_support
4.0,4.0,4.4,0.04,False,4.4,10.963636363636363,4.32,4.4,4.4,4.4,False,1.049471198231932,1.7300011837281284,True,True,True,0.306,False,6.565935317202316,710.4761060488794,N/A,new_parameter_combo,rejected,no_support
4.0,4.0,4.5,0.04,False,4.5,10.733333333333334,4.3999999999999995,4.5,4.5,4.5,False,0.9833563931344361,1.3333865660052926,True,True,True,0.306,False,6.509977435637305,671.8112584271686,N/A,new_parameter_combo,rejected,no_support
4.0,4.0,4.75,0.04,False,4.75,10.200000000000001,4.6,4.75,4.75,4.75,False,0.8650103957143395,0.5173638247795166,True,True,True,0.112,False,6.417411222850687,612.4156525727593,N/A,new_parameter_combo,rejected,no_support
4.0,4.0,4.8,0.04,False,4.8,10.100000000000001,4.64,4.8,4.8,4.8,False,0.8659347462100584,0.4022142211297012,True,True,True,0.112,False,6.4070114359149475,606.0796638422388,N/A,new_parameter_combo,rejected,no_support
4.0,4.0,4.85,0.04,False,4.85,10.002061855670105,4.68,4.85,4.85,4.85,False,0.8687018963337643,0.2949606204191219,True,True,True,0.286,False,6.399316134186404,601.4335973266956,N/A,new_parameter_combo,rejected,no_support
4.0,4.0,5.0,0.04,False,5.0,9.72,4.8,5.0,5.0,5.000000000000001,False,0.8878304932214698,0.5944272197691112,True,True,True,0.286,False,6.392457140243941,597.3224830971781,N/A,new_parameter_combo,rejected,no_support
4.0,4.0,5.4,0.04,False,5.4,9.044444444444444,5.12,5.4,5.4,5.4,False,0.9190956069386239,1.8049952714314195,True,True,True,0.52,False,6.432082639720008,621.4668928119221,N/A,new_parameter_combo,rejected,no_support
4.0,4.0,5.5,0.04,False,5.5,8.89090909090909,5.2,5.5,5.499999999999999,5.5,False,0.8799640530691454,2.0126983091394286,True,True,True,0.52,False,6.449945991933701,632.6681227076147,N/A,new_parameter_combo,rejected,no_support
4.0,4.0,6.0,0.04,False,6.0,8.200000000000001,5.599999999999999,6.000000000000001,6.0,6.0,False,1.0285714285714287,3.3698873327901095,True,False,False,0.0,False,6.587004617070218,725.604149188061,N/A,new_parameter_combo,rejected,no_support
4.0,13.0,3.0,0.13,False,3.0,15.350000000000001,3.65,3.0000000000000004,3.0,3.0,False,1.4688778168439767,7.190395037223917,False,False,False,0.0,False,6.954485965463906,1047.839773660468,N/A,new_parameter_combo,rejected,no_support
4.0,13.0,3.5,0.13,False,3.5,13.435714285714287,3.8249999999999997,3.5,3.5,3.4999999999999996,False,1.2654151533011144,4.406138450500298,False,False,False,0.0,False,7.05009783182743,1152.9715345781867,N/A,new_parameter_combo,rejected,no_support
4.0,13.0,3.6,0.13,False,3.6,13.116666666666667,3.86,3.6,3.6,3.6000000000000005,False,1.189821629574821,3.996090727304377,True,False,False,0.0,False,7.019715809673245,1118.4687145866612,N/A,new_parameter_combo,rejected,no_support
4.0,13.0,4.0,0.13,False,4.0,12.0,4.0,4.0,4.0,4.0,False,1.0921099219550445,2.7861991721905226,True,True,True,0.036,False,6.733173069633541,839.8078113381474,N/A,new_parameter_combo,rejected,no_support
4.0,13.0,4.25,0.13,False,4.25,11.408823529411766,4.0875,4.25,4.25,4.25,False,1.0357142857142858,2.447493731655063,True,True,True,0.306,False,6.505382596487179,668.7314747293108,N/A,new_parameter_combo,rejected,no_support
4.0,13.0,4.4,0.13,False,4.4,11.086363636363638,4.14,4.4,4.4,4.4,False,0.9502749333638091,1.9287039363354799,True,True,True,0.306,False,6.401162135085699,602.5448696775312,N/A,new_parameter_combo,rejected,no_support
4.0,13.0,4.5,0.13,False,4.5,10.883333333333335,4.175,4.5,4.5,4.5,False,0.8767111548164493,1.5866993018450417,True,True,True,0.306,False,6.345204253520689,569.7537520410958,N/A,new_parameter_combo,rejected,no_support
4.0,13.0,4.75,0.13,False,4.75,10.413157894736843,4.2625,4.75,4.75,4.75,False,0.699015342449357,0.8473056288421863,True,True,True,0.539,False,6.2526380407340705,519.3811676793342,N/A,new_parameter_combo,rejected,no_support
4.0,13.0,4.8,0.13,False,4.8,10.325000000000001,4.28,4.8,4.8,4.8,False,0.6913799606583926,0.7363836074559718,True,True,True,0.539,False,6.242238253798332,514.0077040661233,N/A,new_parameter_combo,rejected,no_support
4.0,13.0,4.85,0.13,False,4.85,10.238659793814433,4.2975,4.85,4.85,4.85,False,0.6948426080775418,0.6498766505900141,True,True,True,0.706,False,6.234542952069788,510.0674398977898,N/A,new_parameter_combo,rejected,no_support
4.0,13.0,5.0,0.13,False,5.0,9.99,4.3500000000000005,5.0,5.0,5.000000000000001,True,0.7186141175902407,0.6133760275953248,True,True,True,0.706,False,6.227683958127325,506.5808612970964,N/A,existing_parameter_combo,rejected,no_support
4.0,13.0,5.4,0.13,False,5.4,9.394444444444446,4.49,5.4,5.4,5.4,False,0.7271989874490602,1.316311344143913,True,True,True,0.52,False,6.267309457603392,527.0573982012248,N/A,new_parameter_combo,rejected,no_support
4.0,13.0,5.5,0.13,False,5.5,9.25909090909091,4.5249999999999995,5.5,5.499999999999999,5.5,False,0.6817820895286422,1.549453476863836,True,True,True,0.52,False,6.285172809817085,536.5570049441767,N/A,new_parameter_combo,rejected,no_support
4.0,13.0,6.0,0.13,False,6.0,8.65,4.7,6.000000000000001,6.0,6.0,False,0.8951399388945184,2.7402508633410716,True,True,True,0.196,False,6.422231434953602,615.3747519271492,N/A,new_parameter_combo,rejected,no_support
4.0,19.0,3.0,0.19,False,3.0,15.05,3.95,3.0000000000000004,3.0,3.0,False,1.386542462386205,6.765721617833268,False,False,False,0.0,False,6.893898585136298,986.2388682356132,N/A,new_parameter_combo,rejected,no_support
4.0,19.0,3.5,0.19,False,3.5,13.307142857142859,3.975,3.5,3.5,3.4999999999999996,False,1.2121830534626532,4.226159540240352,True,False,False,0.0,False,6.989510451499822,1085.190092945189,N/A,new_parameter_combo,rejected,no_support
4.0,19.0,3.6,0.19,False,3.6,13.01666666666667,3.98,3.6,3.6,3.6000000000000005,False,1.1564204093950032,3.858860136041552,True,False,False,0.0,False,6.959128429345637,1052.7156412258134,N/A,new_parameter_combo,rejected,no_support
4.0,19.0,4.0,0.19,False,4.0,12.0,4.0,4.0,4.0,4.0,False,0.9934736010173436,2.7861991721905226,True,True,True,0.054,False,6.672585689305932,790.4367883423563,N/A,new_parameter_combo,rejected,no_support
4.0,19.0,4.25,0.19,False,4.25,11.461764705882354,4.012499999999999,4.25,4.25,4.25,False,0.9311228683253182,2.4881563217122724,True,True,True,0.709,False,6.44479521615957,629.417769175343,N/A,new_parameter_combo,rejected,no_support
4.0,19.0,4.4,0.19,False,4.4,11.16818181818182,4.02,4.4,4.4,4.4,False,0.9129018544829274,2.0746981756540968,True,True,True,0.512,False,6.340574754758092,567.1221738949757,N/A,new_parameter_combo,rejected,no_support
4.0,19.0,4.5,0.19,False,4.5,10.983333333333334,4.025,4.5,4.5,4.5,False,0.842524147295204,1.7812287569482583,True,True,True,0.512,False,6.28461687319308,536.2587961545364,N/A,new_parameter_combo,rejected,no_support
4.0,19.0,4.75,0.19,False,4.75,10.55526315789474,4.0375000000000005,4.75,4.75,4.75,False,0.6556271339530652,1.164797678977264,True,True,True,0.847,True,6.192050660406463,488.8475393576134,N/A,new_parameter_combo,Q2_provisional,requires_pilot_and_Q3_k100_confirmation
4.0,19.0,4.8,0.19,False,4.8,10.475000000000001,4.04,4.8,4.8,4.8,False,0.6192309252415535,1.0762529647433443,True,True,True,0.706,False,6.181650873470724,483.7899734915212,N/A,new_parameter_combo,rejected,no_support
4.0,19.0,4.85,0.19,False,4.85,10.396391752577323,4.0424999999999995,4.85,4.85,4.85,False,0.612414196405655,1.0049878007490813,True,True,True,0.706,False,6.17395557174218,480.08135145635,N/A,new_parameter_combo,rejected,no_support
4.0,19.0,5.0,0.19,False,5.0,10.170000000000002,4.05,5.0,5.0,5.000000000000001,False,0.6392582795390171,0.9209061649761179,True,True,True,0.706,False,6.167096577799717,476.79974350483064,N/A,new_parameter_combo,rejected,no_support
4.0,19.0,5.4,0.19,False,5.4,9.627777777777778,4.07,5.4,5.4,5.4,False,0.6258398438930534,1.3457066587810358,True,True,True,0.847,True,6.206722077275784,496.07249597075884,N/A,new_parameter_combo,Q2_provisional,requires_pilot_and_Q3_k100_confirmation
4.0,19.0,5.5,0.19,False,5.5,9.504545454545458,4.075,5.5,5.499999999999999,5.5,False,0.6598780663880265,1.5049170620692323,True,True,True,0.847,True,6.224585429489476,505.0136352922059,N/A,new_parameter_combo,Q2_provisional,requires_pilot_and_Q3_k100_confirmation
4.0,19.0,6.0,0.19,False,6.0,8.95,4.1,6.000000000000001,6.0,6.0,False,0.8502400621385156,2.4820537369783433,True,True,True,0.692,False,6.3616440546259945,579.1978068949114,N/A,new_parameter_combo,rejected,no_support
4.0,22.0,3.0,0.22,False,3.0,14.9,4.0,3.0999999999999996,3.0,3.0,False,1.3583611073492883,6.508005804862662,False,False,False,0.0,False,6.878383317297534,971.0552019541027,N/A,new_parameter_combo,rejected,no_support
4.0,22.0,3.5,0.22,False,3.5,13.242857142857144,4.0,3.5500000000000003,3.5,3.4999999999999996,False,1.1882865815955346,4.106343499411949,True,False,False,0.0,False,6.973995183661058,1068.483020496545,N/A,new_parameter_combo,rejected,no_support
4.0,22.0,3.6,0.22,False,3.6,12.966666666666667,4.0,3.64,3.6,3.6000000000000005,False,1.1489844673112208,3.766133869395976,True,False,False,0.0,False,6.943613161506874,1036.508530047672,N/A,new_parameter_combo,rejected,no_support
4.0,22.0,4.0,0.22,False,4.0,12.0,4.0,4.0,4.0,4.0,False,0.9519314415375489,2.7861991721905226,True,True,True,0.054,False,6.657070421467169,778.2675981011621,N/A,new_parameter_combo,rejected,no_support
4.0,22.0,4.25,0.22,False,4.25,11.488235294117647,4.0,4.2250000000000005,4.25,4.25,False,0.8866642371200926,2.5203680172647185,True,True,True,0.709,False,6.429279948320807,619.7275514536377,N/A,new_parameter_combo,rejected,no_support
4.0,22.0,4.4,0.22,False,4.4,11.209090909090909,4.0,4.36,4.4,4.4,False,0.8675099246623958,2.1468737948314165,True,True,True,0.709,False,6.325059486919328,558.3910296391514,N/A,new_parameter_combo,rejected,no_support
4.0,22.0,4.5,0.22,False,4.5,11.033333333333335,4.0,4.45,4.5,4.5,False,0.8381527307120108,1.8625288664293103,True,True,True,0.512,False,6.269101605354317,528.0028098376498,N/A,new_parameter_combo,rejected,no_support
4.0,22.0,4.75,0.22,False,4.75,10.626315789473686,4.0,4.675,4.75,4.75,False,0.6500000000000002,1.2727130016230617,True,True,True,0.847,True,6.1765353925677,481.321474284329,N/A,new_parameter_combo,Q2_provisional,requires_pilot_and_Q3_k100_confirmation
4.0,22.0,4.8,0.22,False,4.8,10.55,4.0,4.72,4.8,4.8,False,0.6132699242584788,1.1831664485732811,True,True,True,0.847,True,6.16613560563196,476.34177230576023,N/A,new_parameter_combo,Q2_provisional,requires_pilot_and_Q3_k100_confirmation
4.0,22.0,4.85,0.22,False,4.85,10.475257731958763,4.0,4.765,4.85,4.85,False,0.5858450420250279,1.107042037359638,True,True,True,0.847,True,6.158440303903417,472.6902464580948,N/A,new_parameter_combo,Q2_provisional,requires_pilot_and_Q3_k100_confirmation
4.0,22.0,5.0,0.22,False,5.0,10.260000000000002,4.0,4.9,5.0,5.000000000000001,False,0.6138521102556435,0.9769825293168163,True,True,True,0.706,False,6.151581309960954,469.45916058759195,N/A,new_parameter_combo,rejected,no_support
4.0,22.0,5.4,0.22,False,5.4,9.744444444444445,4.0,5.26,5.4,5.4,False,0.6049677687906284,1.1458812945182264,True,True,True,0.847,True,6.191206809437021,488.43519888903757,N/A,new_parameter_combo,Q2_provisional,requires_pilot_and_Q3_k100_confirmation
4.0,22.0,5.5,0.22,False,5.5,9.627272727272727,4.0,5.35,5.499999999999999,5.5,False,0.6515288143423648,1.2362059310311198,True,True,True,0.847,True,6.209070161650713,497.23868466629176,N/A,new_parameter_combo,Q2_provisional,requires_pilot_and_Q3_k100_confirmation
4.0,22.0,6.0,0.22,False,6.0,9.1,4.0,5.800000000000001,6.0,6.0,False,0.8403109239915855,2.183331459072439,True,True,True,0.721,False,6.346128786787231,570.2807519155145,N/A,new_parameter_combo,rejected,no_support
4.0,24.0,3.0,0.24,False,3.0,14.8,4.0,3.1999999999999997,3.0,3.0,False,1.3499213884897303,6.307958916020652,False,False,False,0.0,False,6.873513295155041,966.3376382627337,N/A,new_parameter_combo,rejected,no_support
4.0,24.0,3.5,0.24,False,3.5,13.2,4.0,3.5999999999999996,3.5,3.4999999999999996,False,1.1626896515258518,4.016218388098228,True,False,False,0.0,False,6.969125161518564,1063.2921346517485,N/A,new_parameter_combo,rejected,no_support
4.0,24.0,3.6,0.24,False,3.6,12.933333333333334,4.0,3.68,3.6,3.6000000000000005,False,1.147562634456177,3.6960887763964823,True,False,False,0.0,False,6.938743139364379,1031.4729821227877,N/A,new_parameter_combo,rejected,no_support
4.0,24.0,4.0,0.24,False,4.0,12.0,4.0,4.0,4.0,4.0,False,0.9276093917557487,2.7861991721905226,True,True,True,0.067,False,6.652200399324675,774.486631833145,N/A,new_parameter_combo,rejected,no_support
4.0,24.0,4.25,0.24,False,4.25,11.505882352941176,4.0,4.2,4.25,4.25,False,0.8604993804027229,2.5459578803437832,True,True,True,0.709,False,6.4244099261783125,616.7168017152131,N/A,new_parameter_combo,rejected,no_support
4.0,24.0,4.4,0.24,False,4.4,11.236363636363636,4.0,4.32,4.4,4.4,False,0.8407491800016637,2.2038171173768735,True,True,True,0.709,False,6.320189464776834,555.6782639367369,N/A,new_parameter_combo,rejected,no_support
4.0,24.0,4.5,0.24,False,4.5,11.066666666666668,4.0,4.4,4.5,4.5,False,0.8369343962781491,1.9177665347626152,True,True,True,0.512,False,6.264231583211823,525.4376756623543,N/A,new_parameter_combo,rejected,no_support
4.0,24.0,4.75,0.24,False,4.75,10.673684210526316,4.0,4.6,4.75,4.75,False,0.6525069395205305,1.3270575567256013,True,True,True,0.847,True,6.171665370425205,478.9831265710466,N/A,new_parameter_combo,Q2_provisional,requires_pilot_and_Q3_k100_confirmation
4.0,24.0,4.8,0.24,False,4.8,10.600000000000001,4.0,4.64,4.8,4.8,False,0.61592638044043,1.2316294819321925,True,True,True,0.847,True,6.161265583489467,474.0276168950381,N/A,new_parameter_combo,Q2_provisional,requires_pilot_and_Q3_k100_confirmation
4.0,24.0,4.85,0.24,False,4.85,10.527835051546393,4.0,4.68,4.85,4.85,False,0.579797642391248,1.1466780980438915,True,True,True,0.847,True,6.153570281760922,470.3938308274819,N/A,new_parameter_combo,Q2_provisional,requires_pilot_and_Q3_k100_confirmation
4.0,24.0,5.0,0.24,False,5.0,10.32,4.0,4.8,5.0,5.000000000000001,False,0.6031195476648976,0.9727924580120024,True,True,True,0.706,False,6.1467112878184595,467.1784421628184,N/A,new_parameter_combo,rejected,no_support
4.0,24.0,5.4,0.24,False,5.4,9.822222222222221,4.0,5.12,5.4,5.4,False,0.6156681133251154,0.995353905122756,True,True,True,0.847,True,6.186336787294526,486.06229140115323,N/A,new_parameter_combo,Q2_provisional,requires_pilot_and_Q3_k100_confirmation
4.0,24.0,5.5,0.24,False,5.5,9.709090909090909,4.0,5.2,5.499999999999999,5.5,False,0.6074369035848372,1.066852194333244,True,True,True,0.847,True,6.204200139508219,494.82300823512156,N/A,new_parameter_combo,Q2_provisional,requires_pilot_and_Q3_k100_confirmation
4.0,24.0,6.0,0.24,False,6.0,9.2,4.0,5.6000000000000005,6.0,6.0,False,0.8595205117995044,1.9385631303484743,True,True,True,0.721,False,6.341258764644737,567.5102237687008,N/A,new_parameter_combo,rejected,no_support
4.0,27.0,3.0,0.27,False,3.0,14.65,4.0,3.35,3.0,3.0,False,1.3040165580518792,6.009436373792378,False,False,False,0.0,False,6.874418496566323,967.2127644796514,N/A,new_parameter_combo,rejected,no_support
4.0,27.0,3.5,0.27,False,3.5,13.135714285714286,4.0,3.6750000000000003,3.5,3.4999999999999996,False,1.1651015984427617,3.881822337595617,True,False,False,0.0,False,6.970030362929847,1064.2550639493693,N/A,new_parameter_combo,rejected,no_support
4.0,27.0,3.6,0.27,False,3.6,12.883333333333335,4.0,3.7399999999999998,3.6,3.6000000000000005,False,1.1033059233318672,3.5916460028871007,True,False,False,0.0,False,6.939648340775662,1032.407095638558,N/A,new_parameter_combo,rejected,no_support
4.0,27.0,4.0,0.27,False,4.0,12.0,4.0,4.0,4.0,4.0,False,0.8967344384271327,2.7861991721905226,True,True,True,0.076,False,6.653105600735957,775.1880156242058,N/A,new_parameter_combo,rejected,no_support
4.0,27.0,4.25,0.27,False,4.25,11.53235294117647,4.0,4.1625,4.25,4.25,False,0.8271231184420038,2.585398083090906,True,True,True,0.906,True,6.425315127589595,617.2753073764077,N/A,new_parameter_combo,Q2_provisional,requires_pilot_and_Q3_k100_confirmation
4.0,27.0,4.4,0.27,False,4.4,11.277272727272727,4.0,4.26,4.4,4.4,False,0.8065560445878668,2.290901626393484,True,True,True,0.825,True,6.321094666188116,556.1814924126727,N/A,new_parameter_combo,Q2_provisional,requires_pilot_and_Q3_k100_confirmation
4.0,27.0,4.5,0.27,False,4.5,11.116666666666667,4.0,4.324999999999999,4.5,4.5,False,0.8025787519372943,2.0218291262948465,True,True,True,0.709,False,6.265136784623105,525.9135179219553,N/A,new_parameter_combo,rejected,no_support
4.0,27.0,4.75,0.27,False,4.75,10.744736842105263,4.0,4.4875,4.75,4.75,False,0.6655134583652734,1.447306545834254,True,True,True,0.847,True,6.172570571836487,479.4168990693187,N/A,new_parameter_combo,Q2_provisional,requires_pilot_and_Q3_k100_confirmation
4.0,27.0,4.8,0.27,False,4.8,10.675,4.0,4.52,4.8,4.8,False,0.6296889416730347,1.3296023354688942,True,True,True,0.847,True,6.1621707849007485,474.45690162809854,N/A,new_parameter_combo,Q2_provisional,requires_pilot_and_Q3_k100_confirmation
4.0,27.0,4.85,0.27,False,4.85,10.606701030927836,4.0,4.552499999999999,4.85,4.85,False,0.594397310950602,1.2382713133385455,True,True,True,0.847,True,6.154475483172204,470.81982476307314,N/A,new_parameter_combo,Q2_provisional,requires_pilot_and_Q3_k100_confirmation
4.0,27.0,5.0,0.27,False,5.0,10.41,4.0,4.65,5.0,5.000000000000001,False,0.5969976968129781,1.0988805567028304,True,True,True,0.935,True,6.147616489229741,467.6015242063269,N/A,new_parameter_combo,Q2_provisional,requires_pilot_and_Q3_k100_confirmation
4.0,27.0,5.4,0.27,False,5.4,9.93888888888889,4.0,4.91,5.4,5.4,False,0.6069260116962109,0.894079215907096,True,True,True,0.847,True,6.187241988705809,486.50247487059295,N/A,new_parameter_combo,Q2_provisional,requires_pilot_and_Q3_k100_confirmation
4.0,27.0,5.5,0.27,False,5.5,9.831818181818182,4.0,4.9750000000000005,5.499999999999999,5.5,False,0.5656854249492381,0.9721513537156846,True,True,True,0.847,True,6.205105340919501,495.2711255081061,N/A,new_parameter_combo,Q2_provisional,requires_pilot_and_Q3_k100_confirmation
4.0,27.0,6.0,0.27,False,6.0,9.35,4.0,5.3,6.0,6.0,False,0.8425241472952042,1.7319841691955036,True,True,True,0.721,False,6.3421639660560185,568.0241674003302,N/A,new_parameter_combo,rejected,no_support
4.0,30.0,3.0,0.3,False,3.0,14.499999999999998,4.0,3.4999999999999996,3.0,3.0,False,1.2822373622154462,5.713029857642761,False,False,False,0.0,False,6.8808865430193755,973.4890172365851,N/A,new_parameter_combo,rejected,no_support
4.0,30.0,3.5,0.3,False,3.5,13.071428571428571,4.0,3.75,3.5,3.4999999999999996,False,1.1505447356689402,3.748466997827219,True,False,False,0.0,False,6.9764984093828994,1071.1610251034144,N/A,new_parameter_combo,rejected,no_support
4.0,30.0,3.6,0.3,False,3.6,12.833333333333334,4.0,3.8,3.6,3.6000000000000005,False,1.1241950776907368,3.4880129071063024,True,False,False,0.0,False,6.946116387228715,1039.106395025664,N/A,new_parameter_combo,rejected,no_support
4.0,30.0,4.0,0.3,False,4.0,12.0,4.0,4.0,4.0,4.0,False,0.9359051059519544,2.7861991721905226,True,True,True,0.076,False,6.65957364718901,780.2182179735523,N/A,new_parameter_combo,rejected,no_support
4.0,30.0,4.25,0.3,False,4.25,11.558823529411764,4.0,4.125,4.25,4.25,False,0.8015609770940703,2.6340137468665357,True,True,True,0.899,True,6.431783174042648,621.2808126716078,N/A,new_parameter_combo,Q2_provisional,requires_pilot_and_Q3_k100_confirmation
4.0,30.0,4.4,0.3,False,4.4,11.318181818181818,4.0,4.2,4.4,4.4,False,0.7803204469959765,2.377014668962634,True,True,True,0.825,True,6.3275627126411695,559.7905593659909,N/A,new_parameter_combo,Q2_provisional,requires_pilot_and_Q3_k100_confirmation
4.0,30.0,4.5,0.3,False,4.5,11.166666666666668,4.0,4.25,4.5,4.5,False,0.7762087348130016,2.129408379568863,True,True,True,0.825,True,6.271604831076158,529.3261757031439,N/A,new_parameter_combo,Q2_provisional,requires_pilot_and_Q3_k100_confirmation
4.0,30.0,4.75,0.3,False,4.75,10.81578947368421,4.0,4.375,4.75,4.75,False,0.689017342277525,1.6201107565732709,True,True,True,0.847,True,6.179038618289541,482.5278398519537,N/A,new_parameter_combo,Q2_provisional,requires_pilot_and_Q3_k100_confirmation
4.0,30.0,4.8,0.3,False,4.8,10.75,4.0,4.4,4.8,4.8,False,0.6544806322261829,1.5168838686977564,True,True,True,0.847,True,6.168638831353801,477.5356569405262,N/A,new_parameter_combo,Q2_provisional,requires_pilot_and_Q3_k100_confirmation
4.0,30.0,4.85,0.3,False,4.85,10.68556701030928,4.0,4.425,4.85,4.85,False,0.620600433418463,1.4142430299131425,True,True,True,0.935,True,6.160943529625258,473.87497904939863,N/A,new_parameter_combo,Q2_provisional,requires_pilot_and_Q3_k100_confirmation
4.0,30.0,5.0,0.3,False,5.0,10.5,4.0,4.5,5.0,5.000000000000001,False,0.6031195476648976,1.1684708675689388,True,True,True,0.935,True,6.154084535682795,470.6357949099665,N/A,new_parameter_combo,Q2_provisional,requires_pilot_and_Q3_k100_confirmation
4.0,30.0,5.4,0.3,False,5.4,10.055555555555554,4.0,4.7,5.4,5.4,False,0.5816514139473392,0.9606232047089432,True,True,True,0.847,True,6.193710035158862,489.6593940214732,N/A,new_parameter_combo,Q2_provisional,requires_pilot_and_Q3_k100_confirmation
4.0,30.0,5.5,0.3,False,5.5,9.954545454545453,4.0,4.75,5.499999999999999,5.5,False,0.6292204441584355,0.9998729253903399,True,True,True,0.847,True,6.211573387372554,498.4849445157287,N/A,new_parameter_combo,Q2_provisional,requires_pilot_and_Q3_k100_confirmation
4.0,30.0,6.0,0.3,False,6.0,9.5,4.0,5.0,6.0,6.0,False,0.8555043863721806,1.5611790071435023,True,True,True,0.857,True,6.348632012509072,571.7100815834104,N/A,new_parameter_combo,Q2_provisional,requires_pilot_and_Q3_k100_confirmation
4.0,31.0,3.0,0.31,False,3.0,14.450000000000001,4.0,3.55,3.0,3.0,False,1.276174928832091,5.6147559046403615,False,False,False,0.0,False,6.881299970937832,973.8915679817459,N/A,new_parameter_combo,rejected,no_support
4.0,31.0,3.5,0.31,False,3.5,13.05,4.0,3.775,3.5,3.4999999999999996,False,1.1478684771420142,3.70426593913318,True,False,False,0.0,False,6.976911837301356,1071.6039645318083,N/A,new_parameter_combo,rejected,no_support
4.0,31.0,3.6,0.31,False,3.6,12.816666666666668,4.0,3.82,3.6,3.6000000000000005,False,1.1224981250836576,3.4536610844723117,True,False,False,0.0,False,6.946529815147171,1039.5360794352591,N/A,new_parameter_combo,rejected,no_support
4.0,31.0,4.0,0.31,False,4.0,12.0,4.0,4.0,4.0,4.0,False,0.951046684405328,2.7861991721905226,True,True,True,0.076,False,6.659987075107466,780.5408486550209,N/A,new_parameter_combo,rejected,no_support
4.0,31.0,4.25,0.31,False,4.25,11.56764705882353,4.0,4.1125,4.25,4.25,False,0.7949136777676187,2.651095141170389,True,True,True,0.891,True,6.432196601961104,621.5377206075647,N/A,new_parameter_combo,Q2_provisional,requires_pilot_and_Q3_k100_confirmation
4.0,31.0,4.4,0.31,False,4.4,11.33181818181818,4.0,4.18,4.4,4.4,False,0.7734906302613118,2.4054514251147556,True,True,True,0.906,True,6.327976140559625,560.0220402587553,N/A,new_parameter_combo,Q2_provisional,requires_pilot_and_Q3_k100_confirmation
4.0,31.0,4.5,0.31,False,4.5,11.183333333333334,4.0,4.2250000000000005,4.5,4.5,False,0.7693424173292679,2.1659595387075687,True,True,True,0.825,True,6.272018258994614,529.5450591652987,N/A,new_parameter_combo,Q2_provisional,requires_pilot_and_Q3_k100_confirmation
4.0,31.0,4.75,0.31,False,4.75,10.839473684210528,4.0,4.3375,4.75,4.75,False,0.6990153424493573,1.6637296430405681,True,True,True,0.847,True,6.179452046207996,482.7273715755309,N/A,new_parameter_combo,Q2_provisional,requires_pilot_and_Q3_k100_confirmation
4.0,31.0,4.8,0.31,False,4.8,10.775,4.0,4.36,4.8,4.8,False,0.6649980819367769,1.565135246665313,True,True,True,0.935,True,6.169052259272258,477.73312432961694,N/A,new_parameter_combo,Q2_provisional,requires_pilot_and_Q3_k100_confirmation
4.0,31.0,4.85,0.31,False,4.85,10.711855670103093,4.0,4.3825,4.85,4.85,False,0.6316822373469057,1.4708707247313415,True,True,True,0.935,True,6.161356957543713,474.0709326991588,N/A,new_parameter_combo,Q2_provisional,requires_pilot_and_Q3_k100_confirmation
4.0,31.0,5.0,0.31,False,5.0,10.53,4.0,4.45,5.0,5.000000000000001,False,0.607838362140624,1.2189208087863836,True,True,True,0.935,True,6.1544979636012505,470.8304091137073,N/A,new_parameter_combo,Q2_provisional,requires_pilot_and_Q3_k100_confirmation
4.0,31.0,5.4,0.31,False,5.4,10.094444444444445,4.0,4.630000000000001,5.4,5.4,False,0.6057142857142859,0.964641829983731,True,True,True,0.847,True,6.194123463077318,489.86187473820263,N/A,new_parameter_combo,Q2_provisional,requires_pilot_and_Q3_k100_confirmation
4.0,31.0,5.5,0.31,False,5.5,9.995454545454546,4.0,4.675,5.499999999999999,5.5,False,0.6515288143423645,1.0212943785844433,True,True,True,0.847,True,6.21198681529101,498.6910747157754,N/A,new_parameter_combo,Q2_provisional,requires_pilot_and_Q3_k100_confirmation
4.0,31.0,6.0,0.31,False,6.0,9.55,4.0,4.9,6.0,6.0,False,0.8616843969807046,1.511474973667528,True,True,True,0.857,True,6.349045440427528,571.9464913582326,N/A,new_parameter_combo,Q2_provisional,requires_pilot_and_Q3_k100_confirmation
4.0,37.0,3.0,0.37,False,3.0,14.15,4.0,3.85,3.0,3.0,False,1.194931686203809,5.031739656728473,True,False,False,0.0,False,6.861730112061944,955.0179270283182,N/A,new_parameter_combo,rejected,no_support
4.0,37.0,3.5,0.37,False,3.5,12.92142857142857,4.0,3.925,3.5,3.4999999999999996,False,1.096585609973066,3.4515387870455347,True,False,False,0.0,False,6.957341978425468,1050.8366952219849,N/A,new_parameter_combo,rejected,no_support
4.0,37.0,3.6,0.37,False,3.6,12.716666666666667,4.0,3.94,3.6,3.6000000000000005,False,1.0648869346900027,3.2497851074127886,True,False,False,0.0,False,6.926959956271284,1019.3902733040343,N/A,new_parameter_combo,rejected,no_support
4.0,37.0,4.0,0.37,False,4.0,12.0,4.0,4.0,4.0,4.0,False,0.9444198528294329,2.7861991721905226,True,True,True,0.089,False,6.640417216231579,765.4142696688942,N/A,new_parameter_combo,rejected,no_support
4.0,37.0,4.25,0.37,False,4.25,11.620588235294118,4.0,4.0375000000000005,4.25,4.25,False,0.9111553553772557,2.755380332025182,True,True,True,0.288,False,6.412626743085217,609.4925605882936,N/A,new_parameter_combo,rejected,no_support
4.0,37.0,4.4,0.37,False,4.4,11.413636363636364,4.0,4.06,4.4,4.4,False,0.8370209565074537,2.5802404536047625,True,True,True,0.961,True,6.308406281683738,549.1690302714593,N/A,new_parameter_combo,Q2_provisional,requires_pilot_and_Q3_k100_confirmation
4.0,37.0,4.5,0.37,False,4.5,11.283333333333333,4.0,4.075,4.5,4.5,False,0.7938539422542744,2.391409056242419,True,True,True,0.982,True,6.252448400118727,519.2826812539059,N/A,new_parameter_combo,Q2_provisional,requires_pilot_and_Q3_k100_confirmation
4.0,37.0,4.75,0.37,False,4.75,10.981578947368423,4.0,4.1125,4.75,4.75,False,0.7762087348130016,1.9463295292267402,True,True,True,0.987,True,6.1598821873321095,473.3723022957045,N/A,new_parameter_combo,Q2_provisional,requires_pilot_and_Q3_k100_confirmation
4.0,37.0,4.8,0.37,False,4.8,10.925,4.0,4.12,4.8,4.8,False,0.7481801049130854,1.8759752284133615,True,True,True,0.987,True,6.14948240039637,468.47484162485756,N/A,new_parameter_combo,Q2_provisional,requires_pilot_and_Q3_k100_confirmation
4.0,37.0,4.85,0.37,False,4.85,10.86958762886598,4.0,4.1275,4.85,4.85,False,0.7187304566996974,1.836418855834813,True,True,True,0.987,True,6.141787098667827,464.8836218481547,N/A,new_parameter_combo,Q2_provisional,requires_pilot_and_Q3_k100_confirmation
4.0,37.0,5.0,0.37,False,5.0,10.709999999999999,4.0,4.15,5.0,5.000000000000001,False,0.6857142857142855,1.6086679143067009,True,True,True,0.935,True,6.134928104725364,461.70589835325086,N/A,new_parameter_combo,Q2_provisional,requires_pilot_and_Q3_k100_confirmation
4.0,37.0,5.4,0.37,False,5.4,10.327777777777778,4.0,4.21,5.4,5.4,False,0.7465854243945346,1.3099378313421335,True,True,True,0.938,True,6.174553604201431,480.3685415535425,N/A,new_parameter_combo,Q2_provisional,requires_pilot_and_Q3_k100_confirmation
4.0,37.0,5.5,0.37,False,5.5,10.24090909090909,4.0,4.2250000000000005,5.499999999999999,5.5,False,0.6978465418115702,1.2811543001858656,True,True,True,0.938,True,6.192416956415123,489.02663505914114,N/A,new_parameter_combo,Q2_provisional,requires_pilot_and_Q3_k100_confirmation
4.0,37.0,6.0,0.37,False,6.0,9.850000000000001,4.0,4.3,6.0,6.0,False,0.9167656099971627,1.5640420223144211,True,True,True,0.857,True,6.329475581551641,560.8623901324278,N/A,new_parameter_combo,Q2_provisional,requires_pilot_and_Q3_k100_confirmation
4.0,38.0,3.0,0.38,False,3.0,14.100000000000001,4.0,3.9,3.0,3.0,False,1.1794604871789167,4.935848825364413,True,False,False,0.0,False,6.854793397851526,948.4161643451547,N/A,new_parameter_combo,rejected,no_support
4.0,38.0,3.5,0.38,False,3.5,12.900000000000002,4.0,3.95,3.5,3.4999999999999996,False,1.0803365405355534,3.4153189611724293,True,False,False,0.0,False,6.95040526421505,1043.5725651106245,N/A,new_parameter_combo,rejected,no_support
4.0,38.0,3.6,0.38,False,3.6,12.7,4.0,3.96,3.6,3.6000000000000005,False,1.055261114799633,3.2162097543679384,True,False,False,0.0,False,6.920023242060865,1012.3435232112698,N/A,new_parameter_combo,rejected,no_support
4.0,38.0,4.0,0.38,False,4.0,12.0,4.0,4.0,4.0,4.0,False,0.9428841987460063,2.7861991721905226,True,True,True,0.095,False,6.63348050202116,760.1231822247198,N/A,new_parameter_combo,rejected,no_support
4.0,38.0,4.25,0.38,False,4.25,11.629411764705884,4.0,4.025,4.25,4.25,False,0.9328472981322578,2.7710338982928566,True,True,True,0.291,False,6.405690028874798,605.279314817423,N/A,new_parameter_combo,rejected,no_support
4.0,38.0,4.4,0.38,False,4.4,11.427272727272728,4.0,4.04,4.4,4.4,False,0.8605835703943301,2.6061145781788237,True,True,True,0.961,True,6.30146956747332,545.3727836166174,N/A,new_parameter_combo,Q2_provisional,requires_pilot_and_Q3_k100_confirmation
4.0,38.0,4.5,0.38,False,4.5,11.3,4.0,4.05,4.5,4.5,False,0.8186599303939659,2.429604607666675,True,True,True,0.982,True,6.245511685908308,515.6930302849629,N/A,new_parameter_combo,Q2_provisional,requires_pilot_and_Q3_k100_confirmation
4.0,38.0,4.75,0.38,False,4.75,11.005263157894737,4.0,4.075,4.75,4.75,False,0.7767343989618413,2.006878555171641,True,True,True,0.987,True,6.152945473121691,470.10001649656436,N/A,new_parameter_combo,Q2_provisional,requires_pilot_and_Q3_k100_confirmation
4.0,38.0,4.8,0.38,False,4.8,10.95,4.0,4.08,4.8,4.8,False,0.764904956080646,1.9324158710570616,True,True,True,0.987,True,6.142545686185952,465.2364105547063,N/A,new_parameter_combo,Q2_provisional,requires_pilot_and_Q3_k100_confirmation
4.0,38.0,4.85,0.38,False,4.85,10.895876288659794,4.0,4.085,4.85,4.85,False,0.736124712149195,1.9024796728914755,True,True,True,0.987,True,6.134850384457408,461.67001584153144,N/A,new_parameter_combo,Q2_provisional,requires_pilot_and_Q3_k100_confirmation
4.0,38.0,5.0,0.38,False,5.0,10.74,4.0,4.1,5.0,5.000000000000001,False,0.7142857142857142,1.6750514652407478,True,True,True,0.972,True,6.127991390514945,458.51425902996624,N/A,new_parameter_combo,Q2_provisional,requires_pilot_and_Q3_k100_confirmation
4.0,38.0,5.4,0.38,False,5.4,10.366666666666667,4.0,4.14,5.4,5.4,False,0.7271989874490604,1.4050629813298365,True,True,True,0.938,True,6.167616889991012,477.0478927761297,N/A,new_parameter_combo,Q2_provisional,requires_pilot_and_Q3_k100_confirmation
4.0,38.0,5.5,0.38,False,5.5,10.281818181818183,4.0,4.15,5.499999999999999,5.5,False,0.6770659992548282,1.3875903168175088,True,True,True,0.938,True,6.185480242204704,485.6461353857452,N/A,new_parameter_combo,Q2_provisional,requires_pilot_and_Q3_k100_confirmation
4.0,38.0,6.0,0.38,False,6.0,9.9,4.0,4.2,6.0,6.0,False,0.9287087810503358,1.6295390462240265,True,True,True,0.857,True,6.322538867341222,556.985310663262,N/A,new_parameter_combo,Q2_provisional,requires_pilot_and_Q3_k100_confirmation
4.0,40.0,3.0,0.4,False,3.0,14.0,4.0,4.0,3.0,3.0,False,1.1500241789827286,4.745363125631228,True,False,False,0.0,False,6.837769908518315,932.4074604948457,N/A,new_parameter_combo,rejected,no_support
4.0,40.0,3.5,0.4,False,3.5,12.857142857142858,4.0,4.0,3.5,3.4999999999999996,False,1.0481200371354888,3.343891850394393,True,False,False,0.0,False,6.9333817748818385,1025.9576775019784,N/A,new_parameter_combo,rejected,no_support
4.0,40.0,3.6,0.4,False,3.6,12.666666666666668,4.0,4.0,3.6,3.6000000000000005,False,1.043190748988655,3.154413621437913,True,False,False,0.0,False,6.902999752727654,995.2557633573903,N/A,new_parameter_combo,rejected,no_support
4.0,40.0,4.0,0.4,False,4.0,12.0,4.0,4.0,4.0,4.0,False,0.9547144032833774,2.7861991721905226,True,True,True,0.095,False,6.616457012687949,747.2927525341927,N/A,new_parameter_combo,rejected,no_support
4.0,40.0,4.25,0.4,False,4.25,11.647058823529411,4.0,4.0,4.25,4.25,False,0.9311228683253181,2.7696536885757492,True,True,True,0.291,False,6.388666539541587,595.0625580160241,N/A,new_parameter_combo,rejected,no_support
4.0,40.0,4.4,0.4,False,4.4,11.454545454545455,4.0,4.0,4.4,4.4,False,0.9085714285714285,2.652614087053079,True,True,True,0.99,True,6.284446078140109,536.1672136261848,N/A,new_parameter_combo,Q2_provisional,requires_pilot_and_Q3_k100_confirmation
4.0,40.0,4.5,0.4,False,4.5,11.333333333333332,4.0,4.0,4.5,4.5,False,0.8689660757568886,2.504905537185331,True,True,True,0.996,True,6.228488196575097,506.9884369747039,N/A,new_parameter_combo,Q2_provisional,requires_pilot_and_Q3_k100_confirmation
4.0,40.0,4.75,0.4,False,4.75,11.05263157894737,4.0,4.0,4.75,4.75,False,0.7969328960560773,2.1290595515000676,True,True,True,1.0,True,6.13592198378848,462.16500629003224,N/A,new_parameter_combo,Q2_provisional,requires_pilot_and_Q3_k100_confirmation
4.0,40.0,4.8,0.4,False,4.8,11.0,4.0,4.0,4.8,4.8,False,0.7921154832317765,2.0634541637810124,True,True,True,1.0,True,6.1255221968527405,457.38349513956945,N/A,new_parameter_combo,Q2_provisional,requires_pilot_and_Q3_k100_confirmation
4.0,40.0,4.85,0.4,False,4.85,10.948453608247423,4.0,4.0,4.85,4.85,False,0.7807061168047337,1.9687505411430968,True,True,True,0.987,True,6.117826895124196,453.8772990595712,N/A,new_parameter_combo,Q2_provisional,requires_pilot_and_Q3_k100_confirmation
4.0,40.0,5.0,0.4,False,5.0,10.799999999999999,4.0,4.0,5.0,5.000000000000001,False,0.7714285714285714,1.841136861042124,True,True,True,0.987,True,6.110967901181733,450.77480955630324,N/A,new_parameter_combo,Q2_provisional,requires_pilot_and_Q3_k100_confirmation
4.0,40.0,5.4,0.4,False,5.4,10.444444444444445,4.0,4.0,5.4,5.4,False,0.6903430085021178,1.6054621432308018,True,True,True,0.938,True,6.150593400657801,468.9956065277822,N/A,new_parameter_combo,Q2_provisional,requires_pilot_and_Q3_k100_confirmation
4.0,40.0,5.5,0.4,False,5.5,10.363636363636363,4.0,4.0,5.499999999999999,5.5,False,0.6568710618049292,1.6100574318877596,True,True,True,0.938,True,6.168456752871493,477.44871588815,N/A,new_parameter_combo,Q2_provisional,requires_pilot_and_Q3_k100_confirmation
4.0,40.0,6.0,0.4,False,6.0,10.000000000000002,4.0,4.0,6.0,6.0,True,0.9228053287367265,1.8280612728700716,True,True,True,0.857,True,6.30551537800801,547.5837280852837,N/A,existing_parameter_combo,Q2_provisional,requires_pilot_and_Q3_k100_confirmation
4.0,50.0,3.0,0.5,False,3.0,13.500000000000002,4.0,4.0,3.5,3.0,False,1.0137030519590147,4.175448181406568,True,False,False,0.0,False,6.6896512436047635,804.0417885242988,N/A,new_parameter_combo,rejected,no_support
4.0,50.0,3.5,0.5,False,3.5,12.642857142857144,4.0,4.0,3.7499999999999996,3.4999999999999996,False,0.9239359572293012,3.135809369894557,True,False,False,0.0,False,6.785263109968287,884.7128330902993,N/A,new_parameter_combo,rejected,no_support
4.0,50.0,3.6,0.5,False,3.6,12.5,4.0,4.0,3.8,3.6000000000000005,False,0.9204659977757056,3.008187295895675,True,False,False,0.0,False,6.754881087814103,858.2376889008343,N/A,new_parameter_combo,rejected,no_support
4.0,50.0,4.0,0.5,False,4.0,12.0,4.0,4.0,4.0,4.0,False,0.9316785926487744,2.7861991721905226,True,True,True,0.095,False,6.468338347774398,644.4120481189135,N/A,new_parameter_combo,rejected,no_support
4.0,50.0,4.25,0.5,False,4.25,11.73529411764706,4.0,4.0,4.125,4.25,False,0.9008850523518641,2.779732850169139,True,True,True,0.095,False,6.240547874628036,513.1395700943056,N/A,new_parameter_combo,rejected,no_support
4.0,50.0,4.4,0.5,False,4.4,11.59090909090909,4.0,4.0,4.2,4.4,False,0.9091990896904142,2.803153361193063,True,True,True,0.297,False,6.1363274132265575,462.3524195776964,N/A,new_parameter_combo,rejected,no_support
4.0,50.0,4.5,0.5,False,4.5,11.5,4.0,4.0,4.25,4.5,False,0.8878304932214696,2.692207148692298,True,True,True,0.988,True,6.080369531661546,437.1907206855013,N/A,new_parameter_combo,Q2_provisional,requires_pilot_and_Q3_k100_confirmation
4.0,50.0,4.75,0.5,False,4.75,11.289473684210527,4.0,4.0,4.375,4.75,False,0.9357317337522655,2.455808937909011,True,True,True,1.0,True,5.987803318874929,398.538186356388,N/A,new_parameter_combo,Q2_provisional,requires_pilot_and_Q3_k100_confirmation
4.0,50.0,4.8,0.5,False,4.8,11.25,4.0,4.0,4.3999999999999995,4.8,False,0.9484692285736109,2.402142493885577,True,True,True,1.0,True,5.977403531939189,394.414951676105,N/A,new_parameter_combo,Q2_provisional,requires_pilot_and_Q3_k100_confirmation
4.0,50.0,4.85,0.5,False,4.85,11.211340206185568,4.0,4.0,4.425,4.85,False,0.9627013439021577,2.349979807666515,True,True,True,1.0,True,5.969708230210646,391.3914578855445,N/A,new_parameter_combo,Q2_provisional,requires_pilot_and_Q3_k100_confirmation
4.0,50.0,5.0,0.5,False,5.0,11.1,4.0,4.0,4.5,5.000000000000001,False,0.9276093917557487,2.2060754154189093,True,True,True,1.0,True,5.962849236268182,388.71609189505597,N/A,new_parameter_combo,Q2_provisional,requires_pilot_and_Q3_k100_confirmation
4.0,50.0,5.4,0.5,False,5.4,10.833333333333334,4.0,4.0,4.7,5.4,False,0.841961994391671,1.9194508112380957,True,True,True,0.999,True,6.00247473574425,404.4284095308575,N/A,new_parameter_combo,Q2_provisional,requires_pilot_and_Q3_k100_confirmation
4.0,50.0,5.5,0.5,False,5.5,10.772727272727273,4.0,4.0,4.75,5.5,False,0.8381527307120106,1.8711109727931823,True,True,True,0.992,True,6.020338087957942,411.71776901870896,N/A,new_parameter_combo,Q2_provisional,requires_pilot_and_Q3_k100_confirmation
4.0,50.0,6.0,0.5,False,6.0,10.500000000000002,4.0,4.0,5.0,6.0,False,0.9287087810503356,1.7195696969834244,True,True,True,0.298,False,6.15739671309446,472.19720857105796,N/A,new_parameter_combo,rejected,no_support
4.0,55.0,3.0,0.55,False,3.0,13.25,4.0,4.0,3.7500000000000004,3.0,False,0.9743194904074103,3.7997688514886736,True,False,False,0.0,False,6.578907554802021,719.7526093214123,N/A,new_parameter_combo,rejected,no_support
4.0,55.0,3.5,0.55,False,3.5,12.535714285714286,4.0,4.0,3.8750000000000004,3.4999999999999996,False,0.8901871506965863,3.045035060747144,True,False,False,0.0,False,6.674519421165545,791.9667599436448,N/A,new_parameter_combo,rejected,no_support
4.0,55.0,3.6,0.55,False,3.6,12.416666666666668,4.0,4.0,3.9,3.6000000000000005,False,0.8865851133790297,2.9441982352642255,True,False,False,0.0,False,6.64413739901136,768.2670538033677,N/A,new_parameter_combo,rejected,no_support
4.0,55.0,4.0,0.55,False,4.0,12.0,4.0,4.0,4.0,4.0,False,0.8216471758806534,2.7861991721905226,True,True,True,0.095,False,6.357594658971656,576.8571481378006,N/A,new_parameter_combo,rejected,no_support
4.0,55.0,4.25,0.55,False,4.25,11.779411764705884,4.0,4.0,4.0625,4.25,False,0.9182069928031767,2.7887198103865045,True,True,True,0.095,False,6.129804185825293,459.3462053748495,N/A,new_parameter_combo,rejected,no_support
4.0,55.0,4.4,0.55,False,4.4,11.65909090909091,4.0,4.0,4.1000000000000005,4.4,False,0.9129018544829274,2.8149433432079,True,True,True,0.292,False,6.025583724423814,413.8831652368256,N/A,new_parameter_combo,rejected,no_support
4.0,55.0,4.5,0.55,False,4.5,11.583333333333334,4.0,4.0,4.125,4.5,False,0.90432520789407,2.8070557286868656,True,True,True,0.301,False,5.969625842858804,391.3592135080784,N/A,new_parameter_combo,rejected,no_support
4.0,55.0,4.75,0.55,False,4.75,11.407894736842106,4.0,4.0,4.1875,4.75,False,0.9311228683253183,2.625853532344751,True,True,True,1.0,True,5.877059630072186,356.7586954288813,N/A,new_parameter_combo,Q2_provisional,requires_pilot_and_Q3_k100_confirmation
4.0,55.0,4.8,0.55,False,4.8,11.375000000000002,4.0,4.0,4.199999999999999,4.8,False,0.9341251500298916,2.584008734172575,True,True,True,1.0,True,5.866659843136447,353.0677070221409,N/A,new_parameter_combo,Q2_provisional,requires_pilot_and_Q3_k100_confirmation
4.0,55.0,4.85,0.55,False,4.85,11.34278350515464,4.0,4.0,4.2125,4.85,False,0.9281108747980316,2.5439042973805472,True,True,True,1.0,True,5.858964541407903,350.36117164539485,N/A,new_parameter_combo,Q2_provisional,requires_pilot_and_Q3_k100_confirmation
4.0,55.0,5.0,0.55,False,5.0,11.25,4.0,4.0,4.25,5.000000000000001,False,0.907564581386777,2.4290956620615116,True,True,True,1.0,True,5.85210554746544,347.96626919128505,N/A,new_parameter_combo,Q2_provisional,requires_pilot_and_Q3_k100_confirmation
4.0,55.0,5.4,0.55,False,5.4,11.027777777777777,4.0,4.0,4.35,5.4,False,0.9743663561096348,2.165143842116131,True,True,True,0.998,True,5.891731046941507,362.03143567673686,N/A,new_parameter_combo,Q2_provisional,requires_pilot_and_Q3_k100_confirmation
4.0,55.0,5.5,0.55,False,5.5,10.977272727272728,4.0,4.0,4.375,5.5,False,0.9754381537733364,2.080374690630273,True,True,True,0.998,True,5.9095943991552,368.5566382054418,N/A,new_parameter_combo,Q2_provisional,requires_pilot_and_Q3_k100_confirmation
4.0,55.0,6.0,0.55,False,6.0,10.75,4.0,4.0,4.499999999999999,6.0,False,1.0542673246557228,2.01176274891647,True,True,True,0.091,False,6.046653024291717,422.6959068969272,N/A,new_parameter_combo,rejected,no_support
4.0,58.0,3.0,0.58,False,3.0,13.100000000000001,4.0,4.0,3.9,3.0,False,0.9397744518809628,3.64066827577257,True,False,False,0.0,False,6.538617330716388,691.330036092557,N/A,new_parameter_combo,rejected,no_support
4.0,58.0,3.5,0.58,False,3.5,12.471428571428572,4.0,4.0,3.9499999999999997,3.4999999999999996,False,0.8805057104428397,2.995294903200992,True,False,False,0.0,False,6.634229197079912,760.6924957898268,N/A,new_parameter_combo,rejected,no_support
4.0,58.0,3.6,0.58,False,3.6,12.366666666666667,4.0,4.0,3.96,3.6000000000000005,False,0.876863903991064,2.908963425799337,True,False,False,0.0,False,6.603847174925727,737.9286759868148,N/A,new_parameter_combo,rejected,no_support
4.0,58.0,4.0,0.58,False,4.0,12.0,4.0,4.0,4.0,4.0,False,0.7500000000000003,2.7861991721905226,True,True,True,0.095,False,6.317304434886022,554.0774258787964,N/A,new_parameter_combo,rejected,no_support
4.0,58.0,4.25,0.58,False,4.25,11.805882352941177,4.0,4.0,4.025,4.25,False,0.8532303562440373,2.795362026676564,True,True,True,0.095,False,6.0895139617396605,441.20691558196864,N/A,new_parameter_combo,rejected,no_support
4.0,58.0,4.4,0.58,False,4.4,11.700000000000001,4.0,4.0,4.04,4.4,False,0.8645820035232786,2.823312646970251,True,True,True,0.292,False,5.985293500338182,397.5391820128889,N/A,new_parameter_combo,rejected,no_support
4.0,58.0,4.5,0.58,False,4.5,11.633333333333333,4.0,4.0,4.05,4.5,False,0.8382732494934613,2.8168249605118576,True,True,True,0.105,False,5.9293356187731705,375.90468682674015,N/A,new_parameter_combo,rejected,no_support
4.0,58.0,4.75,0.58,False,4.75,11.478947368421053,4.0,4.0,4.075,4.75,False,0.8689660757568888,2.653600746022232,True,True,True,0.988,True,5.836769405986553,342.67052122216586,N/A,new_parameter_combo,Q2_provisional,requires_pilot_and_Q3_k100_confirmation
4.0,58.0,4.8,0.58,False,4.8,11.450000000000001,4.0,4.0,4.08,4.8,False,0.8970518607172759,2.6652373573805397,True,True,True,0.995,True,5.826369619050814,339.12528760244334,N/A,new_parameter_combo,Q2_provisional,requires_pilot_and_Q3_k100_confirmation
4.0,58.0,4.85,0.58,False,4.85,11.421649484536085,4.0,4.0,4.085,4.85,False,0.9260140608091902,2.6621146970302534,True,True,True,0.995,True,5.8186743173222695,336.52563158805845,N/A,new_parameter_combo,Q2_provisional,requires_pilot_and_Q3_k100_confirmation
4.0,58.0,5.0,0.58,False,5.0,11.34,4.0,4.0,4.1000000000000005,5.000000000000001,False,0.8804440698897815,2.5671384448610106,True,True,True,0.999,True,5.8118153233798076,334.22530231019914,N/A,new_parameter_combo,Q2_provisional,requires_pilot_and_Q3_k100_confirmation
4.0,58.0,5.4,0.58,False,5.4,11.144444444444444,4.0,4.0,4.140000000000001,5.4,False,0.9356826603161605,2.3601806791875095,True,True,True,0.998,True,5.851440822855874,347.7350443078041,N/A,new_parameter_combo,Q2_provisional,requires_pilot_and_Q3_k100_confirmation
4.0,58.0,5.5,0.58,False,5.5,11.1,4.0,4.0,4.15,5.5,False,0.9791333110543871,2.3217110383762076,True,True,True,0.991,True,5.8693041750695665,354.0025707346046,N/A,new_parameter_combo,Q2_provisional,requires_pilot_and_Q3_k100_confirmation
4.0,58.0,6.0,0.58,False,6.0,10.9,4.0,4.0,4.2,6.0,False,1.1315737641327097,2.2148855421151405,True,True,True,0.296,False,6.006362800206084,406.00391410423373,N/A,new_parameter_combo,rejected,no_support
4.0,60.0,3.0,0.6,False,3.0,13.0,4.0,4.0,4.0,3.0,False,0.9204659977757056,3.54124720309402,True,False,False,0.0,False,6.533421130392504,687.7470637180411,N/A,new_parameter_combo,rejected,no_support
4.0,60.0,3.5,0.6,False,3.5,12.428571428571429,4.0,4.0,4.0,3.4999999999999996,False,0.8786495319523028,2.964215379638596,True,False,False,0.0,False,6.6290329967560275,756.7500369704164,N/A,new_parameter_combo,rejected,no_support
4.0,60.0,3.6,0.6,False,3.6,12.333333333333334,4.0,4.0,4.0,3.6000000000000005,False,0.8750000000000004,2.886844092329202,True,False,False,0.0,False,6.598650974601842,734.1041957496069,N/A,new_parameter_combo,rejected,no_support
4.0,60.0,4.0,0.6,False,4.0,12.0,4.0,4.0,4.0,4.0,False,0.7521737207071579,2.7861991721905226,True,True,True,0.095,False,6.312108234562138,551.2057958227854,N/A,new_parameter_combo,rejected,no_support
4.0,60.0,4.25,0.6,False,4.25,11.823529411764707,4.0,4.0,4.0,4.25,False,0.8120533309117686,2.8003070481360726,True,True,True,0.095,False,6.084317761415776,438.9202621639999,N/A,new_parameter_combo,rejected,no_support
4.0,60.0,4.4,0.6,False,4.4,11.727272727272728,4.0,4.0,4.0,4.4,False,0.823972458426189,2.8286851798551975,True,False,False,0.0,False,5.980097300014297,395.4788463807345,N/A,new_parameter_combo,rejected,no_support
4.0,60.0,4.5,0.6,False,4.5,11.666666666666666,4.0,4.0,4.0,4.5,False,0.7963231832898613,2.8252702727848735,True,True,True,0.105,False,5.924139418449286,373.9564767996397,N/A,new_parameter_combo,rejected,no_support
4.0,60.0,4.75,0.6,False,4.75,11.526315789473685,4.0,4.0,4.0,4.75,False,0.8285714285714288,2.6918017263185887,True,True,True,0.707,False,5.831573205662668,340.8945546837529,N/A,new_parameter_combo,rejected,no_support
4.0,60.0,4.8,0.6,False,4.8,11.5,4.0,4.0,4.0,4.8,False,0.8579805430456441,2.661015728176115,True,True,True,0.962,True,5.8211734187269295,337.3676950293693,N/A,new_parameter_combo,Q2_provisional,requires_pilot_and_Q3_k100_confirmation
4.0,60.0,4.85,0.6,False,4.85,11.474226804123711,4.0,4.0,4.0,4.85,False,0.8882176603991265,2.672391377349703,True,True,True,0.962,True,5.813478116998385,334.7815123131148,N/A,new_parameter_combo,Q2_provisional,requires_pilot_and_Q3_k100_confirmation
4.0,60.0,5.0,0.6,False,5.0,11.4,4.0,4.0,4.0,5.000000000000001,False,0.8617010496567777,2.659570565379106,True,True,True,0.994,True,5.806619123055922,332.4931050056956,N/A,new_parameter_combo,Q2_provisional,requires_pilot_and_Q3_k100_confirmation
4.0,60.0,5.4,0.6,False,5.4,11.222222222222223,4.0,4.0,4.0,5.4,False,0.8982931660905022,2.4869762777472038,True,True,True,0.99,True,5.846244622531989,345.93282974694375,N/A,new_parameter_combo,Q2_provisional,requires_pilot_and_Q3_k100_confirmation
4.0,60.0,5.5,0.6,False,5.5,11.181818181818182,4.0,4.0,4.0,5.5,False,0.9434673350174336,2.4544021342425495,True,True,True,0.972,True,5.864107974745682,352.167873317697,N/A,new_parameter_combo,Q2_provisional,requires_pilot_and_Q3_k100_confirmation
4.0,60.0,6.0,0.6,False,6.0,11.0,4.0,4.0,4.0,6.0,False,1.1500241789827286,2.305311642193766,True,True,True,0.295,False,6.0011665998821995,403.89970810675845,N/A,new_parameter_combo,rejected,no_support
4.0,65.0,3.0,0.65,False,3.0,12.750000000000002,4.0,4.0,4.0,3.25,False,0.907564581386777,3.2656381234995018,True,False,False,0.0,False,6.5962544513156685,732.3470043660597,N/A,new_parameter_combo,rejected,no_support
4.0,65.0,3.5,0.65,False,3.5,12.321428571428573,4.0,4.0,4.0,3.6250000000000004,False,0.8732124598286495,2.8777306351462077,True,False,False,0.0,False,6.691866317679192,805.8247746389488,N/A,new_parameter_combo,rejected,no_support
4.0,65.0,3.6,0.65,False,3.6,12.25,4.0,4.0,4.0,3.7,False,0.8395832299420949,2.84135762848948,True,False,False,0.0,False,6.661484295525007,781.7103656442367,N/A,new_parameter_combo,rejected,no_support
4.0,65.0,4.0,0.65,False,4.0,12.0,4.0,4.0,4.0,4.0,False,0.7762087348130016,2.7861991721905226,True,True,True,0.095,False,6.374941555485303,586.9511258655448,N/A,new_parameter_combo,rejected,no_support
4.0,65.0,4.25,0.65,False,4.25,11.86764705882353,4.0,4.0,4.0,4.1875,False,0.7920059781262735,2.7931087423442498,True,True,True,0.094,False,6.147151082338941,467.3839498690378,N/A,new_parameter_combo,rejected,no_support
4.0,65.0,4.4,0.65,False,4.4,11.795454545454545,4.0,4.0,4.0,4.3,False,0.7321703827578352,2.809168774951249,True,True,True,0.094,False,6.042930620937462,421.12538710280273,N/A,new_parameter_combo,rejected,no_support
4.0,65.0,4.5,0.65,False,4.5,11.750000000000002,4.0,4.0,4.0,4.375,False,0.7009090307506068,2.824123304314821,True,True,True,0.094,False,5.986972739372451,398.2073061380312,N/A,new_parameter_combo,rejected,no_support
4.0,65.0,4.75,0.65,False,4.75,11.644736842105264,4.0,4.0,4.0,4.5625,False,0.7373421657465111,2.8289980350604265,True,False,False,0.0,False,5.894406526585833,363.0013403149909,N/A,new_parameter_combo,rejected,no_support
4.0,65.0,4.8,0.65,False,4.8,11.625,4.0,4.0,4.0,4.6,False,0.7702424744116331,2.8291499034174636,True,False,False,0.0,False,5.884006739650094,359.245766152676,N/A,new_parameter_combo,rejected,no_support
4.0,65.0,4.85,0.65,False,4.85,11.605670103092784,4.0,4.0,4.0,4.637499999999999,False,0.8037869552236805,2.8266183680112515,True,True,True,0.093,False,5.87631143792155,356.4918712036331,N/A,new_parameter_combo,rejected,no_support
4.0,65.0,5.0,0.65,False,5.0,11.55,4.0,4.0,4.0,4.75,False,0.8855126498595179,2.721902799426527,True,True,True,0.093,False,5.869452443979087,354.055062201065,N/A,new_parameter_combo,rejected,no_support
4.0,65.0,5.4,0.65,False,5.4,11.416666666666668,4.0,4.0,4.0,5.05,False,0.86058357039433,2.6819230311225293,True,True,True,0.917,True,5.909077943455154,368.3663441722996,N/A,new_parameter_combo,Q2_provisional,requires_pilot_and_Q3_k100_confirmation
4.0,65.0,5.5,0.65,False,5.5,11.386363636363637,4.0,4.0,4.0,5.125,False,0.8644498073270394,2.651477767491668,True,True,True,0.839,True,5.926941295668847,375.005726180632,N/A,new_parameter_combo,Q2_provisional,requires_pilot_and_Q3_k100_confirmation
4.0,65.0,6.0,0.65,False,6.0,11.25,4.0,4.0,4.0,5.5,False,1.0861392495383617,2.5292583456720683,True,True,True,0.537,False,6.063999920805364,430.0923361231227,N/A,new_parameter_combo,rejected,no_support
4.0,69.0,3.0,0.69,False,3.0,12.550000000000002,4.0,4.0,4.0,3.4499999999999997,False,0.9120018908859743,3.069601616281306,True,False,False,0.0,False,6.724511324693733,832.5650231527925,N/A,new_parameter_combo,rejected,no_support
4.0,69.0,3.5,0.69,False,3.5,12.235714285714288,4.0,4.0,4.0,3.7249999999999996,False,0.8519186029911835,2.837638596038051,True,False,False,0.0,False,6.820123191057256,916.0978581937685,N/A,new_parameter_combo,rejected,no_support
4.0,69.0,3.6,0.69,False,3.6,12.183333333333334,4.0,4.0,4.0,3.78,False,0.8738852957934938,2.8199180414567793,True,True,True,0.095,False,6.789741168903071,888.6835131315163,N/A,new_parameter_combo,rejected,no_support
4.0,69.0,4.0,0.69,False,4.0,12.0,4.0,4.0,4.0,4.0,False,0.813188483811768,2.7861991721905226,True,True,True,0.095,False,6.503198428863366,667.2724470537233,N/A,new_parameter_combo,rejected,no_support
4.0,69.0,4.25,0.69,False,4.25,11.90294117647059,4.0,4.0,4.0,4.1375,False,0.7364614791040206,2.7891064161524937,True,True,True,0.094,False,6.275407955717005,531.3431020050373,N/A,new_parameter_combo,rejected,no_support
4.0,69.0,4.4,0.69,False,4.4,11.850000000000001,4.0,4.0,4.0,4.22,False,0.671695995375945,2.7977835725488496,True,True,True,0.094,False,6.171187494315526,478.7542866608369,N/A,new_parameter_combo,rejected,no_support
4.0,69.0,4.5,0.69,False,4.5,11.816666666666666,4.0,4.0,4.0,4.275,False,0.6374758899002234,2.8060646027605665,True,True,True,0.094,False,6.115229612750515,452.69998112630435,N/A,new_parameter_combo,rejected,no_support
4.0,69.0,4.75,0.69,False,4.75,11.739473684210527,4.0,4.0,4.0,4.4125,False,0.6902218846139266,2.8343719977122364,True,False,False,0.0,False,6.022663399963897,412.67625524795756,N/A,new_parameter_combo,rejected,no_support
4.0,69.0,4.8,0.69,False,4.8,11.725000000000001,4.0,4.0,4.0,4.44,False,0.7141472187161416,2.840406839259762,True,False,False,0.0,False,6.012263613028158,408.4067495754293,N/A,new_parameter_combo,rejected,no_support
4.0,69.0,4.85,0.69,False,4.85,11.710824742268041,4.0,4.0,4.0,4.4675,False,0.7491164864052063,2.83892350000473,True,False,False,0.0,False,6.004568311299614,405.2759978985043,N/A,new_parameter_combo,rejected,no_support
4.0,69.0,5.0,0.69,False,5.0,11.67,4.0,4.0,4.0,4.550000000000001,False,0.8595205117995046,2.837192386513817,True,False,False,0.0,False,5.997709317357152,402.50572379135724,N/A,new_parameter_combo,rejected,no_support
4.0,69.0,5.4,0.69,False,5.4,11.572222222222221,4.0,4.0,4.0,4.7700000000000005,False,0.8951399388945186,2.7444838591539775,True,True,True,0.092,False,6.037334816833218,418.7754330066507,N/A,new_parameter_combo,rejected,no_support
4.0,69.0,5.5,0.69,False,5.5,11.55,4.0,4.0,4.0,4.825,False,0.9200709821774066,2.7047806532388634,True,True,True,0.089,False,6.0551981690469106,426.3233811822183,N/A,new_parameter_combo,rejected,no_support
4.0,69.0,6.0,0.69,False,6.0,11.45,4.0,4.0,4.0,5.1000000000000005,False,1.1271093603568745,2.7247073059120908,True,True,True,0.533,False,6.192256794183429,488.94831773381844,N/A,new_parameter_combo,rejected,no_support
4.0,70.0,3.0,0.7,False,3.0,12.5,4.0,4.0,4.0,3.4999999999999996,False,0.9204659977757056,3.02455400193228,True,False,False,0.0,False,6.767407517571517,869.0559587156583,N/A,new_parameter_combo,rejected,no_support
4.0,70.0,3.5,0.7,False,3.5,12.214285714285715,4.0,4.0,4.0,3.75,False,0.8504800565155028,2.830481217414272,True,False,False,0.0,False,6.863019383935041,956.2499988470446,N/A,new_parameter_combo,rejected,no_support
4.0,70.0,3.6,0.7,False,3.6,12.166666666666666,4.0,4.0,4.0,3.8,False,0.8845626153123157,2.81531175622165,True,True,True,0.095,False,6.832637361780856,927.6340958627738,N/A,new_parameter_combo,rejected,no_support
4.0,70.0,4.0,0.7,False,4.0,12.0,4.0,4.0,4.0,4.0,False,0.824652060209737,2.7861991721905226,True,True,True,0.095,False,6.546094621741151,696.518686315741,N/A,new_parameter_combo,rejected,no_support
4.0,70.0,4.25,0.7,False,4.25,11.911764705882353,4.0,4.0,4.0,4.125,False,0.7247293653918162,2.7883507284197133,True,True,True,0.092,False,6.318304148594789,554.6316216495638,N/A,new_parameter_combo,rejected,no_support
4.0,70.0,4.4,0.7,False,4.4,11.863636363636363,4.0,4.0,4.0,4.2,False,0.6588115459380053,2.7955309554181498,True,True,True,0.091,False,6.214083687193311,499.73786312532724,N/A,new_parameter_combo,rejected,no_support
4.0,70.0,4.5,0.7,False,4.5,11.833333333333334,4.0,4.0,4.0,4.25,False,0.6238851280974924,2.8024429452507387,True,True,True,0.094,False,6.158125805628299,472.5416095651672,N/A,new_parameter_combo,rejected,no_support
4.0,70.0,4.75,0.7,False,4.75,11.763157894736842,4.0,4.0,4.0,4.375,False,0.6908129823118648,2.826217296574457,True,True,True,0.093,False,6.065559592841682,430.76366250121026,N/A,new_parameter_combo,rejected,no_support
4.0,70.0,4.8,0.7,False,4.8,11.75,4.0,4.0,4.0,4.4,False,0.7147185295839285,2.831973241041317,True,False,False,0.0,False,6.055159805905943,426.3070263919607,N/A,new_parameter_combo,rejected,no_support
4.0,70.0,4.85,0.7,False,4.85,11.737113402061855,4.0,4.0,4.0,4.425,False,0.7400152542553515,2.838033699300293,True,False,False,0.0,False,6.047464504177399,423.0390553333309,N/A,new_parameter_combo,rejected,no_support
4.0,70.0,5.0,0.7,False,5.0,11.700000000000001,4.0,4.0,4.0,4.5,False,0.8494896427039149,2.8403299005636993,True,False,False,0.0,False,6.040605510234936,420.1473614077623,N/A,new_parameter_combo,rejected,no_support
4.0,70.0,5.4,0.7,False,5.4,11.611111111111112,4.0,4.0,4.0,4.7,False,0.885512649859518,2.81467891884999,True,True,True,0.092,False,6.080231009711003,437.13016436839905,N/A,new_parameter_combo,rejected,no_support
4.0,70.0,5.5,0.7,False,5.5,11.59090909090909,4.0,4.0,4.0,4.75,False,0.9239359572293013,2.774191484523853,True,True,True,0.083,False,6.098094361924695,445.00893558222435,N/A,new_parameter_combo,rejected,no_support
4.0,70.0,6.0,0.7,False,6.0,11.5,4.0,4.0,4.0,5.000000000000001,False,1.1194787416745462,2.7228302748428264,True,True,True,0.528,False,6.2351529870612135,510.3786938123514,N/A,new_parameter_combo,rejected,no_support
4.0,71.0,3.0,0.71,False,3.0,12.450000000000001,4.0,4.0,4.0,3.55,False,0.9297314183161083,2.981238450174879,True,False,False,0.0,False,6.814636500262608,911.085276326412,N/A,new_parameter_combo,rejected,no_support
4.0,71.0,3.5,0.71,False,3.5,12.192857142857145,4.0,4.0,4.0,3.775,False,0.8500000000000004,2.8238110870397137,True,True,True,0.095,False,6.910248366626132,1002.4961979712313,N/A,new_parameter_combo,rejected,no_support
4.0,71.0,3.6,0.71,False,3.6,12.15,4.0,4.0,4.0,3.82,False,0.8904493247793502,2.811010024853164,True,True,True,0.095,False,6.879866344471948,972.4963715891831,N/A,new_parameter_combo,rejected,no_support
4.0,71.0,4.0,0.71,False,4.0,12.0,4.0,4.0,4.0,4.0,False,0.8369343962781491,2.7861991721905226,True,True,True,0.095,False,6.593323604432243,730.2037497404856,N/A,new_parameter_combo,rejected,no_support
4.0,71.0,4.25,0.71,False,4.25,11.920588235294119,4.0,4.0,4.0,4.1125,False,0.7139484918252801,2.7876931730286363,True,True,True,0.091,False,6.365533131285881,581.4547374104027,N/A,new_parameter_combo,rejected,no_support
4.0,71.0,4.4,0.71,False,4.4,11.877272727272729,4.0,4.0,4.0,4.18,False,0.6469331101277719,2.7935170514715812,True,True,True,0.089,False,6.261312669884402,523.9062048307959,N/A,new_parameter_combo,rejected,no_support
4.0,71.0,4.5,0.71,False,4.5,11.850000000000001,4.0,4.0,4.0,4.2250000000000005,False,0.6113284297164593,2.7991814730067444,True,True,True,0.089,False,6.205354788319391,495.39468501276247,N/A,new_parameter_combo,rejected,no_support
4.0,71.0,4.75,0.71,False,4.75,11.786842105263158,4.0,4.0,4.0,4.3375,False,0.6925832485141765,2.818803467629598,True,True,True,0.093,False,6.1127885755327735,451.5962712703752,N/A,new_parameter_combo,rejected,no_support
4.0,71.0,4.8,0.71,False,4.8,11.775,4.0,4.0,4.0,4.36,False,0.7164297286701952,2.823572019417215,True,True,True,0.093,False,6.102388788597034,446.9241031546619,N/A,new_parameter_combo,rejected,no_support
4.0,71.0,4.85,0.71,False,4.85,11.76340206185567,4.0,4.0,4.0,4.3825,False,0.7416680902684498,2.828598077663253,True,False,False,0.0,False,6.094693486868491,443.49808635434147,N/A,new_parameter_combo,rejected,no_support
4.0,71.0,5.0,0.71,False,5.0,11.73,4.0,4.0,4.0,4.45,False,0.8403109239915857,2.844734278444504,True,False,False,0.0,False,6.087834492926028,440.46654421622463,N/A,new_parameter_combo,rejected,no_support
4.0,71.0,5.4,0.71,False,5.4,11.65,4.0,4.0,4.0,4.630000000000001,False,0.8767111548164496,2.8463891205846936,True,False,False,0.0,False,6.127459992402095,458.27067014507196,N/A,new_parameter_combo,rejected,no_support
4.0,71.0,5.5,0.71,False,5.5,11.631818181818183,4.0,4.0,4.0,4.675000000000001,False,0.9155039317117064,2.832008293718032,True,False,False,0.0,False,6.145323344615788,466.5304747945555,N/A,new_parameter_combo,rejected,no_support
4.0,71.0,6.0,0.71,False,6.0,11.55,4.0,4.0,4.0,4.9,False,1.1125297519525457,2.6988650785649866,True,True,True,0.06,False,6.282381969752305,535.0616477796682,N/A,new_parameter_combo,rejected,no_support
4.4,2.0,3.0,0.02,False,3.0,15.872727272727271,3.1399999999999997,3.0000000000000004,3.0,3.0,False,1.552151896627415,7.948493611887324,False,False,False,0.0,False,7.149721324313645,1273.7509422909332,N/A,new_parameter_combo,rejected,no_support
4.4,2.0,3.5,0.02,False,3.5,13.644155844155845,3.5900000000000003,3.5,3.5,3.4999999999999996,False,1.283121194587635,4.727798554660804,False,False,False,0.0,False,7.245333190677169,1401.54880118099,N/A,new_parameter_combo,rejected,no_support
4.4,2.0,3.6,0.02,False,3.6,13.272727272727273,3.68,3.6,3.6,3.6000000000000005,False,1.2806248474865696,4.21629066368476,False,False,False,0.0,False,7.214951168522984,1359.607274832574,N/A,new_parameter_combo,rejected,no_support
4.4,2.0,4.0,0.02,False,4.0,11.972727272727273,4.04,4.0,4.0,4.0,False,1.1675895280972888,2.754161504096578,True,True,True,0.029,False,6.928408428483279,1020.8679016815685,N/A,new_parameter_combo,rejected,no_support
4.4,2.0,4.25,0.02,False,4.25,11.284491978609626,4.265000000000001,4.25,4.25,4.25,False,1.07854777646725,2.2637428898718723,True,True,True,0.298,False,6.700617955336917,812.9080108311229,N/A,new_parameter_combo,rejected,no_support
4.4,2.0,4.4,0.02,False,4.4,10.90909090909091,4.4,4.4,4.4,4.4,False,1.0400313967003347,1.6359645362060604,True,True,True,0.507,False,6.596397493935439,732.4517686928484,N/A,new_parameter_combo,rejected,no_support
4.4,2.0,4.5,0.02,False,4.5,10.672727272727274,4.49,4.5,4.5,4.5,False,1.021403596098256,1.2249836341744422,True,True,True,0.507,False,6.540439612370427,692.5909826851995,N/A,new_parameter_combo,rejected,no_support
4.4,2.0,4.75,0.02,False,4.75,10.12535885167464,4.715,4.75,4.75,4.75,False,0.9677451173965685,0.3564726679457943,True,True,True,0.507,False,6.447873399583809,631.3582175151175,N/A,new_parameter_combo,rejected,no_support
4.4,2.0,4.8,0.02,False,4.8,10.022727272727273,4.76,4.8,4.8,4.8,False,0.9434673350174336,0.274809082346352,True,True,True,0.507,False,6.437473612648071,624.8262509752491,N/A,new_parameter_combo,rejected,no_support
4.4,2.0,4.85,0.02,False,4.85,9.922211808809747,4.805,4.85,4.85,4.85,False,0.9202883310381038,0.3041661111400068,True,True,True,0.507,False,6.429778310919526,620.0364774588677,N/A,new_parameter_combo,rejected,no_support
4.4,2.0,5.0,0.02,False,5.0,9.632727272727273,4.94,5.0,5.0,5.000000000000001,False,0.8582136169071767,0.6862436865170284,True,True,True,0.507,False,6.4229193169770635,615.79820278211,N/A,new_parameter_combo,rejected,no_support
4.4,2.0,5.4,0.02,False,5.4,8.93939393939394,5.300000000000001,5.4,5.4,5.4,False,0.9371554468884303,1.9726710772649467,True,True,True,0.705,False,6.462544816453131,640.6894207260289,N/A,new_parameter_combo,rejected,no_support
4.4,2.0,5.5,0.02,False,5.5,8.781818181818181,5.39,5.5,5.499999999999999,5.5,False,0.9837989284567519,2.157751573970775,True,True,True,0.705,False,6.480408168666823,652.2371147002303,N/A,new_parameter_combo,rejected,no_support
4.4,2.0,6.0,0.02,False,6.0,8.072727272727272,5.840000000000001,6.000000000000001,6.0,6.0,False,1.0520135121978897,3.5630375768879015,True,False,False,0.0,False,6.617466793803341,748.0477357631223,N/A,new_parameter_combo,rejected,no_support
4.4,4.0,3.0,0.04,False,3.0,15.745454545454546,3.28,3.0000000000000004,3.0,3.0,False,1.5127323569202418,7.752452471421161,False,False,False,0.0,False,7.10106338417103,1213.256546575993,N/A,new_parameter_combo,rejected,no_support
4.4,4.0,3.5,0.04,False,3.5,13.574025974025973,3.68,3.5,3.5,3.4999999999999996,False,1.2524465852800244,4.600086792070642,False,False,False,0.0,False,7.196675250534554,1334.9848874853117,N/A,new_parameter_combo,rejected,no_support
4.4,4.0,3.6,0.04,False,3.6,13.212121212121213,3.7600000000000002,3.6,3.6,3.6000000000000005,False,1.2457273918052367,4.124994958141624,False,False,False,0.0,False,7.166293228380369,1295.0352947304802,N/A,new_parameter_combo,rejected,no_support
4.4,4.0,4.0,0.04,False,4.0,11.945454545454545,4.08,4.0,4.0,4.0,False,1.139727858673611,2.7230229641943113,True,True,True,0.029,False,6.879750488340664,972.3837084483677,N/A,new_parameter_combo,rejected,no_support
4.4,4.0,4.25,0.04,False,4.25,11.274866310160428,4.28,4.25,4.25,4.25,False,1.077032961426901,2.247559243565085,True,True,True,0.298,False,6.651960015194303,774.3004799125467,N/A,new_parameter_combo,rejected,no_support
4.4,4.0,4.4,0.04,False,4.4,10.909090909090908,4.4,4.4,4.4,4.4,False,1.0384603988597734,1.6359645362060582,True,True,True,0.507,False,6.547739553792824,697.6653550649852,N/A,new_parameter_combo,rejected,no_support
4.4,4.0,4.5,0.04,False,4.5,10.67878787878788,4.4799999999999995,4.5,4.5,4.5,False,1.019803902718557,1.2340664450610443,True,True,True,0.507,False,6.4917816722278125,659.697681817605,N/A,new_parameter_combo,rejected,no_support
4.4,4.0,4.75,0.04,False,4.75,10.145454545454546,4.68,4.75,4.75,4.75,False,0.9351415913744656,0.4039915442811592,True,True,True,0.507,False,6.399215459441195,601.3730512003087,N/A,new_parameter_combo,rejected,no_support
4.4,4.0,4.8,0.04,False,4.8,10.045454545454547,4.72,4.8,4.8,4.8,False,0.9099943933444689,0.3201966395342523,True,True,True,0.507,False,6.388815672505456,595.1513080766036,N/A,new_parameter_combo,rejected,no_support
4.4,4.0,4.85,0.04,False,4.85,9.94751640112465,4.76,4.85,4.85,4.85,False,0.885940063389374,0.2949828630678874,True,True,True,0.507,False,6.381120370776912,590.5890158086087,N/A,new_parameter_combo,rejected,no_support
4.4,4.0,5.0,0.04,False,5.0,9.665454545454546,4.88,5.0,5.0,5.000000000000001,False,0.8212732772459894,0.6464671358142181,True,True,True,0.696,False,6.37426137683445,586.5520299842723,N/A,new_parameter_combo,rejected,no_support
4.4,4.0,5.4,0.04,False,5.4,8.98989898989899,5.2,5.4,5.4,5.4,False,0.8943673656243716,1.902848527670534,True,True,True,0.705,False,6.413886876310516,610.2610865353064,N/A,new_parameter_combo,rejected,no_support
4.4,4.0,5.5,0.04,False,5.5,8.836363636363636,5.28,5.5,5.499999999999999,5.5,False,0.9431293573491804,2.081726242342783,True,True,True,0.705,False,6.4317502285242085,621.2603445903054,N/A,new_parameter_combo,rejected,no_support
4.4,4.0,6.0,0.04,False,6.0,8.145454545454546,5.679999999999999,6.000000000000001,6.0,6.0,False,1.0268824333329285,3.446705300529516,True,False,False,0.0,False,6.568808853660727,712.5206211299208,N/A,new_parameter_combo,rejected,no_support
4.4,13.0,3.0,0.13,False,3.0,15.172727272727276,3.91,3.0000000000000004,3.0,3.0,False,1.3185507272790695,6.91441484493268,False,False,False,0.0,False,6.936290202054414,1028.945944160646,N/A,new_parameter_combo,rejected,no_support
4.4,13.0,3.5,0.13,False,3.5,13.25844155844156,4.085,3.5,3.5,3.4999999999999996,False,1.1662778749649043,4.14041563918869,True,False,False,0.0,False,7.031902068417938,1132.1820511666444,N/A,new_parameter_combo,rejected,no_support
4.4,13.0,3.6,0.13,False,3.6,12.93939393939394,4.12,3.6,3.6,3.6000000000000005,False,1.1129259102171416,3.7378229697568437,True,False,False,0.0,False,7.001520046263753,1098.301359113541,N/A,new_parameter_combo,rejected,no_support
4.4,13.0,4.0,0.13,False,4.0,11.822727272727272,4.26,4.0,4.0,4.0,False,0.9381919215345296,2.5948723416964112,True,True,True,0.282,False,6.714977306224048,824.6650519212071,N/A,new_parameter_combo,rejected,no_support
4.4,13.0,4.25,0.13,False,4.25,11.231550802139038,4.3475,4.25,4.25,4.25,False,0.8718968296952643,2.1758703679797766,True,True,True,0.898,True,6.487186833077686,656.6734303772033,N/A,new_parameter_combo,Q2_provisional,requires_pilot_and_Q3_k100_confirmation
4.4,13.0,4.4,0.13,False,4.4,10.90909090909091,4.4,4.4,4.4,4.4,False,0.852410747018509,1.6359645362060604,True,True,True,0.898,True,6.382966371676208,591.6802505631894,N/A,new_parameter_combo,Q2_provisional,requires_pilot_and_Q3_k100_confirmation
4.4,13.0,4.5,0.13,False,4.5,10.706060606060607,4.4350000000000005,4.5,4.5,4.5,False,0.8486483851588081,1.2853015868566675,True,True,True,0.808,True,6.327008490111196,559.4803967834088,N/A,new_parameter_combo,Q2_provisional,requires_pilot_and_Q3_k100_confirmation
4.4,13.0,4.75,0.13,False,4.75,10.235885167464115,4.5225,4.75,4.75,4.75,False,0.8222666532090379,0.5394949544737203,True,True,True,0.808,True,6.234442277324579,510.0160915730219,N/A,new_parameter_combo,Q2_provisional,requires_pilot_and_Q3_k100_confirmation
4.4,13.0,4.8,0.13,False,4.8,10.147727272727273,4.54,4.8,4.8,4.8,False,0.7935505333496994,0.44548203418956334,True,True,True,0.906,True,6.22404249038884,504.73951806446536,N/A,new_parameter_combo,Q2_provisional,requires_pilot_and_Q3_k100_confirmation
4.4,13.0,4.85,0.13,False,4.85,10.061387066541705,4.5575,4.85,4.85,4.85,False,0.765847536380181,0.35855828886640295,True,True,True,0.829,True,6.216347188660296,500.8703016662706,N/A,new_parameter_combo,Q2_provisional,requires_pilot_and_Q3_k100_confirmation
4.4,13.0,5.0,0.13,False,5.0,9.812727272727273,4.61,5.0,5.0,5.000000000000001,False,0.6900162671847615,0.5158736834665276,True,True,True,0.916,True,6.209488194717833,497.4465903314275,N/A,new_parameter_combo,Q2_provisional,requires_pilot_and_Q3_k100_confirmation
4.4,13.0,5.4,0.13,False,5.4,9.217171717171718,4.750000000000001,5.4,5.4,5.4,False,0.7266747897099504,1.5234451578413328,True,True,True,0.833,True,6.2491136941939,517.5539102934829,N/A,new_parameter_combo,Q2_provisional,requires_pilot_and_Q3_k100_confirmation
4.4,13.0,5.5,0.13,False,5.5,9.081818181818182,4.785,5.5,5.499999999999999,5.5,False,0.7859110954809075,1.7252739355494002,True,True,True,0.833,True,6.266977046407593,526.8822275371923,N/A,new_parameter_combo,Q2_provisional,requires_pilot_and_Q3_k100_confirmation
4.4,13.0,6.0,0.13,False,6.0,8.472727272727274,4.96,6.000000000000001,6.0,6.0,False,0.8595205117995044,2.949218399929982,True,False,False,0.0,False,6.4040356715441105,604.278794383192,N/A,new_parameter_combo,rejected,no_support
4.4,19.0,3.0,0.19,False,3.0,14.790909090909093,4.33,3.0000000000000004,3.0,3.0,False,1.1855440927769694,6.395494029112135,True,False,False,0.0,False,6.875702821726806,968.4557782146591,N/A,new_parameter_combo,rejected,no_support
4.4,19.0,3.5,0.19,False,3.5,13.04805194805195,4.355,3.5,3.5,3.4999999999999996,False,1.0869750668338107,3.862420956893533,True,False,False,0.0,False,6.97131468809033,1065.6227916206974,N/A,new_parameter_combo,rejected,no_support
4.4,19.0,3.6,0.19,False,3.6,12.75757575757576,4.36,3.6,3.6,3.6000000000000005,False,1.0482249330196654,3.5056559929027706,True,False,False,0.0,False,6.940932665936145,1033.7338938851553,N/A,new_parameter_combo,rejected,no_support
4.4,19.0,4.0,0.19,False,4.0,11.740909090909092,4.38,4.0,4.0,4.0,False,0.8555043863721806,2.5927278367273527,True,True,True,0.291,False,6.6543899258964405,776.1842487034421,N/A,new_parameter_combo,rejected,no_support
4.4,19.0,4.25,0.19,False,4.25,11.202673796791446,4.3925,4.25,4.25,4.25,False,0.7446407159955514,2.1291774846880003,True,True,True,0.977,True,6.426599452750079,618.0685988977027,N/A,new_parameter_combo,Q2_provisional,requires_pilot_and_Q3_k100_confirmation
4.4,19.0,4.4,0.19,False,4.4,10.90909090909091,4.4,4.4,4.4,4.4,False,0.7217269538533027,1.6359645362060604,True,True,True,0.898,True,6.322378991348599,556.8962692018293,N/A,new_parameter_combo,Q2_provisional,requires_pilot_and_Q3_k100_confirmation
4.4,19.0,4.5,0.19,False,4.5,10.724242424242425,4.405,4.5,4.5,4.5,False,0.717279440607611,1.3201090569476852,True,True,True,0.898,True,6.266421109783589,526.5893958158485,N/A,new_parameter_combo,Q2_provisional,requires_pilot_and_Q3_k100_confirmation
4.4,19.0,4.75,0.19,False,4.75,10.29617224880383,4.4175,4.75,4.75,4.75,False,0.7446407159955514,0.6665135323904533,True,True,True,0.966,True,6.17385489699697,480.0330218214399,N/A,new_parameter_combo,Q2_provisional,requires_pilot_and_Q3_k100_confirmation
4.4,19.0,4.8,0.19,False,4.8,10.215909090909092,4.42,4.8,4.8,4.8,False,0.7556103088070668,0.5173828028528727,True,True,True,0.966,True,6.163455110061232,475.06665003822235,N/A,new_parameter_combo,Q2_provisional,requires_pilot_and_Q3_k100_confirmation
4.4,19.0,4.85,0.19,False,4.85,10.137300843486411,4.4225,4.85,4.85,4.85,False,0.7264619320897076,0.46110649280707733,True,True,True,0.966,True,6.155759808332688,471.42489898292104,N/A,new_parameter_combo,Q2_provisional,requires_pilot_and_Q3_k100_confirmation
4.4,19.0,5.0,0.19,False,5.0,9.910909090909092,4.430000000000001,5.0,5.0,5.000000000000001,False,0.6460239459768582,0.5652583540410503,True,True,True,0.966,True,6.148900814390225,468.20246242638,N/A,new_parameter_combo,Q2_provisional,requires_pilot_and_Q3_k100_confirmation
4.4,19.0,5.4,0.19,False,5.4,9.368686868686869,4.45,5.4,5.4,5.4,False,0.6483063689022223,1.3131883252480951,True,True,True,0.926,True,6.1885263138662925,487.127703652292,N/A,new_parameter_combo,Q2_provisional,requires_pilot_and_Q3_k100_confirmation
4.4,19.0,5.5,0.19,False,5.5,9.245454545454546,4.455,5.5,5.499999999999999,5.5,False,0.7132850133039962,1.572889346370241,True,True,True,0.847,True,6.206389666079985,495.9076233234451,N/A,new_parameter_combo,Q2_provisional,requires_pilot_and_Q3_k100_confirmation
4.4,19.0,6.0,0.19,False,6.0,8.690909090909091,4.48,6.000000000000001,6.0,6.0,False,0.8555043863721806,2.7069857419362964,True,True,True,0.425,False,6.343448291216502,568.7541638063171,N/A,new_parameter_combo,rejected,no_support
4.4,22.0,3.0,0.22,False,3.0,14.600000000000001,4.4,3.1399999999999997,3.0,3.0,False,1.1325391374955587,6.042604147186457,True,False,False,0.0,False,6.860187553888043,953.5458919605118,N/A,new_parameter_combo,rejected,no_support
4.4,22.0,3.5,0.22,False,3.5,12.942857142857143,4.4,3.5900000000000003,3.5,3.4999999999999996,False,1.0573856502077692,3.65808006131996,True,False,False,0.0,False,6.955799420251567,1049.216968071189,N/A,new_parameter_combo,rejected,no_support
4.4,22.0,3.6,0.22,False,3.6,12.666666666666666,4.4,3.68,3.6,3.6000000000000005,False,1.0157563690548588,3.330191228019384,True,False,False,0.0,False,6.925417398097382,1017.8190166944819,N/A,new_parameter_combo,rejected,no_support
4.4,22.0,4.0,0.22,False,4.0,11.700000000000001,4.4,4.04,4.0,4.0,False,0.8703532592679639,2.5130385606680132,True,True,True,0.292,False,6.638874658057677,764.2344838088968,N/A,new_parameter_combo,rejected,no_support
4.4,22.0,4.25,0.22,False,4.25,11.188235294117646,4.4,4.265000000000001,4.25,4.25,False,0.6990153424493573,2.100602403073247,True,True,True,0.99,True,6.411084184911315,608.5531076237353,N/A,new_parameter_combo,Q2_provisional,requires_pilot_and_Q3_k100_confirmation
4.4,22.0,4.4,0.22,False,4.4,10.90909090909091,4.4,4.4,4.4,4.4,False,0.6633803353942256,1.6359645362060604,True,True,True,0.99,True,6.306863723509837,548.322558129069,N/A,new_parameter_combo,Q2_provisional,requires_pilot_and_Q3_k100_confirmation
4.4,22.0,4.5,0.22,False,4.5,10.733333333333334,4.4,4.49,4.5,4.5,False,0.6585388898066349,1.3385913051503302,True,True,True,0.939,True,6.250905841944825,518.4822750046862,N/A,new_parameter_combo,Q2_provisional,requires_pilot_and_Q3_k100_confirmation
4.4,22.0,4.75,0.22,False,4.75,10.326315789473686,4.4,4.715,4.75,4.75,False,0.6882393983111946,0.726341260793689,True,True,True,0.966,True,6.158339629158207,472.64266088334256,N/A,new_parameter_combo,Q2_provisional,requires_pilot_and_Q3_k100_confirmation
4.4,22.0,4.8,0.22,False,4.8,10.25,4.4,4.76,4.8,4.8,False,0.7009090307506068,0.5836540667196755,True,True,True,0.966,True,6.147939842222469,467.7527490067612,N/A,new_parameter_combo,Q2_provisional,requires_pilot_and_Q3_k100_confirmation
4.4,22.0,4.85,0.22,False,4.85,10.175257731958764,4.4,4.805,4.85,4.85,False,0.7155930892537707,0.5033439520722024,True,True,True,0.966,True,6.140244540493924,464.16706462504675,N/A,new_parameter_combo,Q2_provisional,requires_pilot_and_Q3_k100_confirmation
4.4,22.0,5.0,0.22,False,5.0,9.96,4.4,4.94,5.0,5.000000000000001,False,0.6403124237432852,0.5341872218779999,True,True,True,0.966,True,6.1333855465514615,460.9942391747638,N/A,new_parameter_combo,Q2_provisional,requires_pilot_and_Q3_k100_confirmation
4.4,22.0,5.4,0.22,False,5.4,9.444444444444445,4.4,5.3,5.4,5.4,False,0.6232691338942646,1.2830187711323606,True,True,True,0.847,True,6.173011046027529,479.6281163545746,N/A,new_parameter_combo,Q2_provisional,requires_pilot_and_Q3_k100_confirmation
4.4,22.0,5.5,0.22,False,5.5,9.327272727272728,4.4,5.39,5.499999999999999,5.5,False,0.6798859448166171,1.3895892717929577,True,True,True,0.847,True,6.190874398241221,488.27286454287616,N/A,new_parameter_combo,Q2_provisional,requires_pilot_and_Q3_k100_confirmation
4.4,22.0,6.0,0.22,False,6.0,8.8,4.4,5.840000000000001,6.0,6.0,False,0.8767111548164495,2.47314560191163,True,True,True,0.721,False,6.327933023377739,559.9978942071438,N/A,new_parameter_combo,rejected,no_support
4.4,24.0,3.0,0.24,False,3.0,14.472727272727273,4.4,3.28,3.0,3.0,False,1.1224026706588153,5.770836627275802,True,False,False,0.0,False,6.855317531745548,948.913391697998,N/A,new_parameter_combo,rejected,no_support
4.4,24.0,3.5,0.24,False,3.5,12.872727272727273,4.4,3.6799999999999997,3.5,3.4999999999999996,False,1.0404326023342405,3.4984189906362846,True,False,False,0.0,False,6.950929398109072,1044.1196802311351,N/A,new_parameter_combo,rejected,no_support
4.4,24.0,3.6,0.24,False,3.6,12.606060606060606,4.4,3.7600000000000002,3.6,3.6000000000000005,False,0.996443676280802,3.192072835132811,True,False,False,0.0,False,6.920547375954888,1012.8742658421296,N/A,new_parameter_combo,rejected,no_support
4.4,24.0,4.0,0.24,False,4.0,11.672727272727274,4.4,4.08,4.0,4.0,False,0.837857142857143,2.450055880059123,True,True,True,0.292,False,6.634004635915183,760.5216929755287,N/A,new_parameter_combo,rejected,no_support
4.4,24.0,4.25,0.24,False,4.25,11.178609625668448,4.4,4.28,4.25,4.25,False,0.7219941206160075,2.079853464745849,True,True,True,0.988,True,6.406214162768821,605.5966453762557,N/A,new_parameter_combo,Q2_provisional,requires_pilot_and_Q3_k100_confirmation
4.4,24.0,4.4,0.24,False,4.4,10.90909090909091,4.4,4.4,4.4,4.4,False,0.6279802414674122,1.6359645362060604,True,True,True,0.99,True,6.301993701367342,545.6587069018851,N/A,new_parameter_combo,Q2_provisional,requires_pilot_and_Q3_k100_confirmation
4.4,24.0,4.5,0.24,False,4.5,10.739393939393938,4.4,4.48,4.5,4.5,False,0.6228636959026184,1.3513421327637816,True,True,True,0.979,True,6.246035819802331,515.9633933280743,N/A,new_parameter_combo,Q2_provisional,requires_pilot_and_Q3_k100_confirmation
4.4,24.0,4.75,0.24,False,4.75,10.346411483253588,4.4,4.68,4.75,4.75,False,0.6541858938203035,0.7641532210304693,True,True,True,0.982,True,6.1534696070157135,470.3464764321514,N/A,new_parameter_combo,Q2_provisional,requires_pilot_and_Q3_k100_confirmation
4.4,24.0,4.8,0.24,False,4.8,10.272727272727272,4.4,4.72,4.8,4.8,False,0.6675021975045995,0.6444180794589996,True,True,True,0.966,True,6.143069820079974,465.4803206413993,N/A,new_parameter_combo,Q2_provisional,requires_pilot_and_Q3_k100_confirmation
4.4,24.0,4.85,0.24,False,4.85,10.200562324273664,4.4,4.76,4.85,4.85,False,0.6829049594734755,0.5274339735269118,True,True,True,0.966,True,6.135374518351431,461.9120561699168,N/A,new_parameter_combo,Q2_provisional,requires_pilot_and_Q3_k100_confirmation
4.4,24.0,5.0,0.24,False,5.0,9.992727272727272,4.4,4.88,5.0,5.000000000000001,True,0.6428571428571432,0.5020425098508491,True,True,True,0.989,True,6.128515524408968,458.754644885701,N/A,existing_parameter_combo,Q2_provisional,requires_pilot_and_Q3_k100_confirmation
4.4,24.0,5.4,0.24,False,5.4,9.494949494949495,4.4,5.2,5.4,5.4,False,0.6127015495129018,1.1601204164462862,True,True,True,0.847,True,6.168141023885035,477.2979952836807,N/A,new_parameter_combo,Q2_provisional,requires_pilot_and_Q3_k100_confirmation
4.4,24.0,5.5,0.24,False,5.5,9.381818181818183,4.4,5.28,5.499999999999999,5.5,False,0.6568710618049292,1.3121876954966882,True,True,True,0.847,True,6.186004376098727,485.90074570492214,N/A,new_parameter_combo,Q2_provisional,requires_pilot_and_Q3_k100_confirmation
4.4,24.0,6.0,0.24,False,6.0,8.872727272727273,4.4,5.680000000000001,6.0,6.0,False,0.8857142857142857,2.291255572884375,True,True,True,0.721,False,6.323063001235245,557.2773220629048,N/A,new_parameter_combo,rejected,no_support
4.4,27.0,3.0,0.27,False,3.0,14.281818181818181,4.4,3.49,3.0,3.0,False,1.1125407582536069,5.365524689470838,True,False,False,0.0,False,6.856222733156831,949.772738321558,N/A,new_parameter_combo,rejected,no_support
4.4,27.0,3.5,0.27,False,3.5,12.767532467532469,4.4,3.8150000000000004,3.5,3.4999999999999996,False,1.0068500080823908,3.2611272200016725,True,False,False,0.0,False,6.951834599520355,1045.0652467387315,N/A,new_parameter_combo,rejected,no_support
4.4,27.0,3.6,0.27,False,3.6,12.515151515151516,4.4,3.88,3.6,3.6000000000000005,False,0.9716255708862341,2.9871625504270964,True,False,False,0.0,False,6.9214525773661695,1013.7915361515768,N/A,new_parameter_combo,rejected,no_support
4.4,27.0,4.0,0.27,False,4.0,11.631818181818183,4.4,4.14,4.0,4.0,False,0.8045787337330702,2.356628207530617,True,True,True,0.507,False,6.634909837326465,761.2104299611383,N/A,new_parameter_combo,rejected,no_support
4.4,27.0,4.25,0.27,False,4.25,11.164171122994652,4.4,4.3025,4.25,4.25,False,0.7632168761236876,2.0489913308393723,True,True,True,0.988,True,6.407119364180103,606.1450804989928,N/A,new_parameter_combo,Q2_provisional,requires_pilot_and_Q3_k100_confirmation
4.4,27.0,4.4,0.27,False,4.4,10.90909090909091,4.4,4.4,4.4,4.4,False,0.6729784543356495,1.6359645362060604,True,True,True,0.973,True,6.302898902778624,546.1528615544532,N/A,new_parameter_combo,Q2_provisional,requires_pilot_and_Q3_k100_confirmation
4.4,27.0,4.5,0.27,False,4.5,10.74848484848485,4.4,4.465,4.5,4.5,False,0.6184658438426492,1.3706676954022348,True,True,True,0.979,True,6.246941021213614,516.4306555712003,N/A,new_parameter_combo,Q2_provisional,requires_pilot_and_Q3_k100_confirmation
4.4,27.0,4.75,0.27,False,4.75,10.376555023923446,4.4,4.6275,4.75,4.75,False,0.609616808381482,0.8096252955115305,True,True,True,0.99,True,6.154374808426995,470.77242748307043,N/A,new_parameter_combo,Q2_provisional,requires_pilot_and_Q3_k100_confirmation
4.4,27.0,4.8,0.27,False,4.8,10.306818181818182,4.4,4.66,4.8,4.8,False,0.6238851280974924,0.7204800001430928,True,True,True,0.99,True,6.143975021491256,465.90186484698864,N/A,new_parameter_combo,Q2_provisional,requires_pilot_and_Q3_k100_confirmation
4.4,27.0,4.85,0.27,False,4.85,10.238519212746017,4.4,4.6925,4.85,4.85,False,0.6403379209926774,0.6216893123342186,True,True,True,0.966,True,6.136279719762713,462.3303689151301,N/A,new_parameter_combo,Q2_provisional,requires_pilot_and_Q3_k100_confirmation
4.4,27.0,5.0,0.27,False,5.0,10.041818181818183,4.4,4.79,5.0,5.000000000000001,False,0.6560550001831452,0.4915216208108078,True,True,True,0.989,True,6.12942072582025,459.17009824379846,N/A,new_parameter_combo,Q2_provisional,requires_pilot_and_Q3_k100_confirmation
4.4,27.0,5.4,0.27,False,5.4,9.570707070707071,4.4,5.050000000000001,5.4,5.4,False,0.6066763964421236,1.114452052749774,True,True,True,0.847,True,6.1690462252963165,477.73024170813534,N/A,new_parameter_combo,Q2_provisional,requires_pilot_and_Q3_k100_confirmation
4.4,27.0,5.5,0.27,False,5.5,9.463636363636365,4.4,5.115,5.499999999999999,5.5,False,0.6184658438426492,1.2122137004693836,True,True,True,0.847,True,6.18690957751001,486.3407828767652,N/A,new_parameter_combo,Q2_provisional,requires_pilot_and_Q3_k100_confirmation
4.4,27.0,6.0,0.27,False,6.0,8.98181818181818,4.4,5.44,6.0,6.0,False,0.8045787337330702,2.022169474932068,True,True,True,0.857,True,6.323968202646527,557.7819986638366,N/A,new_parameter_combo,Q2_provisional,requires_pilot_and_Q3_k100_confirmation
4.4,30.0,3.0,0.3,False,3.0,14.09090909090909,4.4,3.6999999999999997,3.0,3.0,False,1.0608104814485104,4.96363091769188,True,False,False,0.0,False,6.862690779609884,955.9358225841589,N/A,new_parameter_combo,rejected,no_support
4.4,30.0,3.5,0.3,False,3.5,12.662337662337661,4.4,3.95,3.5,3.4999999999999996,False,0.9872916985162914,3.027026622113561,True,False,False,0.0,False,6.958302645973408,1051.8466849877896,N/A,new_parameter_combo,rejected,no_support
4.4,30.0,3.6,0.3,False,3.6,12.424242424242424,4.4,4.0,3.6,3.6000000000000005,False,0.9734246823688509,2.785506219110795,True,True,True,0.095,False,6.927920623819223,1020.3700389974853,N/A,new_parameter_combo,rejected,no_support
4.4,30.0,4.0,0.3,False,4.0,11.59090909090909,4.4,4.2,4.0,4.0,False,0.809163084896477,2.2645941400108325,True,True,True,0.996,True,6.641377883779518,766.1499316252015,N/A,new_parameter_combo,Q2_provisional,requires_pilot_and_Q3_k100_confirmation
4.4,30.0,4.25,0.3,False,4.25,11.149732620320854,4.4,4.325,4.25,4.25,False,0.7840566930772183,2.019489154730475,True,True,True,0.999,True,6.4135874106331565,610.0783616469425,N/A,new_parameter_combo,Q2_provisional,requires_pilot_and_Q3_k100_confirmation
4.4,30.0,4.4,0.3,False,4.4,10.90909090909091,4.4,4.4,4.4,4.4,False,0.7271989874490604,1.6359645362060604,True,True,True,0.992,True,6.309366949231677,549.6968526274852,N/A,new_parameter_combo,Q2_provisional,requires_pilot_and_Q3_k100_confirmation
4.4,30.0,4.5,0.3,False,4.5,10.757575757575758,4.4,4.45,4.5,4.5,False,0.6770659992548281,1.3902235679108197,True,True,True,0.982,True,6.2534090676666665,519.7817789690988,N/A,new_parameter_combo,Q2_provisional,requires_pilot_and_Q3_k100_confirmation
4.4,30.0,4.75,0.3,False,4.75,10.4066985645933,4.4,4.575,4.75,4.75,False,0.5817373697356384,0.8481975946980758,True,True,True,0.987,True,6.160842854880048,473.82727420799824,N/A,new_parameter_combo,Q2_provisional,requires_pilot_and_Q3_k100_confirmation
4.4,30.0,4.8,0.3,False,4.8,10.340909090909092,4.4,4.6000000000000005,4.8,4.8,False,0.589576118919347,0.757241151383594,True,True,True,0.995,True,6.15044306794431,468.92510644500464,N/A,new_parameter_combo,Q2_provisional,requires_pilot_and_Q3_k100_confirmation
4.4,30.0,4.85,0.3,False,4.85,10.276476101218371,4.4,4.625,4.85,4.85,False,0.6069596362197407,0.6769624114824643,True,True,True,0.995,True,6.1427477662157655,465.3304350423373,N/A,new_parameter_combo,Q2_provisional,requires_pilot_and_Q3_k100_confirmation
4.4,30.0,5.0,0.3,False,5.0,10.090909090909092,4.4,4.7,5.0,5.000000000000001,False,0.670820393249937,0.5277814543548408,True,True,True,0.972,True,6.135888772273303,462.1496573447938,N/A,new_parameter_combo,Q2_provisional,requires_pilot_and_Q3_k100_confirmation
4.4,30.0,5.4,0.3,False,5.4,9.646464646464645,4.4,4.9,5.4,5.4,False,0.6127015495129018,0.9641554367141253,True,True,True,0.935,True,6.17551427174937,480.8302377552355,N/A,new_parameter_combo,Q2_provisional,requires_pilot_and_Q3_k100_confirmation
4.4,30.0,5.5,0.3,False,5.5,9.545454545454545,4.4,4.95,5.499999999999999,5.5,False,0.6403124237432852,1.1429233873628908,True,True,True,0.938,True,6.1933776239630625,489.4966528067716,N/A,new_parameter_combo,Q2_provisional,requires_pilot_and_Q3_k100_confirmation
4.4,30.0,6.0,0.3,False,6.0,9.09090909090909,4.4,5.2,6.0,6.0,False,0.8181612036157919,1.8195410868855315,True,True,True,0.857,True,6.33043624909958,561.4014513173232,N/A,new_parameter_combo,Q2_provisional,requires_pilot_and_Q3_k100_confirmation
4.4,31.0,3.0,0.31,False,3.0,14.02727272727273,4.4,3.77,3.0,3.0,False,1.0378610755996671,4.830573589395667,True,False,False,0.0,False,6.86310420752834,956.3311148482662,N/A,new_parameter_combo,rejected,no_support
4.4,31.0,3.5,0.31,False,3.5,12.627272727272727,4.4,3.995,3.5,3.4999999999999996,False,0.9810708435174291,2.949833856839657,True,False,False,0.0,False,6.958716073891864,1052.2816376778967,N/A,new_parameter_combo,rejected,no_support
4.4,31.0,3.6,0.31,False,3.6,12.393939393939394,4.4,4.04,3.6,3.6000000000000005,False,0.9569320130244472,2.71913601075243,True,True,True,0.095,False,6.928334051737679,1020.791975672953,N/A,new_parameter_combo,rejected,no_support
4.4,31.0,4.0,0.31,False,4.0,11.577272727272728,4.4,4.22,4.0,4.0,False,0.8015609770940696,2.2342556487743668,True,True,True,0.996,True,6.6417913116979745,766.4667448818687,N/A,new_parameter_combo,Q2_provisional,requires_pilot_and_Q3_k100_confirmation
4.4,31.0,4.25,0.31,False,4.25,11.144919786096258,4.4,4.3325,4.25,4.25,False,0.7762087348130009,2.015499294650167,True,True,True,0.999,True,6.414000838551612,610.330637219382,N/A,new_parameter_combo,Q2_provisional,requires_pilot_and_Q3_k100_confirmation
4.4,31.0,4.4,0.31,False,4.4,10.90909090909091,4.4,4.4,4.4,4.4,False,0.7465854243945346,1.6359645362060604,True,True,True,0.996,True,6.309780377150133,549.9241596373432,N/A,new_parameter_combo,Q2_provisional,requires_pilot_and_Q3_k100_confirmation
4.4,31.0,4.5,0.31,False,4.5,10.760606060606062,4.4,4.445,4.5,4.5,False,0.6978465418115701,1.3967917033877608,True,True,True,0.982,True,6.253822495585123,519.9967156953896,N/A,new_parameter_combo,Q2_provisional,requires_pilot_and_Q3_k100_confirmation
4.4,31.0,4.75,0.31,False,4.75,10.416746411483253,4.4,4.5575,4.75,4.75,False,0.6057968272600702,0.862802299401744,True,True,True,0.999,True,6.1612562827985045,474.0232081311681,N/A,new_parameter_combo,Q2_provisional,requires_pilot_and_Q3_k100_confirmation
4.4,31.0,4.8,0.31,False,4.8,10.352272727272728,4.4,4.58,4.8,4.8,False,0.5937927213416879,0.7722014441016065,True,True,True,0.999,True,6.150856495862765,469.1190132561564,N/A,new_parameter_combo,Q2_provisional,requires_pilot_and_Q3_k100_confirmation
4.4,31.0,4.85,0.31,False,4.85,10.289128397375821,4.4,4.6025,4.85,4.85,False,0.5981536216575477,0.6912233786598608,True,True,True,0.995,True,6.143161194134222,465.5228554087262,N/A,new_parameter_combo,Q2_provisional,requires_pilot_and_Q3_k100_confirmation
4.4,31.0,5.0,0.31,False,5.0,10.107272727272727,4.4,4.670000000000001,5.0,5.000000000000001,False,0.6628633004640104,0.5490076428506702,True,True,True,0.972,True,6.136302200191759,462.3407624170092,N/A,new_parameter_combo,Q2_provisional,requires_pilot_and_Q3_k100_confirmation
4.4,31.0,5.4,0.31,False,5.4,9.671717171717171,4.4,4.8500000000000005,5.4,5.4,False,0.6173471264125204,0.9164297217209729,True,True,True,0.968,True,6.175927699667826,481.02906749761223,N/A,new_parameter_combo,Q2_provisional,requires_pilot_and_Q3_k100_confirmation
4.4,31.0,5.5,0.31,False,5.5,9.572727272727272,4.4,4.8950000000000005,5.499999999999999,5.5,False,0.6421565875299916,1.088259615892564,True,True,True,0.938,True,6.193791051881519,489.69906622782935,N/A,new_parameter_combo,Q2_provisional,requires_pilot_and_Q3_k100_confirmation
4.4,31.0,6.0,0.31,False,6.0,9.127272727272727,4.4,5.12,6.0,6.0,False,0.8246211251235324,1.7633918859926627,True,True,True,0.857,True,6.330849677018036,561.6335983354822,N/A,new_parameter_combo,Q2_provisional,requires_pilot_and_Q3_k100_confirmation
4.4,37.0,3.0,0.37,False,3.0,13.645454545454545,4.4,4.19,3.0,3.0,False,1.0036667468714455,4.044882752344032,True,False,False,0.0,False,6.843534348652453,937.7977886673626,N/A,new_parameter_combo,rejected,no_support
4.4,37.0,3.5,0.37,False,3.5,12.416883116883117,4.4,4.265000000000001,3.5,3.4999999999999996,False,0.9104184393419751,2.503523863462388,True,True,True,0.292,False,6.939146215015977,1031.888827570119,N/A,new_parameter_combo,rejected,no_support
4.4,37.0,3.6,0.37,False,3.6,12.212121212121211,4.4,4.28,3.6,3.6000000000000005,False,0.8765842800324452,2.332349397548993,True,True,True,0.292,False,6.908764192861792,1001.0094230044699,N/A,new_parameter_combo,rejected,no_support
4.4,37.0,4.0,0.37,False,4.0,11.495454545454546,4.4,4.34,4.0,4.0,False,0.7810249675906653,2.085996030844059,True,True,True,1.0,True,6.622221452822087,751.6129165695222,N/A,new_parameter_combo,Q2_provisional,requires_pilot_and_Q3_k100_confirmation
4.4,37.0,4.25,0.37,False,4.25,11.116042780748664,4.4,4.3775,4.25,4.25,False,0.7505440203816242,1.9558241664298073,True,True,True,1.0,True,6.394430979675725,598.5026661305403,N/A,new_parameter_combo,Q2_provisional,requires_pilot_and_Q3_k100_confirmation
4.4,37.0,4.4,0.37,False,4.4,10.90909090909091,4.4,4.4,4.4,4.4,False,0.7600765267593862,1.6359645362060604,True,True,True,0.999,True,6.290210518274247,539.2668426609581,N/A,new_parameter_combo,Q2_provisional,requires_pilot_and_Q3_k100_confirmation
4.4,37.0,4.5,0.37,False,4.5,10.778787878787877,4.4,4.415,4.5,4.5,False,0.7767343989618406,1.4366965511892322,True,True,True,0.993,True,6.234252636709235,509.9193809779991,N/A,new_parameter_combo,Q2_provisional,requires_pilot_and_Q3_k100_confirmation
4.4,37.0,4.75,0.37,False,4.75,10.477033492822967,4.4,4.4525,4.75,4.75,False,0.7567721464434675,0.9831720042699692,True,True,True,1.0,True,6.141686423922617,464.83682216378565,N/A,new_parameter_combo,Q2_provisional,requires_pilot_and_Q3_k100_confirmation
4.4,37.0,4.8,0.37,False,4.8,10.420454545454545,4.4,4.46,4.8,4.8,False,0.7471974850283244,0.9153534863437536,True,True,True,1.0,True,6.131286636986879,460.02766868381224,N/A,new_parameter_combo,Q2_provisional,requires_pilot_and_Q3_k100_confirmation
4.4,37.0,4.85,0.37,False,4.85,10.365042174320525,4.4,4.4675,4.85,4.85,False,0.7396648441237781,0.85594384452422,True,True,True,0.999,True,6.123591335258334,456.50120298102655,N/A,new_parameter_combo,Q2_provisional,requires_pilot_and_Q3_k100_confirmation
4.4,37.0,5.0,0.37,False,5.0,10.205454545454543,4.4,4.49,5.0,5.000000000000001,False,0.7298657970015124,0.7410643360838132,True,True,True,0.998,True,6.116732341315871,453.38077771760766,N/A,new_parameter_combo,Q2_provisional,requires_pilot_and_Q3_k100_confirmation
4.4,37.0,5.4,0.37,False,5.4,9.823232323232322,4.4,4.550000000000001,5.4,5.4,False,0.6946249768172521,0.8801721187118907,True,True,True,0.968,True,6.156357840791939,471.7069106922852,N/A,new_parameter_combo,Q2_provisional,requires_pilot_and_Q3_k100_confirmation
4.4,37.0,5.5,0.37,False,5.5,9.736363636363636,4.4,4.565,5.499999999999999,5.5,False,0.6708203932499373,0.9969830108393664,True,True,True,0.938,True,6.174221193005631,480.20888820896994,N/A,new_parameter_combo,Q2_provisional,requires_pilot_and_Q3_k100_confirmation
4.4,37.0,6.0,0.37,False,6.0,9.345454545454546,4.4,4.640000000000001,6.0,6.0,False,0.8820199451676077,1.6231227303060172,True,True,True,0.857,True,6.311279818142149,550.749356977553,N/A,new_parameter_combo,Q2_provisional,requires_pilot_and_Q3_k100_confirmation
4.4,38.0,3.0,0.38,False,3.0,13.581818181818182,4.4,4.26,3.0,3.0,False,1.0016313224547488,3.920655635965926,True,False,False,0.0,False,6.836597634442034,931.315063819629,N/A,new_parameter_combo,rejected,no_support
4.4,38.0,3.5,0.38,False,3.5,12.381818181818181,4.4,4.3100000000000005,3.5,3.4999999999999996,False,0.8900151913401965,2.451731246457394,True,True,True,0.292,False,6.932209500805558,1024.7556785870174,N/A,new_parameter_combo,rejected,no_support
4.4,38.0,3.6,0.38,False,3.6,12.18181818181818,4.4,4.32,3.6,3.6000000000000005,False,0.8770497856624859,2.2702237011082422,True,True,True,0.292,False,6.901827478651374,994.089734413022,N/A,new_parameter_combo,rejected,no_support
4.4,38.0,4.0,0.38,False,4.0,11.48181818181818,4.4,4.36,4.0,4.0,False,0.7762087348130009,2.0640947402434655,True,True,True,1.0,True,6.615284738611669,746.4172338871747,N/A,new_parameter_combo,Q2_provisional,requires_pilot_and_Q3_k100_confirmation
4.4,38.0,4.25,0.38,False,4.25,11.111229946524064,4.4,4.385000000000001,4.25,4.25,False,0.7499999999999997,1.9460223525880922,True,True,True,1.0,True,6.387494265465307,594.3653903211435,N/A,new_parameter_combo,Q2_provisional,requires_pilot_and_Q3_k100_confirmation
4.4,38.0,4.4,0.38,False,4.4,10.90909090909091,4.4,4.4,4.4,4.4,False,0.7595393340703295,1.6359645362060604,True,True,True,1.0,True,6.283273804063827,535.5390469647822,N/A,new_parameter_combo,Q2_provisional,requires_pilot_and_Q3_k100_confirmation
4.4,38.0,4.5,0.38,False,4.5,10.781818181818181,4.4,4.41,4.5,4.5,False,0.7762087348130009,1.4434269842414036,True,True,True,0.997,True,6.227315922498817,506.39445579545577,N/A,new_parameter_combo,Q2_provisional,requires_pilot_and_Q3_k100_confirmation
4.4,38.0,4.75,0.38,False,4.75,10.487081339712919,4.4,4.4350000000000005,4.75,4.75,False,0.782754164238462,1.0082108729428392,True,True,True,1.0,True,6.134749709712199,461.6235396698433,N/A,new_parameter_combo,Q2_provisional,requires_pilot_and_Q3_k100_confirmation
4.4,38.0,4.8,0.38,False,4.8,10.431818181818182,4.4,4.44,4.8,4.8,False,0.7735011839891736,0.9440292913283448,True,True,True,1.0,True,6.12434992277646,456.8476304767918,N/A,new_parameter_combo,Q2_provisional,requires_pilot_and_Q3_k100_confirmation
4.4,38.0,4.85,0.38,False,4.85,10.377694470477975,4.4,4.445,4.85,4.85,False,0.766227173645423,0.8894202433692533,True,True,True,0.999,True,6.116654621047916,453.34554221135176,N/A,new_parameter_combo,Q2_provisional,requires_pilot_and_Q3_k100_confirmation
4.4,38.0,5.0,0.38,False,5.0,10.22181818181818,4.4,4.46,5.0,5.000000000000001,False,0.7567721464434676,0.7803263470946651,True,True,True,0.999,True,6.109795627105453,450.24668754517154,N/A,new_parameter_combo,Q2_provisional,requires_pilot_and_Q3_k100_confirmation
4.4,38.0,5.4,0.38,False,5.4,9.848484848484848,4.4,4.5,5.4,5.4,False,0.6832508764751658,0.9156737460602027,True,True,True,0.968,True,6.149421126581521,468.446137263572,N/A,new_parameter_combo,Q2_provisional,requires_pilot_and_Q3_k100_confirmation
4.4,38.0,5.5,0.38,False,5.5,9.763636363636364,4.4,4.510000000000001,5.499999999999999,5.5,False,0.6798859448166171,1.0277466840023757,True,True,True,0.938,True,6.167284478795213,476.8893430689472,N/A,new_parameter_combo,Q2_provisional,requires_pilot_and_Q3_k100_confirmation
4.4,38.0,6.0,0.38,False,6.0,9.381818181818183,4.4,4.5600000000000005,6.0,6.0,False,0.8944271909999162,1.6097374116237093,True,True,True,0.857,True,6.30434310393173,546.9421859813137,N/A,new_parameter_combo,Q2_provisional,requires_pilot_and_Q3_k100_confirmation
4.4,40.0,3.0,0.4,False,3.0,13.454545454545455,4.4,4.4,3.0,3.0,False,0.9734246823688508,3.718882788232341,True,False,False,0.0,False,6.819574145108823,915.5950164306073,N/A,new_parameter_combo,rejected,no_support
4.4,40.0,3.5,0.4,False,3.5,12.311688311688313,4.4,4.4,3.5,3.4999999999999996,False,0.8506207217349563,2.354075094320707,True,True,True,0.292,False,6.915186011472347,1007.4584088923904,N/A,new_parameter_combo,rejected,no_support
4.4,40.0,3.6,0.4,False,3.6,12.121212121212123,4.4,4.4,3.6,3.6000000000000005,False,0.846850407241384,2.336155347368552,True,True,True,0.292,False,6.884803989318161,977.3100877166382,N/A,new_parameter_combo,rejected,no_support
4.4,40.0,4.0,0.4,False,4.0,11.454545454545455,4.4,4.4,4.0,4.0,False,0.7717612543225201,2.0215402249645704,True,True,True,1.0,True,6.598261249278457,733.8181524972904,N/A,new_parameter_combo,Q2_provisional,requires_pilot_and_Q3_k100_confirmation
4.4,40.0,4.25,0.4,False,4.25,11.101604278074866,4.4,4.4,4.25,4.25,False,0.7543073589968051,1.92654786562408,True,True,True,1.0,True,6.370470776132096,584.3328541094751,N/A,new_parameter_combo,Q2_provisional,requires_pilot_and_Q3_k100_confirmation
4.4,40.0,4.4,0.4,False,4.4,10.90909090909091,4.4,4.4,4.4,4.4,False,0.7616858316408732,1.6359645362060604,True,True,True,1.0,True,6.266250314730616,526.4994646322147,N/A,new_parameter_combo,Q2_provisional,requires_pilot_and_Q3_k100_confirmation
4.4,40.0,4.5,0.4,False,4.5,10.787878787878787,4.4,4.4,4.5,4.5,False,0.7783092612338932,1.454715977991154,True,True,True,1.0,True,6.2102924331656055,497.84681692231914,N/A,new_parameter_combo,Q2_provisional,requires_pilot_and_Q3_k100_confirmation
4.4,40.0,4.75,0.4,False,4.75,10.507177033492823,4.4,4.4,4.75,4.75,False,0.835225742429151,1.0622440984510717,True,True,True,1.0,True,6.117726220378987,453.8316073781701,N/A,new_parameter_combo,Q2_provisional,requires_pilot_and_Q3_k100_confirmation
4.4,40.0,4.8,0.4,False,4.8,10.454545454545455,4.4,4.4,4.8,4.8,False,0.8265603673152534,1.002491843731841,True,True,True,1.0,True,6.107326433443249,449.1363127072681,N/A,new_parameter_combo,Q2_provisional,requires_pilot_and_Q3_k100_confirmation
4.4,40.0,4.85,0.4,False,4.85,10.402999062792878,4.4,4.4,4.85,4.85,False,0.8197573060463241,0.9537550924553168,True,True,True,1.0,True,6.0996311317147045,445.69333762020557,N/A,new_parameter_combo,Q2_provisional,requires_pilot_and_Q3_k100_confirmation
4.4,40.0,5.0,0.4,False,5.0,10.254545454545454,4.4,4.4,5.0,5.000000000000001,False,0.810926655633126,0.8626582382860071,True,True,True,1.0,True,6.092772137772242,442.6467897877667,N/A,new_parameter_combo,Q2_provisional,requires_pilot_and_Q3_k100_confirmation
4.4,40.0,5.4,0.4,False,5.4,9.8989898989899,4.4,4.4,5.4,5.4,False,0.721726953853303,1.030016846855585,True,True,True,0.968,True,6.132397637248308,460.5390435601955,N/A,new_parameter_combo,Q2_provisional,requires_pilot_and_Q3_k100_confirmation
4.4,40.0,5.5,0.4,False,5.5,9.818181818181818,4.4,4.4,5.499999999999999,5.5,False,0.7172794406076114,1.096467020345851,True,True,True,0.938,True,6.1502609894620015,468.8397330458722,N/A,new_parameter_combo,Q2_provisional,requires_pilot_and_Q3_k100_confirmation
4.4,40.0,6.0,0.4,False,6.0,9.454545454545455,4.4,4.4,6.0,6.0,False,0.8431753523110703,1.6057007654590276,True,True,True,0.857,True,6.287319614598519,537.7101254072924,N/A,new_parameter_combo,Q2_provisional,requires_pilot_and_Q3_k100_confirmation
4.4,50.0,3.0,0.5,False,3.0,12.818181818181818,4.4,4.4,3.7,3.0,False,0.8382467733676192,3.127776187100895,True,False,False,0.0,False,6.671455480195272,789.5439341337936,N/A,new_parameter_combo,rejected,no_support
4.4,50.0,3.5,0.5,False,3.5,11.961038961038962,4.4,4.4,3.9499999999999997,3.4999999999999996,False,0.7420411039827917,2.260386929060062,True,True,True,0.292,False,6.767067346558796,868.7603813463477,N/A,new_parameter_combo,rejected,no_support
4.4,50.0,3.6,0.5,False,3.6,11.818181818181818,4.4,4.4,4.0,3.6000000000000005,False,0.7880513942630901,2.1527477037562326,True,True,True,0.517,False,6.736685324404611,842.7626163067039,N/A,new_parameter_combo,rejected,no_support
4.4,50.0,4.0,0.5,False,4.0,11.31818181818182,4.4,4.4,4.2,4.0,False,0.7580617739084491,2.0393748525904645,True,True,True,1.0,True,6.450142584364906,632.7925126986686,N/A,new_parameter_combo,Q2_provisional,requires_pilot_and_Q3_k100_confirmation
4.4,50.0,4.25,0.5,False,4.25,11.053475935828878,4.4,4.4,4.325,4.25,False,0.8246520602097365,1.851056346165951,True,True,True,1.0,True,6.2223521112185445,503.88703760729686,N/A,new_parameter_combo,Q2_provisional,requires_pilot_and_Q3_k100_confirmation
4.4,50.0,4.4,0.5,False,4.4,10.90909090909091,4.4,4.4,4.4,4.4,False,0.8333372789022239,1.6359645362060604,True,True,True,1.0,True,6.118131649817065,454.0156413756106,N/A,new_parameter_combo,Q2_provisional,requires_pilot_and_Q3_k100_confirmation
4.4,50.0,4.5,0.5,False,4.5,10.818181818181818,4.4,4.4,4.45,4.5,False,0.84370417487048,1.4968185723993435,True,True,True,1.0,True,6.0621737682520545,429.3076386121037,N/A,new_parameter_combo,Q2_provisional,requires_pilot_and_Q3_k100_confirmation
4.4,50.0,4.75,0.5,False,4.75,10.607655502392346,4.4,4.4,4.575,4.75,False,0.8137843067786352,1.195947823599924,True,True,True,1.0,True,5.969607555465436,391.3520566336335,N/A,new_parameter_combo,Q2_provisional,requires_pilot_and_Q3_k100_confirmation
4.4,50.0,4.8,0.5,False,4.8,10.568181818181818,4.4,4.4,4.6000000000000005,4.8,False,0.8437090126099067,1.1450890947982353,True,True,True,1.0,True,5.959207768529698,387.30316890504633,N/A,new_parameter_combo,Q2_provisional,requires_pilot_and_Q3_k100_confirmation
4.4,50.0,4.85,0.5,False,4.85,10.529522024367386,4.4,4.4,4.625,4.85,False,0.8744397623388266,1.0978307242565646,True,True,True,1.0,True,5.951512466801153,384.3341923962385,N/A,new_parameter_combo,Q2_provisional,requires_pilot_and_Q3_k100_confirmation
4.4,50.0,5.0,0.5,False,5.0,10.418181818181818,4.4,4.4,4.7,5.000000000000001,False,0.8673811892997337,0.9835167179193567,True,True,True,1.0,True,5.944653472858691,381.70706651854664,N/A,new_parameter_combo,Q2_provisional,requires_pilot_and_Q3_k100_confirmation
4.4,50.0,5.4,0.5,False,5.4,10.151515151515152,4.4,4.4,4.9,5.4,False,0.8943673656243714,0.912317892916451,True,True,True,1.0,True,5.984278972334758,397.13607189810426,N/A,new_parameter_combo,Q2_provisional,requires_pilot_and_Q3_k100_confirmation
4.4,50.0,5.5,0.5,False,5.5,10.090909090909092,4.4,4.4,4.95,5.5,False,0.8582136169071768,0.9446064953712457,True,True,True,0.999,True,6.00214232454845,404.2939953412585,N/A,new_parameter_combo,Q2_provisional,requires_pilot_and_Q3_k100_confirmation
4.4,50.0,6.0,0.5,False,6.0,9.818181818181818,4.4,4.4,5.2,6.0,False,1.0246950765959602,1.2439452030395153,True,True,True,0.533,False,6.139200949684968,463.682916812627,N/A,new_parameter_combo,rejected,no_support
4.4,55.0,3.0,0.55,False,3.0,12.499999999999998,4.4,4.4,4.050000000000001,3.0,False,0.8008952261471575,2.647537490510326,True,True,True,0.095,False,6.560711791392529,706.7745916660363,N/A,new_parameter_combo,rejected,no_support
4.4,55.0,3.5,0.55,False,3.5,11.785714285714285,4.4,4.4,4.175000000000001,3.4999999999999996,False,0.7556673628424787,2.1614070872259648,True,True,True,0.669,False,6.656323657756053,777.6866330501697,N/A,new_parameter_combo,rejected,no_support
4.4,55.0,3.6,0.55,False,3.6,11.666666666666666,4.4,4.4,4.2,3.6000000000000005,False,0.7578248276401053,2.0881428401799162,True,True,True,0.974,True,6.625941635601868,754.4142615256103,N/A,new_parameter_combo,Q2_provisional,requires_pilot_and_Q3_k100_confirmation
4.4,55.0,4.0,0.55,False,4.0,11.25,4.4,4.4,4.300000000000001,4.0,False,0.7567721464434676,2.0614408565403437,True,True,True,1.0,True,6.339398895562163,566.4557099822368,N/A,new_parameter_combo,Q2_provisional,requires_pilot_and_Q3_k100_confirmation
4.4,55.0,4.25,0.55,False,4.25,11.029411764705884,4.4,4.4,4.3625,4.25,False,0.782754164238462,1.8140983359337117,True,True,True,1.0,True,6.111608422415801,451.06363288246916,N/A,new_parameter_combo,Q2_provisional,requires_pilot_and_Q3_k100_confirmation
4.4,55.0,4.4,0.55,False,4.4,10.90909090909091,4.4,4.4,4.4,4.4,False,0.821647175880653,1.6359645362060604,True,True,True,1.0,True,6.007387961014323,406.42034682374566,N/A,new_parameter_combo,Q2_provisional,requires_pilot_and_Q3_k100_confirmation
4.4,55.0,4.5,0.55,False,4.5,10.833333333333334,4.4,4.4,4.425,4.5,False,0.7939169236341121,1.520670075439552,True,True,True,1.0,True,5.951430079449311,384.30252942423675,N/A,new_parameter_combo,Q2_provisional,requires_pilot_and_Q3_k100_confirmation
4.4,55.0,4.75,0.55,False,4.75,10.657894736842104,4.4,4.4,4.4875,4.75,False,0.7672053712224992,1.2711666226204084,True,True,True,1.0,True,5.858863866662694,350.3259008991749,N/A,new_parameter_combo,Q2_provisional,requires_pilot_and_Q3_k100_confirmation
4.4,55.0,4.8,0.55,False,4.8,10.625,4.4,4.4,4.5,4.8,False,0.7826902846162412,1.2286303988502443,True,True,True,1.0,True,5.848464079726955,346.7014655164706,N/A,new_parameter_combo,Q2_provisional,requires_pilot_and_Q3_k100_confirmation
4.4,55.0,4.85,0.55,False,4.85,10.59278350515464,4.4,4.4,4.5125,4.85,False,0.7998775416478779,1.1888166093155699,True,True,True,1.0,True,5.840768777998411,344.04373227458257,N/A,new_parameter_combo,Q2_provisional,requires_pilot_and_Q3_k100_confirmation
4.4,55.0,5.0,0.55,False,5.0,10.5,4.4,4.4,4.55,5.000000000000001,False,0.8212732772459893,1.0870549978958508,True,True,True,1.0,True,5.833909784055948,341.6920128335384,N/A,new_parameter_combo,Q2_provisional,requires_pilot_and_Q3_k100_confirmation
4.4,55.0,5.4,0.55,False,5.4,10.277777777777777,4.4,4.4,4.65,5.4,False,0.8961607454205152,0.9814141424737128,True,True,True,0.998,True,5.873535283532015,355.503567207537,N/A,new_parameter_combo,Q2_provisional,requires_pilot_and_Q3_k100_confirmation
4.4,55.0,5.5,0.55,False,5.5,10.227272727272728,4.4,4.4,4.675,5.5,False,0.9414372425353976,0.9919846479115642,True,True,True,0.998,True,5.891398635745707,361.9111123738011,N/A,new_parameter_combo,Q2_provisional,requires_pilot_and_Q3_k100_confirmation
4.4,55.0,6.0,0.55,False,6.0,10.0,4.4,4.4,4.8,6.0,True,1.0635925355288334,1.2101587429604244,True,True,True,0.533,False,6.0284572608822256,415.07418400003456,N/A,existing_parameter_combo,rejected,no_support
4.4,58.0,3.0,0.58,False,3.0,12.30909090909091,4.4,4.4,4.260000000000001,3.0,False,0.7762087348130009,2.440100546655539,True,True,True,0.292,False,6.520421567306896,678.8645121084764,N/A,new_parameter_combo,rejected,no_support
4.4,58.0,3.5,0.58,False,3.5,11.68051948051948,4.4,4.4,4.3100000000000005,3.4999999999999996,False,0.7442380708633826,2.1242588467406525,True,True,True,0.481,False,6.61603343367042,746.9762820341315,N/A,new_parameter_combo,rejected,no_support
4.4,58.0,3.6,0.58,False,3.6,11.575757575757578,4.4,4.4,4.32,3.6000000000000005,False,0.7483328409313111,2.067556542681198,True,True,True,1.0,True,6.585651411516235,724.6229216743793,N/A,new_parameter_combo,Q2_provisional,requires_pilot_and_Q3_k100_confirmation
4.4,58.0,4.0,0.58,False,4.0,11.209090909090909,4.4,4.4,4.36,4.0,False,0.7053382456781477,2.078749611204242,True,True,True,1.0,True,6.299108671476531,544.0867339071764,N/A,new_parameter_combo,Q2_provisional,requires_pilot_and_Q3_k100_confirmation
4.4,58.0,4.25,0.58,False,4.25,11.014973262032086,4.4,4.4,4.385000000000001,4.25,False,0.8062257748298549,1.792194416694431,True,True,True,1.0,True,6.071318198330169,433.25141661476795,N/A,new_parameter_combo,Q2_provisional,requires_pilot_and_Q3_k100_confirmation
4.4,58.0,4.4,0.58,False,4.4,10.90909090909091,4.4,4.4,4.4,4.4,False,0.7483328409313107,1.6359645362060604,True,True,True,1.0,True,5.9670977369286895,390.37106555724836,N/A,new_parameter_combo,Q2_provisional,requires_pilot_and_Q3_k100_confirmation
4.4,58.0,4.5,0.58,False,4.5,10.842424242424242,4.4,4.4,4.41,4.5,False,0.71777575942374,1.5351140203288487,True,True,True,1.0,True,5.911139855363679,369.12666671372483,N/A,new_parameter_combo,Q2_provisional,requires_pilot_and_Q3_k100_confirmation
4.4,58.0,4.75,0.58,False,4.75,10.688038277511962,4.4,4.4,4.4350000000000005,4.75,False,0.7810249675906656,1.3184398013436265,True,True,True,1.0,True,5.818573642577061,336.4917536611965,N/A,new_parameter_combo,Q2_provisional,requires_pilot_and_Q3_k100_confirmation
4.4,58.0,4.8,0.58,False,4.8,10.65909090909091,4.4,4.4,4.44,4.8,False,0.8121576201698782,1.281730589526461,True,True,True,1.0,True,5.808173855641322,333.0104449288777,N/A,new_parameter_combo,Q2_provisional,requires_pilot_and_Q3_k100_confirmation
4.4,58.0,4.85,0.58,False,4.85,10.630740393626994,4.4,4.4,4.445,4.85,False,0.8296987405076615,1.2474206901611649,True,True,True,1.0,True,5.800478553912778,330.4576638840527,N/A,new_parameter_combo,Q2_provisional,requires_pilot_and_Q3_k100_confirmation
4.4,58.0,5.0,0.58,False,5.0,10.549090909090909,4.4,4.4,4.460000000000001,5.000000000000001,False,0.8045787337330702,1.1597831622547365,True,True,True,1.0,True,5.793619559970315,328.1988123495102,N/A,new_parameter_combo,Q2_provisional,requires_pilot_and_Q3_k100_confirmation
4.4,58.0,5.4,0.58,False,5.4,10.353535353535353,4.4,4.4,4.500000000000001,5.4,False,0.829458884343478,1.0592835750642713,True,True,True,0.998,True,5.833245059446382,341.46495721680424,N/A,new_parameter_combo,Q2_provisional,requires_pilot_and_Q3_k100_confirmation
4.4,58.0,5.5,0.58,False,5.5,10.309090909090909,4.4,4.4,4.510000000000001,5.5,False,0.8781810979611933,1.0653046908137371,True,True,True,0.998,True,5.851108411660075,347.6194724956507,N/A,new_parameter_combo,Q2_provisional,requires_pilot_and_Q3_k100_confirmation
4.4,58.0,6.0,0.58,False,6.0,10.10909090909091,4.4,4.4,4.5600000000000005,6.0,False,1.008031269761175,1.239121786551248,True,True,True,0.721,False,5.988167036796592,398.68316820188255,N/A,new_parameter_combo,rejected,no_support
4.4,60.0,3.0,0.6,False,3.0,12.181818181818183,4.4,4.4,4.4,3.0,False,0.7634842259439979,2.420761807883458,True,True,True,0.292,False,6.515225366983012,675.3461450971549,N/A,new_parameter_combo,rejected,no_support
4.4,60.0,3.5,0.6,False,3.5,11.61038961038961,4.4,4.4,4.4,3.4999999999999996,False,0.7237255688308878,2.109365008296825,True,True,True,0.989,True,6.610837233346535,743.1049105570951,N/A,new_parameter_combo,Q2_provisional,requires_pilot_and_Q3_k100_confirmation
4.4,60.0,3.6,0.6,False,3.6,11.515151515151516,4.4,4.4,4.4,3.6000000000000005,False,0.7010211211118381,2.0616997664096735,True,True,True,1.0,True,6.58045521119235,720.8674014817739,N/A,new_parameter_combo,Q2_provisional,requires_pilot_and_Q3_k100_confirmation
4.4,60.0,4.0,0.6,False,4.0,11.181818181818182,4.4,4.4,4.4,4.0,False,0.7021573897638621,2.0492519639018343,True,True,True,1.0,True,6.293912471152646,541.2668828445082,N/A,new_parameter_combo,Q2_provisional,requires_pilot_and_Q3_k100_confirmation
4.4,60.0,4.25,0.6,False,4.25,11.005347593582886,4.4,4.4,4.4,4.25,False,0.7633024382542598,1.7777093198788998,True,True,True,1.0,True,6.066121998006284,431.0059943476773,N/A,new_parameter_combo,Q2_provisional,requires_pilot_and_Q3_k100_confirmation
4.4,60.0,4.4,0.6,False,4.4,10.90909090909091,4.4,4.4,4.4,4.4,False,0.7010211211118377,1.6359645362060604,True,True,True,0.998,True,5.961901536604805,388.3478802901834,N/A,new_parameter_combo,Q2_provisional,requires_pilot_and_Q3_k100_confirmation
4.4,60.0,4.5,0.6,False,4.5,10.848484848484848,4.4,4.4,4.4,4.5,False,0.6683042811810336,1.5447970267939353,True,True,True,1.0,True,5.905943655039794,367.213585290259,N/A,new_parameter_combo,Q2_provisional,requires_pilot_and_Q3_k100_confirmation
4.4,60.0,4.75,0.6,False,4.75,10.708133971291867,4.4,4.4,4.4,4.75,False,0.7831125756380427,1.3507444865415525,True,True,True,1.0,True,5.813377442253176,334.7478099661781,N/A,new_parameter_combo,Q2_provisional,requires_pilot_and_Q3_k100_confirmation
4.4,60.0,4.8,0.6,False,4.8,10.681818181818182,4.4,4.4,4.4,4.8,False,0.8141654046460395,1.3182057627893022,True,True,True,1.0,True,5.802977655317437,331.284543894186,N/A,new_parameter_combo,Q2_provisional,requires_pilot_and_Q3_k100_confirmation
4.4,60.0,4.85,0.6,False,4.85,10.656044985941893,4.4,4.4,4.4,4.85,False,0.8459700385489127,1.2879116644160102,True,True,True,1.0,True,5.7952823535888935,328.7449932074888,N/A,new_parameter_combo,Q2_provisional,requires_pilot_and_Q3_k100_confirmation
4.4,60.0,5.0,0.6,False,5.0,10.581818181818182,4.4,4.4,4.4,5.000000000000001,False,0.812655008761594,1.211177123540042,True,True,True,0.998,True,5.788423359646431,326.49784867571464,N/A,new_parameter_combo,Q2_provisional,requires_pilot_and_Q3_k100_confirmation
4.4,60.0,5.4,0.6,False,5.4,10.404040404040403,4.4,4.4,4.4,5.4,False,0.7870391427654019,1.123173874134941,True,True,True,0.998,True,5.8280488591224975,339.69523878320615,N/A,new_parameter_combo,Q2_provisional,requires_pilot_and_Q3_k100_confirmation
4.4,60.0,5.5,0.6,False,5.5,10.363636363636363,4.4,4.4,4.4,5.5,False,0.8382306438235829,1.1293124653581927,True,True,True,0.998,True,5.8459122113361905,345.81785691152913,N/A,new_parameter_combo,Q2_provisional,requires_pilot_and_Q3_k100_confirmation
4.4,60.0,6.0,0.6,False,6.0,10.181818181818182,4.4,4.4,4.4,6.0,False,0.9923174278178432,1.2890057803952824,True,True,True,0.537,False,5.982970836472708,396.6169036057056,N/A,new_parameter_combo,rejected,no_support
4.4,65.0,3.0,0.65,False,3.0,11.863636363636363,4.4,4.4,4.4,3.35,False,0.7578248276401053,2.2786079892850477,True,True,True,0.669,False,6.578058687906177,719.1418944026725,N/A,new_parameter_combo,rejected,no_support
4.4,65.0,3.5,0.65,False,3.5,11.435064935064934,4.4,4.4,4.4,3.7250000000000005,False,0.670820393249937,2.0322910445447397,True,True,True,1.0,True,6.6736705542697,791.2947708335253,N/A,new_parameter_combo,Q2_provisional,requires_pilot_and_Q3_k100_confirmation
4.4,65.0,3.6,0.65,False,3.6,11.363636363636363,4.4,4.4,4.4,3.8000000000000003,False,0.6585388898066351,2.0133828705031704,True,True,True,1.0,True,6.643288532115515,767.6151740529402,N/A,new_parameter_combo,Q2_provisional,requires_pilot_and_Q3_k100_confirmation
4.4,65.0,4.0,0.65,False,4.0,11.113636363636363,4.4,4.4,4.4,4.1,False,0.7165425062515876,1.945108571688981,True,True,True,1.0,True,6.356745792075811,576.3676809767414,N/A,new_parameter_combo,Q2_provisional,requires_pilot_and_Q3_k100_confirmation
4.4,65.0,4.25,0.65,False,4.25,10.981283422459892,4.4,4.4,4.4,4.2875,False,0.6631541822138762,1.743558666846245,True,True,True,1.0,True,6.128955318929449,458.9564470372543,N/A,new_parameter_combo,Q2_provisional,requires_pilot_and_Q3_k100_confirmation
4.4,65.0,4.4,0.65,False,4.4,10.909090909090908,4.4,4.4,4.4,4.4,False,0.5904011088978031,1.6359645362060582,True,True,True,0.997,True,6.02473485752797,413.5319825938566,N/A,new_parameter_combo,Q2_provisional,requires_pilot_and_Q3_k100_confirmation
4.4,65.0,4.5,0.65,False,4.5,10.863636363636362,4.4,4.4,4.4,4.475,False,0.6373174008198391,1.567211864760438,True,True,True,0.998,True,5.9687769759629585,391.02714258929257,N/A,new_parameter_combo,Q2_provisional,requires_pilot_and_Q3_k100_confirmation
4.4,65.0,4.75,0.65,False,4.75,10.758373205741627,4.4,4.4,4.4,4.6625000000000005,False,0.7785714285714289,1.416277744482407,True,True,True,1.0,True,5.876210763176341,356.45598328186463,N/A,new_parameter_combo,Q2_provisional,requires_pilot_and_Q3_k100_confirmation
4.4,65.0,4.8,0.65,False,4.8,10.738636363636363,4.4,4.4,4.4,4.7,False,0.8097984128088641,1.3897782594338057,True,True,True,1.0,True,5.865810976240602,352.7681267035545,N/A,new_parameter_combo,Q2_provisional,requires_pilot_and_Q3_k100_confirmation
4.4,65.0,4.85,0.65,False,4.85,10.719306466729146,4.4,4.4,4.4,4.7375,False,0.8417680615156145,1.3645437745706892,True,True,True,1.0,True,5.858115674512058,350.0638878402375,N/A,new_parameter_combo,Q2_provisional,requires_pilot_and_Q3_k100_confirmation
4.4,65.0,5.0,0.65,False,5.0,10.663636363636362,4.4,4.4,4.4,4.85,False,0.8226168423924687,1.2966074324985672,True,True,True,0.993,True,5.851256680569596,347.67101747693044,N/A,new_parameter_combo,Q2_provisional,requires_pilot_and_Q3_k100_confirmation
4.4,65.0,5.4,0.65,False,5.4,10.53030303030303,4.4,4.4,4.4,5.15,False,0.7578248276401053,1.1719113486043629,True,True,True,0.968,True,5.890882180045662,361.7242495742384,N/A,new_parameter_combo,Q2_provisional,requires_pilot_and_Q3_k100_confirmation
4.4,65.0,5.5,0.65,False,5.5,10.5,4.4,4.4,4.4,5.2250000000000005,False,0.7620357402299155,1.1579062574997292,True,True,True,0.839,True,5.908745532259355,368.24391542481186,N/A,new_parameter_combo,Q2_provisional,requires_pilot_and_Q3_k100_confirmation
4.4,65.0,6.0,0.65,False,6.0,10.363636363636362,4.4,4.4,4.4,5.6,False,1.0806356783799782,1.1710451077620352,True,True,True,0.537,False,6.045804157395873,422.3372465835237,N/A,new_parameter_combo,rejected,no_support
4.4,69.0,3.0,0.69,False,3.0,11.609090909090911,4.4,4.4,4.4,3.63,False,0.7610358140088299,2.1072968555636056,True,True,True,0.995,True,6.7063155612842404,817.5528600431476,N/A,new_parameter_combo,Q2_provisional,requires_pilot_and_Q3_k100_confirmation
4.4,69.0,3.5,0.69,False,3.5,11.294805194805196,4.4,4.4,4.4,3.905,False,0.6805493729183739,2.0248576224776165,True,True,True,1.0,True,6.801927427647764,899.5794961569856,N/A,new_parameter_combo,Q2_provisional,requires_pilot_and_Q3_k100_confirmation
4.4,69.0,3.6,0.69,False,3.6,11.242424242424244,4.4,4.4,4.4,3.96,False,0.6758309322453301,2.057408414621586,True,True,True,1.0,True,6.77154540549358,872.6594651821305,N/A,new_parameter_combo,Q2_provisional,requires_pilot_and_Q3_k100_confirmation
4.4,69.0,4.0,0.69,False,4.0,11.059090909090909,4.4,4.4,4.4,4.18,False,0.6716959953759455,1.8590667492960926,True,True,True,1.0,True,6.485002665453875,655.2407107506436,N/A,new_parameter_combo,Q2_provisional,requires_pilot_and_Q3_k100_confirmation
4.4,69.0,4.25,0.69,False,4.25,10.962032085561498,4.4,4.4,4.4,4.317500000000001,False,0.5957142857142858,1.7176390882170984,True,True,True,1.0,True,6.257212192307513,521.7623376290877,N/A,new_parameter_combo,Q2_provisional,requires_pilot_and_Q3_k100_confirmation
4.4,69.0,4.4,0.69,False,4.4,10.90909090909091,4.4,4.4,4.4,4.4,False,0.5134934373524964,1.6359645362060604,True,True,True,0.991,True,6.1529917309060345,470.121762784711,N/A,new_parameter_combo,Q2_provisional,requires_pilot_and_Q3_k100_confirmation
4.4,69.0,4.5,0.69,False,4.5,10.875757575757575,4.4,4.4,4.4,4.455,False,0.5668117061283069,1.5853304192600486,True,True,True,0.994,True,6.097033849341023,444.53724816562163,N/A,new_parameter_combo,Q2_provisional,requires_pilot_and_Q3_k100_confirmation
4.4,69.0,4.75,0.69,False,4.75,10.798564593301435,4.4,4.4,4.4,4.5925,False,0.7219941206160077,1.4717653342575923,True,True,True,0.978,True,6.004467636554406,405.2351988944257,N/A,new_parameter_combo,Q2_provisional,requires_pilot_and_Q3_k100_confirmation
4.4,69.0,4.8,0.69,False,4.8,10.78409090909091,4.4,4.4,4.4,4.62,False,0.755563041846332,1.451258326703306,True,True,True,0.978,True,5.994067849618666,401.04267761803607,N/A,new_parameter_combo,Q2_provisional,requires_pilot_and_Q3_k100_confirmation
4.4,69.0,4.85,0.69,False,4.85,10.769915651358952,4.4,4.4,4.4,4.6475,False,0.7897312898727528,1.4314829988818256,True,True,True,0.978,True,5.986372547890122,397.9683772134111,N/A,new_parameter_combo,Q2_provisional,requires_pilot_and_Q3_k100_confirmation
4.4,69.0,5.0,0.69,False,5.0,10.729090909090909,4.4,4.4,4.4,4.73,False,0.7692857142857147,1.3765462163409576,True,True,True,0.956,True,5.97951355394766,395.2480545281935,N/A,new_parameter_combo,Q2_provisional,requires_pilot_and_Q3_k100_confirmation
4.4,69.0,5.4,0.69,False,5.4,10.63131313131313,4.4,4.4,4.4,4.95,False,0.6995716619504266,1.2624125392012202,True,True,True,0.85,True,6.019139053423727,411.2244010370385,N/A,new_parameter_combo,Q2_provisional,requires_pilot_and_Q3_k100_confirmation
4.4,69.0,5.5,0.69,False,5.5,10.60909090909091,4.4,4.4,4.4,5.005,False,0.7041310319848727,1.2412946735526513,True,True,True,0.708,False,6.037002405637419,418.63625049838714,N/A,new_parameter_combo,rejected,no_support
4.4,69.0,6.0,0.69,False,6.0,10.509090909090908,4.4,4.4,4.4,5.280000000000001,False,1.040613045374736,1.1803052125786002,True,True,True,0.306,False,6.174061030773936,480.1319830405708,N/A,new_parameter_combo,rejected,no_support
4.4,70.0,3.0,0.7,False,3.0,11.545454545454545,4.4,4.4,4.4,3.6999999999999997,False,0.7634842259439979,2.076975641301136,True,True,True,1.0,True,6.749211754162025,853.3858195183103,N/A,new_parameter_combo,Q2_provisional,requires_pilot_and_Q3_k100_confirmation
4.4,70.0,3.5,0.7,False,3.5,11.25974025974026,4.4,4.4,4.4,3.95,False,0.6918508893260343,2.048687769453642,True,True,True,1.0,True,6.844823620525549,939.0076447280508,N/A,new_parameter_combo,Q2_provisional,requires_pilot_and_Q3_k100_confirmation
4.4,70.0,3.6,0.7,False,3.6,11.212121212121211,4.4,4.4,4.4,4.0,False,0.6872100501747808,2.0802895118880294,True,True,True,1.0,True,6.814441598371364,910.9077213864304,N/A,new_parameter_combo,Q2_provisional,requires_pilot_and_Q3_k100_confirmation
4.4,70.0,4.0,0.7,False,4.0,11.045454545454545,4.4,4.4,4.4,4.2,False,0.6588115459380057,1.837840882590104,True,True,True,1.0,True,6.5278988583316595,683.959604637903,N/A,new_parameter_combo,Q2_provisional,requires_pilot_and_Q3_k100_confirmation
4.4,70.0,4.25,0.7,False,4.25,10.957219251336898,4.4,4.4,4.4,4.325,False,0.5811477033089131,1.7101185914919237,True,True,True,1.0,True,6.300108385185298,544.6309368520695,N/A,new_parameter_combo,Q2_provisional,requires_pilot_and_Q3_k100_confirmation
4.4,70.0,4.4,0.7,False,4.4,10.909090909090908,4.4,4.4,4.4,4.4,False,0.49652054646431804,1.6359645362060582,True,True,True,0.991,True,6.195887923783819,490.72697976525893,N/A,new_parameter_combo,Q2_provisional,requires_pilot_and_Q3_k100_confirmation
4.4,70.0,4.5,0.7,False,4.5,10.878787878787879,4.4,4.4,4.4,4.45,False,0.551482232770218,1.5898852492196272,True,True,True,0.994,True,6.139930042218808,464.02110783663835,N/A,new_parameter_combo,Q2_provisional,requires_pilot_and_Q3_k100_confirmation
4.4,70.0,4.75,0.7,False,4.75,10.808612440191386,4.4,4.4,4.4,4.575,False,0.7100229947411739,1.4860231691826598,True,True,True,0.978,True,6.047363829432189,422.99646812798545,N/A,new_parameter_combo,Q2_provisional,requires_pilot_and_Q3_k100_confirmation
4.4,70.0,4.8,0.7,False,4.8,10.795454545454545,4.4,4.4,4.4,4.6000000000000005,False,0.7441321475794639,1.4671542493167964,True,True,True,0.978,True,6.036964042496451,418.62019060495095,N/A,new_parameter_combo,Q2_provisional,requires_pilot_and_Q3_k100_confirmation
4.4,70.0,4.85,0.7,False,4.85,10.7825679475164,4.4,4.4,4.4,4.625,False,0.7788020628254811,1.4489115627178248,True,True,True,0.978,True,6.029268740767907,415.4111450514831,N/A,new_parameter_combo,Q2_provisional,requires_pilot_and_Q3_k100_confirmation
4.4,70.0,5.0,0.7,False,5.0,10.745454545454544,4.4,4.4,4.4,4.7,False,0.7580617739084494,1.39791848606228,True,True,True,0.956,True,6.022409746825444,412.5715918953038,N/A,new_parameter_combo,Q2_provisional,requires_pilot_and_Q3_k100_confirmation
4.4,70.0,5.4,0.7,False,5.4,10.656565656565656,4.4,4.4,4.4,4.9,False,0.6872100501747809,1.289127485506874,True,True,True,0.85,True,6.0620352463015115,429.2481741992785,N/A,new_parameter_combo,Q2_provisional,requires_pilot_and_Q3_k100_confirmation
4.4,70.0,5.5,0.7,False,5.5,10.636363636363635,4.4,4.4,4.4,4.95,False,0.6918508893260344,1.2680891410825366,True,True,True,0.708,False,6.079898598515204,436.9848815558958,N/A,new_parameter_combo,rejected,no_support
4.4,70.0,6.0,0.7,False,6.0,10.545454545454545,4.4,4.4,4.4,5.200000000000001,False,1.032343282567008,1.1974269143800178,True,True,True,0.306,False,6.216957223651721,501.17594329301767,N/A,new_parameter_combo,rejected,no_support
4.4,71.0,3.0,0.71,False,3.0,11.481818181818182,4.4,4.4,4.4,3.77,False,0.7693424173292671,2.0521554852449224,True,True,True,1.0,True,6.796440736853117,894.6572972561248,N/A,new_parameter_combo,Q2_provisional,requires_pilot_and_Q3_k100_confirmation
4.4,71.0,3.5,0.71,False,3.5,11.224675324675326,4.4,4.4,4.4,3.995,False,0.7041310319848727,2.074195449608526,True,True,True,1.0,True,6.892052603216641,984.4199684609504,N/A,new_parameter_combo,Q2_provisional,requires_pilot_and_Q3_k100_confirmation
4.4,71.0,3.6,0.71,False,3.6,11.181818181818182,4.4,4.4,4.4,4.04,False,0.6931089380465384,2.039484643618462,True,True,True,1.0,True,6.861670581062456,954.9610755488226,N/A,new_parameter_combo,Q2_provisional,requires_pilot_and_Q3_k100_confirmation
4.4,71.0,4.0,0.71,False,4.0,11.031818181818181,4.4,4.4,4.4,4.22,False,0.6469331101277723,1.8167368635510368,True,True,True,1.0,True,6.575127841022751,717.0372852728013,N/A,new_parameter_combo,Q2_provisional,requires_pilot_and_Q3_k100_confirmation
4.4,71.0,4.25,0.71,False,4.25,10.9524064171123,4.4,4.4,4.4,4.3325,False,0.5676464119322802,1.7026164484627941,True,True,True,1.0,True,6.347337367876389,570.9703991111245,N/A,new_parameter_combo,Q2_provisional,requires_pilot_and_Q3_k100_confirmation
4.4,71.0,4.4,0.71,False,4.4,10.90909090909091,4.4,4.4,4.4,4.4,False,0.480647947025255,1.6359645362060604,True,True,True,0.991,True,6.243116906474911,514.4595367840275,N/A,new_parameter_combo,Q2_provisional,requires_pilot_and_Q3_k100_confirmation
4.4,71.0,4.5,0.71,False,4.5,10.881818181818183,4.4,4.4,4.4,4.445,False,0.5372359341849652,1.5944499832871837,True,True,True,0.991,True,6.187159024909899,486.4621144528081,N/A,new_parameter_combo,Q2_provisional,requires_pilot_and_Q3_k100_confirmation
4.4,71.0,4.75,0.71,False,4.75,10.81866028708134,4.4,4.4,4.4,4.557500000000001,False,0.6990153424493574,1.5004266488910787,True,True,True,0.978,True,6.094592812123281,443.45343954493757,N/A,new_parameter_combo,Q2_provisional,requires_pilot_and_Q3_k100_confirmation
4.4,71.0,4.8,0.71,False,4.8,10.806818181818182,4.4,4.4,4.4,4.58,False,0.733636455596089,1.483247141879253,True,True,True,0.978,True,6.084193025187543,438.8655163204683,N/A,new_parameter_combo,Q2_provisional,requires_pilot_and_Q3_k100_confirmation
4.4,71.0,4.85,0.71,False,4.85,10.795220243673851,4.4,4.4,4.4,4.6025,False,0.7687798442854703,1.4665980795453832,True,True,True,0.959,True,6.076497723458999,435.5012747828511,N/A,new_parameter_combo,Q2_provisional,requires_pilot_and_Q3_k100_confirmation
4.4,71.0,5.0,0.71,False,5.0,10.761818181818182,4.4,4.4,4.4,4.67,False,0.74776162577361,1.4197966331965737,True,True,True,0.924,True,6.0696387295165355,432.52439504801237,N/A,new_parameter_combo,Q2_provisional,requires_pilot_and_Q3_k100_confirmation
4.4,71.0,5.4,0.71,False,5.4,10.681818181818182,4.4,4.4,4.4,4.8500000000000005,False,0.6758309322453302,1.317598737495952,True,True,True,0.85,True,6.109264228992603,450.00749086505414,N/A,new_parameter_combo,Q2_provisional,requires_pilot_and_Q3_k100_confirmation
4.4,71.0,5.5,0.71,False,5.5,10.663636363636364,4.4,4.4,4.4,4.8950000000000005,False,0.6805493729183739,1.2971071019813791,True,True,True,0.708,False,6.127127581206295,458.1183611596177,N/A,new_parameter_combo,rejected,no_support
4.4,71.0,6.0,0.71,False,6.0,10.581818181818182,4.4,4.4,4.4,5.120000000000001,False,1.024803614835346,1.2201020403462073,True,True,True,0.306,False,6.264186206342813,525.4138334867182,N/A,new_parameter_combo,rejected,no_support
4.65,2.0,3.0,0.02,False,3.0,15.858064516129032,3.165,3.0000000000000004,3.0,3.0,False,1.4563960905962643,7.920766418258139,False,False,False,0.0,False,7.123518746035868,1240.808852114104,N/A,new_parameter_combo,rejected,no_support
4.65,2.0,3.5,0.02,False,3.5,13.629493087557604,3.615,3.5,3.5,3.4999999999999996,False,1.3053024832214497,4.697374633358595,False,False,False,0.0,False,7.219130612399392,1365.3015683328704,N/A,new_parameter_combo,rejected,no_support
4.65,2.0,3.6,0.02,False,3.6,13.258064516129032,3.7050000000000005,3.6,3.6,3.6000000000000005,False,1.2321585014534788,4.191460142895792,False,False,False,0.0,False,7.188748590245208,1324.444745043153,N/A,new_parameter_combo,rejected,no_support
4.65,2.0,4.0,0.02,False,4.0,11.958064516129033,4.065,4.0,4.0,4.0,False,1.0369085632891886,2.7353745494214214,True,True,True,0.078,False,6.902205850205503,994.4659408591964,N/A,new_parameter_combo,rejected,no_support
4.65,2.0,4.25,0.02,False,4.25,11.269829222011385,4.29,4.25,4.25,4.25,False,0.9355102183420815,2.2385703888715116,True,True,True,0.656,False,6.674415377059141,791.8843647562458,N/A,new_parameter_combo,rejected,no_support
4.65,2.0,4.4,0.02,False,4.4,10.894428152492669,4.425000000000001,4.4,4.4,4.4,False,0.8908307182750541,1.6134119747471496,True,True,True,0.656,False,6.5701949156576624,713.5089036370933,N/A,new_parameter_combo,rejected,no_support
4.65,2.0,4.5,0.02,False,4.5,10.658064516129032,4.515,4.5,4.5,4.5,False,0.8690105687633776,1.2032866840702308,True,True,True,0.808,True,6.514237034092651,674.6790080206395,N/A,new_parameter_combo,Q2_provisional,requires_pilot_and_Q3_k100_confirmation
4.65,2.0,4.75,0.02,False,4.75,10.1106960950764,4.74,4.75,4.75,4.75,False,0.8456827825032557,0.32235316412151727,True,True,True,0.507,False,6.421670821306034,615.0298611271274,N/A,new_parameter_combo,rejected,no_support
4.65,2.0,4.8,0.02,False,4.8,10.008064516129032,4.785,4.8,4.8,4.8,False,0.8466282351908947,0.24826750736207653,True,True,True,0.507,False,6.411271034370294,608.6668260664386,N/A,new_parameter_combo,rejected,no_support
4.65,2.0,4.85,0.02,False,4.85,9.907549052211508,4.829999999999999,4.85,4.85,4.85,False,0.84945827950668,0.2975420176559751,True,True,True,0.507,False,6.403575732641751,604.0009269637006,N/A,new_parameter_combo,rejected,no_support
4.65,2.0,5.0,0.02,False,5.0,9.618064516129031,4.965,5.0,5.0,5.000000000000001,False,0.8690105687633776,0.7133089930394442,True,True,True,0.507,False,6.396716738699288,599.8722636889528,N/A,new_parameter_combo,rejected,no_support
4.65,2.0,5.4,0.02,False,5.4,8.924731182795698,5.325,5.4,5.4,5.4,False,0.897228033519157,1.9919865761138684,True,True,True,0.516,False,6.436342238175355,624.1197382456081,N/A,new_parameter_combo,rejected,no_support
4.65,2.0,5.5,0.02,False,5.5,8.767155425219942,5.415000000000001,5.5,5.499999999999999,5.5,False,0.9458425577931315,2.1788131070230605,True,True,True,0.516,False,6.454205590389048,635.368782645861,N/A,new_parameter_combo,rejected,no_support
4.65,2.0,6.0,0.02,False,6.0,8.058064516129033,5.865,6.000000000000001,6.0,6.0,False,1.0403453115898296,3.5858812291567816,True,False,False,0.0,False,6.591264215525565,728.7015236034986,N/A,new_parameter_combo,rejected,no_support
4.65,4.0,3.0,0.04,False,3.0,15.716129032258067,3.33,3.0000000000000004,3.0,3.0,False,1.414310166184727,7.701046537651683,False,False,False,0.0,False,7.0748608058932545,1181.8789787658766,N/A,new_parameter_combo,rejected,no_support
4.65,4.0,3.5,0.04,False,3.5,13.544700460829493,3.7300000000000004,3.5,3.5,3.4999999999999996,False,1.2834109452302234,4.550397052733899,False,False,False,0.0,False,7.170472672256778,1300.4591485138076,N/A,new_parameter_combo,rejected,no_support
4.65,4.0,3.6,0.04,False,3.6,13.182795698924732,3.8100000000000005,3.6,3.6,3.6000000000000005,False,1.218836129871277,4.076447743364673,False,False,False,0.0,False,7.140090650102593,1261.5427428942014,N/A,new_parameter_combo,rejected,no_support
4.65,4.0,4.0,0.04,False,4.0,11.916129032258064,4.13,4.0,4.0,4.0,False,1.0353328269208895,2.6868330143651256,True,True,True,0.282,False,6.853547910062889,947.2356588990795,N/A,new_parameter_combo,rejected,no_support
4.65,4.0,4.25,0.04,False,4.25,11.245540796963947,4.33,4.25,4.25,4.25,False,0.9337633867848965,2.1977693801894924,True,True,True,0.656,False,6.625757436916526,754.2753122079678,N/A,new_parameter_combo,rejected,no_support
4.65,4.0,4.4,0.04,False,4.4,10.879765395894427,4.45,4.4,4.4,4.4,False,0.8889960981354192,1.5884302835651756,True,True,True,0.808,True,6.521536975515048,679.6221456142706,N/A,new_parameter_combo,Q2_provisional,requires_pilot_and_Q3_k100_confirmation
4.65,4.0,4.5,0.04,False,4.5,10.649462365591399,4.53,4.5,4.5,4.5,False,0.8671297841153883,1.190797002966816,True,True,True,0.808,True,6.465579093950037,642.6364025656393,N/A,new_parameter_combo,Q2_provisional,requires_pilot_and_Q3_k100_confirmation
4.65,4.0,4.75,0.04,False,4.75,10.116129032258065,4.73,4.75,4.75,4.75,False,0.84375,0.3356575087577568,True,True,True,0.808,True,6.373012881163419,585.8201792652937,N/A,new_parameter_combo,Q2_provisional,requires_pilot_and_Q3_k100_confirmation
4.65,4.0,4.8,0.04,False,4.8,10.016129032258066,4.7700000000000005,4.8,4.8,4.8,False,0.8446976160141569,0.26387015401537117,True,True,True,0.507,False,6.3626130942276795,579.7593445391672,N/A,new_parameter_combo,rejected,no_support
4.65,4.0,4.85,0.04,False,4.85,9.91819088792817,4.81,4.85,4.85,4.85,False,0.8475341069833119,0.30419088616151047,True,True,True,0.507,False,6.354917792499136,575.3150435034573,N/A,new_parameter_combo,rejected,no_support
4.65,4.0,5.0,0.04,False,5.0,9.636129032258065,4.930000000000001,5.0,5.0,5.000000000000001,False,0.8671297841153883,0.6815762326766257,True,True,True,0.507,False,6.348058798556673,571.3824632945773,N/A,new_parameter_combo,rejected,no_support
4.65,4.0,5.4,0.04,False,5.4,8.960573476702509,5.25,5.4,5.4,5.4,False,0.8524381486030985,1.9450505799630837,True,True,True,0.705,False,6.38768429803274,594.4783498349129,N/A,new_parameter_combo,rejected,no_support
4.65,4.0,5.5,0.04,False,5.5,8.807038123167155,5.33,5.5,5.499999999999999,5.5,False,0.9034659911661744,2.121090681059823,True,True,True,0.705,False,6.405547650246433,605.1931421135226,N/A,new_parameter_combo,rejected,no_support
4.65,4.0,6.0,0.04,False,6.0,8.116129032258065,5.7299999999999995,6.000000000000001,6.0,6.0,False,1.0149253516331909,3.490146222864187,True,False,False,0.0,False,6.54260627538295,694.0932207843741,N/A,new_parameter_combo,rejected,no_support
4.65,13.0,3.0,0.13,False,3.0,15.077419354838712,4.0725,3.0000000000000004,3.0,3.0,False,1.2399258458941513,6.762985691088187,False,False,False,0.0,False,6.910087623776638,1002.3350668264491,N/A,new_parameter_combo,rejected,no_support
4.65,13.0,3.5,0.13,False,3.5,13.163133640552996,4.2475,3.5,3.5,3.4999999999999996,False,1.1057771674856796,3.9979466037299503,True,False,False,0.0,False,7.005699490140162,1102.901253808381,N/A,new_parameter_combo,rejected,no_support
4.65,13.0,3.6,0.13,False,3.6,12.844086021505376,4.2825,3.6,3.6,3.6000000000000005,False,1.0520304863133259,3.600104013779181,True,False,False,0.0,False,6.9753174679859775,1069.896793344837,N/A,new_parameter_combo,rejected,no_support
4.65,13.0,4.0,0.13,False,4.0,11.72741935483871,4.4225,4.0,4.0,4.0,False,0.8972396906624232,2.566819860849125,True,True,True,0.291,False,6.688774727946273,803.3373420808463,N/A,new_parameter_combo,rejected,no_support
4.65,13.0,4.25,0.13,False,4.25,11.136242884250475,4.510000000000001,4.25,4.25,4.25,False,0.7926967542084759,2.02314868721033,True,True,True,0.902,True,6.460984254799911,639.6903651310996,N/A,new_parameter_combo,Q2_provisional,requires_pilot_and_Q3_k100_confirmation
4.65,13.0,4.4,0.13,False,4.4,10.813782991202347,4.5625,4.4,4.4,4.4,False,0.7712121265466801,1.4654199503199852,True,True,True,0.947,True,6.356763793398431,576.3780564507003,N/A,new_parameter_combo,Q2_provisional,requires_pilot_and_Q3_k100_confirmation
4.65,13.0,4.5,0.13,False,4.5,10.610752688172044,4.5975,4.5,4.5,4.5,False,0.7670515915716835,1.116718980105259,True,True,True,0.947,True,6.300805911833421,545.0109639680279,N/A,new_parameter_combo,Q2_provisional,requires_pilot_and_Q3_k100_confirmation
4.65,13.0,4.75,0.13,False,4.75,10.140577249575552,4.685,4.75,4.75,4.75,False,0.7926967542084759,0.3955954115511848,True,True,True,0.808,True,6.2082396990468025,496.82591795084215,N/A,new_parameter_combo,Q2_provisional,requires_pilot_and_Q3_k100_confirmation
4.65,13.0,4.8,0.13,False,4.8,10.05241935483871,4.702500000000001,4.8,4.8,4.8,False,0.803721434411608,0.3398353971026551,True,True,True,0.808,True,6.197839912111064,491.68580860853103,N/A,new_parameter_combo,Q2_provisional,requires_pilot_and_Q3_k100_confirmation
4.65,13.0,4.85,0.13,False,4.85,9.966079148653144,4.72,4.85,4.85,4.85,False,0.8165587205661652,0.28831830656252744,True,True,True,0.808,True,6.19014461038252,487.91665892767526,N/A,new_parameter_combo,Q2_provisional,requires_pilot_and_Q3_k100_confirmation
4.65,13.0,5.0,0.13,False,5.0,9.71741935483871,4.7725,5.0,5.0,5.000000000000001,False,0.8104236617224304,0.5992653697312252,True,True,True,0.966,True,6.183285616440057,484.58149253814844,N/A,new_parameter_combo,Q2_provisional,requires_pilot_and_Q3_k100_confirmation
4.65,13.0,5.4,0.13,False,5.4,9.121863799283153,4.9125000000000005,5.4,5.4,5.4,False,0.7093564065260792,1.6779998259499413,True,True,True,0.833,True,6.222911115916125,504.16879157192693,N/A,new_parameter_combo,Q2_provisional,requires_pilot_and_Q3_k100_confirmation
4.65,13.0,5.5,0.13,False,5.5,8.986510263929619,4.9475,5.5,5.499999999999999,5.5,False,0.7378441993402132,1.890490711604125,True,True,True,0.833,True,6.240774468129817,513.2558573608674,N/A,new_parameter_combo,Q2_provisional,requires_pilot_and_Q3_k100_confirmation
4.65,13.0,6.0,0.13,False,6.0,8.377419354838711,5.1225000000000005,6.000000000000001,6.0,6.0,False,0.8972396906624232,3.1352568327454673,True,False,False,0.0,False,6.377833093266334,588.6507733348118,N/A,new_parameter_combo,rejected,no_support
4.65,19.0,3.0,0.19,False,3.0,14.651612903225809,4.5675,3.0000000000000004,3.0,3.0,False,1.1111329166298547,6.196741269900259,True,False,False,0.0,False,6.84950024344903,943.4093138557485,N/A,new_parameter_combo,rejected,no_support
4.65,19.0,3.5,0.19,False,3.5,12.908755760368665,4.5925,3.5,3.5,3.4999999999999996,False,1.0112634960376883,3.6788306683748115,True,False,False,0.0,False,6.945112109812554,1038.0633677721726,N/A,new_parameter_combo,rejected,no_support
4.65,19.0,3.6,0.19,False,3.6,12.618279569892476,4.5975,3.6,3.6,3.6000000000000005,False,0.9607595747423932,3.3299859159461813,True,False,False,0.0,False,6.914730087658369,1006.9991893047118,N/A,new_parameter_combo,rejected,no_support
4.65,19.0,4.0,0.19,False,4.0,11.601612903225808,4.617500000000001,4.0,4.0,4.0,False,0.8275398635505764,2.4266688143930293,True,True,True,0.504,False,6.628187347618664,756.1103624626709,N/A,new_parameter_combo,rejected,no_support
4.65,19.0,4.25,0.19,False,4.25,11.06337760910816,4.630000000000001,4.25,4.25,4.25,False,0.744598427074649,1.9105321908251434,True,True,True,0.996,True,6.400396874472302,602.0839422082756,N/A,new_parameter_combo,Q2_provisional,requires_pilot_and_Q3_k100_confirmation
4.65,19.0,4.4,0.19,False,4.4,10.769794721407624,4.6375,4.4,4.4,4.4,False,0.6517874021504565,1.3937627694171728,True,True,True,0.996,True,6.296176413070824,542.4936677904494,N/A,new_parameter_combo,Q2_provisional,requires_pilot_and_Q3_k100_confirmation
4.65,19.0,4.5,0.19,False,4.5,10.58494623655914,4.6425,4.5,4.5,4.5,False,0.618590218495546,1.067399663880844,True,True,True,0.947,True,6.240218531505812,512.9705989324265,N/A,new_parameter_combo,Q2_provisional,requires_pilot_and_Q3_k100_confirmation
4.65,19.0,4.75,0.19,False,4.75,10.156876061120544,4.655,4.75,4.75,4.75,False,0.6501183418565941,0.43559999827246154,True,True,True,0.898,True,6.147652318719195,467.61827843035286,N/A,new_parameter_combo,Q2_provisional,requires_pilot_and_Q3_k100_confirmation
4.65,19.0,4.8,0.19,False,4.8,10.076612903225808,4.657500000000001,4.8,4.8,4.8,False,0.6635162834613536,0.3895823084630894,True,True,True,0.966,True,6.137252531783456,462.78034829275214,N/A,new_parameter_combo,Q2_provisional,requires_pilot_and_Q3_k100_confirmation
4.65,19.0,4.85,0.19,False,4.85,9.998004655803127,4.66,4.85,4.85,4.85,True,0.6790094685778448,0.29602922268528636,True,True,True,0.966,True,6.129557230054912,459.2327811847852,N/A,existing_parameter_combo,Q2_provisional,requires_pilot_and_Q3_k100_confirmation
4.65,19.0,5.0,0.19,False,5.0,9.771612903225808,4.6675,5.0,5.0,5.000000000000001,False,0.7366504316284403,0.5323171106225129,True,True,True,0.966,True,6.122698236112449,456.0936841509956,N/A,new_parameter_combo,Q2_provisional,requires_pilot_and_Q3_k100_confirmation
4.65,19.0,5.4,0.19,False,5.4,9.229390681003585,4.6875,5.4,5.4,5.4,False,0.6666415838181043,1.4945690027380627,True,True,True,0.926,True,6.162323735588516,474.52947568750324,N/A,new_parameter_combo,Q2_provisional,requires_pilot_and_Q3_k100_confirmation
4.65,19.0,5.5,0.19,False,5.5,9.106158357771262,4.6925,5.5,5.499999999999999,5.5,False,0.6618239956933495,1.676792717111721,True,True,True,0.926,True,6.180187087802208,483.0823267097161,N/A,new_parameter_combo,Q2_provisional,requires_pilot_and_Q3_k100_confirmation
4.65,19.0,6.0,0.19,False,6.0,8.551612903225807,4.7175,6.000000000000001,6.0,6.0,False,0.9134696588294772,2.84736847828331,True,False,False,0.0,False,6.3172457129387265,554.0448903286808,N/A,new_parameter_combo,rejected,no_support
4.65,22.0,3.0,0.22,False,3.0,14.438709677419356,4.65,3.165,3.0,3.0,False,1.0440912615763052,5.791268651724228,True,False,False,0.0,False,6.833984975610266,928.8850310984881,N/A,new_parameter_combo,rejected,no_support
4.65,22.0,3.5,0.22,False,3.5,12.781566820276499,4.65,3.615,3.5,3.4999999999999996,False,0.9704831435361233,3.426434666545307,True,False,False,0.0,False,6.92959684197379,1022.0818360530759,N/A,new_parameter_combo,rejected,no_support
4.65,22.0,3.6,0.22,False,3.6,12.505376344086022,4.65,3.7050000000000005,3.6,3.6000000000000005,False,0.9272144102094187,3.1078160257680754,True,False,False,0.0,False,6.899214819819606,991.4959069573955,N/A,new_parameter_combo,rejected,no_support
4.65,22.0,4.0,0.22,False,4.0,11.538709677419355,4.65,4.065,4.0,4.0,False,0.7755763368855025,2.3104426850902575,True,True,True,0.992,True,6.612672079779901,744.4696456085848,N/A,new_parameter_combo,Q2_provisional,requires_pilot_and_Q3_k100_confirmation
4.65,22.0,4.25,0.22,False,4.25,11.026944971537002,4.65,4.29,4.25,4.25,False,0.7493454839636617,1.8435659357651824,True,True,True,0.996,True,6.384881606633539,592.8145431342953,N/A,new_parameter_combo,Q2_provisional,requires_pilot_and_Q3_k100_confirmation
4.65,22.0,4.4,0.22,False,4.4,10.747800586510264,4.65,4.425000000000001,4.4,4.4,False,0.6793831845722942,1.3489580752979509,True,True,True,0.996,True,6.28066114523206,534.1416923442789,N/A,new_parameter_combo,Q2_provisional,requires_pilot_and_Q3_k100_confirmation
4.65,22.0,4.5,0.22,False,4.5,10.572043010752688,4.65,4.515,4.5,4.5,False,0.6254290619083767,1.0409111583453539,True,True,True,0.99,True,6.224703263667049,505.0731466647515,N/A,new_parameter_combo,Q2_provisional,requires_pilot_and_Q3_k100_confirmation
4.65,22.0,4.75,0.22,False,4.75,10.165025466893042,4.65,4.74,4.75,4.75,False,0.5846687368824806,0.44696031974379696,True,True,True,0.982,True,6.132137050880432,460.41904899872117,N/A,new_parameter_combo,Q2_provisional,requires_pilot_and_Q3_k100_confirmation
4.65,22.0,4.8,0.22,False,4.8,10.088709677419356,4.65,4.785,4.8,4.8,False,0.5995310933452536,0.4031523212503769,True,True,True,0.982,True,6.121737263944692,455.65560134104345,N/A,new_parameter_combo,Q2_provisional,requires_pilot_and_Q3_k100_confirmation
4.65,22.0,4.85,0.22,False,4.85,10.013967409378118,4.65,4.829999999999999,4.85,4.85,False,0.6166340340005205,0.3262019827315488,True,True,True,0.966,True,6.114041962216149,452.16265089523966,N/A,new_parameter_combo,Q2_provisional,requires_pilot_and_Q3_k100_confirmation
4.65,22.0,5.0,0.22,False,5.0,9.798709677419355,4.65,4.965,5.0,5.000000000000001,False,0.6795862946585631,0.48376456614598395,True,True,True,0.966,True,6.107182968273686,449.07188191190664,N/A,new_parameter_combo,Q2_provisional,requires_pilot_and_Q3_k100_confirmation
4.65,22.0,5.4,0.22,False,5.4,9.2831541218638,4.65,5.325,5.4,5.4,False,0.6611082078601055,1.4420834786288927,True,True,True,0.967,True,6.146808467749753,467.22384473780323,N/A,new_parameter_combo,Q2_provisional,requires_pilot_and_Q3_k100_confirmation
4.65,22.0,5.5,0.22,False,5.5,9.165982404692082,4.65,5.414999999999999,5.499999999999999,5.5,False,0.6562500000000003,1.6121615507375597,True,True,True,0.926,True,6.164671819963445,475.64502011848606,N/A,new_parameter_combo,Q2_provisional,requires_pilot_and_Q3_k100_confirmation
4.65,22.0,6.0,0.22,False,6.0,8.638709677419355,4.65,5.865,6.0,6.0,False,0.9239842740953502,2.6474350186682982,True,True,True,0.647,False,6.301730445099963,545.515077733912,N/A,new_parameter_combo,rejected,no_support
4.65,24.0,3.0,0.24,False,3.0,14.296774193548387,4.65,3.33,3.0,3.0,False,1.0009811672523503,5.475538032821182,True,False,False,0.0,False,6.829114953467773,924.3723378063373,N/A,new_parameter_combo,rejected,no_support
4.65,24.0,3.5,0.24,False,3.5,12.696774193548388,4.65,3.73,3.5,3.4999999999999996,False,0.9466378643248271,3.2238253253426365,True,False,False,0.0,False,6.924726819831296,1017.1163756449862,N/A,new_parameter_combo,rejected,no_support
4.65,24.0,3.6,0.24,False,3.6,12.43010752688172,4.65,3.8100000000000005,3.6,3.6000000000000005,False,0.8848384386428969,2.9276985930045067,True,False,False,0.0,False,6.894344797677111,986.6790385843191,N/A,new_parameter_combo,rejected,no_support
4.65,24.0,4.0,0.24,False,4.0,11.496774193548388,4.65,4.13,4.0,4.0,False,0.7433297131825147,2.2276322294083584,True,True,True,1.0,True,6.607802057637407,740.8528759724386,N/A,new_parameter_combo,Q2_provisional,requires_pilot_and_Q3_k100_confirmation
4.65,24.0,4.25,0.24,False,4.25,11.002656546489563,4.65,4.33,4.25,4.25,False,0.7159183350774022,1.7888091208776709,True,True,True,0.996,True,6.3800115844910446,589.9345417102994,N/A,new_parameter_combo,Q2_provisional,requires_pilot_and_Q3_k100_confirmation
4.65,24.0,4.4,0.24,False,4.4,10.733137829912025,4.65,4.45,4.4,4.4,False,0.7030039635052435,1.315346032002085,True,True,True,0.996,True,6.275791123089566,531.5467343555061,N/A,new_parameter_combo,Q2_provisional,requires_pilot_and_Q3_k100_confirmation
4.65,24.0,4.5,0.24,False,4.5,10.563440860215053,4.65,4.53,4.5,4.5,False,0.6510104244204404,1.0228472904842496,True,True,True,0.996,True,6.219833241524555,502.61940898496124,N/A,new_parameter_combo,Q2_provisional,requires_pilot_and_Q3_k100_confirmation
4.65,24.0,4.75,0.24,False,4.75,10.170458404074703,4.65,4.73,4.75,4.75,False,0.5511937705599382,0.4522482366158483,True,True,True,0.99,True,6.127267028737937,458.18224908868467,N/A,new_parameter_combo,Q2_provisional,requires_pilot_and_Q3_k100_confirmation
4.65,24.0,4.8,0.24,False,4.8,10.096774193548386,4.65,4.7700000000000005,4.8,4.8,False,0.560110030416765,0.40498371078916984,True,True,True,0.99,True,6.116867241802199,453.4419431305425,N/A,new_parameter_combo,Q2_provisional,requires_pilot_and_Q3_k100_confirmation
4.65,24.0,4.85,0.24,False,4.85,10.024609245094778,4.65,4.8100000000000005,4.85,4.85,False,0.5783798459260742,0.3402941692539745,True,True,True,0.982,True,6.109171940073654,449.9659620765563,N/A,new_parameter_combo,Q2_provisional,requires_pilot_and_Q3_k100_confirmation
4.65,24.0,5.0,0.24,False,5.0,9.816774193548387,4.65,4.930000000000001,5.0,5.000000000000001,False,0.6450761553285547,0.44175188484860023,True,True,True,0.989,True,6.102312946131192,446.89020861397313,N/A,new_parameter_combo,Q2_provisional,requires_pilot_and_Q3_k100_confirmation
4.65,24.0,5.4,0.24,False,5.4,9.31899641577061,4.65,5.25,5.4,5.4,False,0.6635731825672655,1.3488770713021339,True,True,True,0.967,True,6.141938445607258,464.95398588606986,N/A,new_parameter_combo,Q2_provisional,requires_pilot_and_Q3_k100_confirmation
4.65,24.0,5.5,0.24,False,5.5,9.205865102639297,4.65,5.33,5.499999999999999,5.5,False,0.6587331543367537,1.5711552645436262,True,True,True,0.926,True,6.159801797820951,473.33424965726414,N/A,new_parameter_combo,Q2_provisional,requires_pilot_and_Q3_k100_confirmation
4.65,24.0,6.0,0.24,False,6.0,8.696774193548388,4.65,5.73,6.0,6.0,False,0.8993908262920894,2.4872388413036566,True,True,True,0.721,False,6.296860422957469,542.8648657597281,N/A,new_parameter_combo,rejected,no_support
4.65,27.0,3.0,0.27,False,3.0,14.083870967741936,4.65,3.5775,3.0,3.0,False,0.9745055162878814,5.004541240563403,True,False,False,0.0,False,6.830020154879055,925.2094597759029,N/A,new_parameter_combo,rejected,no_support
4.65,27.0,3.5,0.27,False,3.5,12.569585253456223,4.65,3.9025000000000003,3.5,3.4999999999999996,False,0.9008680797951927,2.9230789996883098,True,False,False,0.0,False,6.925632021242579,1018.0374876567095,N/A,new_parameter_combo,rejected,no_support
4.65,27.0,3.6,0.27,False,3.6,12.31720430107527,4.65,3.9675000000000002,3.6,3.6000000000000005,False,0.8495378583112594,2.6611603040705902,True,True,True,0.095,False,6.895249999088394,987.5725862017973,N/A,new_parameter_combo,rejected,no_support
4.65,27.0,4.0,0.27,False,4.0,11.433870967741937,4.65,4.2275,4.0,4.0,False,0.7173875507417059,2.109317960344747,True,True,True,1.0,True,6.608707259048689,741.5238006564941,N/A,new_parameter_combo,Q2_provisional,requires_pilot_and_Q3_k100_confirmation
4.65,27.0,4.25,0.27,False,4.25,10.966223908918407,4.65,4.390000000000001,4.25,4.25,False,0.6717995033520651,1.7088030149098057,True,True,True,1.0,True,6.380916785902327,590.4687930560762,N/A,new_parameter_combo,Q2_provisional,requires_pilot_and_Q3_k100_confirmation
4.65,27.0,4.4,0.27,False,4.4,10.711143695014663,4.65,4.487500000000001,4.4,4.4,False,0.6824328338408706,1.2660605247673447,True,True,True,0.999,True,6.276696324500849,532.0281090472631,N/A,new_parameter_combo,Q2_provisional,requires_pilot_and_Q3_k100_confirmation
4.65,27.0,4.5,0.27,False,4.5,10.550537634408602,4.65,4.5525,4.5,4.5,False,0.6964474585351004,0.996406535581099,True,True,True,0.996,True,6.220738442935837,503.0745867660163,N/A,new_parameter_combo,Q2_provisional,requires_pilot_and_Q3_k100_confirmation
4.65,27.0,4.75,0.27,False,4.75,10.178607809847199,4.65,4.715,4.75,4.75,False,0.604184626169849,0.46125527227466595,True,True,True,0.99,True,6.128172230149219,458.59718407872055,N/A,new_parameter_combo,Q2_provisional,requires_pilot_and_Q3_k100_confirmation
4.65,27.0,4.8,0.27,False,4.8,10.108870967741936,4.65,4.7475,4.8,4.8,False,0.592147838381599,0.41071311629982954,True,True,True,0.99,True,6.117772443213481,453.8525852462703,N/A,new_parameter_combo,Q2_provisional,requires_pilot_and_Q3_k100_confirmation
4.65,27.0,4.85,0.27,False,4.85,10.04057199866977,4.65,4.779999999999999,4.85,4.85,False,0.582613990992321,0.36080344781643414,True,True,True,0.99,True,6.110077141484936,450.37345630480735,N/A,new_parameter_combo,Q2_provisional,requires_pilot_and_Q3_k100_confirmation
4.65,27.0,5.0,0.27,False,5.0,9.843870967741937,4.65,4.8774999999999995,5.0,5.000000000000001,False,0.5998305723795884,0.38722651203974606,True,True,True,0.989,True,6.103218147542473,447.2949174053486,N/A,new_parameter_combo,Q2_provisional,requires_pilot_and_Q3_k100_confirmation
4.65,27.0,5.4,0.27,False,5.4,9.372759856630825,4.65,5.1375,5.4,5.4,False,0.6763669313067475,1.2197295553882315,True,True,True,0.967,True,6.142843647018541,465.3750534369946,N/A,new_parameter_combo,Q2_provisional,requires_pilot_and_Q3_k100_confirmation
4.65,27.0,5.5,0.27,False,5.5,9.265689149560119,4.65,5.202500000000001,5.499999999999999,5.5,False,0.6804397447044593,1.4408489519085417,True,True,True,0.935,True,6.160706999232233,473.7629064691677,N/A,new_parameter_combo,Q2_provisional,requires_pilot_and_Q3_k100_confirmation
4.65,27.0,6.0,0.27,False,6.0,8.783870967741935,4.65,5.527500000000001,6.0,6.0,False,0.8196102740177862,2.2876598198279297,True,True,True,0.857,True,6.2977656243687505,543.3564902783838,N/A,new_parameter_combo,Q2_provisional,requires_pilot_and_Q3_k100_confirmation
4.65,30.0,3.0,0.3,False,3.0,13.870967741935484,4.65,3.8249999999999997,3.0,3.0,False,0.9707286245393201,4.537526349159126,True,False,False,0.0,False,6.8364882013321076,931.2131526922011,N/A,new_parameter_combo,rejected,no_support
4.65,30.0,3.5,0.3,False,3.5,12.442396313364055,4.65,4.074999999999999,3.5,3.4999999999999996,False,0.874519273920926,2.627293267422606,True,True,True,0.095,False,6.9321000676956315,1024.6435425220056,N/A,new_parameter_combo,rejected,no_support
4.65,30.0,3.6,0.3,False,3.6,12.204301075268818,4.65,4.125,3.6,3.6000000000000005,False,0.84375,2.400278718980511,True,True,True,0.292,False,6.901718045541447,993.9809540340351,N/A,new_parameter_combo,rejected,no_support
4.65,30.0,4.0,0.3,False,4.0,11.370967741935484,4.65,4.324999999999999,4.0,4.0,False,0.7491164864052062,1.9991977263459209,True,True,True,1.0,True,6.615175305501742,746.3355555972037,N/A,new_parameter_combo,Q2_provisional,requires_pilot_and_Q3_k100_confirmation
4.65,30.0,4.25,0.3,False,4.25,10.929791271347248,4.65,4.45,4.25,4.25,False,0.6432742942182915,1.6316850625753874,True,True,True,1.0,True,6.38738483235538,594.3003506268608,N/A,new_parameter_combo,Q2_provisional,requires_pilot_and_Q3_k100_confirmation
4.65,30.0,4.4,0.3,False,4.4,10.689149560117302,4.65,4.5249999999999995,4.4,4.4,False,0.647444175554297,1.219833231680662,True,True,True,1.0,True,6.283164370953902,535.4804444679713,N/A,new_parameter_combo,Q2_provisional,requires_pilot_and_Q3_k100_confirmation
4.65,30.0,4.5,0.3,False,4.5,10.53763440860215,4.65,4.575,4.5,4.5,False,0.666921255066281,0.9708087875035901,True,True,True,1.0,True,6.22720648938889,506.33904250738794,N/A,new_parameter_combo,Q2_provisional,requires_pilot_and_Q3_k100_confirmation
4.65,30.0,4.75,0.3,False,4.75,10.186757215619695,4.65,4.7,4.75,4.75,False,0.6640462558037196,0.4714859946181239,True,True,True,1.0,True,6.134640276602273,461.5730255342921,N/A,new_parameter_combo,Q2_provisional,requires_pilot_and_Q3_k100_confirmation
4.65,30.0,4.8,0.3,False,4.8,10.120967741935484,4.65,4.725,4.8,4.8,False,0.6531136423678033,0.41988432918751495,True,True,True,1.0,True,6.1242404896665334,456.7976389552398,N/A,new_parameter_combo,Q2_provisional,requires_pilot_and_Q3_k100_confirmation
4.65,30.0,4.85,0.3,False,4.85,10.056534752244763,4.65,4.75,4.85,4.85,False,0.6444822959918596,0.3869990569564709,True,True,True,0.999,True,6.11654518793799,453.29593391324124,N/A,new_parameter_combo,Q2_provisional,requires_pilot_and_Q3_k100_confirmation
4.65,30.0,5.0,0.3,False,5.0,9.870967741935484,4.65,4.825,5.0,5.000000000000001,False,0.6332119943959834,0.3471221081416182,True,True,True,0.994,True,6.109686193995527,450.1974183458097,N/A,new_parameter_combo,Q2_provisional,requires_pilot_and_Q3_k100_confirmation
4.65,30.0,5.4,0.3,False,5.4,9.42652329749104,4.65,5.025,5.4,5.4,False,0.6995062261761392,1.175972154012556,True,True,True,0.968,True,6.149311693471594,468.39487655079887,N/A,new_parameter_combo,Q2_provisional,requires_pilot_and_Q3_k100_confirmation
4.65,30.0,5.5,0.3,False,5.5,9.325513196480939,4.65,5.075,5.499999999999999,5.5,False,0.6949165133015506,1.3120891701264021,True,True,True,0.968,True,6.167175045685286,476.83715844045946,N/A,new_parameter_combo,Q2_provisional,requires_pilot_and_Q3_k100_confirmation
4.65,30.0,6.0,0.3,False,6.0,8.870967741935482,4.65,5.325,6.0,6.0,False,0.832947667985235,2.133285467466486,True,True,True,0.857,True,6.304233670821804,546.8823356718146,N/A,new_parameter_combo,Q2_provisional,requires_pilot_and_Q3_k100_confirmation
4.65,31.0,3.0,0.31,False,3.0,13.800000000000002,4.65,3.9075,3.0,3.0,False,0.951975406586167,4.382959901312639,True,False,False,0.0,False,6.836901629250564,931.5982218012331,N/A,new_parameter_combo,rejected,no_support
4.65,31.0,3.5,0.31,False,3.5,12.4,4.65,4.132499999999999,3.5,3.4999999999999996,False,0.8674900936033794,2.530101938445424,True,True,True,0.292,False,6.932513495614088,1025.0672463484107,N/A,new_parameter_combo,rejected,no_support
4.65,31.0,3.6,0.31,False,3.6,12.166666666666666,4.65,4.1775,3.6,3.6000000000000005,False,0.844233610460169,2.3149070045709226,True,True,True,0.292,False,6.902131473459903,994.3919784694805,N/A,new_parameter_combo,rejected,no_support
4.65,31.0,4.0,0.31,False,4.0,11.350000000000001,4.65,4.3575,4.0,4.0,False,0.7615451532300387,1.9645530048713364,True,True,True,1.0,True,6.615588733420198,746.6441753440381,N/A,new_parameter_combo,Q2_provisional,requires_pilot_and_Q3_k100_confirmation
4.65,31.0,4.25,0.31,False,4.25,10.91764705882353,4.65,4.470000000000001,4.25,4.25,False,0.6514706919731694,1.6066932205122235,True,True,True,1.0,True,6.387798260273836,594.5461017804519,N/A,new_parameter_combo,Q2_provisional,requires_pilot_and_Q3_k100_confirmation
4.65,31.0,4.4,0.31,False,4.4,10.681818181818182,4.65,4.5375000000000005,4.4,4.4,False,0.6379177552788444,1.2054652637059509,True,True,True,1.0,True,6.283577798872357,535.7018728026751,N/A,new_parameter_combo,Q2_provisional,requires_pilot_and_Q3_k100_confirmation
4.65,31.0,4.5,0.31,False,4.5,10.533333333333335,4.65,4.5825000000000005,4.5,4.5,False,0.6576770198965444,0.9624752289325901,True,True,True,1.0,True,6.227619917307346,506.54842048213277,N/A,new_parameter_combo,Q2_provisional,requires_pilot_and_Q3_k100_confirmation
4.65,31.0,4.75,0.31,False,4.75,10.189473684210526,4.65,4.695,4.75,4.75,False,0.6852217585704409,0.4751547765764368,True,True,True,1.0,True,6.135053704520728,461.7638921615315,N/A,new_parameter_combo,Q2_provisional,requires_pilot_and_Q3_k100_confirmation
4.65,31.0,4.8,0.31,False,4.8,10.125,4.65,4.717499999999999,4.8,4.8,False,0.6746323876144456,0.42367003188613717,True,True,True,1.0,True,6.12465391758499,456.98653089617926,N/A,new_parameter_combo,Q2_provisional,requires_pilot_and_Q3_k100_confirmation
4.65,31.0,4.85,0.31,False,4.85,10.061855670103094,4.65,4.74,4.85,4.85,False,0.6662798649354246,0.39680699601187197,True,True,True,1.0,True,6.116958615856445,453.48337785225215,N/A,new_parameter_combo,Q2_provisional,requires_pilot_and_Q3_k100_confirmation
4.65,31.0,5.0,0.31,False,5.0,9.88,4.65,4.8075,5.0,5.000000000000001,False,0.655384511884716,0.3379006207614621,True,True,True,0.994,True,6.1100996219139825,450.3835810071395,N/A,new_parameter_combo,Q2_provisional,requires_pilot_and_Q3_k100_confirmation
4.65,31.0,5.4,0.31,False,5.4,9.444444444444445,4.65,4.9875,5.4,5.4,False,0.7093564065260792,1.1413487396555113,True,True,True,0.968,True,6.14972512139005,468.58856410478916,N/A,new_parameter_combo,Q2_provisional,requires_pilot_and_Q3_k100_confirmation
4.65,31.0,5.5,0.31,False,5.5,9.345454545454546,4.65,5.0325,5.499999999999999,5.5,False,0.7048308389107221,1.2740947815462988,True,True,True,0.968,True,6.167588473603742,477.0343369910664,N/A,new_parameter_combo,Q2_provisional,requires_pilot_and_Q3_k100_confirmation
4.65,31.0,6.0,0.31,False,6.0,8.9,4.65,5.2575,6.0,6.0,False,0.8392937879550881,2.0781135508469446,True,True,True,0.857,True,6.30464709874026,547.1084788412203,N/A,new_parameter_combo,Q2_provisional,requires_pilot_and_Q3_k100_confirmation
4.65,37.0,3.0,0.37,False,3.0,13.374193548387098,4.65,4.4025,3.0,3.0,False,0.8480925664545764,3.4989916701484542,True,False,False,0.0,False,6.817331770374676,913.5442094972086,N/A,new_parameter_combo,rejected,no_support
4.65,37.0,3.5,0.37,False,3.5,12.145622119815668,4.65,4.4775,3.5,3.4999999999999996,False,0.8111493679920347,2.2290577327216154,True,True,True,0.511,False,6.9129436367382,1005.2018405920059,N/A,new_parameter_combo,rejected,no_support
4.65,37.0,3.6,0.37,False,3.6,11.940860215053762,4.65,4.4925,3.6,3.6000000000000005,False,0.7897818616748628,2.0096662211866323,True,True,True,0.689,False,6.882561614584016,975.1210475099947,N/A,new_parameter_combo,rejected,no_support
4.65,37.0,4.0,0.37,False,4.0,11.224193548387097,4.65,4.5525,4.0,4.0,False,0.6826761425165118,1.7824550004106043,True,True,True,1.0,True,6.596018874544311,732.1745007429786,N/A,new_parameter_combo,Q2_provisional,requires_pilot_and_Q3_k100_confirmation
4.65,37.0,4.25,0.37,False,4.25,10.844781783681215,4.65,4.590000000000001,4.25,4.25,False,0.7053180142854076,1.465506250154864,True,True,True,1.0,True,6.368228401397949,583.0240288678392,N/A,new_parameter_combo,Q2_provisional,requires_pilot_and_Q3_k100_confirmation
4.65,37.0,4.4,0.37,False,4.4,10.637829912023461,4.65,4.6125,4.4,4.4,False,0.6277657173805902,1.1242577943192078,True,True,True,1.0,True,6.26400793999647,525.320178230343,N/A,new_parameter_combo,Q2_provisional,requires_pilot_and_Q3_k100_confirmation
4.65,37.0,4.5,0.37,False,4.5,10.50752688172043,4.65,4.6275,4.5,4.5,False,0.6271805075340049,0.9147523255184278,True,True,True,1.0,True,6.208050058431459,496.7317085112936,N/A,new_parameter_combo,Q2_provisional,requires_pilot_and_Q3_k100_confirmation
4.65,37.0,4.75,0.37,False,4.75,10.205772495755518,4.65,4.665,4.75,4.75,False,0.7164882337000461,0.49967760515442083,True,True,True,1.0,True,6.1154838456448415,452.81508698399557,N/A,new_parameter_combo,Q2_provisional,requires_pilot_and_Q3_k100_confirmation
4.65,37.0,4.8,0.37,False,4.8,10.149193548387098,4.65,4.6725,4.8,4.8,False,0.7395643237951733,0.4533504210646892,True,True,True,1.0,True,6.105084058709102,448.1303091275063,N/A,new_parameter_combo,Q2_provisional,requires_pilot_and_Q3_k100_confirmation
4.65,37.0,4.85,0.37,False,4.85,10.093781177253076,4.65,4.680000000000001,4.85,4.85,False,0.7640388661780314,0.42834918081839835,True,True,True,1.0,True,6.097388756980559,444.69504583119596,N/A,new_parameter_combo,Q2_provisional,requires_pilot_and_Q3_k100_confirmation
4.65,37.0,5.0,0.37,False,5.0,9.934193548387096,4.65,4.702500000000001,5.0,5.000000000000001,False,0.7970214201216006,0.43746787212440663,True,True,True,0.999,True,6.090529763038096,441.65532184697116,N/A,new_parameter_combo,Q2_provisional,requires_pilot_and_Q3_k100_confirmation
4.65,37.0,5.4,0.37,False,5.4,9.551971326164875,4.65,4.7625,5.4,5.4,False,0.7206274060971919,0.9575591258919273,True,True,True,0.968,True,6.130155262514163,459.5074994313123,N/A,new_parameter_combo,Q2_provisional,requires_pilot_and_Q3_k100_confirmation
4.65,37.0,5.5,0.37,False,5.5,9.465102639296187,4.65,4.777500000000001,5.499999999999999,5.5,False,0.7313616040771951,1.1170321848533233,True,True,True,0.968,True,6.148018614727855,467.78959651396787,N/A,new_parameter_combo,Q2_provisional,requires_pilot_and_Q3_k100_confirmation
4.65,37.0,6.0,0.37,False,6.0,9.074193548387097,4.65,4.8525,6.0,6.0,False,0.8957528934775872,1.8537404056277447,True,True,True,0.857,True,6.285077239864373,536.5057286668617,N/A,new_parameter_combo,Q2_provisional,requires_pilot_and_Q3_k100_confirmation
4.65,38.0,3.0,0.38,False,3.0,13.303225806451614,4.65,4.485,3.0,3.0,False,0.8456827825032558,3.387242381527414,True,False,False,0.0,False,6.810395056164258,907.2291426267413,N/A,new_parameter_combo,rejected,no_support
4.65,38.0,3.5,0.38,False,3.5,12.103225806451613,4.65,4.535,3.5,3.4999999999999996,False,0.7881805651729346,2.131691513066422,True,True,True,0.511,False,6.906006922527782,998.2531710304648,N/A,new_parameter_combo,rejected,no_support
4.65,38.0,3.6,0.38,False,3.6,11.903225806451612,4.65,4.545000000000001,3.6,3.6000000000000005,False,0.7841100709188261,1.9217183172431402,True,True,True,0.689,False,6.875624900373597,968.3803177699257,N/A,new_parameter_combo,rejected,no_support
4.65,38.0,4.0,0.38,False,4.0,11.203225806451613,4.65,4.585000000000001,4.0,4.0,False,0.6668543129836514,1.7569940168024825,True,True,True,1.0,True,6.589082160333892,727.1131902065266,N/A,new_parameter_combo,Q2_provisional,requires_pilot_and_Q3_k100_confirmation
4.65,38.0,4.25,0.38,False,4.25,10.832637571157495,4.65,4.61,4.25,4.25,False,0.7024185850491494,1.444272057332103,True,True,True,1.0,True,6.3612916871875305,578.9937524005229,N/A,new_parameter_combo,Q2_provisional,requires_pilot_and_Q3_k100_confirmation
4.65,38.0,4.4,0.38,False,4.4,10.63049853372434,4.65,4.625000000000001,4.4,4.4,False,0.6513784441866496,1.111637783285062,True,True,True,1.0,True,6.257071225786052,521.688791791195,N/A,new_parameter_combo,Q2_provisional,requires_pilot_and_Q3_k100_confirmation
4.65,38.0,4.5,0.38,False,4.5,10.503225806451614,4.65,4.635000000000001,4.5,4.5,False,0.6265293788003876,0.9072048847261043,True,True,True,1.0,True,6.20111334422104,493.2979458938756,N/A,new_parameter_combo,Q2_provisional,requires_pilot_and_Q3_k100_confirmation
4.65,38.0,4.75,0.38,False,4.75,10.208488964346351,4.65,4.66,4.75,4.75,False,0.7159183350774023,0.5041559675738388,True,True,True,1.0,True,6.108547131434423,449.6849072679704,N/A,new_parameter_combo,Q2_provisional,requires_pilot_and_Q3_k100_confirmation
4.65,38.0,4.8,0.38,False,4.8,10.153225806451612,4.65,4.665000000000001,4.8,4.8,False,0.7390122208055829,0.4593581693102762,True,True,True,1.0,True,6.098147344498684,445.03251392569456,N/A,new_parameter_combo,Q2_provisional,requires_pilot_and_Q3_k100_confirmation
4.65,38.0,4.85,0.38,False,4.85,10.099102095111407,4.65,4.670000000000001,4.85,4.85,False,0.7635044613491132,0.43493724732290245,True,True,True,1.0,True,6.09045204277014,441.6209976108749,N/A,new_parameter_combo,Q2_provisional,requires_pilot_and_Q3_k100_confirmation
4.65,38.0,5.0,0.38,False,5.0,9.943225806451613,4.65,4.6850000000000005,5.0,5.000000000000001,False,0.8217317957415626,0.4443806426720315,True,True,True,1.0,True,6.0835930488276775,438.6022863592892,N/A,new_parameter_combo,Q2_provisional,requires_pilot_and_Q3_k100_confirmation
4.65,38.0,5.4,0.38,False,5.4,9.56989247311828,4.65,4.7250000000000005,5.4,5.4,False,0.7005229688218214,0.9450491461681696,True,True,True,0.968,True,6.123218548303744,456.33105700387136,N/A,new_parameter_combo,Q2_provisional,requires_pilot_and_Q3_k100_confirmation
4.65,38.0,5.5,0.38,False,5.5,9.485043988269794,4.65,4.735,5.499999999999999,5.5,False,0.7517272627429585,1.1018303543142247,True,True,True,0.968,True,6.141081900517436,464.5559023450557,N/A,new_parameter_combo,Q2_provisional,requires_pilot_and_Q3_k100_confirmation
4.65,38.0,6.0,0.38,False,6.0,9.103225806451613,4.65,4.785000000000001,6.0,6.0,False,0.8942279655304542,1.8200611285950632,True,True,True,0.857,True,6.278140525653955,532.7970197530537,N/A,new_parameter_combo,Q2_provisional,requires_pilot_and_Q3_k100_confirmation
4.65,40.0,3.0,0.4,False,3.0,13.161290322580646,4.65,4.65,3.0,3.0,False,0.84375,3.1771495807570846,True,False,False,0.0,False,6.793371566831047,891.9156513402352,N/A,new_parameter_combo,rejected,no_support
4.65,40.0,3.5,0.4,False,3.5,12.018433179723504,4.65,4.65,3.5,3.4999999999999996,False,0.7434091570224958,2.0263693139196843,True,True,True,0.689,False,6.8889834331945705,981.4032479867211,N/A,new_parameter_combo,rejected,no_support
4.65,40.0,3.6,0.4,False,3.6,11.827956989247312,4.65,4.65,3.6,3.6000000000000005,False,0.7390921287261135,1.748682394102113,True,True,True,0.684,False,6.858601411040386,952.0346308189335,N/A,new_parameter_combo,rejected,no_support
4.65,40.0,4.0,0.4,False,4.0,11.161290322580646,4.65,4.65,4.0,4.0,False,0.6354205029437,1.7340265243956785,True,True,True,1.0,True,6.572058671000681,714.8399496553108,N/A,new_parameter_combo,Q2_provisional,requires_pilot_and_Q3_k100_confirmation
4.65,40.0,4.25,0.4,False,4.25,10.808349146110055,4.65,4.65,4.25,4.25,False,0.7000903959489805,1.4053716853448535,True,True,True,1.0,True,6.344268197854319,569.2206803443767,N/A,new_parameter_combo,Q2_provisional,requires_pilot_and_Q3_k100_confirmation
4.65,40.0,4.4,0.4,False,4.4,10.615835777126101,4.65,4.65,4.4,4.4,False,0.6964580808766364,1.0872652656545114,True,True,True,1.0,True,6.240047736452841,512.8829935733028,N/A,new_parameter_combo,Q2_provisional,requires_pilot_and_Q3_k100_confirmation
4.65,40.0,4.5,0.4,False,4.5,10.494623655913978,4.65,4.65,4.5,4.5,False,0.6621178142898739,0.8924852448523741,True,True,True,1.0,True,6.184089854887829,484.9713683610755,N/A,new_parameter_combo,Q2_provisional,requires_pilot_and_Q3_k100_confirmation
4.65,40.0,4.75,0.4,False,4.75,10.213921901528012,4.65,4.65,4.75,4.75,False,0.7181952162347287,0.5134223603903832,True,True,True,1.0,True,6.091523642101212,442.09449202934246,N/A,new_parameter_combo,Q2_provisional,requires_pilot_and_Q3_k100_confirmation
4.65,40.0,4.8,0.4,False,4.8,10.161290322580646,4.65,4.65,4.8,4.8,False,0.741218165334909,0.47218423375909957,True,True,True,1.0,True,6.0811238551654725,437.5206283347166,N/A,new_parameter_combo,Q2_provisional,requires_pilot_and_Q3_k100_confirmation
4.65,40.0,4.85,0.4,False,4.85,10.109743930828069,4.65,4.65,4.85,4.85,False,0.7656398426299722,0.44975759898477713,True,True,True,1.0,True,6.073428553436928,434.1666963973225,N/A,new_parameter_combo,Q2_provisional,requires_pilot_and_Q3_k100_confirmation
4.65,40.0,5.0,0.4,False,5.0,9.961290322580645,4.65,4.65,5.0,5.000000000000001,False,0.8460522257062202,0.4436090715263441,True,True,True,1.0,True,6.066569559494465,431.19893920604596,N/A,new_parameter_combo,Q2_provisional,requires_pilot_and_Q3_k100_confirmation
4.65,40.0,5.4,0.4,False,5.4,9.605734767025089,4.65,4.65,5.4,5.4,False,0.7440430095095315,0.96510028156752,True,True,True,0.968,True,6.106195058970533,448.62845868900877,N/A,new_parameter_combo,Q2_provisional,requires_pilot_and_Q3_k100_confirmation
4.65,40.0,5.5,0.4,False,5.5,9.52492668621701,4.65,4.65,5.499999999999999,5.5,False,0.7939773296511686,1.102266198821841,True,True,True,0.968,True,6.124058411184225,456.71447350596594,N/A,new_parameter_combo,Q2_provisional,requires_pilot_and_Q3_k100_confirmation
4.65,40.0,6.0,0.4,False,6.0,9.161290322580644,4.65,4.65,6.0,6.0,False,0.9247452938070937,1.7652507119082539,True,True,True,0.857,True,6.2611170363207425,523.8037212178654,N/A,new_parameter_combo,Q2_provisional,requires_pilot_and_Q3_k100_confirmation
4.65,50.0,3.0,0.5,False,3.0,12.451612903225806,4.65,4.65,3.825,3.0,False,0.7292182221812787,2.4893701636306313,True,True,True,0.511,False,6.6452529019174955,769.1245361076578,N/A,new_parameter_combo,rejected,no_support
4.65,50.0,3.5,0.5,False,3.5,11.594470046082948,4.65,4.65,4.075,3.4999999999999996,False,0.6162195732853674,1.6159010898186608,True,True,True,1.0,True,6.740864768281019,846.2922662116142,N/A,new_parameter_combo,Q2_provisional,requires_pilot_and_Q3_k100_confirmation
4.65,50.0,3.6,0.5,False,3.6,11.451612903225806,4.65,4.65,4.125,3.6000000000000005,False,0.6412362750649586,1.5427168953064587,True,True,True,1.0,True,6.710482746126835,820.9668623784646,N/A,new_parameter_combo,Q2_provisional,requires_pilot_and_Q3_k100_confirmation
4.65,50.0,4.0,0.5,False,4.0,10.951612903225806,4.65,4.65,4.325,4.0,False,0.6354205029437,1.6346379522850136,True,True,True,1.0,True,6.42394000608713,616.427062182063,N/A,new_parameter_combo,Q2_provisional,requires_pilot_and_Q3_k100_confirmation
4.65,50.0,4.25,0.5,False,4.25,10.686907020872864,4.65,4.65,4.45,4.25,False,0.7000903959489805,1.2024219753847667,True,True,True,1.0,True,6.196149532940768,490.85537523070985,N/A,new_parameter_combo,Q2_provisional,requires_pilot_and_Q3_k100_confirmation
4.65,50.0,4.4,0.5,False,4.4,10.542521994134898,4.65,4.65,4.525,4.4,False,0.731198192827278,0.9679364060148427,True,True,True,1.0,True,6.0919290715392895,442.2737664899394,N/A,new_parameter_combo,Q2_provisional,requires_pilot_and_Q3_k100_confirmation
4.65,50.0,4.5,0.5,False,4.5,10.451612903225806,4.65,4.65,4.575,4.5,False,0.7142059107205448,0.8290705252902232,True,True,True,1.0,True,6.035971189974278,418.20476875331826,N/A,new_parameter_combo,Q2_provisional,requires_pilot_and_Q3_k100_confirmation
4.65,50.0,4.75,0.5,False,4.75,10.241086587436332,4.65,4.65,4.699999999999999,4.75,False,0.7850164311617162,0.5414525147025986,True,True,True,1.0,True,5.943404977187661,381.2308042659412,N/A,new_parameter_combo,Q2_provisional,requires_pilot_and_Q3_k100_confirmation
4.65,50.0,4.8,0.5,False,4.8,10.201612903225808,4.65,4.65,4.7250000000000005,4.8,False,0.7757904338117849,0.504225822306057,True,True,True,1.0,True,5.933005190251921,377.2866299630656,N/A,new_parameter_combo,Q2_provisional,requires_pilot_and_Q3_k100_confirmation
4.65,50.0,4.85,0.5,False,4.85,10.162953109411374,4.65,4.65,4.75,4.85,False,0.7954929040910318,0.476487287401076,True,True,True,1.0,True,5.925309888523378,374.3944379249413,N/A,new_parameter_combo,Q2_provisional,requires_pilot_and_Q3_k100_confirmation
4.65,50.0,5.0,0.5,False,5.0,10.051612903225807,4.65,4.65,4.825,5.000000000000001,False,0.8275398635505764,0.41642778450040296,True,True,True,1.0,True,5.918450894580914,371.8352554847732,N/A,new_parameter_combo,Q2_provisional,requires_pilot_and_Q3_k100_confirmation
4.65,50.0,5.4,0.5,False,5.4,9.784946236559138,4.65,4.65,5.025,5.4,False,0.8524381486030984,0.6701757558259898,True,True,True,1.0,True,5.958076394056982,386.8652317687071,N/A,new_parameter_combo,Q2_provisional,requires_pilot_and_Q3_k100_confirmation
4.65,50.0,5.5,0.5,False,5.5,9.72434017595308,4.65,4.65,5.074999999999999,5.5,False,0.9034659911661743,0.7747322116510843,True,True,True,1.0,True,5.975939746270674,393.83803506653754,N/A,new_parameter_combo,Q2_provisional,requires_pilot_and_Q3_k100_confirmation
4.65,50.0,6.0,0.5,False,6.0,9.451612903225806,4.65,4.65,5.325,6.0,False,1.088494575113271,1.3222856377004617,True,True,True,0.713,False,6.112998371407192,451.69102424403457,N/A,new_parameter_combo,rejected,no_support
4.65,55.0,3.0,0.55,False,3.0,12.096774193548386,4.65,4.65,4.237500000000001,3.0,False,0.6589170779098262,2.1544605473302054,True,True,True,0.826,True,6.534509213114753,688.4957966831819,N/A,new_parameter_combo,Q2_provisional,requires_pilot_and_Q3_k100_confirmation
4.65,55.0,3.5,0.55,False,3.5,11.382488479262673,4.65,4.65,4.3625,3.4999999999999996,False,0.6325620331361236,1.6039455426736053,True,True,True,1.0,True,6.630121079478277,757.5738917404944,N/A,new_parameter_combo,Q2_provisional,requires_pilot_and_Q3_k100_confirmation
4.65,55.0,3.6,0.55,False,3.6,11.263440860215054,4.65,4.65,4.387500000000001,3.6000000000000005,False,0.6351378054310381,1.6925980596790697,True,True,True,1.0,True,6.599739057324092,734.9033965607808,N/A,new_parameter_combo,Q2_provisional,requires_pilot_and_Q3_k100_confirmation
4.65,55.0,4.0,0.55,False,4.0,10.846774193548388,4.65,4.65,4.4875,4.0,False,0.7111961978861778,1.4713198037716808,True,True,True,1.0,True,6.313196317284388,551.805879736889,N/A,new_parameter_combo,Q2_provisional,requires_pilot_and_Q3_k100_confirmation
4.65,55.0,4.25,0.55,False,4.25,10.62618595825427,4.65,4.65,4.55,4.25,False,0.7145171276920563,1.1086101243597335,True,True,True,1.0,True,6.085405844138025,439.3981036360863,N/A,new_parameter_combo,Q2_provisional,requires_pilot_and_Q3_k100_confirmation
4.65,55.0,4.4,0.55,False,4.4,10.505865102639296,4.65,4.65,4.5875,4.4,False,0.7764389414802291,0.9123112178527826,True,True,True,1.0,True,5.981185382736546,395.9093942738805,N/A,new_parameter_combo,Q2_provisional,requires_pilot_and_Q3_k100_confirmation
4.65,55.0,4.5,0.55,False,4.5,10.43010752688172,4.65,4.65,4.612500000000001,4.5,False,0.7593373059007787,0.7937053221412967,True,True,True,1.0,True,5.925227501171536,374.3635938292554,N/A,new_parameter_combo,Q2_provisional,requires_pilot_and_Q3_k100_confirmation
4.65,55.0,4.75,0.55,False,4.75,10.254668930390492,4.65,4.65,4.675,4.75,False,0.7215214093376945,0.5573468844554501,True,True,True,1.0,True,5.832661288384918,341.26567802864787,N/A,new_parameter_combo,Q2_provisional,requires_pilot_and_Q3_k100_confirmation
4.65,55.0,4.8,0.55,False,4.8,10.221774193548388,4.65,4.65,4.6875,4.8,False,0.7315128168907982,0.5252238656590613,True,True,True,1.0,True,5.822261501449179,337.73497877068615,N/A,new_parameter_combo,Q2_provisional,requires_pilot_and_Q3_k100_confirmation
4.65,55.0,4.85,0.55,False,4.85,10.189557698703027,4.65,4.65,4.699999999999999,4.85,False,0.7667535466337995,0.49993946316537996,True,True,True,1.0,True,5.814566199720635,335.1459805422242,N/A,new_parameter_combo,Q2_provisional,requires_pilot_and_Q3_k100_confirmation
4.65,55.0,5.0,0.55,False,5.0,10.096774193548386,4.65,4.65,4.7375,5.000000000000001,False,0.8151159810112917,0.4289739786367661,True,True,True,1.0,True,5.807707205778172,332.8550819032107,N/A,new_parameter_combo,Q2_provisional,requires_pilot_and_Q3_k100_confirmation
4.65,55.0,5.4,0.55,False,5.4,9.874551971326165,4.65,4.65,4.8375,5.4,False,0.8656749644830058,0.5867788176662999,True,True,True,1.0,True,5.847332705254239,346.30943813543433,N/A,new_parameter_combo,Q2_provisional,requires_pilot_and_Q3_k100_confirmation
4.65,55.0,5.5,0.55,False,5.5,9.824046920821116,4.65,4.65,4.8625,5.5,False,0.9124654207873596,0.6798474453469434,True,True,True,0.998,True,5.865196057467932,352.5512696416173,N/A,new_parameter_combo,Q2_provisional,requires_pilot_and_Q3_k100_confirmation
4.65,55.0,6.0,0.55,False,6.0,9.596774193548386,4.65,4.65,4.9875,6.0,False,0.9799646137145223,1.14523896901719,True,True,True,0.855,True,6.002254682604449,404.33942358069356,N/A,new_parameter_combo,Q2_provisional,requires_pilot_and_Q3_k100_confirmation
4.65,58.0,3.0,0.58,False,3.0,11.883870967741935,4.65,4.65,4.485,3.0,False,0.6265293788003877,2.019218055082846,True,True,True,0.814,True,6.49421898902912,661.3075351255941,N/A,new_parameter_combo,Q2_provisional,requires_pilot_and_Q3_k100_confirmation
4.65,58.0,3.5,0.58,False,3.5,11.255299539170506,4.65,4.65,4.535,3.4999999999999996,False,0.6188633682990529,1.735237221632155,True,True,True,1.0,True,6.589830855392644,727.6577800996296,N/A,new_parameter_combo,Q2_provisional,requires_pilot_and_Q3_k100_confirmation
4.65,58.0,3.6,0.58,False,3.6,11.150537634408602,4.65,4.65,4.545,3.6000000000000005,False,0.627367175347963,1.695686223612555,True,True,True,1.0,True,6.559448833238459,705.8825283702839,N/A,new_parameter_combo,Q2_provisional,requires_pilot_and_Q3_k100_confirmation
4.65,58.0,4.0,0.58,False,4.0,10.783870967741937,4.65,4.65,4.585,4.0,False,0.7159183350774023,1.3768782547969063,True,True,True,1.0,True,6.272906093198754,530.015416150072,N/A,new_parameter_combo,Q2_provisional,requires_pilot_and_Q3_k100_confirmation
4.65,58.0,4.25,0.58,False,4.25,10.589753320683112,4.65,4.65,4.61,4.25,False,0.7198361358670456,1.050894920805795,True,True,True,1.0,True,6.045115620052393,422.04655170633214,N/A,new_parameter_combo,Q2_provisional,requires_pilot_and_Q3_k100_confirmation
4.65,58.0,4.4,0.58,False,4.4,10.483870967741936,4.65,4.65,4.625,4.4,False,0.7115413574180538,0.8805276486688043,True,True,True,1.0,True,5.940895158650914,380.27518384517487,N/A,new_parameter_combo,Q2_provisional,requires_pilot_and_Q3_k100_confirmation
4.65,58.0,4.5,0.58,False,4.5,10.41720430107527,4.65,4.65,4.635,4.5,False,0.6793313648848599,0.775065409901579,True,True,True,1.0,True,5.8849372770859025,359.58021337043175,N/A,new_parameter_combo,Q2_provisional,requires_pilot_and_Q3_k100_confirmation
4.65,58.0,4.75,0.58,False,4.75,10.262818336162988,4.65,4.65,4.66,4.75,False,0.7056317051524306,0.5674259130029589,True,True,True,1.0,True,5.792371064299285,327.78931323518236,N/A,new_parameter_combo,Q2_provisional,requires_pilot_and_Q3_k100_confirmation
4.65,58.0,4.8,0.58,False,4.8,10.233870967741936,4.65,4.65,4.665,4.8,False,0.7264737176939027,0.5392045133510454,True,True,True,1.0,True,5.781971277363546,324.3980390475971,N/A,new_parameter_combo,Q2_provisional,requires_pilot_and_Q3_k100_confirmation
4.65,58.0,4.85,0.58,False,4.85,10.205520452278018,4.65,4.65,4.67,4.85,False,0.7460322127763651,0.5167644861149754,True,True,True,1.0,True,5.7742759756350015,321.9112787141908,N/A,new_parameter_combo,Q2_provisional,requires_pilot_and_Q3_k100_confirmation
4.65,58.0,5.0,0.58,False,5.0,10.123870967741937,4.65,4.65,4.6850000000000005,5.000000000000001,False,0.8061737426363667,0.4476799788758262,True,True,True,1.0,True,5.76741698169254,319.71084620685116,N/A,new_parameter_combo,Q2_provisional,requires_pilot_and_Q3_k100_confirmation
4.65,58.0,5.4,0.58,False,5.4,9.92831541218638,4.65,4.65,4.7250000000000005,5.4,False,0.7964239469756841,0.6001883681911775,True,True,True,0.997,True,5.807042481168606,332.63389846003395,N/A,new_parameter_combo,Q2_provisional,requires_pilot_and_Q3_k100_confirmation
4.65,58.0,5.5,0.58,False,5.5,9.883870967741936,4.65,4.65,4.735,5.5,False,0.8470484657422661,0.6506586328860755,True,True,True,0.988,True,5.8249058333822985,338.6292440059449,N/A,new_parameter_combo,Q2_provisional,requires_pilot_and_Q3_k100_confirmation
4.65,58.0,6.0,0.58,False,6.0,9.683870967741935,4.65,4.65,4.785,6.0,False,1.034728980216559,1.0774612164792365,True,True,True,0.537,False,5.961964458518816,388.3723166508965,N/A,new_parameter_combo,rejected,no_support
4.65,60.0,3.0,0.6,False,3.0,11.74193548387097,4.65,4.65,4.65,3.0,False,0.610694052505267,1.9690970197806228,True,True,True,0.678,False,6.489022788705236,657.880161070206,N/A,new_parameter_combo,rejected,no_support
4.65,60.0,3.5,0.6,False,3.5,11.170506912442397,4.65,4.65,4.65,3.4999999999999996,False,0.6139540477137371,1.7399710966170212,True,True,True,1.0,True,6.58463465506876,723.886531075163,N/A,new_parameter_combo,Q2_provisional,requires_pilot_and_Q3_k100_confirmation
4.65,60.0,3.6,0.6,False,3.6,11.075268817204302,4.65,4.65,4.65,3.6000000000000005,False,0.601834170367925,1.716162712371912,True,True,True,1.0,True,6.554252632914574,702.2241344531044,N/A,new_parameter_combo,Q2_provisional,requires_pilot_and_Q3_k100_confirmation
4.65,60.0,4.0,0.6,False,4.0,10.741935483870968,4.65,4.65,4.65,4.0,False,0.6733087514245589,1.316977155686611,True,True,True,1.0,True,6.26770989287487,527.2684928356061,N/A,new_parameter_combo,Q2_provisional,requires_pilot_and_Q3_k100_confirmation
4.65,60.0,4.25,0.6,False,4.25,10.565464895635673,4.65,4.65,4.65,4.25,False,0.7272686400119959,1.0125280579499467,True,True,True,1.0,True,6.039919419728508,419.85920115511004,N/A,new_parameter_combo,Q2_provisional,requires_pilot_and_Q3_k100_confirmation
4.65,60.0,4.4,0.6,False,4.4,10.469208211143696,4.65,4.65,4.65,4.4,False,0.661603865424695,0.860084202685106,True,True,True,1.0,True,5.935698958327029,378.30432274078476,N/A,new_parameter_combo,Q2_provisional,requires_pilot_and_Q3_k100_confirmation
4.65,60.0,4.5,0.6,False,4.5,10.408602150537634,4.65,4.65,4.65,4.5,False,0.6268330517329938,0.7631230275600737,True,True,True,1.0,True,5.879741076762018,357.7166085743626,N/A,new_parameter_combo,Q2_provisional,requires_pilot_and_Q3_k100_confirmation
4.65,60.0,4.75,0.6,False,4.75,10.268251273344653,4.65,4.65,4.65,4.75,False,0.6938511141609914,0.5743581817936143,True,True,True,1.0,True,5.7871748639754,326.0904718820401,N/A,new_parameter_combo,Q2_provisional,requires_pilot_and_Q3_k100_confirmation
4.65,60.0,4.8,0.6,False,4.8,10.241935483870968,4.65,4.65,4.65,4.8,False,0.7287176192617063,0.5490527430014153,True,True,True,1.0,True,5.7767750770396615,322.7167737306378,N/A,new_parameter_combo,Q2_provisional,requires_pilot_and_Q3_k100_confirmation
4.65,60.0,4.85,0.6,False,4.85,10.21616228799468,4.65,4.65,4.65,4.85,False,0.7640872781446167,0.5290106558965342,True,True,True,1.0,True,5.769079775311117,320.2429015882712,N/A,new_parameter_combo,Q2_provisional,requires_pilot_and_Q3_k100_confirmation
4.65,60.0,5.0,0.6,False,5.0,10.141935483870968,4.65,4.65,4.65,5.000000000000001,False,0.8053925594049764,0.4642531274987928,True,True,True,1.0,True,5.762220781368654,318.0538733140387,N/A,new_parameter_combo,Q2_provisional,requires_pilot_and_Q3_k100_confirmation
4.65,60.0,5.4,0.6,False,5.4,9.96415770609319,4.65,4.65,4.65,5.4,False,0.7521433870911176,0.6235712077053883,True,True,True,0.996,True,5.801846280844721,330.909948961548,N/A,new_parameter_combo,Q2_provisional,requires_pilot_and_Q3_k100_confirmation
4.65,60.0,5.5,0.6,False,5.5,9.92375366568915,4.65,4.65,4.65,5.5,False,0.8055555069297822,0.648273507900655,True,True,True,0.988,True,5.819709633058414,336.8742222896397,N/A,new_parameter_combo,Q2_provisional,requires_pilot_and_Q3_k100_confirmation
4.65,60.0,6.0,0.6,False,6.0,9.741935483870968,4.65,4.65,4.65,6.0,False,1.07951745703857,1.0585141100847928,True,True,True,0.537,False,5.9567682581949315,386.35949034661513,N/A,new_parameter_combo,rejected,no_support
4.65,65.0,3.0,0.65,False,3.0,11.387096774193548,4.65,4.65,4.65,3.4125000000000005,False,0.6351378054310381,1.729383356193944,True,True,True,1.0,True,6.5518561096284005,700.5432529031494,N/A,new_parameter_combo,Q2_provisional,requires_pilot_and_Q3_k100_confirmation
4.65,65.0,3.5,0.65,False,3.5,10.95852534562212,4.65,4.65,4.65,3.7875000000000005,False,0.630456411649367,1.674715288064708,True,True,True,1.0,True,6.647467975991924,770.8300921967681,N/A,new_parameter_combo,Q2_provisional,requires_pilot_and_Q3_k100_confirmation
4.65,65.0,3.6,0.65,False,3.6,10.887096774193548,4.65,4.65,4.65,3.8625000000000007,False,0.6316162303962745,1.5544198530992133,True,True,True,1.0,True,6.617085953837739,747.7629035303573,N/A,new_parameter_combo,Q2_provisional,requires_pilot_and_Q3_k100_confirmation
4.65,65.0,4.0,0.65,False,4.0,10.637096774193548,4.65,4.65,4.65,4.1625000000000005,False,0.590518866665372,1.1231969717962749,True,True,True,1.0,True,6.330543213798035,561.4615046660125,N/A,new_parameter_combo,Q2_provisional,requires_pilot_and_Q3_k100_confirmation
4.65,65.0,4.25,0.65,False,4.25,10.504743833017077,4.65,4.65,4.65,4.3500000000000005,False,0.6213393049596614,0.9171440748198766,True,True,True,1.0,True,6.102752740651673,447.0867917038927,N/A,new_parameter_combo,Q2_provisional,requires_pilot_and_Q3_k100_confirmation
4.65,65.0,4.4,0.65,False,4.4,10.432551319648093,4.65,4.65,4.65,4.4625,False,0.5430124601588392,0.8001954324582543,True,True,True,1.0,True,5.998532279250194,402.83710700294347,N/A,new_parameter_combo,Q2_provisional,requires_pilot_and_Q3_k100_confirmation
4.65,65.0,4.5,0.65,False,4.5,10.387096774193548,4.65,4.65,4.65,4.5375,False,0.5640603358684247,0.7300579670974598,True,True,True,1.0,True,5.942574397685183,380.9142932361874,N/A,new_parameter_combo,Q2_provisional,requires_pilot_and_Q3_k100_confirmation
4.65,65.0,4.75,0.65,False,4.75,10.281833616298812,4.65,4.65,4.65,4.7250000000000005,False,0.719836135867046,0.5890652637639815,True,True,True,1.0,True,5.850008184898565,347.2372225685481,N/A,new_parameter_combo,Q2_provisional,requires_pilot_and_Q3_k100_confirmation
4.65,65.0,4.8,0.65,False,4.8,10.262096774193548,4.65,4.65,4.65,4.7625,False,0.7535012027196772,0.5680554782091025,True,True,True,1.0,True,5.839608397962826,343.6447423310349,N/A,new_parameter_combo,Q2_provisional,requires_pilot_and_Q3_k100_confirmation
4.65,65.0,4.85,0.65,False,4.85,10.242766877286332,4.65,4.65,4.65,4.8,False,0.7726577715183844,0.5498729058745631,True,True,True,0.997,True,5.831913096234282,341.01044122205974,N/A,new_parameter_combo,Q2_provisional,requires_pilot_and_Q3_k100_confirmation
4.65,65.0,5.0,0.65,False,5.0,10.187096774193547,4.65,4.65,4.65,4.9125000000000005,False,0.7111961978861779,0.47486004077590066,True,True,True,0.998,True,5.825054102291819,338.67945591702613,N/A,new_parameter_combo,Q2_provisional,requires_pilot_and_Q3_k100_confirmation
4.65,65.0,5.4,0.65,False,5.4,10.053763440860216,4.65,4.65,4.65,5.2125,False,0.6502788108863425,0.5236192328106831,True,True,True,0.952,True,5.864679601767886,352.3692395381408,N/A,new_parameter_combo,Q2_provisional,requires_pilot_and_Q3_k100_confirmation
4.65,65.0,5.5,0.65,False,5.5,10.023460410557185,4.65,4.65,4.65,5.2875,False,0.7113807221788874,0.5630805388588369,True,True,True,0.842,True,5.882542953981579,358.72029203327594,N/A,new_parameter_combo,Q2_provisional,requires_pilot_and_Q3_k100_confirmation
4.65,65.0,6.0,0.65,False,6.0,9.887096774193548,4.65,4.65,4.65,5.6625,False,1.0554916067348692,0.7734767294476578,True,True,True,0.537,False,6.019601579118096,411.414646882074,N/A,new_parameter_combo,rejected,no_support
4.65,69.0,3.0,0.69,False,3.0,11.103225806451615,4.65,4.65,4.65,3.7424999999999997,False,0.7172310925015872,1.7587564524471777,True,True,True,1.0,True,6.680112983006465,796.4090876260484,N/A,new_parameter_combo,Q2_provisional,requires_pilot_and_Q3_k100_confirmation
4.65,69.0,3.5,0.69,False,3.5,10.7889400921659,4.65,4.65,4.65,4.0175,False,0.6200113406220892,1.3702722187025684,True,True,True,1.0,True,6.775724849369988,876.3143287685075,N/A,new_parameter_combo,Q2_provisional,requires_pilot_and_Q3_k100_confirmation
4.65,69.0,3.6,0.69,False,3.6,10.736559139784948,4.65,4.65,4.65,4.0725,False,0.6051566513755609,1.2828773887395388,True,True,True,1.0,True,6.745342827215803,850.0905108903366,N/A,new_parameter_combo,Q2_provisional,requires_pilot_and_Q3_k100_confirmation
4.65,69.0,4.0,0.69,False,4.0,10.553225806451614,4.65,4.65,4.65,4.2924999999999995,False,0.6230963099550437,0.9899188654609926,True,True,True,1.0,True,6.458800087176099,638.2946988856753,N/A,new_parameter_combo,Q2_provisional,requires_pilot_and_Q3_k100_confirmation
4.65,69.0,4.25,0.69,False,4.25,10.456166982922202,4.65,4.65,4.65,4.430000000000001,False,0.5487846323505076,0.8388853322944065,True,True,True,1.0,True,6.231009614029737,508.26837942550287,N/A,new_parameter_combo,Q2_provisional,requires_pilot_and_Q3_k100_confirmation
4.65,69.0,4.4,0.69,False,4.4,10.403225806451614,4.65,4.65,4.65,4.5125,False,0.5651013826775527,0.7541185441769521,True,True,True,1.0,True,6.126789152628258,457.9633470461602,N/A,new_parameter_combo,Q2_provisional,requires_pilot_and_Q3_k100_confirmation
4.65,69.0,4.5,0.69,False,4.5,10.36989247311828,4.65,4.65,4.65,4.5675,False,0.6139540477137371,0.704466073673226,True,True,True,0.997,True,6.070831271063247,433.0405060398076,N/A,new_parameter_combo,Q2_provisional,requires_pilot_and_Q3_k100_confirmation
4.65,69.0,4.75,0.69,False,4.75,10.29269949066214,4.65,4.65,4.65,4.705,False,0.7595653840875596,0.6015450852125195,True,True,True,0.999,True,5.978265058276629,394.75489695973516,N/A,new_parameter_combo,Q2_provisional,requires_pilot_and_Q3_k100_confirmation
4.65,69.0,4.8,0.69,False,4.8,10.278225806451614,4.65,4.65,4.65,4.7325,False,0.7408792564946616,0.5850424385799605,True,True,True,0.999,True,5.96786527134089,390.67080379858345,N/A,new_parameter_combo,Q2_provisional,requires_pilot_and_Q3_k100_confirmation
4.65,69.0,4.85,0.69,False,4.85,10.264050548719656,4.65,4.65,4.65,4.76,False,0.7156130747157171,0.5700440181989296,True,True,True,0.985,True,5.9601699696123465,387.676011779623,N/A,new_parameter_combo,Q2_provisional,requires_pilot_and_Q3_k100_confirmation
4.65,69.0,5.0,0.69,False,5.0,10.223225806451614,4.65,4.65,4.65,4.8425,False,0.6487696607456934,0.5346679510403355,True,True,True,0.924,True,5.953310975669884,385.02604281288427,N/A,new_parameter_combo,Q2_provisional,requires_pilot_and_Q3_k100_confirmation
4.65,69.0,5.4,0.69,False,5.4,10.125448028673835,4.65,4.65,4.65,5.0625,False,0.6440606046794041,0.477738824960454,True,True,True,0.908,True,5.99293647514595,400.58920474229797,N/A,new_parameter_combo,Q2_provisional,requires_pilot_and_Q3_k100_confirmation
4.65,69.0,5.5,0.69,False,5.5,10.103225806451613,4.65,4.65,4.65,5.1175,False,0.6489719352206859,0.4908057116126184,True,True,True,0.708,False,6.0107998273596435,407.8093669552013,N/A,new_parameter_combo,rejected,no_support
4.65,69.0,6.0,0.69,False,6.0,10.003225806451614,4.65,4.65,4.65,5.3925,True,1.0144774875294584,0.619239868950328,True,True,True,0.306,False,6.147858452496161,467.7146802877621,N/A,existing_parameter_combo,rejected,no_support
4.65,70.0,3.0,0.7,False,3.0,11.032258064516128,4.65,4.65,4.65,3.8249999999999993,False,0.7292182221812787,1.748675601443744,True,True,True,1.0,True,6.723009175884249,831.3153254453971,N/A,new_parameter_combo,Q2_provisional,requires_pilot_and_Q3_k100_confirmation
4.65,70.0,3.5,0.7,False,3.5,10.746543778801843,4.65,4.65,4.65,4.074999999999999,False,0.6290588866776808,1.2948244656258412,True,True,True,1.0,True,6.818621042247773,914.7227759343691,N/A,new_parameter_combo,Q2_provisional,requires_pilot_and_Q3_k100_confirmation
4.65,70.0,3.6,0.7,False,3.6,10.698924731182796,4.65,4.65,4.65,4.124999999999999,False,0.5910840794934443,1.2156568972263484,True,True,True,1.0,True,6.788239020093588,887.3495803838323,N/A,new_parameter_combo,Q2_provisional,requires_pilot_and_Q3_k100_confirmation
4.65,70.0,4.0,0.7,False,4.0,10.532258064516128,4.65,4.65,4.65,4.324999999999999,False,0.6354205029437,0.958211031557046,True,True,True,1.0,True,6.501696280053883,666.2708569987715,N/A,new_parameter_combo,Q2_provisional,requires_pilot_and_Q3_k100_confirmation
4.65,70.0,4.25,0.7,False,4.25,10.444022770398483,4.65,4.65,4.65,4.45,False,0.5329368776517764,0.8177246316045371,True,True,True,1.0,True,6.273905806907521,530.5455447717283,N/A,new_parameter_combo,Q2_provisional,requires_pilot_and_Q3_k100_confirmation
4.65,70.0,4.4,0.7,False,4.4,10.395894428152491,4.65,4.65,4.65,4.525,False,0.5814766400365224,0.7428939122356613,True,True,True,1.0,True,6.169685345506043,478.03566635154294,N/A,new_parameter_combo,Q2_provisional,requires_pilot_and_Q3_k100_confirmation
4.65,70.0,4.5,0.7,False,4.5,10.365591397849464,4.65,4.65,4.65,4.575,False,0.6290588866776808,0.6981985954502603,True,True,True,0.997,True,6.113727463941031,452.02046888063165,N/A,new_parameter_combo,Q2_provisional,requires_pilot_and_Q3_k100_confirmation
4.65,70.0,4.75,0.7,False,4.75,10.29541595925297,4.65,4.65,4.65,4.7,False,0.7561476149279486,0.6047591768542616,True,True,True,0.998,True,6.021161251154414,412.05681946127675,N/A,new_parameter_combo,Q2_provisional,requires_pilot_and_Q3_k100_confirmation
4.65,70.0,4.8,0.7,False,4.8,10.282258064516128,4.65,4.65,4.65,4.725,False,0.7292182221812791,0.5895196239205662,True,True,True,0.996,True,6.010761464218675,407.7937224070573,N/A,new_parameter_combo,Q2_provisional,requires_pilot_and_Q3_k100_confirmation
4.65,70.0,4.85,0.7,False,4.85,10.269371466577985,4.65,4.65,4.65,4.75,False,0.7035333791379237,0.5755295726391301,True,True,True,0.976,True,6.003066162490131,404.6676700546106,N/A,new_parameter_combo,Q2_provisional,requires_pilot_and_Q3_k100_confirmation
4.65,70.0,5.0,0.7,False,5.0,10.23225806451613,4.65,4.65,4.65,4.825,False,0.6354205029437002,0.541475080674731,True,True,True,0.924,True,5.996207168547668,401.90155418748606,N/A,new_parameter_combo,Q2_provisional,requires_pilot_and_Q3_k100_confirmation
4.65,70.0,5.4,0.7,False,5.4,10.14336917562724,4.65,4.65,4.65,5.025,False,0.6621839109248688,0.4741732897281156,True,True,True,0.708,False,6.035832668023735,418.1468422251646,N/A,new_parameter_combo,rejected,no_support
4.65,70.0,5.5,0.7,False,5.5,10.123167155425218,4.65,4.65,4.65,5.075,False,0.6356270255119939,0.48174149808386985,True,True,True,0.708,False,6.053696020237427,425.68346077089166,N/A,new_parameter_combo,rejected,no_support
4.65,70.0,6.0,0.7,False,6.0,10.03225806451613,4.65,4.65,4.65,5.325,False,1.0059929003532904,0.5872156640815848,True,True,True,0.306,False,6.1907546453739455,488.2143959682938,N/A,new_parameter_combo,rejected,no_support
4.65,71.0,3.0,0.71,False,3.0,10.961290322580647,4.65,4.65,4.65,3.9074999999999998,False,0.7408792564946611,1.63408680154157,True,True,True,1.0,True,6.770238158575341,871.5194291022757,N/A,new_parameter_combo,Q2_provisional,requires_pilot_and_Q3_k100_confirmation
4.65,71.0,3.5,0.71,False,3.5,10.704147465437789,4.65,4.65,4.65,4.132499999999999,False,0.6254290619083769,1.2197406084350362,True,True,True,1.0,True,6.865850024938864,958.960633911147,N/A,new_parameter_combo,Q2_provisional,requires_pilot_and_Q3_k100_confirmation
4.65,71.0,3.6,0.71,False,3.6,10.661290322580646,4.65,4.65,4.65,4.1775,False,0.5987681071779537,1.1487961422374817,True,True,True,1.0,True,6.83546800278468,930.2636148274111,N/A,new_parameter_combo,Q2_provisional,requires_pilot_and_Q3_k100_confirmation
4.65,71.0,4.0,0.71,False,4.0,10.511290322580646,4.65,4.65,4.65,4.3575,False,0.6487696607456931,0.9231607916172684,True,True,True,1.0,True,6.548925262744976,698.4930737418398,N/A,new_parameter_combo,Q2_provisional,requires_pilot_and_Q3_k100_confirmation
4.65,71.0,4.25,0.71,False,4.25,10.431878557874764,4.65,4.65,4.65,4.470000000000001,False,0.5207317077724307,0.7976766439002348,True,True,True,1.0,True,6.321134789598613,556.2038087587047,N/A,new_parameter_combo,Q2_provisional,requires_pilot_and_Q3_k100_confirmation
4.65,71.0,4.4,0.71,False,4.4,10.388563049853373,4.65,4.65,4.65,4.5375000000000005,False,0.5775478434550617,0.7317980463308852,True,True,True,1.0,True,6.216914328197134,501.15444558418255,N/A,new_parameter_combo,Q2_provisional,requires_pilot_and_Q3_k100_confirmation
4.65,71.0,4.5,0.71,False,4.5,10.361290322580645,4.65,4.65,4.65,4.5825000000000005,False,0.6254290619083769,0.6919861696235751,True,True,True,0.994,True,6.160956446632123,473.88110013528916,N/A,new_parameter_combo,Q2_provisional,requires_pilot_and_Q3_k100_confirmation
4.65,71.0,4.75,0.71,False,4.75,10.298132427843804,4.65,4.65,4.65,4.694999999999999,False,0.7458210318029337,0.6080097391958417,True,True,True,0.996,True,6.068390233845506,431.98472716978523,N/A,new_parameter_combo,Q2_provisional,requires_pilot_and_Q3_k100_confirmation
4.65,71.0,4.8,0.71,False,4.8,10.286290322580646,4.65,4.65,4.65,4.7175,False,0.7185047052591881,0.5940848836595931,True,True,True,0.991,True,6.057990446909766,427.5154580523053,N/A,new_parameter_combo,Q2_provisional,requires_pilot_and_Q3_k100_confirmation
4.65,71.0,4.85,0.71,False,4.85,10.274692384436316,4.65,4.65,4.65,4.74,False,0.6924225671362776,0.5811824505197619,True,True,True,0.976,True,6.050295145181223,424.23822343608003,N/A,new_parameter_combo,Q2_provisional,requires_pilot_and_Q3_k100_confirmation
4.65,71.0,5.0,0.71,False,5.0,10.241290322580646,4.65,4.65,4.65,4.8075,False,0.6230963099550441,0.5488876369063276,True,True,True,0.924,True,6.04343615123876,421.3383325672866,N/A,new_parameter_combo,Q2_provisional,requires_pilot_and_Q3_k100_confirmation
4.65,71.0,5.4,0.71,False,5.4,10.161290322580646,4.65,4.65,4.65,4.987500000000001,False,0.6810239748619238,0.47400725062474736,True,True,True,0.708,False,6.083061650714827,438.369275848182,N/A,new_parameter_combo,rejected,no_support
4.65,71.0,5.5,0.71,False,5.5,10.143108504398828,4.65,4.65,4.65,5.032500000000001,False,0.6272110126079855,0.47681263598967777,True,True,True,0.708,False,6.10092500292852,446.27038062910833,N/A,new_parameter_combo,rejected,no_support
4.65,71.0,6.0,0.71,False,6.0,10.061290322580646,4.65,4.65,4.65,5.2575,False,0.9982542318866435,0.5513810379157679,True,True,True,0.306,False,6.237983628065037,511.82543931309556,N/A,new_parameter_combo,rejected,no_support
4.8,2.0,3.0,0.02,False,3.0,15.85,3.1799999999999997,3.0000000000000004,3.0,3.0,False,1.4217740068416682,7.905916186302815,False,False,False,0.0,False,7.102321423261138,1214.7838312283811,N/A,new_parameter_combo,rejected,no_support
4.8,2.0,3.5,0.02,False,3.5,13.621428571428572,3.6300000000000003,3.5,3.5,3.4999999999999996,False,1.2513054407787294,4.679948844731627,False,False,False,0.0,False,7.197933289624662,1336.665407516776,N/A,new_parameter_combo,rejected,no_support
4.8,2.0,3.6,0.02,False,3.6,13.250000000000002,3.72,3.6,3.6,3.6000000000000005,False,1.188345617285834,4.177292562938164,True,False,False,0.0,False,7.167551267470477,1296.665524986006,N/A,new_parameter_combo,rejected,no_support
4.8,2.0,4.0,0.02,False,4.0,11.950000000000001,4.08,4.0,4.0,4.0,False,1.0476650422803686,2.7244867322750697,True,True,True,0.091,False,6.881008527430772,973.6077749645026,N/A,new_parameter_combo,rejected,no_support
4.8,2.0,4.25,0.02,False,4.25,11.261764705882355,4.305000000000001,4.25,4.25,4.25,False,0.9042134929408687,2.2245165911676894,True,True,True,0.8,True,6.653218054284411,775.2751931689018,N/A,new_parameter_combo,Q2_provisional,requires_pilot_and_Q3_k100_confirmation
4.8,2.0,4.4,0.02,False,4.4,10.886363636363637,4.44,4.4,4.4,4.4,False,0.8294588843434774,1.600542652714204,True,True,True,0.656,False,6.548997592882931,698.5435976694038,N/A,new_parameter_combo,rejected,no_support
4.8,2.0,4.5,0.02,False,4.5,10.65,4.53,4.5,4.5,4.5,False,0.7858766066096676,1.1914549356497763,True,True,True,0.656,False,6.493039711317921,660.5281295473118,N/A,new_parameter_combo,rejected,no_support
4.8,2.0,4.75,0.02,False,4.75,10.102631578947369,4.755,4.75,4.75,4.75,False,0.7521737207071577,0.3024745959897524,True,True,True,0.808,True,6.400473498531302,602.1300780913232,N/A,new_parameter_combo,Q2_provisional,requires_pilot_and_Q3_k100_confirmation
4.8,2.0,4.8,0.02,False,4.8,10.000000000000002,4.8,4.8,4.8,4.8,False,0.7532365538942261,0.2333372072577528,True,True,True,0.681,False,6.390073711595564,595.9005028460358,N/A,new_parameter_combo,rejected,no_support
4.8,2.0,4.85,0.02,False,4.85,9.899484536082475,4.845,4.85,4.85,4.85,False,0.7564160932466001,0.2940996272874607,True,True,True,0.681,False,6.3823784098670195,591.3324674242281,N/A,new_parameter_combo,rejected,no_support
4.8,2.0,5.0,0.02,False,5.0,9.610000000000001,4.98,5.0,5.0,5.000000000000001,False,0.7783092612338937,0.7247245420065915,True,True,True,0.507,False,6.375519415924557,587.2903997179857,N/A,new_parameter_combo,rejected,no_support
4.8,2.0,5.4,0.02,False,5.4,8.916666666666666,5.340000000000001,5.4,5.4,5.4,False,0.914420748956655,2.0028820308541273,True,True,True,0.516,False,6.415144915400624,611.0293019585368,N/A,new_parameter_combo,rejected,no_support
4.8,2.0,5.5,0.02,False,5.5,8.75909090909091,5.43,5.5,5.499999999999999,5.5,False,0.9428841987460059,2.190689972030887,True,True,True,0.516,False,6.4330082676143165,622.0424062178381,N/A,new_parameter_combo,rejected,no_support
4.8,2.0,6.0,0.02,False,6.0,8.05,5.880000000000001,6.000000000000001,6.0,6.0,False,1.0965856099730653,3.5987912389580585,True,False,False,0.0,False,6.570066892750834,713.4175640001093,N/A,new_parameter_combo,rejected,no_support
4.8,4.0,3.0,0.04,False,3.0,15.700000000000003,3.3599999999999994,3.0000000000000004,3.0,3.0,False,1.3667376993320666,7.671916494749016,False,False,False,0.0,False,7.053663483118523,1157.0899671027398,N/A,new_parameter_combo,rejected,no_support
4.8,4.0,3.5,0.04,False,3.5,13.528571428571428,3.76,3.5,3.5,3.4999999999999996,False,1.2319099158689841,4.522256178962882,False,False,False,0.0,False,7.149275349482047,1273.1830080805428,N/A,new_parameter_combo,rejected,no_support
4.8,4.0,3.6,0.04,False,3.6,13.166666666666666,3.84,3.6,3.6,3.6000000000000005,False,1.186970934774732,4.048908110189265,True,False,False,0.0,False,7.1188933273278625,1235.082844436744,N/A,new_parameter_combo,rejected,no_support
4.8,4.0,4.0,0.04,False,4.0,11.9,4.16,4.0,4.0,4.0,False,1.014411461018111,2.6661618916875294,True,True,True,0.282,False,6.832350587288158,927.36811220601,N/A,new_parameter_combo,rejected,no_support
4.8,4.0,4.25,0.04,False,4.25,11.229411764705883,4.36,4.25,4.25,4.25,False,0.8654655465383346,2.170256282274914,True,True,True,0.902,True,6.604560114141796,738.4549618612149,N/A,new_parameter_combo,Q2_provisional,requires_pilot_and_Q3_k100_confirmation
4.8,4.0,4.4,0.04,False,4.4,10.863636363636362,4.48,4.4,4.4,4.4,False,0.8005623023850176,1.556884880918342,True,True,True,0.656,False,6.500339652740317,665.3675885937629,N/A,new_parameter_combo,rejected,no_support
4.8,4.0,4.5,0.04,False,4.5,10.633333333333333,4.56,4.5,4.5,4.5,False,0.7762087348130015,1.1600206555148034,True,True,True,0.808,True,6.444381771175306,629.1575933435729,N/A,new_parameter_combo,Q2_provisional,requires_pilot_and_Q3_k100_confirmation
4.8,4.0,4.75,0.04,False,4.75,10.1,4.76,4.75,4.75,4.75,False,0.7500000000000002,0.2958948873350462,True,True,True,0.808,True,6.3518155583886875,573.5330470654537,N/A,new_parameter_combo,Q2_provisional,requires_pilot_and_Q3_k100_confirmation
4.8,4.0,4.8,0.04,False,4.8,10.000000000000002,4.8,4.8,4.8,4.8,False,0.7510659092250163,0.2333372072577528,True,True,True,0.808,True,6.341415771452949,567.5993337328151,N/A,new_parameter_combo,Q2_provisional,requires_pilot_and_Q3_k100_confirmation
4.8,4.0,4.85,0.04,False,4.85,9.902061855670105,4.84,4.85,4.85,4.85,False,0.7542545989253233,0.2951831690218266,True,True,True,0.808,True,6.333720469724405,563.2482485273108,N/A,new_parameter_combo,Q2_provisional,requires_pilot_and_Q3_k100_confirmation
4.8,4.0,5.0,0.04,False,5.0,9.62,4.96,5.0,5.0,5.000000000000001,False,0.7762087348130015,0.7099501211154216,True,True,True,0.507,False,6.326861475781942,559.3981511939329,N/A,new_parameter_combo,rejected,no_support
4.8,4.0,5.4,0.04,False,5.4,8.944444444444443,5.28,5.4,5.4,5.4,False,0.9126335518706294,1.9655520910535356,True,True,True,0.696,False,6.3664869752580096,582.0096190999545,N/A,new_parameter_combo,rejected,no_support
4.8,4.0,5.5,0.04,False,5.5,8.790909090909091,5.36,5.5,5.499999999999999,5.5,False,0.9093897931681262,2.143587779801373,True,True,True,0.705,False,6.384350327471702,592.4996767690693,N/A,new_parameter_combo,rejected,no_support
4.8,4.0,6.0,0.04,False,6.0,8.100000000000001,5.759999999999999,6.000000000000001,6.0,6.0,False,1.0556214921523137,3.5148361201513487,True,False,False,0.0,False,6.521408952608219,679.5351439808638,N/A,new_parameter_combo,rejected,no_support
4.8,13.0,3.0,0.13,False,3.0,15.025,4.17,3.0000000000000004,3.0,3.0,False,1.1781349841237747,6.678915019358208,True,False,False,0.0,False,6.888890301001907,981.311852006369,N/A,new_parameter_combo,rejected,no_support
4.8,13.0,3.5,0.13,False,3.5,13.110714285714288,4.345,3.5,3.5,3.4999999999999996,False,1.0788892625363953,3.92035599289382,True,False,False,0.0,False,6.984502167365431,1079.7687397903278,N/A,new_parameter_combo,rejected,no_support
4.8,13.0,3.6,0.13,False,3.6,12.791666666666668,4.38,3.6,3.6,3.6000000000000005,False,1.0189096219008047,3.525464194264612,True,False,False,0.0,False,6.954120145211246,1047.456522754466,N/A,new_parameter_combo,rejected,no_support
4.8,13.0,4.0,0.13,False,4.0,11.675,4.52,4.0,4.0,4.0,False,0.8951399388945183,2.4990464186628487,True,True,True,0.291,False,6.667577405171541,786.4879530147427,N/A,new_parameter_combo,rejected,no_support
4.8,13.0,4.25,0.13,False,4.25,11.083823529411767,4.6075,4.25,4.25,4.25,False,0.7810249675906656,1.9397339778781384,True,True,True,0.95,True,6.4397869320251795,626.2733468010255,N/A,new_parameter_combo,Q2_provisional,requires_pilot_and_Q3_k100_confirmation
4.8,13.0,4.4,0.13,False,4.4,10.761363636363638,4.66,4.4,4.4,4.4,False,0.7342370745424484,1.3805791909923966,True,True,True,0.947,True,6.335566470623701,564.2889655873944,N/A,new_parameter_combo,Q2_provisional,requires_pilot_and_Q3_k100_confirmation
4.8,13.0,4.5,0.13,False,4.5,10.558333333333335,4.695,4.5,4.5,4.5,False,0.7298657970015124,1.0198392700526049,True,True,True,0.947,True,6.2796085890586895,533.5797739857436,N/A,new_parameter_combo,Q2_provisional,requires_pilot_and_Q3_k100_confirmation
4.8,13.0,4.75,0.13,False,4.75,10.088157894736844,4.7825,4.75,4.75,4.75,False,0.7567721464434675,0.26808359888450195,True,True,True,0.808,True,6.187042376272072,486.40537261929575,N/A,new_parameter_combo,Q2_provisional,requires_pilot_and_Q3_k100_confirmation
4.8,13.0,4.8,0.13,False,4.8,10.000000000000002,4.8,4.8,4.8,4.8,False,0.7683124895722137,0.2333372072577528,True,True,True,0.808,True,6.176642589336333,481.37307315661286,N/A,new_parameter_combo,Q2_provisional,requires_pilot_and_Q3_k100_confirmation
4.8,13.0,4.85,0.13,False,4.85,9.913659793814434,4.8175,4.85,4.85,4.85,False,0.7817314638881134,0.30178531097359607,True,True,True,0.808,True,6.168947287607789,477.682978520375,N/A,new_parameter_combo,Q2_provisional,requires_pilot_and_Q3_k100_confirmation
4.8,13.0,5.0,0.13,False,5.0,9.665000000000001,4.869999999999999,5.0,5.0,5.000000000000001,False,0.8176933710013751,0.6474335577827993,True,True,True,0.906,True,6.162088293665326,474.417764706377,N/A,new_parameter_combo,Q2_provisional,requires_pilot_and_Q3_k100_confirmation
4.8,13.0,5.4,0.13,False,5.4,9.069444444444445,5.01,5.4,5.4,5.4,False,0.7968829581435355,1.7250052136727998,True,True,True,0.833,True,6.201713793141393,493.594235057252,N/A,new_parameter_combo,Q2_provisional,requires_pilot_and_Q3_k100_confirmation
4.8,13.0,5.5,0.13,False,5.5,8.93409090909091,5.044999999999999,5.5,5.499999999999999,5.5,False,0.7928571428571428,1.9671218903250924,True,True,True,0.833,True,6.219577145355085,502.49070656042136,N/A,new_parameter_combo,Q2_provisional,requires_pilot_and_Q3_k100_confirmation
4.8,13.0,6.0,0.13,False,6.0,8.325000000000001,5.22,6.000000000000001,6.0,6.0,False,0.9405194403105349,3.192654378179136,True,False,False,0.0,False,6.356635770491603,576.3042715796589,N/A,new_parameter_combo,rejected,no_support
4.8,19.0,3.0,0.19,False,3.0,14.575000000000001,4.709999999999999,3.0000000000000004,3.0,3.0,False,1.0737318100903972,6.088099024720828,True,False,False,0.0,False,6.828302920674299,923.622021836475,N/A,new_parameter_combo,rejected,no_support
4.8,19.0,3.5,0.19,False,3.5,12.832142857142859,4.734999999999999,3.5,3.5,3.4999999999999996,False,0.9651501416455202,3.584090288372764,True,False,False,0.0,False,6.923914787037823,1016.2907790443078,N/A,new_parameter_combo,rejected,no_support
4.8,19.0,3.6,0.19,False,3.6,12.541666666666668,4.739999999999999,3.6,3.6,3.6000000000000005,False,0.9500269195971155,3.2406595400085694,True,False,False,0.0,False,6.893532764883638,985.8781480670465,N/A,new_parameter_combo,rejected,no_support
4.8,19.0,4.0,0.19,False,4.0,11.525000000000002,4.76,4.0,4.0,4.0,False,0.776546843403539,2.359779229524548,True,True,True,0.992,True,6.606990024843934,740.2515233340854,N/A,new_parameter_combo,Q2_provisional,requires_pilot_and_Q3_k100_confirmation
4.8,19.0,4.25,0.19,False,4.25,10.986764705882354,4.772499999999999,4.25,4.25,4.25,False,0.7380337916051137,1.8037251918065413,True,True,True,0.987,True,6.379199551697571,589.4556899644011,N/A,new_parameter_combo,Q2_provisional,requires_pilot_and_Q3_k100_confirmation
4.8,19.0,4.4,0.19,False,4.4,10.693181818181818,4.779999999999999,4.4,4.4,4.4,False,0.7139942262385884,1.289363746507982,True,True,True,0.996,True,6.2749790902960925,531.1152761787484,N/A,new_parameter_combo,Q2_provisional,requires_pilot_and_Q3_k100_confirmation
4.8,19.0,4.5,0.19,False,4.5,10.508333333333335,4.784999999999999,4.5,4.5,4.5,False,0.6628633004640103,0.9531865102519249,True,True,True,0.996,True,6.219021208731082,502.2114312103135,N/A,new_parameter_combo,Q2_provisional,requires_pilot_and_Q3_k100_confirmation
4.8,19.0,4.75,0.19,False,4.75,10.080263157894738,4.797499999999999,4.75,4.75,4.75,False,0.6057968272600703,0.2706256669333623,True,True,True,0.898,True,6.126454995944464,457.8103410982157,N/A,new_parameter_combo,Q2_provisional,requires_pilot_and_Q3_k100_confirmation
4.8,19.0,4.8,0.19,False,4.8,10.000000000000002,4.8,4.8,4.8,4.8,False,0.6201530423358153,0.2333372072577528,True,True,True,0.898,True,6.116055209008725,453.07388286151314,N/A,new_parameter_combo,Q2_provisional,requires_pilot_and_Q3_k100_confirmation
4.8,19.0,4.85,0.19,False,4.85,9.921391752577321,4.802499999999999,4.85,4.85,4.85,False,0.6367022820112767,0.3055414333454908,True,True,True,0.916,True,6.108359907280181,449.6007232724163,N/A,new_parameter_combo,Q2_provisional,requires_pilot_and_Q3_k100_confirmation
4.8,19.0,5.0,0.19,False,5.0,9.695000000000002,4.81,5.0,5.0,5.000000000000001,False,0.6978465418115701,0.6197728430691563,True,True,True,0.966,True,6.101500913337718,446.5274664087121,N/A,new_parameter_combo,Q2_provisional,requires_pilot_and_Q3_k100_confirmation
4.8,19.0,5.4,0.19,False,5.4,9.152777777777779,4.829999999999999,5.4,5.4,5.4,False,0.7591093062105814,1.6199305966602486,True,True,True,0.967,True,6.141126412813785,464.57658125528076,N/A,new_parameter_combo,Q2_provisional,requires_pilot_and_Q3_k100_confirmation
4.8,19.0,5.5,0.19,False,5.5,9.029545454545456,4.835,5.5,5.499999999999999,5.5,False,0.7548820694489373,1.801970398179384,True,True,True,0.926,True,6.158989765027478,472.9500427396886,N/A,new_parameter_combo,Q2_provisional,requires_pilot_and_Q3_k100_confirmation
4.8,19.0,6.0,0.19,False,6.0,8.475000000000001,4.859999999999999,6.000000000000001,6.0,6.0,False,0.9247643280858107,2.938012946257771,True,False,False,0.0,False,6.296048390163995,542.4242206196719,N/A,new_parameter_combo,rejected,no_support
4.8,22.0,3.0,0.22,False,3.0,14.350000000000001,4.8,3.1799999999999997,3.0,3.0,False,1.0054973893551393,5.653669181768098,True,False,False,0.0,False,6.812787652835536,909.4023748508436,N/A,new_parameter_combo,rejected,no_support
4.8,22.0,3.5,0.22,False,3.5,12.692857142857145,4.8,3.6300000000000003,3.5,3.4999999999999996,False,0.9129018544829274,3.304814130002627,True,False,False,0.0,False,6.90839951919906,1000.6444477842234,N/A,new_parameter_combo,rejected,no_support
4.8,22.0,3.6,0.22,False,3.6,12.416666666666668,4.8,3.72,3.6,3.6000000000000005,False,0.8835298523536148,2.99258488195876,True,False,False,0.0,False,6.878017497044874,970.7000352623223,N/A,new_parameter_combo,rejected,no_support
4.8,22.0,4.0,0.22,False,4.0,11.450000000000001,4.8,4.08,4.0,4.0,False,0.712400727061931,2.245706721112037,True,True,True,1.0,True,6.59147475700517,728.8549616524388,N/A,new_parameter_combo,Q2_provisional,requires_pilot_and_Q3_k100_confirmation
4.8,22.0,4.25,0.22,False,4.25,10.938235294117648,4.8,4.305000000000001,4.25,4.25,False,0.6774803257931072,1.71734568706118,True,True,True,0.996,True,6.363684283858808,580.3807094780117,N/A,new_parameter_combo,Q2_provisional,requires_pilot_and_Q3_k100_confirmation
4.8,22.0,4.4,0.22,False,4.4,10.65909090909091,4.8,4.44,4.4,4.4,False,0.6880258656742019,1.2207192769635844,True,True,True,0.996,True,6.259463822457329,522.9384770581283,N/A,new_parameter_combo,Q2_provisional,requires_pilot_and_Q3_k100_confirmation
4.8,22.0,4.5,0.22,False,4.5,10.483333333333334,4.8,4.53,4.5,4.5,False,0.6900162671847613,0.9023264097042872,True,True,True,0.996,True,6.2035059408923185,494.47962199060686,N/A,new_parameter_combo,Q2_provisional,requires_pilot_and_Q3_k100_confirmation
4.8,22.0,4.75,0.22,False,4.75,10.076315789473686,4.8,4.755,4.75,4.75,False,0.5967599592630121,0.26533190271791046,True,True,True,0.971,True,6.1109397281057,450.76211002221316,N/A,new_parameter_combo,Q2_provisional,requires_pilot_and_Q3_k100_confirmation
4.8,22.0,4.8,0.22,False,4.8,10.000000000000002,4.8,4.8,4.8,4.8,False,0.5845703114079536,0.2333372072577528,True,True,True,0.957,True,6.100539941169962,446.0985720521303,N/A,new_parameter_combo,Q2_provisional,requires_pilot_and_Q3_k100_confirmation
4.8,22.0,4.85,0.22,False,4.85,9.925257731958764,4.8,4.845,4.85,4.85,False,0.5749108182836637,0.30375434424177566,True,True,True,0.982,True,6.0928446394414175,442.6788835822944,N/A,new_parameter_combo,Q2_provisional,requires_pilot_and_Q3_k100_confirmation
4.8,22.0,5.0,0.22,False,5.0,9.71,4.8,4.98,5.0,5.000000000000001,False,0.6373174008198391,0.59836239782701,True,True,True,0.966,True,6.085985645498955,439.65294112498685,N/A,new_parameter_combo,Q2_provisional,requires_pilot_and_Q3_k100_confirmation
4.8,22.0,5.4,0.22,False,5.4,9.194444444444445,4.8,5.34,5.4,5.4,False,0.7542545989253231,1.5199874822431114,True,True,True,0.989,True,6.1256111449750215,457.4241803520342,N/A,new_parameter_combo,Q2_provisional,requires_pilot_and_Q3_k100_confirmation
4.8,22.0,5.5,0.22,False,5.5,9.077272727272728,4.8,5.43,5.499999999999999,5.5,False,0.75,1.7425904703717943,True,True,True,0.967,True,6.1434744971887145,465.6687279912316,N/A,new_parameter_combo,Q2_provisional,requires_pilot_and_Q3_k100_confirmation
4.8,22.0,6.0,0.22,False,6.0,8.55,4.8,5.879999999999999,6.0,6.0,False,0.9287281632832673,2.7601625880914873,True,True,True,0.078,False,6.280533122325232,534.0733143492349,N/A,new_parameter_combo,rejected,no_support
4.8,24.0,3.0,0.24,False,3.0,14.200000000000001,4.8,3.3599999999999994,3.0,3.0,False,0.9606569287179882,5.311789087743746,True,False,False,0.0,False,6.807917630693042,904.9843318644012,N/A,new_parameter_combo,rejected,no_support
4.8,24.0,3.5,0.24,False,3.5,12.600000000000001,4.8,3.76,3.5,3.4999999999999996,False,0.8819748249449839,3.076727623510199,True,False,False,0.0,False,6.9035294970565655,995.7831341273499,N/A,new_parameter_combo,rejected,no_support
4.8,24.0,3.6,0.24,False,3.6,12.333333333333332,4.8,3.84,3.6,3.6000000000000005,False,0.8478556384629814,2.7876358055148875,True,True,True,0.095,False,6.873147474902381,965.9841970356707,N/A,new_parameter_combo,rejected,no_support
4.8,24.0,4.0,0.24,False,4.0,11.4,4.8,4.16,4.0,4.0,False,0.7011399473466806,2.146924766951131,True,True,True,1.0,True,6.586604734862676,725.3140510054983,N/A,new_parameter_combo,Q2_provisional,requires_pilot_and_Q3_k100_confirmation
4.8,24.0,4.25,0.24,False,4.25,10.905882352941177,4.8,4.36,4.25,4.25,False,0.65,1.6430302222156246,True,True,True,1.0,True,6.358814261716314,577.5611138909693,N/A,new_parameter_combo,Q2_provisional,requires_pilot_and_Q3_k100_confirmation
4.8,24.0,4.4,0.24,False,4.4,10.636363636363638,4.8,4.48,4.4,4.4,False,0.6514598989960932,1.1673895397970646,True,True,True,0.996,True,6.254593800314836,520.3979463372953,N/A,new_parameter_combo,Q2_provisional,requires_pilot_and_Q3_k100_confirmation
4.8,24.0,4.5,0.24,False,4.5,10.466666666666667,4.8,4.5600000000000005,4.5,4.5,False,0.6708203932499369,0.8626601160586651,True,True,True,0.996,True,6.198635918749824,492.0773495903037,N/A,new_parameter_combo,Q2_provisional,requires_pilot_and_Q3_k100_confirmation
4.8,24.0,4.75,0.24,False,4.75,10.073684210526316,4.8,4.76,4.75,4.75,False,0.6235186526512912,0.25962081928345376,True,True,True,0.99,True,6.106069705963206,448.5722252871263,N/A,new_parameter_combo,Q2_provisional,requires_pilot_and_Q3_k100_confirmation
4.8,24.0,4.8,0.24,False,4.8,10.000000000000002,4.8,4.8,4.8,4.8,False,0.6118623294533515,0.2333372072577528,True,True,True,0.983,True,6.0956699190274675,443.93134363705144,N/A,new_parameter_combo,Q2_provisional,requires_pilot_and_Q3_k100_confirmation
4.8,24.0,4.85,0.24,False,4.85,9.927835051546394,4.8,4.84,4.85,4.85,False,0.602640448529703,0.298878190232667,True,True,True,0.99,True,6.087974617298923,440.5282686389612,N/A,new_parameter_combo,Q2_provisional,requires_pilot_and_Q3_k100_confirmation
4.8,24.0,5.0,0.24,False,5.0,9.720000000000002,4.8,4.96,5.0,5.000000000000001,False,0.6003825311195102,0.5761336071248621,True,True,True,0.966,True,6.08111562335646,437.51702676328904,N/A,new_parameter_combo,Q2_provisional,requires_pilot_and_Q3_k100_confirmation
4.8,24.0,5.4,0.24,False,5.4,9.222222222222221,4.8,5.28,5.4,5.4,False,0.7564160932466,1.4478309020793996,True,True,True,0.989,True,6.120741122832528,455.2019300613809,N/A,new_parameter_combo,Q2_provisional,requires_pilot_and_Q3_k100_confirmation
4.8,24.0,5.5,0.24,False,5.5,9.10909090909091,4.8,5.36,5.499999999999999,5.5,False,0.7521737207071575,1.67356098879847,True,True,True,0.967,True,6.13860447504622,463.40642418094666,N/A,new_parameter_combo,Q2_provisional,requires_pilot_and_Q3_k100_confirmation
4.8,24.0,6.0,0.24,False,6.0,8.6,4.8,5.760000000000001,6.0,6.0,False,0.9203204854388319,2.619867790250757,True,True,True,0.549,False,6.275663100182737,531.4786885532624,N/A,new_parameter_combo,rejected,no_support
4.8,27.0,3.0,0.27,False,3.0,13.975,4.8,3.63,3.0,3.0,False,0.8960255212290986,4.801588788628034,True,False,False,0.0,False,6.808822832104323,905.8038958380637,N/A,new_parameter_combo,rejected,no_support
4.8,27.0,3.5,0.27,False,3.5,12.460714285714285,4.8,3.955,3.5,3.4999999999999996,False,0.8418880627518612,2.738350833811677,True,True,True,0.095,False,6.904434698467847,996.6849265159874,N/A,new_parameter_combo,rejected,no_support
4.8,27.0,3.6,0.27,False,3.6,12.208333333333334,4.8,4.02,3.6,3.6000000000000005,False,0.8139610881738911,2.4848121472132356,True,True,True,0.292,False,6.874052676313663,966.8590031722441,N/A,new_parameter_combo,rejected,no_support
4.8,27.0,4.0,0.27,False,4.0,11.325000000000001,4.8,4.28,4.0,4.0,False,0.7234873602622118,2.00839635882419,True,True,True,1.0,True,6.587509936273958,725.970903555167,N/A,new_parameter_combo,Q2_provisional,requires_pilot_and_Q3_k100_confirmation
4.8,27.0,4.25,0.27,False,4.25,10.85735294117647,4.8,4.4425,4.25,4.25,False,0.655627133953065,1.5360296248868648,True,True,True,1.0,True,6.359719463127596,578.0841597215621,N/A,new_parameter_combo,Q2_provisional,requires_pilot_and_Q3_k100_confirmation
4.8,27.0,4.4,0.27,False,4.4,10.602272727272727,4.8,4.54,4.4,4.4,False,0.602640448529703,1.0907165119220978,True,True,True,1.0,True,6.255499001726117,520.8692245614246,N/A,new_parameter_combo,Q2_provisional,requires_pilot_and_Q3_k100_confirmation
4.8,27.0,4.5,0.27,False,4.5,10.441666666666666,4.8,4.6049999999999995,4.5,4.5,False,0.6235186526512912,0.8745749099837699,True,True,True,0.999,True,6.199541120161106,492.5229803639865,N/A,new_parameter_combo,Q2_provisional,requires_pilot_and_Q3_k100_confirmation
4.8,27.0,4.75,0.27,False,4.75,10.069736842105264,4.8,4.7675,4.75,4.75,False,0.6708203932499369,0.25134831609039704,True,True,True,0.997,True,6.106974907374489,448.97845733168987,N/A,new_parameter_combo,Q2_provisional,requires_pilot_and_Q3_k100_confirmation
4.8,27.0,4.8,0.27,False,4.8,10.000000000000002,4.8,4.8,4.8,4.8,False,0.66,0.2333372072577528,True,True,True,0.983,True,6.096575120438749,444.33337284707653,N/A,new_parameter_combo,Q2_provisional,requires_pilot_and_Q3_k100_confirmation
4.8,27.0,4.85,0.27,False,4.85,9.931701030927837,4.8,4.8325,4.85,4.85,False,0.6514598989960932,0.29186998461450236,True,True,True,0.99,True,6.088879818710206,440.92721598605283,N/A,new_parameter_combo,Q2_provisional,requires_pilot_and_Q3_k100_confirmation
4.8,27.0,5.0,0.27,False,5.0,9.735,4.8,4.93,5.0,5.000000000000001,False,0.6403124237432848,0.5424519246735005,True,True,True,0.989,True,6.082020824767743,437.9132470959226,N/A,new_parameter_combo,Q2_provisional,requires_pilot_and_Q3_k100_confirmation
4.8,27.0,5.4,0.27,False,5.4,9.263888888888891,4.8,5.1899999999999995,5.4,5.4,False,0.7676640953342198,1.3839467496082976,True,True,True,0.989,True,6.12164632424381,455.61416604103744,N/A,new_parameter_combo,Q2_provisional,requires_pilot_and_Q3_k100_confirmation
4.8,27.0,5.5,0.27,False,5.5,9.156818181818183,4.8,5.255000000000001,5.499999999999999,5.5,False,0.754983443527075,1.5537836218113916,True,True,True,0.967,True,6.139509676457502,463.8260902426121,N/A,new_parameter_combo,Q2_provisional,requires_pilot_and_Q3_k100_confirmation
4.8,27.0,6.0,0.27,False,6.0,8.675,4.8,5.58,6.0,6.0,False,0.8619212047892233,2.457170963727345,True,True,True,0.857,True,6.27656830159402,531.9600016219767,N/A,new_parameter_combo,Q2_provisional,requires_pilot_and_Q3_k100_confirmation
4.8,30.0,3.0,0.3,False,3.0,13.75,4.8,3.9,3.0,3.0,False,0.8904493247793501,4.295527651398687,True,False,False,0.0,False,6.815290878557377,911.681665866827,N/A,new_parameter_combo,rejected,no_support
4.8,30.0,3.5,0.3,False,3.5,12.321428571428571,4.8,4.1499999999999995,3.5,3.4999999999999996,False,0.8065560445878667,2.434214667026713,True,True,True,0.292,False,6.910902744920901,1003.1524244105241,N/A,new_parameter_combo,rejected,no_support
4.8,30.0,3.6,0.3,False,3.6,12.083333333333334,4.8,4.2,3.6,3.6000000000000005,False,0.7879720807236766,2.403694542576437,True,True,True,0.292,False,6.880520722766716,973.1329603687154,N/A,new_parameter_combo,rejected,no_support
4.8,30.0,4.0,0.3,False,4.0,11.25,4.8,4.3999999999999995,4.0,4.0,False,0.7546890831626614,1.8836965754854957,True,True,True,1.0,True,6.5939779827270115,730.6817355998037,N/A,new_parameter_combo,Q2_provisional,requires_pilot_and_Q3_k100_confirmation
4.8,30.0,4.25,0.3,False,4.25,10.808823529411764,4.8,4.5249999999999995,4.25,4.25,False,0.6722259702674696,1.4354589366478951,True,True,True,1.0,True,6.366187509580649,581.8353532897571,N/A,new_parameter_combo,Q2_provisional,requires_pilot_and_Q3_k100_confirmation
4.8,30.0,4.4,0.3,False,4.4,10.568181818181818,4.8,4.6,4.4,4.4,False,0.5677039326110402,1.0188261260759517,True,True,True,1.0,True,6.26196704817917,524.2491498753905,N/A,new_parameter_combo,Q2_provisional,requires_pilot_and_Q3_k100_confirmation
4.8,30.0,4.5,0.3,False,4.5,10.416666666666666,4.8,4.65,4.5,4.5,False,0.585017006555522,0.8134152373151782,True,True,True,1.0,True,6.20600916661416,495.7189666318333,N/A,new_parameter_combo,Q2_provisional,requires_pilot_and_Q3_k100_confirmation
4.8,30.0,4.75,0.3,False,4.75,10.06578947368421,4.8,4.775,4.75,4.75,False,0.6798859448166169,0.2434606281576429,True,True,True,0.999,True,6.113442953827541,451.8918827786213,N/A,new_parameter_combo,Q2_provisional,requires_pilot_and_Q3_k100_confirmation
4.8,30.0,4.8,0.3,False,4.8,10.000000000000002,4.8,4.8,4.8,4.8,False,0.7041625508071157,0.2333372072577528,True,True,True,0.999,True,6.103043166891803,447.21665629694894,N/A,new_parameter_combo,Q2_provisional,requires_pilot_and_Q3_k100_confirmation
4.8,30.0,4.85,0.3,False,4.85,9.93556701030928,4.8,4.825,4.85,4.85,False,0.7073318650724981,0.285252964779892,True,True,True,1.0,True,6.095347865163259,443.7883968519075,N/A,new_parameter_combo,Q2_provisional,requires_pilot_and_Q3_k100_confirmation
4.8,30.0,5.0,0.3,False,5.0,9.75,4.8,4.9,5.0,5.000000000000001,False,0.6970784513574771,0.5115222774629355,True,True,True,0.999,True,6.088488871220796,440.7548702892044,N/A,new_parameter_combo,Q2_provisional,requires_pilot_and_Q3_k100_confirmation
4.8,30.0,5.4,0.3,False,5.4,9.305555555555555,4.8,5.1,5.4,5.4,False,0.7670191440550483,1.2892984610353935,True,True,True,0.995,True,6.128114370696863,458.5706506644094,N/A,new_parameter_combo,Q2_provisional,requires_pilot_and_Q3_k100_confirmation
4.8,30.0,5.5,0.3,False,5.5,9.204545454545455,4.8,5.1499999999999995,5.499999999999999,5.5,False,0.7840566930772186,1.4930861040541163,True,True,True,0.985,True,6.145977722910556,466.8358621196298,N/A,new_parameter_combo,Q2_provisional,requires_pilot_and_Q3_k100_confirmation
4.8,30.0,6.0,0.3,False,6.0,8.749999999999998,4.8,5.4,6.0,6.0,False,0.8801959429349716,2.332259360712942,True,True,True,0.857,True,6.283036348047073,535.4118950929594,N/A,new_parameter_combo,Q2_provisional,requires_pilot_and_Q3_k100_confirmation
4.8,31.0,3.0,0.31,False,3.0,13.675000000000002,4.8,3.99,3.0,3.0,False,0.8909075858531078,4.128023896555888,True,False,False,0.0,False,6.8157043064758325,912.0586584444987,N/A,new_parameter_combo,rejected,no_support
4.8,31.0,3.5,0.31,False,3.5,12.275,4.8,4.215,3.5,3.4999999999999996,False,0.7968829581435357,2.3607128128845694,True,True,True,0.292,False,6.911316172839356,1003.5672413717895,N/A,new_parameter_combo,rejected,no_support
4.8,31.0,3.6,0.31,False,3.6,12.041666666666668,4.8,4.26,3.6,3.6000000000000005,False,0.7812091621979617,2.2984646267420055,True,True,True,0.292,False,6.880934150685172,973.5353638795931,N/A,new_parameter_combo,rejected,no_support
4.8,31.0,4.0,0.31,False,4.0,11.225000000000001,4.8,4.4399999999999995,4.0,4.0,False,0.7332931729881444,1.8456964782936252,True,True,True,1.0,True,6.594391410645467,730.9838822824395,N/A,new_parameter_combo,Q2_provisional,requires_pilot_and_Q3_k100_confirmation
4.8,31.0,4.25,0.31,False,4.25,10.792647058823531,4.8,4.5525,4.25,4.25,False,0.6800735254367722,1.4036056974706892,True,True,True,1.0,True,6.366600937499105,582.0759500000235,N/A,new_parameter_combo,Q2_provisional,requires_pilot_and_Q3_k100_confirmation
4.8,31.0,4.4,0.31,False,4.4,10.556818181818183,4.8,4.62,4.4,4.4,False,0.576974869470066,0.9961064513643824,True,True,True,1.0,True,6.2623804760976265,524.4659339193761,N/A,new_parameter_combo,Q2_provisional,requires_pilot_and_Q3_k100_confirmation
4.8,31.0,4.5,0.31,False,4.5,10.408333333333335,4.8,4.665,4.5,4.5,False,0.574456264653803,0.793655138305923,True,True,True,1.0,True,6.206422594532615,495.9239530629838,N/A,new_parameter_combo,Q2_provisional,requires_pilot_and_Q3_k100_confirmation
4.8,31.0,4.75,0.31,False,4.75,10.064473684210526,4.8,4.7775,4.75,4.75,False,0.670820393249937,0.24092349917240363,True,True,True,0.999,True,6.113856381745998,452.078746123686,N/A,new_parameter_combo,Q2_provisional,requires_pilot_and_Q3_k100_confirmation
4.8,31.0,4.8,0.31,False,4.8,10.000000000000002,4.8,4.8,4.8,4.8,False,0.6954135460285484,0.2333372072577528,True,True,True,1.0,True,6.103456594810258,447.4015863732546,N/A,new_parameter_combo,Q2_provisional,requires_pilot_and_Q3_k100_confirmation
4.8,31.0,4.85,0.31,False,4.85,9.936855670103094,4.8,4.8225,4.85,4.85,False,0.7213875518748574,0.28313900876924436,True,True,True,1.0,True,6.095761293081715,443.9719092970233,N/A,new_parameter_combo,Q2_provisional,requires_pilot_and_Q3_k100_confirmation
4.8,31.0,5.0,0.31,False,5.0,9.755,4.8,4.89,5.0,5.000000000000001,False,0.7172794406076108,0.501913206000098,True,True,True,0.999,True,6.088902299139252,440.9371283304628,N/A,new_parameter_combo,Q2_provisional,requires_pilot_and_Q3_k100_confirmation
4.8,31.0,5.4,0.31,False,5.4,9.319444444444445,4.8,5.069999999999999,5.4,5.4,False,0.7812091621979621,1.260086337439471,True,True,True,0.995,True,6.128527798615319,458.760275769434,N/A,new_parameter_combo,Q2_provisional,requires_pilot_and_Q3_k100_confirmation
4.8,31.0,5.5,0.31,False,5.5,9.220454545454546,4.8,5.115,5.499999999999999,5.5,False,0.7928571428571428,1.4590028050486954,True,True,True,0.968,True,6.146391150829011,467.0289050002748,N/A,new_parameter_combo,Q2_provisional,requires_pilot_and_Q3_k100_confirmation
4.8,31.0,6.0,0.31,False,6.0,8.775,4.8,5.34,6.0,6.0,False,0.8880441706241824,2.2807370592630183,True,True,True,0.857,True,6.283449775965529,535.6332950815791,N/A,new_parameter_combo,Q2_provisional,requires_pilot_and_Q3_k100_confirmation
4.8,37.0,3.0,0.37,False,3.0,13.225000000000001,4.8,4.53,3.0,3.0,False,0.7566120106724964,3.21019921545114,True,False,False,0.0,False,6.796134447599946,894.3833153017104,N/A,new_parameter_combo,rejected,no_support
4.8,37.0,3.5,0.37,False,3.5,11.996428571428574,4.8,4.6049999999999995,3.5,3.4999999999999996,False,0.7608296357883791,2.0154667871378535,True,True,True,0.689,False,6.89174631396347,984.1184973750377,N/A,new_parameter_combo,rejected,no_support
4.8,37.0,3.6,0.37,False,3.6,11.791666666666668,4.8,4.62,3.6,3.6000000000000005,False,0.7244998274671982,1.7131123163435025,True,True,True,0.684,False,6.861364291809284,954.6686260235442,N/A,new_parameter_combo,rejected,no_support
4.8,37.0,4.0,0.37,False,4.0,11.075000000000001,4.8,4.68,4.0,4.0,False,0.65,1.6634184904329914,True,True,True,1.0,True,6.57482155176958,716.8176980885135,N/A,new_parameter_combo,Q2_provisional,requires_pilot_and_Q3_k100_confirmation
4.8,37.0,4.25,0.37,False,4.25,10.69558823529412,4.8,4.717499999999999,4.25,4.25,False,0.6800735254367721,1.234469136237193,True,True,True,1.0,True,6.3470310786232185,570.7955437935174,N/A,new_parameter_combo,Q2_provisional,requires_pilot_and_Q3_k100_confirmation
4.8,37.0,4.4,0.37,False,4.4,10.488636363636363,4.8,4.74,4.4,4.4,False,0.6563986469162387,0.8968835666575872,True,True,True,1.0,True,6.242810617221739,514.3019874857789,N/A,new_parameter_combo,Q2_provisional,requires_pilot_and_Q3_k100_confirmation
4.8,37.0,4.5,0.37,False,4.5,10.358333333333334,4.8,4.755,4.5,4.5,False,0.6003825311195099,0.6835538493528328,True,True,True,1.0,True,6.186852735656728,486.31313915100804,N/A,new_parameter_combo,Q2_provisional,requires_pilot_and_Q3_k100_confirmation
4.8,37.0,4.75,0.37,False,4.75,10.05657894736842,4.8,4.7925,4.75,4.75,False,0.6409495506907017,0.23772576283452343,True,True,True,1.0,True,6.09428652287011,443.31763532087217,N/A,new_parameter_combo,Q2_provisional,requires_pilot_and_Q3_k100_confirmation
4.8,37.0,4.8,0.37,False,4.8,10.000000000000002,4.8,4.8,4.8,4.8,False,0.6666455778977405,0.2333372072577528,True,True,True,1.0,True,6.083886735934372,438.7311171127992,N/A,new_parameter_combo,Q2_provisional,requires_pilot_and_Q3_k100_confirmation
4.8,37.0,4.85,0.37,False,4.85,9.94458762886598,4.8,4.8075,4.85,4.85,False,0.6936975756989584,0.2714920798498789,True,True,True,1.0,True,6.076191434205827,435.36790584842083,N/A,new_parameter_combo,Q2_provisional,requires_pilot_and_Q3_k100_confirmation
4.8,37.0,5.0,0.37,False,5.0,9.785000000000002,4.8,4.83,5.0,5.000000000000001,False,0.7815473923765677,0.4531375855877439,True,True,True,0.999,True,6.069332440263365,432.39193776023234,N/A,new_parameter_combo,Q2_provisional,requires_pilot_and_Q3_k100_confirmation
4.8,37.0,5.4,0.37,False,5.4,9.402777777777779,4.8,4.890000000000001,5.4,5.4,False,0.7465854243945343,1.1504171963252674,True,True,True,0.985,True,6.108957939739431,449.8696795129008,N/A,new_parameter_combo,Q2_provisional,requires_pilot_and_Q3_k100_confirmation
4.8,37.0,5.5,0.37,False,5.5,9.315909090909091,4.8,4.905,5.499999999999999,5.5,False,0.7373458200996109,1.2903900342653745,True,True,True,0.968,True,6.126821291953124,457.9780659154738,N/A,new_parameter_combo,Q2_provisional,requires_pilot_and_Q3_k100_confirmation
4.8,37.0,6.0,0.37,False,6.0,8.924999999999999,4.8,4.98,6.0,6.0,False,0.9190796645813345,2.0706578173737507,True,True,True,0.857,True,6.263879917089642,525.2529295188899,N/A,new_parameter_combo,Q2_provisional,requires_pilot_and_Q3_k100_confirmation
4.8,38.0,3.0,0.38,False,3.0,13.15,4.8,4.62,3.0,3.0,False,0.7521737207071577,3.0970541825864393,True,False,False,0.0,False,6.7891977333895275,888.2007021503786,N/A,new_parameter_combo,rejected,no_support
4.8,38.0,3.5,0.38,False,3.5,11.950000000000001,4.8,4.67,3.5,3.4999999999999996,False,0.740965999385193,1.9776053428374363,True,True,True,0.527,False,6.884809599753051,977.3155708666342,N/A,new_parameter_combo,rejected,no_support
4.8,38.0,3.6,0.38,False,3.6,11.750000000000002,4.8,4.68,3.6,3.6000000000000005,False,0.7213875518748575,1.685816939088976,True,True,True,0.9,True,6.854427577598866,948.0692779571887,N/A,new_parameter_combo,Q2_provisional,requires_pilot_and_Q3_k100_confirmation
4.8,38.0,4.0,0.38,False,4.0,11.050000000000002,4.8,4.72,4.0,4.0,False,0.6237231855918921,1.6417877149419433,True,True,True,1.0,True,6.567884837559162,711.862544686737,N/A,new_parameter_combo,Q2_provisional,requires_pilot_and_Q3_k100_confirmation
4.8,38.0,4.25,0.38,False,4.25,10.679411764705883,4.8,4.745,4.25,4.25,False,0.6550042841424,1.2106262090074174,True,True,True,1.0,True,6.340094364412799,566.8497993063347,N/A,new_parameter_combo,Q2_provisional,requires_pilot_and_Q3_k100_confirmation
4.8,38.0,4.4,0.38,False,4.4,10.477272727272727,4.8,4.76,4.4,4.4,False,0.6729784543356494,0.8754316923186192,True,True,True,1.0,True,6.235873903011321,510.74676661215045,N/A,new_parameter_combo,Q2_provisional,requires_pilot_and_Q3_k100_confirmation
4.8,38.0,4.5,0.38,False,4.5,10.350000000000001,4.8,4.7700000000000005,4.5,4.5,False,0.618465843842649,0.666923931322572,True,True,True,1.0,True,6.17991602144631,482.9513970899252,N/A,new_parameter_combo,Q2_provisional,requires_pilot_and_Q3_k100_confirmation
4.8,38.0,4.75,0.38,False,4.75,10.055263157894737,4.8,4.795,4.75,4.75,False,0.640312423743285,0.2380736392325557,True,True,True,1.0,True,6.087349808659692,440.2531087409822,N/A,new_parameter_combo,Q2_provisional,requires_pilot_and_Q3_k100_confirmation
4.8,38.0,4.8,0.38,False,4.8,10.000000000000002,4.8,4.8,4.8,4.8,False,0.6660330322138686,0.2333372072577528,True,True,True,1.0,True,6.0769500217239525,435.6982958065952,N/A,new_parameter_combo,Q2_provisional,requires_pilot_and_Q3_k100_confirmation
4.8,38.0,4.85,0.38,False,4.85,9.945876288659795,4.8,4.805,4.85,4.85,False,0.6931089380465382,0.2697336749985587,True,True,True,1.0,True,6.069254719995409,432.3583334488527,N/A,new_parameter_combo,Q2_provisional,requires_pilot_and_Q3_k100_confirmation
4.8,38.0,5.0,0.38,False,5.0,9.790000000000001,4.8,4.82,5.0,5.000000000000001,False,0.7810249675906656,0.4467036084782907,True,True,True,1.0,True,6.062395726052946,429.4029373672359,N/A,new_parameter_combo,Q2_provisional,requires_pilot_and_Q3_k100_confirmation
4.8,38.0,5.4,0.38,False,5.4,9.416666666666666,4.8,4.86,5.4,5.4,False,0.7271989874490602,1.1298722938312646,True,True,True,0.985,True,6.102021225529013,446.75986054674127,N/A,new_parameter_combo,Q2_provisional,requires_pilot_and_Q3_k100_confirmation
4.8,38.0,5.5,0.38,False,5.5,9.331818181818182,4.8,4.87,5.499999999999999,5.5,False,0.7575506188044604,1.2693288730564454,True,True,True,0.968,True,6.119884577742706,454.8121960195273,N/A,new_parameter_combo,Q2_provisional,requires_pilot_and_Q3_k100_confirmation
4.8,38.0,6.0,0.38,False,6.0,8.95,4.8,4.92,6.0,6.0,False,0.9287087810503356,2.0317730195893478,True,True,True,0.857,True,6.256943202879223,521.6220079506319,N/A,new_parameter_combo,Q2_provisional,requires_pilot_and_Q3_k100_confirmation
4.8,40.0,3.0,0.4,False,3.0,13.0,4.8,4.8,3.0,3.0,False,0.7500000000000002,2.8896123614327087,True,False,False,0.0,False,6.772174244056316,873.2083996834763,N/A,new_parameter_combo,rejected,no_support
4.8,40.0,3.5,0.4,False,3.5,11.857142857142858,4.8,4.8,3.5,3.4999999999999996,False,0.69784654181157,1.9221880872092374,True,True,True,0.814,True,6.867786110419839,960.8190621287184,N/A,new_parameter_combo,Q2_provisional,requires_pilot_and_Q3_k100_confirmation
4.8,40.0,3.6,0.4,False,3.6,11.666666666666668,4.8,4.8,3.6,3.6000000000000005,False,0.683487828893023,1.6518384859198487,True,True,True,0.982,True,6.837404088265655,932.0664293439196,N/A,new_parameter_combo,Q2_provisional,requires_pilot_and_Q3_k100_confirmation
4.8,40.0,4.0,0.4,False,4.0,11.0,4.8,4.8,4.0,4.0,False,0.5718302159892981,1.607038947639396,True,True,True,1.0,True,6.550861348225951,699.8467260108862,N/A,new_parameter_combo,Q2_provisional,requires_pilot_and_Q3_k100_confirmation
4.8,40.0,4.25,0.4,False,4.25,10.647058823529413,4.8,4.8,4.25,4.25,False,0.6411123146532131,1.167386643225504,True,True,True,1.0,True,6.323070875079588,557.2817099950694,N/A,new_parameter_combo,Q2_provisional,requires_pilot_and_Q3_k100_confirmation
4.8,40.0,4.4,0.4,False,4.4,10.454545454545455,4.8,4.8,4.4,4.4,False,0.7059667573618461,0.835165658705601,True,True,True,1.0,True,6.218850413678109,502.1256633068918,N/A,new_parameter_combo,Q2_provisional,requires_pilot_and_Q3_k100_confirmation
4.8,40.0,4.5,0.4,False,4.5,10.333333333333334,4.8,4.8,4.5,4.5,False,0.6687219620290632,0.6354962772626918,True,True,True,1.0,True,6.162892532113098,474.7994631807808,N/A,new_parameter_combo,Q2_provisional,requires_pilot_and_Q3_k100_confirmation
4.8,40.0,4.75,0.4,False,4.75,10.05263157894737,4.8,4.8,4.75,4.75,False,0.6428571428571429,0.23899399201007154,True,True,True,1.0,True,6.0703263193264805,432.82189668242506,N/A,new_parameter_combo,Q2_provisional,requires_pilot_and_Q3_k100_confirmation
4.8,40.0,4.8,0.4,False,4.8,10.000000000000002,4.8,4.8,4.8,4.8,False,0.668479847207415,0.2333372072577528,True,True,True,1.0,True,6.059926532390741,428.3439662961233,N/A,new_parameter_combo,Q2_provisional,requires_pilot_and_Q3_k100_confirmation
4.8,40.0,4.85,0.4,False,4.85,9.948453608247425,4.8,4.8,4.85,4.85,False,0.6954604993257697,0.2663830906805136,True,True,True,1.0,True,6.052231230662198,425.06038052733663,N/A,new_parameter_combo,Q2_provisional,requires_pilot_and_Q3_k100_confirmation
4.8,40.0,5.0,0.4,False,5.0,9.8,4.8,4.8,5.0,5.000000000000001,False,0.7831125756380427,0.4354965702312694,True,True,True,1.0,True,6.045372236719735,422.15486978341187,N/A,new_parameter_combo,Q2_provisional,requires_pilot_and_Q3_k100_confirmation
4.8,40.0,5.4,0.4,False,5.4,9.444444444444445,4.8,4.8,5.4,5.4,False,0.7499260380197508,1.094401378024735,True,True,True,0.994,True,6.084997736195802,439.21881836655416,N/A,new_parameter_combo,Q2_provisional,requires_pilot_and_Q3_k100_confirmation
4.8,40.0,5.5,0.4,False,5.5,9.363636363636363,4.8,4.8,5.499999999999999,5.5,False,0.7994930034090358,1.2468409431514555,True,True,True,0.988,True,6.102861088409495,447.1352351796491,N/A,new_parameter_combo,Q2_provisional,requires_pilot_and_Q3_k100_confirmation
4.8,40.0,6.0,0.4,False,6.0,9.000000000000002,4.8,4.8,6.0,6.0,False,0.9547144032833772,1.9716767173940317,True,True,True,0.732,False,6.239919713546012,512.8173370044647,N/A,new_parameter_combo,rejected,no_support
4.8,50.0,3.0,0.5,False,3.0,12.250000000000002,4.8,4.8,3.9,3.0,False,0.6585388898066349,2.376765307070199,True,True,True,0.511,False,6.624055579142765,752.992734596233,N/A,new_parameter_combo,rejected,no_support
4.8,50.0,3.5,0.5,False,3.5,11.392857142857144,4.8,4.8,4.15,3.4999999999999996,False,0.5482928049865331,1.700048624403042,True,True,True,1.0,True,6.719667445506289,828.541930318977,N/A,new_parameter_combo,Q2_provisional,requires_pilot_and_Q3_k100_confirmation
4.8,50.0,3.6,0.5,False,3.6,11.25,4.8,4.8,4.2,3.6000000000000005,False,0.5555581859348161,1.5392675913444474,True,True,True,1.0,True,6.6892854233521035,803.7477075477398,N/A,new_parameter_combo,Q2_provisional,requires_pilot_and_Q3_k100_confirmation
4.8,50.0,4.0,0.5,False,4.0,10.750000000000002,4.8,4.8,4.3999999999999995,4.0,False,0.5818935706390133,1.3278799497482117,True,True,True,1.0,True,6.4027426833123995,603.4979739180009,N/A,new_parameter_combo,Q2_provisional,requires_pilot_and_Q3_k100_confirmation
4.8,50.0,4.25,0.5,False,4.25,10.48529411764706,4.8,4.8,4.525,4.25,False,0.6411123146532131,0.8823443395374495,True,True,True,1.0,True,6.174952210166037,480.5600574865757,N/A,new_parameter_combo,Q2_provisional,requires_pilot_and_Q3_k100_confirmation
4.8,50.0,4.4,0.5,False,4.4,10.340909090909092,4.8,4.8,4.6000000000000005,4.4,False,0.7170376452417804,0.6376284707821591,True,True,True,1.0,True,6.070731748764558,432.99741099771575,N/A,new_parameter_combo,Q2_provisional,requires_pilot_and_Q3_k100_confirmation
4.8,50.0,4.5,0.5,False,4.5,10.25,4.8,4.8,4.6499999999999995,4.5,False,0.689741244738835,0.48826656358379994,True,True,True,1.0,True,6.014773867199548,409.4332421617969,N/A,new_parameter_combo,Q2_provisional,requires_pilot_and_Q3_k100_confirmation
4.8,50.0,4.75,0.5,False,4.75,10.039473684210527,4.8,4.8,4.7749999999999995,4.75,False,0.7263270753649236,0.2342829370553632,True,True,True,1.0,True,5.922207654412929,373.23477842650755,N/A,new_parameter_combo,Q2_provisional,requires_pilot_and_Q3_k100_confirmation
4.8,50.0,4.8,0.5,False,4.8,10.000000000000002,4.8,4.8,4.8,4.8,False,0.7491001404406245,0.2333372072577528,True,True,True,1.0,True,5.91180786747719,369.37333017642754,N/A,new_parameter_combo,Q2_provisional,requires_pilot_and_Q3_k100_confirmation
4.8,50.0,4.85,0.5,False,4.85,9.961340206185568,4.8,4.8,4.825,4.85,False,0.7732729275024202,0.25493842924471843,True,True,True,1.0,True,5.904112565748647,366.54179966410516,N/A,new_parameter_combo,Q2_provisional,requires_pilot_and_Q3_k100_confirmation
4.8,50.0,5.0,0.5,False,5.0,9.850000000000001,4.8,4.8,4.8999999999999995,5.000000000000001,False,0.8502400621385153,0.3694948789899649,True,True,True,1.0,True,5.897253571806184,364.0362941269851,N/A,new_parameter_combo,Q2_provisional,requires_pilot_and_Q3_k100_confirmation
4.8,50.0,5.4,0.5,False,5.4,9.583333333333334,4.8,4.8,5.1000000000000005,5.4,False,0.8466030561567077,0.8294270550640446,True,True,True,1.0,True,5.936879071282251,378.7510281026173,N/A,new_parameter_combo,Q2_provisional,requires_pilot_and_Q3_k100_confirmation
4.8,50.0,5.5,0.5,False,5.5,9.522727272727273,4.8,4.8,5.15,5.5,False,0.8920442728328442,0.9577741495078188,True,True,True,0.999,True,5.954742423495944,385.57758216056806,N/A,new_parameter_combo,Q2_provisional,requires_pilot_and_Q3_k100_confirmation
4.8,50.0,6.0,0.5,False,6.0,9.25,4.8,4.8,5.3999999999999995,6.0,False,1.051531681667757,1.480697946467304,True,True,True,0.713,False,6.091801048632461,442.2171489409883,N/A,new_parameter_combo,rejected,no_support
4.8,55.0,3.0,0.55,False,3.0,11.875000000000002,4.8,4.8,4.3500000000000005,3.0,False,0.5758755534498964,1.97126963272238,True,True,True,0.814,True,6.513311890340022,674.0551215881551,N/A,new_parameter_combo,Q2_provisional,requires_pilot_and_Q3_k100_confirmation
4.8,55.0,3.5,0.55,False,3.5,11.160714285714286,4.8,4.8,4.475,3.4999999999999996,False,0.5665978849813212,1.5138905984024733,True,True,True,1.0,True,6.608923756703546,741.684356199679,N/A,new_parameter_combo,Q2_provisional,requires_pilot_and_Q3_k100_confirmation
4.8,55.0,3.6,0.55,False,3.6,11.041666666666668,4.8,4.8,4.500000000000001,3.6000000000000005,False,0.5694720971107852,1.5458586000950887,True,True,True,1.0,True,6.578541734549361,719.4893573943967,N/A,new_parameter_combo,Q2_provisional,requires_pilot_and_Q3_k100_confirmation
4.8,55.0,4.0,0.55,False,4.0,10.625,4.8,4.8,4.6000000000000005,4.0,False,0.646023945976858,1.1463190288423397,True,True,True,1.0,True,6.291998994509656,540.2321715701961,N/A,new_parameter_combo,Q2_provisional,requires_pilot_and_Q3_k100_confirmation
4.8,55.0,4.25,0.55,False,4.25,10.404411764705882,4.8,4.8,4.6625,4.25,False,0.6568357201502569,0.7632862300654897,True,True,True,1.0,True,6.064208521363295,430.1820629826106,N/A,new_parameter_combo,Q2_provisional,requires_pilot_and_Q3_k100_confirmation
4.8,55.0,4.4,0.55,False,4.4,10.28409090909091,4.8,4.8,4.7,4.4,False,0.755402649760581,0.5583514096517647,True,True,True,1.0,True,5.959988059961816,387.6054961857291,N/A,new_parameter_combo,Q2_provisional,requires_pilot_and_Q3_k100_confirmation
4.8,55.0,4.5,0.55,False,4.5,10.208333333333334,4.8,4.8,4.7250000000000005,4.5,False,0.7535277577054829,0.4341402897709877,True,True,True,1.0,True,5.9040301783968046,366.51160249984065,N/A,new_parameter_combo,Q2_provisional,requires_pilot_and_Q3_k100_confirmation
4.8,55.0,4.75,0.55,False,4.75,10.032894736842106,4.8,4.8,4.7875,4.75,False,0.715404837579851,0.2332911953942392,True,True,True,1.0,True,5.811463965610187,334.1078902814509,N/A,new_parameter_combo,Q2_provisional,requires_pilot_and_Q3_k100_confirmation
4.8,55.0,4.8,0.55,False,4.8,10.000000000000002,4.8,4.8,4.8,4.8,False,0.7142857142857142,0.2333372072577528,True,True,True,1.0,True,5.801064178674448,330.6512447520492,N/A,new_parameter_combo,Q2_provisional,requires_pilot_and_Q3_k100_confirmation
4.8,55.0,4.85,0.55,False,4.85,9.96778350515464,4.8,4.8,4.812499999999999,4.85,False,0.7295525606668174,0.2502991813038998,True,True,True,1.0,True,5.7933688769459035,328.1165487900919,N/A,new_parameter_combo,Q2_provisional,requires_pilot_and_Q3_k100_confirmation
4.8,55.0,5.0,0.55,False,5.0,9.875000000000002,4.8,4.8,4.85,5.000000000000001,False,0.8269862453511546,0.3654640930984378,True,True,True,1.0,True,5.786509883003442,325.8737000056762,N/A,new_parameter_combo,Q2_provisional,requires_pilot_and_Q3_k100_confirmation
4.8,55.0,5.4,0.55,False,5.4,9.652777777777779,4.8,4.8,4.95,5.4,False,0.8605835703943305,0.7192800750829516,True,True,True,1.0,True,5.826135382479508,339.0458613604608,N/A,new_parameter_combo,Q2_provisional,requires_pilot_and_Q3_k100_confirmation
4.8,55.0,5.5,0.55,False,5.5,9.602272727272727,4.8,4.8,4.975,5.5,False,0.9076365360829484,0.8312428225393379,True,True,True,0.998,True,5.8439987346932005,345.1567752035104,N/A,new_parameter_combo,Q2_provisional,requires_pilot_and_Q3_k100_confirmation
4.8,55.0,6.0,0.55,False,6.0,9.375,4.8,4.8,5.099999999999999,6.0,False,1.0357142857142858,1.33806800684304,True,True,True,0.537,False,5.981057359829718,395.858712046697,N/A,new_parameter_combo,rejected,no_support
4.8,58.0,3.0,0.58,False,3.0,11.650000000000002,4.8,4.8,4.619999999999999,3.0,False,0.5385164807134505,1.8388318379294308,True,True,True,0.991,True,6.47302166625439,647.4371131148179,N/A,new_parameter_combo,Q2_provisional,requires_pilot_and_Q3_k100_confirmation
4.8,58.0,3.5,0.58,False,3.5,11.021428571428572,4.8,4.8,4.67,3.4999999999999996,False,0.5512624657297551,1.4797113499833743,True,True,True,1.0,True,6.568633532617913,712.3957122214977,N/A,new_parameter_combo,Q2_provisional,requires_pilot_and_Q3_k100_confirmation
4.8,58.0,3.6,0.58,False,3.6,10.916666666666668,4.8,4.8,4.68,3.6000000000000005,False,0.6108041913773037,1.5846700139166288,True,True,True,1.0,True,6.538251510463728,691.0771798168753,N/A,new_parameter_combo,Q2_provisional,requires_pilot_and_Q3_k100_confirmation
4.8,58.0,4.0,0.58,False,4.0,10.55,4.8,4.8,4.72,4.0,False,0.640312423743285,1.0445542434179609,True,True,True,1.0,True,6.251708770424024,518.8987463652306,N/A,new_parameter_combo,Q2_provisional,requires_pilot_and_Q3_k100_confirmation
4.8,58.0,4.25,0.58,False,4.25,10.355882352941176,4.8,4.8,4.745,4.25,False,0.6806393303058412,0.7030015529870078,True,True,True,1.0,True,6.023918297277661,413.1944466426144,N/A,new_parameter_combo,Q2_provisional,requires_pilot_and_Q3_k100_confirmation
4.8,58.0,4.4,0.58,False,4.4,10.25,4.8,4.8,4.76,4.4,False,0.7053382456781474,0.5188318692814434,True,True,True,1.0,True,5.919697835876183,372.29920141643,N/A,new_parameter_combo,Q2_provisional,requires_pilot_and_Q3_k100_confirmation
4.8,58.0,4.5,0.58,False,4.5,10.183333333333335,4.8,4.8,4.77,4.5,False,0.6728313613501727,0.4079273232642489,True,True,True,1.0,True,5.863739954311171,352.0382921896519,N/A,new_parameter_combo,Q2_provisional,requires_pilot_and_Q3_k100_confirmation
4.8,58.0,4.75,0.58,False,4.75,10.028947368421052,4.8,4.8,4.795,4.75,False,0.6800735254367721,0.23314138950616126,True,True,True,1.0,True,5.771173741524554,320.9141819782382,N/A,new_parameter_combo,Q2_provisional,requires_pilot_and_Q3_k100_confirmation
4.8,58.0,4.8,0.58,False,4.8,10.000000000000002,4.8,4.8,4.8,4.8,False,0.6928924880528002,0.2333372072577528,True,True,True,1.0,True,5.7607739545888155,317.5940371845246,N/A,new_parameter_combo,Q2_provisional,requires_pilot_and_Q3_k100_confirmation
4.8,58.0,4.85,0.58,False,4.85,9.971649484536083,4.8,4.8,4.805,4.85,False,0.7244998274671983,0.24788684343415268,True,True,True,1.0,True,5.753078652860271,315.159434755621,N/A,new_parameter_combo,Q2_provisional,requires_pilot_and_Q3_k100_confirmation
4.8,58.0,5.0,0.58,False,5.0,9.890000000000002,4.8,4.8,4.819999999999999,5.000000000000001,False,0.7988285428152447,0.3489351420673845,True,True,True,1.0,True,5.746219658917808,313.00515464465025,N/A,new_parameter_combo,Q2_provisional,requires_pilot_and_Q3_k100_confirmation
4.8,58.0,5.4,0.58,False,5.4,9.694444444444446,4.8,4.8,4.859999999999999,5.4,False,0.7908868697963871,0.6648215309835898,True,True,True,0.999,True,5.785845158393875,325.65715571680437,N/A,new_parameter_combo,Q2_provisional,requires_pilot_and_Q3_k100_confirmation
4.8,58.0,5.5,0.58,False,5.5,9.650000000000002,4.8,4.8,4.87,5.5,False,0.8418444279178471,0.7689947129039563,True,True,True,0.988,True,5.803708510607568,331.5267534549178,N/A,new_parameter_combo,Q2_provisional,requires_pilot_and_Q3_k100_confirmation
4.8,58.0,6.0,0.58,False,6.0,9.450000000000001,4.8,4.8,4.92,6.0,False,1.0965856099730653,1.2448592038204966,True,True,True,0.537,False,5.940767135744085,380.22650302694063,N/A,new_parameter_combo,rejected,no_support
4.8,60.0,3.0,0.6,False,3.0,11.500000000000002,4.8,4.8,4.8,3.0,False,0.5200078492343227,1.746907659496301,True,True,True,1.0,True,6.467825465930504,644.0816256205403,N/A,new_parameter_combo,Q2_provisional,requires_pilot_and_Q3_k100_confirmation
4.8,60.0,3.5,0.6,False,3.5,10.92857142857143,4.8,4.8,4.8,3.4999999999999996,False,0.5482928049865331,1.5930229892737593,True,True,True,1.0,True,6.563437332294028,708.7035622737824,N/A,new_parameter_combo,Q2_provisional,requires_pilot_and_Q3_k100_confirmation
4.8,60.0,3.6,0.6,False,3.6,10.833333333333336,4.8,4.8,4.8,3.6000000000000005,False,0.5834626800229745,1.5124832827200987,True,True,True,1.0,True,6.533055310139844,687.4955179265033,N/A,new_parameter_combo,Q2_provisional,requires_pilot_and_Q3_k100_confirmation
4.8,60.0,4.0,0.6,False,4.0,10.500000000000002,4.8,4.8,4.8,4.0,False,0.6428571428571429,0.9858976446513523,True,True,True,1.0,True,6.246512570100139,516.2094376756991,N/A,new_parameter_combo,Q2_provisional,requires_pilot_and_Q3_k100_confirmation
4.8,60.0,4.25,0.6,False,4.25,10.323529411764707,4.8,4.8,4.8,4.25,False,0.701895756548809,0.6685455587659006,True,True,True,1.0,True,6.018722096953777,411.0529741036929,N/A,new_parameter_combo,Q2_provisional,requires_pilot_and_Q3_k100_confirmation
4.8,60.0,4.4,0.6,False,4.4,10.227272727272728,4.8,4.8,4.8,4.4,False,0.6549279443151728,0.49676219732098936,True,True,True,1.0,True,5.914501635552298,370.36967762303476,N/A,new_parameter_combo,Q2_provisional,requires_pilot_and_Q3_k100_confirmation
4.8,60.0,4.5,0.6,False,4.5,10.166666666666668,4.8,4.8,4.8,4.5,False,0.6288327378921186,0.39366711601101484,True,True,True,1.0,True,5.858543753987287,350.21377508517827,N/A,new_parameter_combo,Q2_provisional,requires_pilot_and_Q3_k100_confirmation
4.8,60.0,4.75,0.6,False,4.75,10.026315789473685,4.8,4.8,4.8,4.75,False,0.6836889733240532,0.23322765375841925,True,True,True,1.0,True,5.7659775412006695,319.250972528932,N/A,new_parameter_combo,Q2_provisional,requires_pilot_and_Q3_k100_confirmation
4.8,60.0,4.8,0.6,False,4.8,10.000000000000002,4.8,4.8,4.8,4.8,False,0.7010211211118377,0.2333372072577528,True,True,True,1.0,True,5.75557775426493,315.9480351274247,N/A,new_parameter_combo,Q2_provisional,requires_pilot_and_Q3_k100_confirmation
4.8,60.0,4.85,0.6,False,4.85,9.974226804123713,4.8,4.8,4.8,4.85,False,0.7267498236136346,0.24643848188215123,True,True,True,1.0,True,5.747882452536386,313.5260505695672,N/A,new_parameter_combo,Q2_provisional,requires_pilot_and_Q3_k100_confirmation
4.8,60.0,5.0,0.6,False,5.0,9.9,4.8,4.8,4.8,5.000000000000001,False,0.7870391427654013,0.3394291808733848,True,True,True,1.0,True,5.741023458593924,311.38293549659824,N/A,new_parameter_combo,Q2_provisional,requires_pilot_and_Q3_k100_confirmation
4.8,60.0,5.4,0.6,False,5.4,9.722222222222221,4.8,4.8,4.8,5.4,False,0.7462778385058066,0.6348043135433828,True,True,True,0.985,True,5.780648958069991,323.969364746385,N/A,new_parameter_combo,Q2_provisional,requires_pilot_and_Q3_k100_confirmation
4.8,60.0,5.5,0.6,False,5.5,9.681818181818183,4.8,4.8,4.8,5.5,False,0.8000816284885551,0.734868559442303,True,True,True,0.988,True,5.798512310283683,329.8085419827881,N/A,new_parameter_combo,Q2_provisional,requires_pilot_and_Q3_k100_confirmation
4.8,60.0,6.0,0.6,False,6.0,9.500000000000002,4.8,4.8,4.8,6.0,False,1.1171976603291376,1.1961826492906302,True,True,True,0.537,False,5.9355709354202,378.2558942217677,N/A,new_parameter_combo,rejected,no_support
4.8,65.0,3.0,0.65,False,3.0,11.125000000000002,4.8,4.8,4.8,3.45,False,0.5694720971107852,1.5311283729349614,True,True,True,1.0,True,6.530658786853669,685.8498915871869,N/A,new_parameter_combo,Q2_provisional,requires_pilot_and_Q3_k100_confirmation
4.8,65.0,3.5,0.65,False,3.5,10.696428571428573,4.8,4.8,4.8,3.8250000000000006,False,0.5665978849813212,1.2981609038619943,True,True,True,1.0,True,6.626270653217193,754.6625179450327,N/A,new_parameter_combo,Q2_provisional,requires_pilot_and_Q3_k100_confirmation
4.8,65.0,3.6,0.65,False,3.6,10.625000000000002,4.8,4.8,4.8,3.9000000000000004,False,0.5677039326110408,1.1785223235213198,True,True,True,1.0,True,6.5958886310630085,732.079145996883,N/A,new_parameter_combo,Q2_provisional,requires_pilot_and_Q3_k100_confirmation
4.8,65.0,4.0,0.65,False,4.0,10.375000000000002,4.8,4.8,4.8,4.2,False,0.6532216081757825,0.7489772717511902,True,True,True,1.0,True,6.309345891023304,549.6852771185005,N/A,new_parameter_combo,Q2_provisional,requires_pilot_and_Q3_k100_confirmation
4.8,65.0,4.25,0.65,False,4.25,10.24264705882353,4.8,4.8,4.8,4.3875,False,0.6142259107101842,0.5182966237678501,True,True,True,1.0,True,6.081555417876942,437.7094866725815,N/A,new_parameter_combo,Q2_provisional,requires_pilot_and_Q3_k100_confirmation
4.8,65.0,4.4,0.65,False,4.4,10.170454545454547,4.8,4.8,4.8,4.5,False,0.53485836385697,0.3972780742298568,True,True,True,1.0,True,5.977334956475463,394.3879054152588,N/A,new_parameter_combo,Q2_provisional,requires_pilot_and_Q3_k100_confirmation
4.8,65.0,4.5,0.65,False,4.5,10.125,4.8,4.8,4.8,4.575,False,0.5123475382979803,0.3277087073617926,True,True,True,1.0,True,5.921377074910452,372.92490597460227,N/A,new_parameter_combo,Q2_provisional,requires_pilot_and_Q3_k100_confirmation
4.8,65.0,4.75,0.65,False,4.75,10.019736842105265,4.8,4.8,4.8,4.7625,False,0.6800735254367725,0.23198599261793384,True,True,True,1.0,True,5.828810862123834,339.9541862215316,N/A,new_parameter_combo,Q2_provisional,requires_pilot_and_Q3_k100_confirmation
4.8,65.0,4.8,0.65,False,4.8,10.000000000000002,4.8,4.8,4.8,4.8,False,0.7156116265125941,0.2333372072577528,True,True,True,1.0,True,5.818411075188095,336.4370555215827,N/A,new_parameter_combo,Q2_provisional,requires_pilot_and_Q3_k100_confirmation
4.8,65.0,4.85,0.65,False,4.85,9.980670103092784,4.8,4.8,4.8,4.8374999999999995,False,0.7196516305739578,0.2420370702763509,True,True,True,1.0,True,5.810715773459551,333.85800687253607,N/A,new_parameter_combo,Q2_provisional,requires_pilot_and_Q3_k100_confirmation
4.8,65.0,5.0,0.65,False,5.0,9.925,4.8,4.8,4.8,4.95,False,0.6903430085021176,0.3017069444729564,True,True,True,1.0,True,5.803856779517089,331.5759122093969,N/A,new_parameter_combo,Q2_provisional,requires_pilot_and_Q3_k100_confirmation
4.8,65.0,5.4,0.65,False,5.4,9.791666666666668,4.8,4.8,4.8,5.25,False,0.6434854072842334,0.48572012728981473,True,True,True,0.952,True,5.8434822789931555,344.97856304285165,N/A,new_parameter_combo,Q2_provisional,requires_pilot_and_Q3_k100_confirmation
4.8,65.0,5.5,0.65,False,5.5,9.761363636363638,4.8,4.8,4.8,5.325,False,0.7051761974058366,0.551151419581727,True,True,True,0.842,True,5.861345631206848,351.1964070477742,N/A,new_parameter_combo,Q2_provisional,requires_pilot_and_Q3_k100_confirmation
4.8,65.0,6.0,0.65,False,6.0,9.625,4.8,4.8,4.8,5.7,False,1.0513198701573923,0.9126448933232519,True,True,True,0.306,False,5.998404256343365,402.7855379266085,N/A,new_parameter_combo,rejected,no_support
4.8,69.0,3.0,0.69,False,3.0,10.825000000000001,4.8,4.8,4.8,3.809999999999999,False,0.6597869940753762,1.4484025263924294,True,True,True,1.0,True,6.658915660231734,779.7050134217629,N/A,new_parameter_combo,Q2_provisional,requires_pilot_and_Q3_k100_confirmation
4.8,69.0,3.5,0.69,False,3.5,10.510714285714288,4.8,4.8,4.8,4.084999999999999,False,0.5905721888169825,0.9587692106688068,True,True,True,1.0,True,6.754527526595258,857.9343029733972,N/A,new_parameter_combo,Q2_provisional,requires_pilot_and_Q3_k100_confirmation
4.8,69.0,3.6,0.69,False,3.6,10.458333333333334,4.8,4.8,4.8,4.14,False,0.5959660310823778,0.8722555923832236,True,True,True,1.0,True,6.724145504441072,832.2605097076548,N/A,new_parameter_combo,Q2_provisional,requires_pilot_and_Q3_k100_confirmation
4.8,69.0,4.0,0.69,False,4.0,10.275,4.8,4.8,4.8,4.359999999999999,False,0.5905721888169826,0.5650951212901361,True,True,True,1.0,True,6.437602764401368,624.9069535923987,N/A,new_parameter_combo,Q2_provisional,requires_pilot_and_Q3_k100_confirmation
4.8,69.0,4.25,0.69,False,4.25,10.17794117647059,4.8,4.8,4.8,4.4975,False,0.5407175882141081,0.40554604316515575,True,True,True,1.0,True,6.209812291255006,497.6078371771431,N/A,new_parameter_combo,Q2_provisional,requires_pilot_and_Q3_k100_confirmation
4.8,69.0,4.4,0.69,False,4.4,10.125,4.8,4.8,4.8,4.58,False,0.5134934373524963,0.326019933256752,True,True,True,1.0,True,6.105591829853527,448.35791454826546,N/A,new_parameter_combo,Q2_provisional,requires_pilot_and_Q3_k100_confirmation
4.8,69.0,4.5,0.69,False,4.5,10.091666666666667,4.8,4.8,4.8,4.635,False,0.5668117061283067,0.28100452733256065,True,True,True,1.0,True,6.049633948288516,423.9578111550571,N/A,new_parameter_combo,Q2_provisional,requires_pilot_and_Q3_k100_confirmation
4.8,69.0,4.75,0.69,False,4.75,10.014473684210527,4.8,4.8,4.8,4.7725,False,0.7140031583992348,0.2316004973275261,True,True,True,0.998,True,5.957067735501898,386.4752135736804,N/A,new_parameter_combo,Q2_provisional,requires_pilot_and_Q3_k100_confirmation
4.8,69.0,4.8,0.69,False,4.8,10.000000000000002,4.8,4.8,4.8,4.8,False,0.6854199517114181,0.2333372072577528,True,True,True,0.998,True,5.9466679485661595,382.47678115683874,N/A,new_parameter_combo,Q2_provisional,requires_pilot_and_Q3_k100_confirmation
4.8,69.0,4.85,0.69,False,4.85,9.985824742268042,4.8,4.8,4.8,4.8275,False,0.658027742731325,0.23903905202280423,True,True,True,0.994,True,5.938972646837615,379.54480262015534,N/A,new_parameter_combo,Q2_provisional,requires_pilot_and_Q3_k100_confirmation
4.8,69.0,5.0,0.69,False,5.0,9.945,4.8,4.8,4.8,4.91,False,0.6258398438930535,0.27567361506580584,True,True,True,0.985,True,5.932113652895152,376.95041473473174,N/A,new_parameter_combo,Q2_provisional,requires_pilot_and_Q3_k100_confirmation
4.8,69.0,5.4,0.69,False,5.4,9.847222222222221,4.8,4.8,4.8,5.13,False,0.6729784543356492,0.4145003680531476,True,True,True,0.908,True,5.97173915237122,392.1871511929132,N/A,new_parameter_combo,Q2_provisional,requires_pilot_and_Q3_k100_confirmation
4.8,69.0,5.5,0.69,False,5.5,9.825000000000001,4.8,4.8,4.8,5.1850000000000005,False,0.6421647064453808,0.44182984884812226,True,True,True,0.708,False,5.989602504584912,399.2558760010387,N/A,new_parameter_combo,rejected,no_support
4.8,69.0,6.0,0.69,False,6.0,9.725,4.8,4.8,4.8,5.460000000000001,False,1.0101363819821967,0.6692729217703859,True,True,True,0.306,False,6.1266611297214295,457.90472100006895,N/A,new_parameter_combo,rejected,no_support
4.8,70.0,3.0,0.7,False,3.0,10.750000000000002,4.8,4.8,4.8,3.8999999999999995,False,0.6727983747462719,1.3316640182594397,True,True,True,1.0,True,6.701811853109518,813.8791194814601,N/A,new_parameter_combo,Q2_provisional,requires_pilot_and_Q3_k100_confirmation
4.8,70.0,3.5,0.7,False,3.5,10.464285714285717,4.8,4.8,4.8,4.1499999999999995,False,0.6039226577390623,0.8748535236583853,True,True,True,1.0,True,6.797423719473042,895.5371622052457,N/A,new_parameter_combo,Q2_provisional,requires_pilot_and_Q3_k100_confirmation
4.8,70.0,3.6,0.7,False,3.6,10.416666666666668,4.8,4.8,4.8,4.199999999999999,False,0.6091182151274089,0.7967078601349017,True,True,True,1.0,True,6.767041697318857,868.7380985886462,N/A,new_parameter_combo,Q2_provisional,requires_pilot_and_Q3_k100_confirmation
4.8,70.0,4.0,0.7,False,4.0,10.250000000000002,4.8,4.8,4.8,4.3999999999999995,False,0.5758755534498965,0.5206085195714798,True,True,True,1.0,True,6.480498957279153,652.2963330909207,N/A,new_parameter_combo,Q2_provisional,requires_pilot_and_Q3_k100_confirmation
4.8,70.0,4.25,0.7,False,4.25,10.161764705882355,4.8,4.8,4.8,4.5249999999999995,False,0.5246262031782484,0.3791740764537307,True,True,True,1.0,True,6.252708484132791,519.4177559427027,N/A,new_parameter_combo,Q2_provisional,requires_pilot_and_Q3_k100_confirmation
4.8,70.0,4.4,0.7,False,4.4,10.113636363636365,4.8,4.8,4.8,4.6000000000000005,False,0.5314612125152349,0.31004493124373184,True,True,True,1.0,True,6.1484880227313115,468.00923223985615,N/A,new_parameter_combo,Q2_provisional,requires_pilot_and_Q3_k100_confirmation
4.8,70.0,4.5,0.7,False,4.5,10.083333333333334,4.8,4.8,4.8,4.6499999999999995,False,0.5831389374824525,0.26766297599167793,True,True,True,1.0,True,6.092530141166301,442.53968372718174,N/A,new_parameter_combo,Q2_provisional,requires_pilot_and_Q3_k100_confirmation
4.8,70.0,4.75,0.7,False,4.75,10.013157894736842,4.8,4.8,4.8,4.7749999999999995,False,0.7018957565488094,0.23158901925080533,True,True,True,0.996,True,5.999963928379683,403.41424142493105,N/A,new_parameter_combo,Q2_provisional,requires_pilot_and_Q3_k100_confirmation
4.8,70.0,4.8,0.7,False,4.8,10.000000000000002,4.8,4.8,4.8,4.8,False,0.6727983747462724,0.2333372072577528,True,True,True,0.996,True,5.989564141443944,399.24055958538014,N/A,new_parameter_combo,Q2_provisional,requires_pilot_and_Q3_k100_confirmation
4.8,70.0,4.85,0.7,False,4.85,9.987113402061857,4.8,4.8,4.8,4.825,False,0.6448702606425774,0.23836457487686902,True,True,True,0.988,True,5.9818688397154,396.1800738007599,N/A,new_parameter_combo,Q2_provisional,requires_pilot_and_Q3_k100_confirmation
4.8,70.0,5.0,0.7,False,5.0,9.950000000000001,4.8,4.8,4.8,4.9,False,0.6119907295549699,0.2698846631900925,True,True,True,0.976,True,5.975009845772937,393.4719751077485,N/A,new_parameter_combo,Q2_provisional,requires_pilot_and_Q3_k100_confirmation
4.8,70.0,5.4,0.7,False,5.4,9.861111111111112,4.8,4.8,4.8,5.1000000000000005,False,0.6903430085021174,0.401022929316766,True,True,True,0.908,True,6.014635345249004,409.376530598464,N/A,new_parameter_combo,Q2_provisional,requires_pilot_and_Q3_k100_confirmation
4.8,70.0,5.5,0.7,False,5.5,9.840909090909092,4.8,4.8,4.8,5.1499999999999995,False,0.6373174008198387,0.4226919883873573,True,True,True,0.708,False,6.032498697462697,416.75507430879185,N/A,new_parameter_combo,rejected,no_support
4.8,70.0,6.0,0.7,False,6.0,9.750000000000002,4.8,4.8,4.8,5.4,False,1.0016150223819655,0.608429928882167,True,True,True,0.306,False,6.169557322599214,477.97447075327165,N/A,new_parameter_combo,rejected,no_support
4.8,71.0,3.0,0.71,False,3.0,10.675000000000002,4.8,4.8,4.8,3.9899999999999993,False,0.6854199517114177,1.1995628671483547,True,True,True,1.0,True,6.74904083580061,853.23997267669,N/A,new_parameter_combo,Q2_provisional,requires_pilot_and_Q3_k100_confirmation
4.8,71.0,3.5,0.71,False,3.5,10.417857142857144,4.8,4.8,4.8,4.215,False,0.6059468261509827,0.7915487509306224,True,True,True,1.0,True,6.844652702164134,938.8471647949318,N/A,new_parameter_combo,Q2_provisional,requires_pilot_and_Q3_k100_confirmation
4.8,71.0,3.6,0.71,False,3.6,10.375000000000002,4.8,4.8,4.8,4.26,False,0.609787935704383,0.7218247388389072,True,True,True,1.0,True,6.814270680009949,910.7520438357456,N/A,new_parameter_combo,Q2_provisional,requires_pilot_and_Q3_k100_confirmation
4.8,71.0,4.0,0.71,False,4.0,10.225000000000001,4.8,4.8,4.8,4.4399999999999995,False,0.5846370756324661,0.47705105047792445,True,True,True,1.0,True,6.527727939970244,683.8427133727205,N/A,new_parameter_combo,Q2_provisional,requires_pilot_and_Q3_k100_confirmation
4.8,71.0,4.25,0.71,False,4.25,10.14558823529412,4.8,4.8,4.8,4.5525,False,0.5096297175200755,0.35386000330842476,True,True,True,1.0,True,6.299937466823883,544.5378573794889,N/A,new_parameter_combo,Q2_provisional,requires_pilot_and_Q3_k100_confirmation
4.8,71.0,4.4,0.71,False,4.4,10.102272727272728,4.8,4.8,4.8,4.62,False,0.550326433740439,0.2950531376567696,True,True,True,1.0,True,6.195717005422403,490.64311268139124,N/A,new_parameter_combo,Q2_provisional,requires_pilot_and_Q3_k100_confirmation
4.8,71.0,4.5,0.71,False,4.5,10.075000000000001,4.8,4.8,4.8,4.665,False,0.6003825311195102,0.25479801957969556,True,True,True,1.0,True,6.1397591238573925,463.94180488658304,N/A,new_parameter_combo,Q2_provisional,requires_pilot_and_Q3_k100_confirmation
4.8,71.0,4.75,0.71,False,4.75,10.01184210526316,4.8,4.8,4.8,4.7775,False,0.6907586039852076,0.2316115319747195,True,True,True,0.998,True,6.047192911070774,422.9241764429328,N/A,new_parameter_combo,Q2_provisional,requires_pilot_and_Q3_k100_confirmation
4.8,71.0,4.8,0.71,False,4.8,10.000000000000002,4.8,4.8,4.8,4.8,False,0.6611712705340371,0.2333372072577528,True,True,True,0.996,True,6.036793124135036,418.54864684216295,N/A,new_parameter_combo,Q2_provisional,requires_pilot_and_Q3_k100_confirmation
4.8,71.0,4.85,0.71,False,4.85,9.988402061855671,4.8,4.8,4.8,4.8225,False,0.6327301549472674,0.23772063664269386,True,True,True,0.976,True,6.0290978224064915,415.34014972663243,N/A,new_parameter_combo,Q2_provisional,requires_pilot_and_Q3_k100_confirmation
4.8,71.0,5.0,0.71,False,5.0,9.955000000000002,4.8,4.8,4.8,4.89,False,0.6059468261509827,0.2644226737435668,True,True,True,0.924,True,6.022238828464029,412.50108186075204,N/A,new_parameter_combo,Q2_provisional,requires_pilot_and_Q3_k100_confirmation
4.8,71.0,5.4,0.71,False,5.4,9.875000000000002,4.8,4.8,4.8,5.07,False,0.7084346066058137,0.3896705109985514,True,True,True,0.832,True,6.061864327940096,429.1748140741787,N/A,new_parameter_combo,Q2_provisional,requires_pilot_and_Q3_k100_confirmation
4.8,71.0,5.5,0.71,False,5.5,9.856818181818184,4.8,4.8,4.8,5.115,False,0.6568710618049287,0.40598470138521797,True,True,True,0.708,False,6.0797276801537885,436.910199198452,N/A,new_parameter_combo,rejected,no_support
4.8,71.0,6.0,0.71,False,6.0,9.775,4.8,4.8,4.8,5.340000000000001,False,0.9938422656435943,0.5475869359939519,True,True,True,0.306,False,6.216786305290306,501.0902904420403,N/A,new_parameter_combo,rejected,no_support
4.9,2.0,3.0,0.02,False,3.0,15.844897959183674,3.19,3.0000000000000004,3.0,3.0,False,1.4065818769380656,7.896327390035518,False,False,False,0.0,False,7.0859083014912905,1195.0081703931178,N/A,new_parameter_combo,rejected,no_support
4.9,2.0,3.5,0.02,False,3.5,13.616326530612245,3.64,3.5,3.5,3.4999999999999996,False,1.2289036095775185,4.668643128163655,False,False,False,0.0,False,7.1815201678548135,1314.9056169517726,N/A,new_parameter_combo,rejected,no_support
4.9,2.0,3.6,0.02,False,3.6,13.244897959183673,3.7300000000000004,3.6,3.6,3.6000000000000005,False,1.1647334809443117,4.168122726873337,True,False,False,0.0,False,7.151138145700629,1275.5568989245496,N/A,new_parameter_combo,rejected,no_support
4.9,2.0,4.0,0.02,False,4.0,11.944897959183674,4.09,4.0,4.0,4.0,False,1.0643111813827415,2.717373625520985,True,True,True,0.091,False,6.864595405660924,957.7582578328784,N/A,new_parameter_combo,rejected,no_support
4.9,2.0,4.25,0.02,False,4.25,11.256662665066026,4.315,4.25,4.25,4.25,False,0.9234491273569577,2.2155461719703036,True,True,True,0.8,True,6.636804932514562,762.6543639481184,N/A,new_parameter_combo,Q2_provisional,requires_pilot_and_Q3_k100_confirmation
4.9,2.0,4.4,0.02,False,4.4,10.88126159554731,4.45,4.4,4.4,4.4,False,0.8503871417280051,1.5902842025037411,True,True,True,0.656,False,6.532584471113084,687.171894399213,N/A,new_parameter_combo,rejected,no_support
4.9,2.0,4.5,0.02,False,4.5,10.644897959183673,4.54,4.5,4.5,4.5,False,0.8079345832530791,1.1828275546847586,True,True,True,0.656,False,6.476626589548072,649.7752861802161,N/A,new_parameter_combo,rejected,no_support
4.9,2.0,4.75,0.02,False,4.75,10.097529538131042,4.765,4.75,4.75,4.75,False,0.7299029324617942,0.28943822135941594,True,True,True,0.808,True,6.384060376761455,592.3279059707049,N/A,new_parameter_combo,Q2_provisional,requires_pilot_and_Q3_k100_confirmation
4.9,2.0,4.8,0.02,False,4.8,9.994897959183673,4.8100000000000005,4.8,4.8,4.8,False,0.7199710347064848,0.22380954118065133,True,True,True,0.808,True,6.3736605898257155,586.1997429800352,N/A,new_parameter_combo,Q2_provisional,requires_pilot_and_Q3_k100_confirmation
4.9,2.0,4.85,0.02,False,4.85,9.894382495266148,4.8549999999999995,4.85,4.85,4.85,False,0.71875175243797,0.2923210736917458,True,True,True,0.808,True,6.365965288097172,581.7060713395551,N/A,new_parameter_combo,Q2_provisional,requires_pilot_and_Q3_k100_confirmation
4.9,2.0,5.0,0.02,False,5.0,9.604897959183672,4.99,5.0,5.0,5.000000000000001,False,0.7417574277569811,0.732687189587451,True,True,True,0.507,False,6.359106294154709,577.7298051018349,N/A,new_parameter_combo,rejected,no_support
4.9,2.0,5.4,0.02,False,5.4,8.911564625850339,5.350000000000001,5.4,5.4,5.4,False,0.8835180143226586,2.0098904010536836,True,True,True,0.29,False,6.398731793630776,601.0822579451822,N/A,new_parameter_combo,rejected,no_support
4.9,2.0,5.5,0.02,False,5.5,8.753988868274583,5.44,5.5,5.499999999999999,5.5,False,0.9328472981322578,2.1983277382812094,True,True,True,0.516,False,6.416595145844468,611.9160781137864,N/A,new_parameter_combo,rejected,no_support
4.9,2.0,6.0,0.02,False,6.0,8.044897959183674,5.890000000000001,6.000000000000001,6.0,6.0,False,1.1402439431981213,3.6071026334152676,True,False,False,0.0,False,6.553653770980986,701.8037250462935,N/A,new_parameter_combo,rejected,no_support
4.9,4.0,3.0,0.04,False,3.0,15.689795918367347,3.3799999999999994,3.0000000000000004,3.0,3.0,False,1.3509267888288803,7.653142602485485,False,False,False,0.0,False,7.037250361348676,1138.2535139354538,N/A,new_parameter_combo,rejected,no_support
4.9,4.0,3.5,0.04,False,3.5,13.518367346938774,3.78,3.5,3.5,3.4999999999999996,False,1.1965938052212532,4.504129995069629,True,False,False,0.0,False,7.132862227712199,1252.4566576782968,N/A,new_parameter_combo,rejected,no_support
4.9,4.0,3.6,0.04,False,3.6,13.156462585034014,3.86,3.6,3.6,3.6000000000000005,False,1.1485017414005083,4.031151639614978,True,False,False,0.0,False,7.102480205558014,1214.9767327095763,N/A,new_parameter_combo,rejected,no_support
4.9,4.0,4.0,0.04,False,4.0,11.889795918367346,4.18,4.0,4.0,4.0,False,1.0315943302698491,2.652781321055952,True,True,True,0.282,False,6.81593746551831,912.2713379610979,N/A,new_parameter_combo,rejected,no_support
4.9,4.0,4.25,0.04,False,4.25,11.219207683073229,4.38,4.25,4.25,4.25,False,0.885543258257268,2.1528267987082006,True,True,True,0.902,True,6.588146992371947,726.4335350917142,N/A,new_parameter_combo,Q2_provisional,requires_pilot_and_Q3_k100_confirmation
4.9,4.0,4.4,0.04,False,4.4,10.853432282003709,4.5,4.4,4.4,4.4,False,0.8090654251943399,1.5367548917304397,True,True,True,0.8,True,6.483926530970469,654.5359628966193,N/A,new_parameter_combo,Q2_provisional,requires_pilot_and_Q3_k100_confirmation
4.9,4.0,4.5,0.04,False,4.5,10.62312925170068,4.579999999999999,4.5,4.5,4.5,False,0.7643211774148995,1.1390814954814097,True,True,True,0.656,False,6.427968649405457,618.9154359670524,N/A,new_parameter_combo,rejected,no_support
4.9,4.0,4.75,0.04,False,4.75,10.089795918367347,4.779999999999999,4.75,4.75,4.75,False,0.6874999999999999,0.26983372980886966,True,True,True,0.808,True,6.33540243661884,564.1964105997604,N/A,new_parameter_combo,Q2_provisional,requires_pilot_and_Q3_k100_confirmation
4.9,4.0,4.8,0.04,False,4.8,9.989795918367347,4.819999999999999,4.8,4.8,4.8,False,0.6886626532635554,0.21465776610941645,True,True,True,0.808,True,6.325002649683101,558.3592931382084,N/A,new_parameter_combo,Q2_provisional,requires_pilot_and_Q3_k100_confirmation
4.9,4.0,4.85,0.04,False,4.85,9.891857774037451,4.859999999999999,4.85,4.85,4.85,False,0.6921388950203563,0.2916263732281912,True,True,True,0.808,True,6.317307347954557,554.0790399466625,N/A,new_parameter_combo,Q2_provisional,requires_pilot_and_Q3_k100_confirmation
4.9,4.0,5.0,0.04,False,5.0,9.609795918367347,4.9799999999999995,5.0,5.0,5.000000000000001,False,0.7160001745809842,0.7249707361382371,True,True,True,0.681,False,6.310448354012094,550.2916189653156,N/A,new_parameter_combo,rejected,no_support
4.9,4.0,5.4,0.04,False,5.4,8.934240362811789,5.3,5.4,5.4,5.4,False,0.8620071055391599,1.9788885085418466,True,True,True,0.696,False,6.350073853488161,572.5349911585013,N/A,new_parameter_combo,rejected,no_support
4.9,4.0,5.5,0.04,False,5.5,8.780705009276437,5.38,5.5,5.499999999999999,5.5,False,0.9125000000000001,2.1581785729777847,True,True,True,0.516,False,6.367937205701854,582.8542794962558,N/A,new_parameter_combo,rejected,no_support
4.9,4.0,6.0,0.04,False,6.0,8.089795918367347,5.779999999999999,6.000000000000001,6.0,6.0,False,1.1009055294137997,3.5307907376388825,True,False,False,0.0,False,6.5049958308383715,668.4728823771522,N/A,new_parameter_combo,rejected,no_support
4.9,13.0,3.0,0.13,False,3.0,14.99183673469388,4.235,3.0000000000000004,3.0,3.0,False,1.1393674959451523,6.625493416807719,True,False,False,0.0,False,6.872477179232059,965.3369189688765,N/A,new_parameter_combo,rejected,no_support
4.9,13.0,3.5,0.13,False,3.5,13.077551020408164,4.41,3.5,3.5,3.4999999999999996,False,1.0474473952988606,3.871758594322821,True,False,False,0.0,False,6.968089045595583,1062.1910112844907,N/A,new_parameter_combo,rejected,no_support
4.9,13.0,3.6,0.13,False,3.6,12.758503401360544,4.445000000000001,3.6,3.6,3.6000000000000005,False,1.0037659318378798,3.4788934894636574,True,False,False,0.0,False,6.937707023441398,1030.4048100125112,N/A,new_parameter_combo,rejected,no_support
4.9,13.0,4.0,0.13,False,4.0,11.641836734693879,4.585000000000001,4.0,4.0,4.0,False,0.8815588726332275,2.457509661192137,True,True,True,0.107,False,6.651164283401694,773.6845894779458,N/A,new_parameter_combo,rejected,no_support
4.9,13.0,4.25,0.13,False,4.25,11.050660264105641,4.6725,4.25,4.25,4.25,False,0.8224392074797996,1.8884179583193543,True,True,True,0.95,True,6.423373810255332,616.0781425365938,N/A,new_parameter_combo,Q2_provisional,requires_pilot_and_Q3_k100_confirmation
4.9,13.0,4.4,0.13,False,4.4,10.728200371057513,4.7250000000000005,4.4,4.4,4.4,False,0.7394634879424409,1.3340532090177102,True,True,True,0.95,True,6.3191533488538525,555.1028150067974,N/A,new_parameter_combo,Q2_provisional,requires_pilot_and_Q3_k100_confirmation
4.9,13.0,4.5,0.13,False,4.5,10.525170068027212,4.760000000000001,4.5,4.5,4.5,False,0.7108870034208339,0.9741864256192482,True,True,True,0.947,True,6.263195467288842,524.8935432608677,N/A,new_parameter_combo,Q2_provisional,requires_pilot_and_Q3_k100_confirmation
4.9,13.0,4.75,0.13,False,4.75,10.05499462943072,4.8475,4.75,4.75,4.75,False,0.7340154623572938,0.2894118961196228,True,True,True,0.808,True,6.170629254502224,478.48710154085796,N/A,new_parameter_combo,Q2_provisional,requires_pilot_and_Q3_k100_confirmation
4.9,13.0,4.8,0.13,False,4.8,9.966836734693876,4.865,4.8,4.8,4.8,False,0.7351045496931656,0.24271531948602262,True,True,True,0.808,True,6.160229467566485,473.5367236882901,N/A,new_parameter_combo,Q2_provisional,requires_pilot_and_Q3_k100_confirmation
4.9,13.0,4.85,0.13,False,4.85,9.88049652850831,4.8825,4.85,4.85,4.85,False,0.7383621733130644,0.2948069073211687,True,True,True,0.808,True,6.152534165837941,469.9067006945123,N/A,new_parameter_combo,Q2_provisional,requires_pilot_and_Q3_k100_confirmation
4.9,13.0,5.0,0.13,False,5.0,9.631836734693877,4.9350000000000005,5.0,5.0,5.000000000000001,False,0.7607750646410487,0.6870068906918457,True,True,True,0.808,True,6.145675171895478,466.69464181992066,N/A,new_parameter_combo,Q2_provisional,requires_pilot_and_Q3_k100_confirmation
4.9,13.0,5.4,0.13,False,5.4,9.036281179138323,5.075,5.4,5.4,5.4,False,0.8559665291234188,1.7934735242108144,True,True,True,0.833,True,6.185300671371545,485.5589353341205,N/A,new_parameter_combo,Q2_provisional,requires_pilot_and_Q3_k100_confirmation
4.9,13.0,5.5,0.13,False,5.5,8.900927643784787,5.110000000000001,5.5,5.499999999999999,5.5,False,0.8522198653983563,2.0027448747782945,True,True,True,0.833,True,6.203164023585238,494.31057975073014,N/A,new_parameter_combo,Q2_provisional,requires_pilot_and_Q3_k100_confirmation
4.9,13.0,6.0,0.13,False,6.0,8.291836734693877,5.285,6.000000000000001,6.0,6.0,False,0.9547294333036596,3.222973184651764,True,False,False,0.0,False,6.340222648721755,566.9225219056051,N/A,new_parameter_combo,rejected,no_support
4.9,19.0,3.0,0.19,False,3.0,14.5265306122449,4.805,3.0000000000000004,3.0,3.0,False,1.031046191981717,6.0203602867981365,True,False,False,0.0,False,6.811889798904451,908.5862307975462,N/A,new_parameter_combo,rejected,no_support
4.9,19.0,3.5,0.19,False,3.5,12.783673469387757,4.83,3.5,3.5,3.4999999999999996,False,0.9426272041047655,3.527236436684746,True,False,False,0.0,False,6.907501665267975,999.7464184430772,N/A,new_parameter_combo,rejected,no_support
4.9,19.0,3.6,0.19,False,3.6,12.493197278911566,4.835,3.6,3.6,3.6000000000000005,False,0.9125,3.1877299043012255,True,False,False,0.0,False,6.87711964311379,969.8288795635657,N/A,new_parameter_combo,rejected,no_support
4.9,19.0,4.0,0.19,False,4.0,11.476530612244899,4.855,4.0,4.0,4.0,False,0.7483690600231948,2.335172860045512,True,True,True,0.995,True,6.590576903074085,728.2008500522063,N/A,new_parameter_combo,Q2_provisional,requires_pilot_and_Q3_k100_confirmation
4.9,19.0,4.25,0.19,False,4.25,10.938295318127253,4.8675,4.25,4.25,4.25,False,0.6972088120147508,1.7563178443503507,True,True,True,0.987,True,6.3627864299277235,579.8598462410247,N/A,new_parameter_combo,Q2_provisional,requires_pilot_and_Q3_k100_confirmation
4.9,19.0,4.4,0.19,False,4.4,10.644712430426717,4.875,4.4,4.4,4.4,False,0.7074603363800831,1.2342350306524306,True,True,True,0.996,True,6.258565968526245,522.4691654089687,N/A,new_parameter_combo,Q2_provisional,requires_pilot_and_Q3_k100_confirmation
4.9,19.0,4.5,0.19,False,4.5,10.459863945578231,4.88,4.5,4.5,4.5,False,0.7111919607968311,0.9003301419827886,True,True,True,0.996,True,6.2026080869612334,494.03585076884093,N/A,new_parameter_combo,Q2_provisional,requires_pilot_and_Q3_k100_confirmation
4.9,19.0,4.75,0.19,False,4.75,10.031793770139636,4.8925,4.75,4.75,4.75,False,0.6211231802968243,0.31274219860659014,True,True,True,0.947,True,6.110041874174616,450.35757312444406,N/A,new_parameter_combo,Q2_provisional,requires_pilot_and_Q3_k100_confirmation
4.9,19.0,4.8,0.19,False,4.8,9.951530612244898,4.8950000000000005,4.8,4.8,4.8,False,0.6094210409085342,0.2766000224772524,True,True,True,0.898,True,6.099642087238877,445.69822045108623,N/A,new_parameter_combo,Q2_provisional,requires_pilot_and_Q3_k100_confirmation
4.9,19.0,4.85,0.19,False,4.85,9.87292236482222,4.8975,4.85,4.85,4.85,False,0.6148544916631635,0.3143718071588426,True,True,True,0.898,True,6.091946785510333,442.28160098402225,N/A,new_parameter_combo,Q2_provisional,requires_pilot_and_Q3_k100_confirmation
4.9,19.0,5.0,0.19,False,5.0,9.646530612244899,4.905,5.0,5.0,5.000000000000001,False,0.6779720096865116,0.6684147332239351,True,True,True,0.966,True,6.0850877915678705,439.25837416174096,N/A,new_parameter_combo,Q2_provisional,requires_pilot_and_Q3_k100_confirmation
4.9,19.0,5.4,0.19,False,5.4,9.104308390022677,4.925,5.4,5.4,5.4,False,0.8209160668274869,1.6961043369132276,True,True,True,0.989,True,6.124713291043937,457.01366457271314,N/A,new_parameter_combo,Q2_provisional,requires_pilot_and_Q3_k100_confirmation
4.9,19.0,5.5,0.19,False,5.5,8.981076066790353,4.930000000000001,5.5,5.499999999999999,5.5,False,0.8170086834149995,1.8907917329450739,True,True,True,0.926,True,6.142576643257629,465.2508131345446,N/A,new_parameter_combo,Q2_provisional,requires_pilot_and_Q3_k100_confirmation
4.9,19.0,6.0,0.19,False,6.0,8.426530612244898,4.955,6.000000000000001,6.0,6.0,False,0.9331741865804053,3.000626527759007,True,False,False,0.0,False,6.279635268394147,533.5940097294263,N/A,new_parameter_combo,rejected,no_support
4.9,22.0,3.0,0.22,False,3.0,14.293877551020408,4.9,3.19,3.0,3.0,False,0.9836391848225484,5.56717632509334,True,False,False,0.0,False,6.796374531065688,894.5980677259712,N/A,new_parameter_combo,rejected,no_support
4.9,22.0,3.5,0.22,False,3.5,12.636734693877553,4.9,3.64,3.5,3.4999999999999996,False,0.8720010560984057,3.2309459507389486,True,False,False,0.0,False,6.8919863974292115,984.3547963191877,N/A,new_parameter_combo,rejected,no_support
4.9,22.0,3.6,0.22,False,3.6,12.360544217687076,4.9,3.7300000000000004,3.6,3.6000000000000005,False,0.8586208239891201,2.9233861222007147,True,False,False,0.0,False,6.861604375275027,954.8978536917011,N/A,new_parameter_combo,rejected,no_support
4.9,22.0,4.0,0.22,False,4.0,11.393877551020408,4.9,4.09,4.0,4.0,False,0.7029658606756876,2.211962912810216,True,True,True,1.0,True,6.575061635235322,716.9898148261402,N/A,new_parameter_combo,Q2_provisional,requires_pilot_and_Q3_k100_confirmation
4.9,22.0,4.25,0.22,False,4.25,10.882112845138055,4.9,4.315,4.25,4.25,False,0.678912038575285,1.6461887257995136,True,True,True,0.996,True,6.34727116208896,570.9325988175655,N/A,new_parameter_combo,Q2_provisional,requires_pilot_and_Q3_k100_confirmation
4.9,22.0,4.4,0.22,False,4.4,10.602968460111317,4.9,4.45,4.4,4.4,False,0.6440386959156528,1.1519549628122134,True,True,True,0.996,True,6.243050700687482,514.4254777127604,N/A,new_parameter_combo,Q2_provisional,requires_pilot_and_Q3_k100_confirmation
4.9,22.0,4.5,0.22,False,4.5,10.427210884353745,4.9,4.54,4.5,4.5,False,0.6636157335662971,0.906570673749854,True,True,True,0.996,True,6.18709281912247,486.42990891157467,N/A,new_parameter_combo,Q2_provisional,requires_pilot_and_Q3_k100_confirmation
4.9,22.0,4.75,0.22,False,4.75,10.020193340494094,4.9,4.765,4.75,4.75,False,0.6500220757632714,0.29466564224528935,True,True,True,0.971,True,6.094526606335853,443.4240813326372,N/A,new_parameter_combo,Q2_provisional,requires_pilot_and_Q3_k100_confirmation
4.9,22.0,4.8,0.22,False,4.8,9.943877551020408,4.9,4.8100000000000005,4.8,4.8,False,0.6388495119976161,0.2756487876624179,True,True,True,0.947,True,6.0841268194001135,438.8364618451826,N/A,new_parameter_combo,Q2_provisional,requires_pilot_and_Q3_k100_confirmation
4.9,22.0,4.85,0.22,False,4.85,9.86913528297917,4.9,4.8549999999999995,4.85,4.85,False,0.630022776556207,0.3199815351011068,True,True,True,0.957,True,6.07643151767157,435.4724430324526,N/A,new_parameter_combo,Q2_provisional,requires_pilot_and_Q3_k100_confirmation
4.9,22.0,5.0,0.22,False,5.0,9.65387755102041,4.9,4.99,5.0,5.000000000000001,False,0.6184890451573029,0.6564256377672117,True,True,True,0.966,True,6.069572523729107,432.49576037775716,N/A,new_parameter_combo,Q2_provisional,requires_pilot_and_Q3_k100_confirmation
4.9,22.0,5.4,0.22,False,5.4,9.138321995464853,4.9,5.35,5.4,5.4,False,0.8164289620046564,1.6250225779893814,True,True,True,0.989,True,6.109198023205174,449.9776987509884,N/A,new_parameter_combo,Q2_provisional,requires_pilot_and_Q3_k100_confirmation
4.9,22.0,5.5,0.22,False,5.5,9.021150278293135,4.9,5.44,5.499999999999999,5.5,False,0.8125000000000004,1.7977551443899875,True,True,True,0.967,True,6.127061375418866,458.08803207677283,N/A,new_parameter_combo,Q2_provisional,requires_pilot_and_Q3_k100_confirmation
4.9,22.0,6.0,0.22,False,6.0,8.493877551020407,4.9,5.89,6.0,6.0,False,0.9371024497222868,2.8387395006240665,True,False,False,0.0,False,6.264120000555383,525.3790492016192,N/A,new_parameter_combo,rejected,no_support
4.9,24.0,3.0,0.24,False,3.0,14.138775510204082,4.9,3.38,3.0,3.0,False,0.93802611088065,5.207954483554852,True,False,False,0.0,False,6.791504508923194,890.2519467699431,N/A,new_parameter_combo,rejected,no_support
4.9,24.0,3.5,0.24,False,3.5,12.538775510204083,4.9,3.78,3.5,3.4999999999999996,False,0.843449020391867,2.98607925581608,True,False,False,0.0,False,6.887116375286717,979.5726207670705,N/A,new_parameter_combo,rejected,no_support
4.9,24.0,3.6,0.24,False,3.6,12.272108843537415,4.9,3.8600000000000003,3.6,3.6000000000000005,False,0.8256124041199566,2.702146838458011,True,True,True,0.095,False,6.856734353132532,950.2587853519427,N/A,new_parameter_combo,rejected,no_support
4.9,24.0,4.0,0.24,False,4.0,11.338775510204083,4.9,4.18,4.0,4.0,False,0.7121953564614881,2.103455519821709,True,True,True,1.0,True,6.570191613092828,713.5065472315705,N/A,new_parameter_combo,Q2_provisional,requires_pilot_and_Q3_k100_confirmation
4.9,24.0,4.25,0.24,False,4.25,10.844657863145258,4.9,4.38,4.25,4.25,False,0.6765029563867406,1.55957129594364,True,True,True,1.0,True,6.342401139946466,568.1589038793363,N/A,new_parameter_combo,Q2_provisional,requires_pilot_and_Q3_k100_confirmation
4.9,24.0,4.4,0.24,False,4.4,10.57513914656772,4.9,4.5,4.4,4.4,False,0.604819187856999,1.0863606708982376,True,True,True,1.0,True,6.238180678544987,511.9263046990228,N/A,new_parameter_combo,Q2_provisional,requires_pilot_and_Q3_k100_confirmation
4.9,24.0,4.5,0.24,False,4.5,10.405442176870748,4.9,4.58,4.5,4.5,False,0.6256246878121097,0.8485342070011859,True,True,True,0.996,True,6.182222796979977,484.0667434889918,N/A,new_parameter_combo,Q2_provisional,requires_pilot_and_Q3_k100_confirmation
4.9,24.0,4.75,0.24,False,4.75,10.012459720730398,4.9,4.78,4.75,4.75,False,0.6746715943361496,0.27871140285117063,True,True,True,0.971,True,6.089656584193358,441.2698460824019,N/A,new_parameter_combo,Q2_provisional,requires_pilot_and_Q3_k100_confirmation
4.9,24.0,4.8,0.24,False,4.8,9.938775510204081,4.9,4.82,4.8,4.8,False,0.6639139704841901,0.2711474892358334,True,True,True,0.99,True,6.079256797257619,436.70451408908804,N/A,new_parameter_combo,Q2_provisional,requires_pilot_and_Q3_k100_confirmation
4.9,24.0,4.85,0.24,False,4.85,9.866610561750473,4.9,4.86,4.85,4.85,False,0.6554248699920396,0.322532832094024,True,True,True,0.983,True,6.0715614955290755,433.3568382947323,N/A,new_parameter_combo,Q2_provisional,requires_pilot_and_Q3_k100_confirmation
4.9,24.0,5.0,0.24,False,5.0,9.658775510204084,4.9,4.98,5.0,5.000000000000001,False,0.6443459941708973,0.6476717028185507,True,True,True,0.966,True,6.064702501586613,430.3946169085459,N/A,new_parameter_combo,Q2_provisional,requires_pilot_and_Q3_k100_confirmation
4.9,24.0,5.4,0.24,False,5.4,9.160997732426303,4.9,5.3,5.4,5.4,False,0.8184262679816977,1.566702346695676,True,True,True,0.989,True,6.1043280010626795,447.7916248292567,N/A,new_parameter_combo,Q2_provisional,requires_pilot_and_Q3_k100_confirmation
4.9,24.0,5.5,0.24,False,5.5,9.04786641929499,4.9,5.38,5.499999999999999,5.5,False,0.8145069404998645,1.7881184325008814,True,True,True,0.967,True,6.1221913532763725,455.8625566730808,N/A,new_parameter_combo,Q2_provisional,requires_pilot_and_Q3_k100_confirmation
4.9,24.0,6.0,0.24,False,6.0,8.538775510204081,4.9,5.78,6.0,6.0,False,0.9392263017603198,2.738704738929936,True,True,True,0.251,False,6.25924997841289,522.8266617351478,N/A,new_parameter_combo,rejected,no_support
4.9,27.0,3.0,0.27,False,3.0,13.906122448979591,4.9,3.6650000000000005,3.0,3.0,False,0.8717184090598739,4.671689970505612,True,False,False,0.0,False,6.792409710334476,891.0581689302234,N/A,new_parameter_combo,rejected,no_support
4.9,27.0,3.5,0.27,False,3.5,12.391836734693879,4.9,3.99,3.5,3.4999999999999996,False,0.806338489844111,2.622945758288937,True,True,True,0.095,False,6.888021576698,980.4597327327702,N/A,new_parameter_combo,rejected,no_support
4.9,27.0,3.6,0.27,False,3.6,12.139455782312925,4.9,4.055000000000001,3.6,3.6000000000000005,False,0.7814188593024033,2.3756301275184986,True,True,True,0.292,False,6.857639554543814,951.1193503791034,N/A,new_parameter_combo,rejected,no_support
4.9,27.0,4.0,0.27,False,4.0,11.256122448979593,4.9,4.315,4.0,4.0,False,0.7250637727054053,1.9535340383092654,True,True,True,1.0,True,6.57109681450411,714.1527067732264,N/A,new_parameter_combo,Q2_provisional,requires_pilot_and_Q3_k100_confirmation
4.9,27.0,4.25,0.27,False,4.25,10.788475390156064,4.9,4.4775,4.25,4.25,False,0.6819114229689297,1.4364345309972524,True,True,True,1.0,True,6.343306341357748,568.6734349629588,N/A,new_parameter_combo,Q2_provisional,requires_pilot_and_Q3_k100_confirmation
4.9,27.0,4.4,0.27,False,4.4,10.533395176252318,4.9,4.575,4.4,4.4,False,0.579140042455631,0.9938026385149485,True,True,True,1.0,True,6.239085879956269,512.3899109093504,N/A,new_parameter_combo,Q2_provisional,requires_pilot_and_Q3_k100_confirmation
4.9,27.0,4.5,0.27,False,4.5,10.372789115646258,4.9,4.64,4.5,4.5,False,0.5746144448272088,0.7646976083654254,True,True,True,1.0,True,6.183127998391258,484.50511976783235,N/A,new_parameter_combo,Q2_provisional,requires_pilot_and_Q3_k100_confirmation
4.9,27.0,4.75,0.27,False,4.75,10.000859291084854,4.9,4.8025,4.75,4.75,True,0.6709558556299225,0.2576197772544514,True,True,True,0.998,True,6.09056178560464,441.66946501035363,N/A,existing_parameter_combo,Q2_provisional,requires_pilot_and_Q3_k100_confirmation
4.9,27.0,4.8,0.27,False,4.8,9.931122448979593,4.9,4.835,4.8,4.8,False,0.6955442187266611,0.26626177325191563,True,True,True,0.997,True,6.080161998668902,437.0999986011195,N/A,new_parameter_combo,Q2_provisional,requires_pilot_and_Q3_k100_confirmation
4.9,27.0,4.85,0.27,False,4.85,9.862823479907428,4.9,4.8675,4.85,4.85,False,0.7005756561571351,0.3267288682504068,True,True,True,0.99,True,6.072466696940357,433.7492911139706,N/A,new_parameter_combo,Q2_provisional,requires_pilot_and_Q3_k100_confirmation
4.9,27.0,5.0,0.27,False,5.0,9.666122448979593,4.9,4.965,5.0,5.000000000000001,False,0.6902218846139264,0.6311982872984216,True,True,True,0.994,True,6.0656077029978945,430.78438710683196,N/A,new_parameter_combo,Q2_provisional,requires_pilot_and_Q3_k100_confirmation
4.9,27.0,5.4,0.27,False,5.4,9.19501133786848,4.9,5.2250000000000005,5.4,5.4,False,0.796987392034043,1.4835279811856452,True,True,True,0.989,True,6.105233202473962,448.19714995327973,N/A,new_parameter_combo,Q2_provisional,requires_pilot_and_Q3_k100_confirmation
4.9,27.0,5.5,0.27,False,5.5,9.087940630797775,4.9,5.290000000000001,5.499999999999999,5.5,False,0.7977507442804428,1.687123123810803,True,True,True,0.967,True,6.123096554687654,456.2753909236156,N/A,new_parameter_combo,Q2_provisional,requires_pilot_and_Q3_k100_confirmation
4.9,27.0,6.0,0.27,False,6.0,8.606122448979592,4.9,5.615000000000001,6.0,6.0,False,0.9168229999652643,2.6044403445116804,True,True,True,0.857,True,6.260155179824172,523.3001394312154,N/A,new_parameter_combo,Q2_provisional,requires_pilot_and_Q3_k100_confirmation
4.9,30.0,3.0,0.3,False,3.0,13.6734693877551,4.9,3.95,3.0,3.0,False,0.838484495980695,4.1395716431751755,True,False,False,0.0,False,6.798877756787529,896.8402537979157,N/A,new_parameter_combo,rejected,no_support
4.9,30.0,3.5,0.3,False,3.5,12.244897959183673,4.9,4.2,3.5,3.4999999999999996,False,0.7643211774148994,2.3464833949834953,True,True,True,0.292,False,6.894489623151053,986.8219451917189,N/A,new_parameter_combo,rejected,no_support
4.9,30.0,3.6,0.3,False,3.6,12.006802721088436,4.9,4.25,3.6,3.6000000000000005,False,0.7445058113011774,2.2511837592115453,True,True,True,0.292,False,6.864107600996868,957.2911728200553,N/A,new_parameter_combo,rejected,no_support
4.9,30.0,4.0,0.3,False,4.0,11.173469387755102,4.9,4.45,4.0,4.0,False,0.7165700081154751,1.8223743135145924,True,True,True,1.0,True,6.577564860957163,718.7868504274085,N/A,new_parameter_combo,Q2_provisional,requires_pilot_and_Q3_k100_confirmation
4.9,30.0,4.25,0.3,False,4.25,10.732292917166866,4.9,4.575,4.25,4.25,False,0.6705884751926658,1.3234568323431637,True,True,True,1.0,True,6.349774387810801,572.36356224938,N/A,new_parameter_combo,Q2_provisional,requires_pilot_and_Q3_k100_confirmation
4.9,30.0,4.4,0.3,False,4.4,10.49165120593692,4.9,4.65,4.4,4.4,False,0.5978662100353562,0.9101330595850629,True,True,True,1.0,True,6.245553926409323,515.7148138770035,N/A,new_parameter_combo,Q2_provisional,requires_pilot_and_Q3_k100_confirmation
4.9,30.0,4.5,0.3,False,4.5,10.340136054421768,4.9,4.7,4.5,4.5,False,0.5357648785633872,0.6859776068274406,True,True,True,1.0,True,6.189596044844311,487.64907806260044,N/A,new_parameter_combo,Q2_provisional,requires_pilot_and_Q3_k100_confirmation
4.9,30.0,4.75,0.3,False,4.75,9.98925886143931,4.9,4.825,4.75,4.75,False,0.6353354609646652,0.24072259512361388,True,True,True,0.999,True,6.097029832057694,444.5354623371325,N/A,new_parameter_combo,Q2_provisional,requires_pilot_and_Q3_k100_confirmation
4.9,30.0,4.8,0.3,False,4.8,9.923469387755102,4.9,4.8500000000000005,4.8,4.8,False,0.6612496865475125,0.26372196692880956,True,True,True,0.999,True,6.086630045121955,439.93634461724344,N/A,new_parameter_combo,Q2_provisional,requires_pilot_and_Q3_k100_confirmation
4.9,30.0,4.85,0.3,False,4.85,9.859036398064381,4.9,4.875,4.85,4.85,False,0.6885137238713425,0.33093066467874555,True,True,True,1.0,True,6.078934743393411,436.56389435758797,N/A,new_parameter_combo,Q2_provisional,requires_pilot_and_Q3_k100_confirmation
4.9,30.0,5.0,0.3,False,5.0,9.673469387755102,4.9,4.950000000000001,5.0,5.000000000000001,False,0.7431854528628363,0.614016395854794,True,True,True,0.999,True,6.072075749450948,433.5797510603652,N/A,new_parameter_combo,Q2_provisional,requires_pilot_and_Q3_k100_confirmation
4.9,30.0,5.4,0.3,False,5.4,9.229024943310657,4.9,5.150000000000001,5.4,5.4,False,0.792741384728478,1.4204335239891104,True,True,True,0.989,True,6.111701248927015,451.1055054892589,N/A,new_parameter_combo,Q2_provisional,requires_pilot_and_Q3_k100_confirmation
4.9,30.0,5.5,0.3,False,5.5,9.128014842300555,4.9,5.2,5.499999999999999,5.5,False,0.843993256695182,1.5934923757983377,True,True,True,0.995,True,6.129564601140707,459.236166241491,N/A,new_parameter_combo,Q2_provisional,requires_pilot_and_Q3_k100_confirmation
4.9,30.0,6.0,0.3,False,6.0,8.673469387755102,4.9,5.45,6.0,6.0,False,0.9340241688303278,2.4670442981878535,True,True,True,0.857,True,6.2666232262772255,526.6958389747139,N/A,new_parameter_combo,Q2_provisional,requires_pilot_and_Q3_k100_confirmation
4.9,31.0,3.0,0.31,False,3.0,13.595918367346941,4.9,4.044999999999999,3.0,3.0,False,0.8389711416554281,3.9634092645883063,True,False,False,0.0,False,6.799291184705985,897.2111092529483,N/A,new_parameter_combo,rejected,no_support
4.9,31.0,3.5,0.31,False,3.5,12.195918367346938,4.9,4.27,3.5,3.4999999999999996,False,0.7432026154091632,2.4117438779908693,True,True,True,0.292,False,6.894903051069509,987.2300092811377,N/A,new_parameter_combo,rejected,no_support
4.9,31.0,3.6,0.31,False,3.6,11.962585034013605,4.9,4.3149999999999995,3.6,3.6000000000000005,False,0.7340154623572938,2.13694403354183,True,True,True,0.517,False,6.864521028915323,957.6870255396345,N/A,new_parameter_combo,rejected,no_support
4.9,31.0,4.0,0.31,False,4.0,11.145918367346939,4.9,4.495,4.0,4.0,False,0.7033847649409394,1.7835562949628796,True,True,True,1.0,True,6.577978288875619,719.084078415735,N/A,new_parameter_combo,Q2_provisional,requires_pilot_and_Q3_k100_confirmation
4.9,31.0,4.25,0.31,False,4.25,10.713565426170469,4.9,4.6075,4.25,4.25,False,0.6589223770517981,1.2885240454115996,True,True,True,1.0,True,6.3501878157292575,572.6002422472093,N/A,new_parameter_combo,Q2_provisional,requires_pilot_and_Q3_k100_confirmation
4.9,31.0,4.4,0.31,False,4.4,10.47773654916512,4.9,4.675,4.4,4.4,False,0.6066763964421229,0.9089590897297629,True,True,True,1.0,True,6.245967354327778,515.9280688587653,N/A,new_parameter_combo,Q2_provisional,requires_pilot_and_Q3_k100_confirmation
4.9,31.0,4.5,0.31,False,4.5,10.329251700680274,4.9,4.72,4.5,4.5,False,0.54557882106988,0.661193991888541,True,True,True,1.0,True,6.1900094727627675,487.85072748675964,N/A,new_parameter_combo,Q2_provisional,requires_pilot_and_Q3_k100_confirmation
4.9,31.0,4.75,0.31,False,4.75,9.985392051557465,4.9,4.8325,4.75,4.75,False,0.6256246878121098,0.23618438982492881,True,True,True,0.999,True,6.097443259976149,444.71928370383034,N/A,new_parameter_combo,Q2_provisional,requires_pilot_and_Q3_k100_confirmation
4.9,31.0,4.8,0.31,False,4.8,9.920918367346939,4.9,4.855,4.8,4.8,False,0.6519250340338218,0.26341021247860363,True,True,True,0.999,True,6.087043473040411,440.11826418717516,N/A,new_parameter_combo,Q2_provisional,requires_pilot_and_Q3_k100_confirmation
4.9,31.0,4.85,0.31,False,4.85,9.857774037450032,4.9,4.8774999999999995,4.85,4.85,False,0.6795632788784277,0.33174836205703695,True,True,True,1.0,True,6.0793481713118664,436.7444193741746,N/A,new_parameter_combo,Q2_provisional,requires_pilot_and_Q3_k100_confirmation
4.9,31.0,5.0,0.31,False,5.0,9.67591836734694,4.9,4.945,5.0,5.000000000000001,False,0.7621653665172458,0.6084112136960794,True,True,True,0.999,True,6.072489177369404,433.75904209373607,N/A,new_parameter_combo,Q2_provisional,requires_pilot_and_Q3_k100_confirmation
4.9,31.0,5.4,0.31,False,5.4,9.240362811791384,4.9,5.125,5.4,5.4,False,0.7828976299488919,1.395139050973275,True,True,True,0.995,True,6.112114676845471,451.2920436567837,N/A,new_parameter_combo,Q2_provisional,requires_pilot_and_Q3_k100_confirmation
4.9,31.0,5.5,0.31,False,5.5,9.141372912801485,4.9,5.17,5.499999999999999,5.5,False,0.8393711962546971,1.564150296032353,True,True,True,0.995,True,6.1299780290591634,459.426066546119,N/A,new_parameter_combo,Q2_provisional,requires_pilot_and_Q3_k100_confirmation
4.9,31.0,6.0,0.31,False,6.0,8.69591836734694,4.9,5.3950000000000005,6.0,6.0,False,0.9414237616395673,2.4187056982827526,True,True,True,0.857,True,6.267036654195681,526.9136347574066,N/A,new_parameter_combo,Q2_provisional,requires_pilot_and_Q3_k100_confirmation
4.9,37.0,3.0,0.37,False,3.0,13.130612244897959,4.9,4.615,3.0,3.0,False,0.7276626860667499,3.0296638439186445,True,False,False,0.0,False,6.7797213258300975,879.8235058562382,N/A,new_parameter_combo,rejected,no_support
4.9,37.0,3.5,0.37,False,3.5,11.90204081632653,4.9,4.69,3.5,3.4999999999999996,False,0.7204555850293617,1.9544675235342157,True,True,True,0.814,True,6.875333192193621,968.0978745074126,N/A,new_parameter_combo,Q2_provisional,requires_pilot_and_Q3_k100_confirmation
4.9,37.0,3.6,0.37,False,3.6,11.697278911564625,4.9,4.705,3.6,3.6000000000000005,False,0.6928226243242278,1.6687750962981782,True,True,True,0.954,True,6.844951170039437,939.127422335298,N/A,new_parameter_combo,Q2_provisional,requires_pilot_and_Q3_k100_confirmation
4.9,37.0,4.0,0.37,False,4.0,10.980612244897959,4.9,4.765,4.0,4.0,False,0.6286145480340077,1.6139544812476987,True,True,True,1.0,True,6.558408429999732,705.1485078065033,N/A,new_parameter_combo,Q2_provisional,requires_pilot_and_Q3_k100_confirmation
4.9,37.0,4.25,0.37,False,4.25,10.601200480192077,4.9,4.8025,4.25,4.25,False,0.6596637400979379,1.0975397069086787,True,True,True,1.0,True,6.33061795685337,561.5034715826725,N/A,new_parameter_combo,Q2_provisional,requires_pilot_and_Q3_k100_confirmation
4.9,37.0,4.4,0.37,False,4.4,10.394248608534323,4.9,4.825,4.4,4.4,False,0.6826532309111774,0.7654301318924869,True,True,True,1.0,True,6.2263974954518915,505.9295829394194,N/A,new_parameter_combo,Q2_provisional,requires_pilot_and_Q3_k100_confirmation
4.9,37.0,4.5,0.37,False,4.5,10.263945578231292,4.9,4.84,4.5,4.5,False,0.628979676677609,0.5455315886341837,True,True,True,1.0,True,6.17043961388688,478.3963695559944,N/A,new_parameter_combo,Q2_provisional,requires_pilot_and_Q3_k100_confirmation
4.9,37.0,4.75,0.37,False,4.75,9.962191192266381,4.9,4.8774999999999995,4.75,4.75,False,0.5934834256578797,0.226439158799247,True,True,True,1.0,True,6.077873401100263,436.1007964290246,N/A,new_parameter_combo,Q2_provisional,requires_pilot_and_Q3_k100_confirmation
4.9,37.0,4.8,0.37,False,4.8,9.90561224489796,4.9,4.885,4.8,4.8,False,0.6211461796796404,0.2756428173770218,True,True,True,1.0,True,6.067473614164523,431.5889428865206,N/A,new_parameter_combo,Q2_provisional,requires_pilot_and_Q3_k100_confirmation
4.9,37.0,4.85,0.37,False,4.85,9.85019987376394,4.9,4.8925,4.85,4.85,False,0.6500942828010502,0.34370550699006003,True,True,True,1.0,True,6.05977831243598,428.28048187776164,N/A,new_parameter_combo,Q2_provisional,requires_pilot_and_Q3_k100_confirmation
4.9,37.0,5.0,0.37,False,5.0,9.690612244897958,4.9,4.915,5.0,5.000000000000001,False,0.743116798713777,0.5761860564820477,True,True,True,1.0,True,6.052919318493517,425.35296005141475,N/A,new_parameter_combo,Q2_provisional,requires_pilot_and_Q3_k100_confirmation
4.9,37.0,5.4,0.37,False,5.4,9.308390022675736,4.9,4.9750000000000005,5.4,5.4,False,0.7444146618488316,1.2682194375482212,True,True,True,0.985,True,6.092544817969584,442.54617884272835,N/A,new_parameter_combo,Q2_provisional,requires_pilot_and_Q3_k100_confirmation
4.9,37.0,5.5,0.37,False,5.5,9.221521335807049,4.9,4.99,5.499999999999999,5.5,False,0.7478662035540634,1.4330070697811008,True,True,True,0.968,True,6.110408170183276,450.52256752249923,N/A,new_parameter_combo,Q2_provisional,requires_pilot_and_Q3_k100_confirmation
4.9,37.0,6.0,0.37,False,6.0,8.83061224489796,4.9,5.065,6.0,6.0,False,0.9357432520053083,2.21219621556548,True,True,True,0.938,True,6.247466795319794,516.702252830684,N/A,new_parameter_combo,Q2_provisional,requires_pilot_and_Q3_k100_confirmation
4.9,38.0,3.0,0.38,False,3.0,13.053061224489795,4.9,4.71,3.0,3.0,False,0.701967442846409,2.9171496427643904,True,False,False,0.0,False,6.772784611619679,873.7415404560645,N/A,new_parameter_combo,rejected,no_support
4.9,38.0,3.5,0.38,False,3.5,11.853061224489796,4.9,4.76,3.5,3.4999999999999996,False,0.70651135222042,1.9263041377475068,True,True,True,0.9,True,6.868396477983203,961.4056939308028,N/A,new_parameter_combo,Q2_provisional,requires_pilot_and_Q3_k100_confirmation
4.9,38.0,3.6,0.38,False,3.6,11.653061224489797,4.9,4.7700000000000005,3.6,3.6000000000000005,False,0.6812392107365061,1.6589605654706356,True,True,True,0.998,True,6.838014455829018,932.635506114625,N/A,new_parameter_combo,Q2_provisional,requires_pilot_and_Q3_k100_confirmation
4.9,38.0,4.0,0.38,False,4.0,10.953061224489797,4.9,4.8100000000000005,4.0,4.0,False,0.601404075680318,1.5977326076479526,True,True,True,1.0,True,6.551471715789313,700.274020141742,N/A,new_parameter_combo,Q2_provisional,requires_pilot_and_Q3_k100_confirmation
4.9,38.0,4.25,0.38,False,4.25,10.58247298919568,4.9,4.835,4.25,4.25,False,0.6337877107083236,1.0692206566860012,True,True,True,1.0,True,6.323681242642952,557.6219605028796,N/A,new_parameter_combo,Q2_provisional,requires_pilot_and_Q3_k100_confirmation
4.9,38.0,4.4,0.38,False,4.4,10.380333951762523,4.9,4.8500000000000005,4.4,4.4,False,0.6812392107365062,0.752341087675438,True,True,True,1.0,True,6.219460781241473,502.43223807663657,N/A,new_parameter_combo,Q2_provisional,requires_pilot_and_Q3_k100_confirmation
4.9,38.0,4.5,0.38,False,4.5,10.253061224489796,4.9,4.86,4.5,4.5,False,0.6462632977355284,0.5380904759913169,True,True,True,1.0,True,6.163502899676462,475.0893538331345,N/A,new_parameter_combo,Q2_provisional,requires_pilot_and_Q3_k100_confirmation
4.9,38.0,4.75,0.38,False,4.75,9.958324382384532,4.9,4.885,4.75,4.75,False,0.5927952850689686,0.23751638038652692,True,True,True,1.0,True,6.070936686889844,433.08615776886717,N/A,new_parameter_combo,Q2_provisional,requires_pilot_and_Q3_k100_confirmation
4.9,38.0,4.8,0.38,False,4.8,9.903061224489797,4.9,4.890000000000001,4.8,4.8,False,0.6204887186726281,0.28316050332900744,True,True,True,1.0,True,6.060536899954105,428.6054933648136,N/A,new_parameter_combo,Q2_provisional,requires_pilot_and_Q3_k100_confirmation
4.9,38.0,4.85,0.38,False,4.85,9.84893751314959,4.9,4.8950000000000005,4.85,4.85,False,0.6494661269073235,0.34563899813941884,True,True,True,1.0,True,6.052841598225561,425.3199027900097,N/A,new_parameter_combo,Q2_provisional,requires_pilot_and_Q3_k100_confirmation
4.9,38.0,5.0,0.38,False,5.0,9.693061224489796,4.9,4.91,5.0,5.000000000000001,False,0.7425673370139573,0.5710671501870583,True,True,True,1.0,True,6.045982604283099,422.4126180752402,N/A,new_parameter_combo,Q2_provisional,requires_pilot_and_Q3_k100_confirmation
4.9,38.0,5.4,0.38,False,5.4,9.319727891156461,4.9,4.95,5.4,5.4,False,0.7445620031472283,1.2563197017029026,True,True,True,0.985,True,6.085608103759165,439.486985118322,N/A,new_parameter_combo,Q2_provisional,requires_pilot_and_Q3_k100_confirmation
4.9,38.0,5.5,0.38,False,5.5,9.234879406307979,4.9,4.96,5.499999999999999,5.5,False,0.7677942042311996,1.4108690154378283,True,True,True,0.968,True,6.103471455972858,447.4082353303823,N/A,new_parameter_combo,Q2_provisional,requires_pilot_and_Q3_k100_confirmation
4.9,38.0,6.0,0.38,False,6.0,8.853061224489796,4.9,5.010000000000001,6.0,6.0,False,0.9474472280818602,2.2113334043043467,True,True,True,0.938,True,6.240530081109375,513.1304396170212,N/A,new_parameter_combo,Q2_provisional,requires_pilot_and_Q3_k100_confirmation
4.9,40.0,3.0,0.4,False,3.0,12.89795918367347,4.9,4.9,3.0,3.0,False,0.6874999999999999,2.7156429092911556,True,True,True,0.096,False,6.755761122286468,858.9933000857291,N/A,new_parameter_combo,rejected,no_support
4.9,40.0,3.5,0.4,False,3.5,11.755102040816327,4.9,4.9,3.5,3.4999999999999996,False,0.6752007449035929,1.894922634970266,True,True,True,0.954,True,6.851372988649992,945.1777345046096,N/A,new_parameter_combo,Q2_provisional,requires_pilot_and_Q3_k100_confirmation
4.9,40.0,3.6,0.4,False,3.6,11.564625850340136,4.9,4.9,3.6,3.6000000000000005,False,0.6512962937441744,1.843315866584922,True,True,True,1.0,True,6.820990966495807,916.8931704407272,N/A,new_parameter_combo,Q2_provisional,requires_pilot_and_Q3_k100_confirmation
4.9,40.0,4.0,0.4,False,4.0,10.89795918367347,4.9,4.9,4.0,4.0,False,0.5473993477511341,1.5275327989195218,True,True,True,1.0,True,6.534448226456102,688.453808905407,N/A,new_parameter_combo,Q2_provisional,requires_pilot_and_Q3_k100_confirmation
4.9,40.0,4.25,0.4,False,4.25,10.54501800720288,4.9,4.9,4.25,4.25,False,0.6066763964421231,1.060500695416662,True,True,True,1.0,True,6.30665775330974,548.2096316521975,N/A,new_parameter_combo,Q2_provisional,requires_pilot_and_Q3_k100_confirmation
4.9,40.0,4.4,0.4,False,4.4,10.352504638218925,4.9,4.9,4.4,4.4,False,0.7122192429301533,0.7330503879392899,True,True,True,1.0,True,6.202437291908262,493.95147909487633,N/A,new_parameter_combo,Q2_provisional,requires_pilot_and_Q3_k100_confirmation
4.9,40.0,4.5,0.4,False,4.5,10.231292517006803,4.9,4.9,4.5,4.5,False,0.6803043895933643,0.5295578882510914,True,True,True,1.0,True,6.14647941034325,467.0701265636366,N/A,new_parameter_combo,Q2_provisional,requires_pilot_and_Q3_k100_confirmation
4.9,40.0,4.75,0.4,False,4.75,9.950590762620838,4.9,4.9,4.75,4.75,False,0.6251512317031777,0.26010871916568484,True,True,True,1.0,True,6.053913197556632,425.77591960334894,N/A,new_parameter_combo,Q2_provisional,requires_pilot_and_Q3_k100_confirmation
4.9,40.0,4.8,0.4,False,4.8,9.897959183673471,4.9,4.9,4.8,4.8,False,0.6231144005096085,0.29834243867842064,True,True,True,1.0,True,6.043513410620894,421.3708861640492,N/A,new_parameter_combo,Q2_provisional,requires_pilot_and_Q3_k100_confirmation
4.9,40.0,4.85,0.4,False,4.85,9.846412791920894,4.9,4.9,4.85,4.85,False,0.6519751192510713,0.3496257760491267,True,True,True,1.0,True,6.035818108892349,418.14075441466684,N/A,new_parameter_combo,Q2_provisional,requires_pilot_and_Q3_k100_confirmation
4.9,40.0,5.0,0.4,False,5.0,9.697959183673468,4.9,4.9,5.0,5.000000000000001,False,0.7447627515675371,0.5610632801329639,True,True,True,1.0,True,6.0289591149498865,415.2825429461753,N/A,new_parameter_combo,Q2_provisional,requires_pilot_and_Q3_k100_confirmation
4.9,40.0,5.4,0.4,False,5.4,9.342403628117912,4.9,4.9,5.4,5.4,False,0.7489347026113232,1.2282160168977516,True,True,True,0.994,True,6.068584614425954,432.0687047733406,N/A,new_parameter_combo,Q2_provisional,requires_pilot_and_Q3_k100_confirmation
4.9,40.0,5.5,0.4,False,5.5,9.261595547309833,4.9,4.9,5.499999999999999,5.5,False,0.8092058220873108,1.3798567073281973,True,True,True,0.988,True,6.086447966639646,439.8562489673717,N/A,new_parameter_combo,Q2_provisional,requires_pilot_and_Q3_k100_confirmation
4.9,40.0,6.0,0.4,False,6.0,8.89795918367347,4.9,4.9,6.0,6.0,False,0.9729521272070559,2.140763197736424,True,True,True,0.854,True,6.223506591776164,504.4691013214223,N/A,new_parameter_combo,Q2_provisional,requires_pilot_and_Q3_k100_confirmation
4.9,50.0,3.0,0.5,False,3.0,12.122448979591837,4.9,4.9,3.9499999999999997,3.0,False,0.6286145480340077,2.1985315511834975,True,True,True,0.814,True,6.607642457372917,740.7346450925756,N/A,new_parameter_combo,Q2_provisional,requires_pilot_and_Q3_k100_confirmation
4.9,50.0,3.5,0.5,False,3.5,11.26530612244898,4.9,4.9,4.2,3.4999999999999996,False,0.4973943585920368,1.4319854803592864,True,True,True,1.0,True,6.703254323736441,815.0539633403461,N/A,new_parameter_combo,Q2_provisional,requires_pilot_and_Q3_k100_confirmation
4.9,50.0,3.6,0.5,False,3.6,11.122448979591836,4.9,4.9,4.25,3.6000000000000005,False,0.5000511453433372,1.3478045284255853,True,True,True,1.0,True,6.672872301582256,790.6633696985014,N/A,new_parameter_combo,Q2_provisional,requires_pilot_and_Q3_k100_confirmation
4.9,50.0,4.0,0.5,False,4.0,10.622448979591837,4.9,4.9,4.45,4.0,False,0.5771615316992891,1.146694716039767,True,True,True,1.0,True,6.386329561542551,593.6735336018144,N/A,new_parameter_combo,Q2_provisional,requires_pilot_and_Q3_k100_confirmation
4.9,50.0,4.25,0.5,False,4.25,10.357743097238895,4.9,4.9,4.575,4.25,False,0.6066763964421231,0.7434539874235228,True,True,True,1.0,True,6.158539088396189,472.73694323075017,N/A,new_parameter_combo,Q2_provisional,requires_pilot_and_Q3_k100_confirmation
4.9,50.0,4.4,0.5,False,4.4,10.213358070500927,4.9,4.9,4.65,4.4,False,0.7122192429301533,0.5054272050782724,True,True,True,1.0,True,6.054318626994711,425.9485766929496,N/A,new_parameter_combo,Q2_provisional,requires_pilot_and_Q3_k100_confirmation
4.9,50.0,4.5,0.5,False,4.5,10.122448979591836,4.9,4.9,4.7,4.5,False,0.6869037302955032,0.3710188489908016,True,True,True,1.0,True,5.998360745429699,402.7680127411131,N/A,new_parameter_combo,Q2_provisional,requires_pilot_and_Q3_k100_confirmation
4.9,50.0,4.75,0.5,False,4.75,9.911922663802363,4.9,4.9,4.825,4.75,False,0.6848045490562713,0.28961231357951484,True,True,True,1.0,True,5.905794532643082,367.1588296030665,N/A,new_parameter_combo,Q2_provisional,requires_pilot_and_Q3_k100_confirmation
4.9,50.0,4.8,0.5,False,4.8,9.872448979591837,4.9,4.9,4.85,4.8,False,0.7089127382182965,0.3281756222281372,True,True,True,1.0,True,5.895394745707343,363.36024248841113,N/A,new_parameter_combo,Q2_provisional,requires_pilot_and_Q3_k100_confirmation
4.9,50.0,4.85,0.5,False,4.85,9.833789185777404,4.9,4.9,4.875,4.85,False,0.7414857705709419,0.36046116837271774,True,True,True,1.0,True,5.887699443978798,360.5748069154652,N/A,new_parameter_combo,Q2_provisional,requires_pilot_and_Q3_k100_confirmation
4.9,50.0,5.0,0.5,False,5.0,9.722448979591837,4.9,4.9,4.95,5.000000000000001,False,0.8178980806971998,0.5154012786532423,True,True,True,1.0,True,5.880840450036336,358.1100889048579,N/A,new_parameter_combo,Q2_provisional,requires_pilot_and_Q3_k100_confirmation
4.9,50.0,5.4,0.5,False,5.4,9.45578231292517,4.9,4.9,5.15,5.4,False,0.8379956650806005,1.0239055052698682,True,True,True,1.0,True,5.920465949512403,372.58527936591344,N/A,new_parameter_combo,Q2_provisional,requires_pilot_and_Q3_k100_confirmation
4.9,50.0,5.5,0.5,False,5.5,9.395176252319109,4.9,4.9,5.2,5.5,False,0.8997182807378528,1.135260590412455,True,True,True,0.999,True,5.938329301726095,379.30070285540125,N/A,new_parameter_combo,Q2_provisional,requires_pilot_and_Q3_k100_confirmation
4.9,50.0,6.0,0.5,False,6.0,9.122448979591836,4.9,4.9,5.45,6.0,False,1.030897728948425,1.6864574097086065,True,True,True,0.713,False,6.0753879268626125,435.0182250434324,N/A,new_parameter_combo,rejected,no_support
4.9,55.0,3.0,0.55,False,3.0,11.73469387755102,4.9,4.9,4.425000000000001,3.0,False,0.530405240724255,1.9195739067975526,True,True,True,0.954,True,6.4968987685701745,663.0820701479491,N/A,new_parameter_combo,Q2_provisional,requires_pilot_and_Q3_k100_confirmation
4.9,55.0,3.5,0.55,False,3.5,11.020408163265305,4.9,4.9,4.550000000000001,3.4999999999999996,False,0.5273181328811918,1.357964783319213,True,True,True,1.0,True,6.592510634933698,729.6103576017606,N/A,new_parameter_combo,Q2_provisional,requires_pilot_and_Q3_k100_confirmation
4.9,55.0,3.6,0.55,False,3.6,10.901360544217686,4.9,4.9,4.575000000000001,3.6000000000000005,False,0.5304052407242553,1.464260744011385,True,True,True,1.0,True,6.562128612779513,707.776674742022,N/A,new_parameter_combo,Q2_provisional,requires_pilot_and_Q3_k100_confirmation
4.9,55.0,4.0,0.55,False,4.0,10.48469387755102,4.9,4.9,4.675000000000001,4.0,False,0.5989600894679962,0.9868296909279648,True,True,True,1.0,True,6.275585872739809,531.4376453980237,N/A,new_parameter_combo,Q2_provisional,requires_pilot_and_Q3_k100_confirmation
4.9,55.0,4.25,0.55,False,4.25,10.264105642256903,4.9,4.9,4.737500000000001,4.25,False,0.6232691338942643,0.6217252334732226,True,True,True,1.0,True,6.047795399593447,423.17906017975344,N/A,new_parameter_combo,Q2_provisional,requires_pilot_and_Q3_k100_confirmation
4.9,55.0,4.4,0.55,False,4.4,10.143784786641929,4.9,4.9,4.775000000000001,4.4,False,0.7264051302581134,0.43280107866862777,True,True,True,1.0,True,5.943574938191968,381.29560414287704,N/A,new_parameter_combo,Q2_provisional,requires_pilot_and_Q3_k100_confirmation
4.9,55.0,4.5,0.55,False,4.5,10.068027210884352,4.9,4.9,4.800000000000001,4.5,False,0.756115289907996,0.33833469043179404,True,True,True,1.0,True,5.887617056626957,360.54510133568164,N/A,new_parameter_combo,Q2_provisional,requires_pilot_and_Q3_k100_confirmation
4.9,55.0,4.75,0.55,False,4.75,9.892588614393127,4.9,4.9,4.862500000000001,4.75,False,0.7181297456815537,0.3126323832681831,True,True,True,1.0,True,5.795050843840339,328.66889434592673,N/A,new_parameter_combo,Q2_provisional,requires_pilot_and_Q3_k100_confirmation
4.9,55.0,4.8,0.55,False,4.8,9.85969387755102,4.9,4.9,4.875,4.8,False,0.7170148754612089,0.34015838444414026,True,True,True,1.0,True,5.7846510569046,325.26852010353116,N/A,new_parameter_combo,Q2_provisional,requires_pilot_and_Q3_k100_confirmation
4.9,55.0,4.85,0.55,False,4.85,9.82747738270566,4.9,4.9,4.8875,4.85,False,0.7181297456815536,0.36235399529209406,True,True,True,1.0,True,5.776955755176056,322.7750868636941,N/A,new_parameter_combo,Q2_provisional,requires_pilot_and_Q3_k100_confirmation
4.9,55.0,5.0,0.55,False,5.0,9.73469387755102,4.9,4.9,4.925000000000001,5.000000000000001,False,0.8246211251235323,0.49460892814987933,True,True,True,1.0,True,5.770096761233593,320.56874977438406,N/A,new_parameter_combo,Q2_provisional,requires_pilot_and_Q3_k100_confirmation
4.9,55.0,5.4,0.55,False,5.4,9.512471655328799,4.9,4.9,5.025,5.4,False,0.862850121187135,0.9268044167450809,True,True,True,0.999,True,5.80972226070966,333.52647940170965,N/A,new_parameter_combo,Q2_provisional,requires_pilot_and_Q3_k100_confirmation
4.9,55.0,5.5,0.55,False,5.5,9.461966604823747,4.9,4.9,5.05,5.5,False,0.9097858713085477,1.0213081743612489,True,True,True,0.999,True,5.827585612923353,339.53791269814127,N/A,new_parameter_combo,Q2_provisional,requires_pilot_and_Q3_k100_confirmation
4.9,55.0,6.0,0.55,False,6.0,9.23469387755102,4.9,4.9,5.175,6.0,False,1.0818319331729185,1.5054633884767632,True,True,True,0.537,False,5.96464423805987,389.4144645790602,N/A,new_parameter_combo,rejected,no_support
4.9,58.0,3.0,0.58,False,3.0,11.50204081632653,4.9,4.9,4.71,3.0,False,0.4810470351223462,1.7213264402170245,True,True,True,1.0,True,6.456608544484541,636.8973805039759,N/A,new_parameter_combo,Q2_provisional,requires_pilot_and_Q3_k100_confirmation
4.9,58.0,3.5,0.58,False,3.5,10.873469387755103,4.9,4.9,4.760000000000001,3.4999999999999996,False,0.5108048121567075,1.5102179718353537,True,True,True,1.0,True,6.552220410848065,700.7985081566869,N/A,new_parameter_combo,Q2_provisional,requires_pilot_and_Q3_k100_confirmation
4.9,58.0,3.6,0.58,False,3.6,10.768707482993198,4.9,4.9,4.7700000000000005,3.6000000000000005,False,0.5756053822910704,1.3771530790171387,True,True,True,1.0,True,6.52183838869388,679.8270235604907,N/A,new_parameter_combo,Q2_provisional,requires_pilot_and_Q3_k100_confirmation
4.9,58.0,4.0,0.58,False,4.0,10.402040816326533,4.9,4.9,4.8100000000000005,4.0,False,0.5927952850689686,0.8868382359362423,True,True,True,1.0,True,6.2352956486541755,510.4515104437694,N/A,new_parameter_combo,Q2_provisional,requires_pilot_and_Q3_k100_confirmation
4.9,58.0,4.25,0.58,False,4.25,10.207923169267708,4.9,4.9,4.835,4.25,False,0.6596637400979379,0.5702326618733325,True,True,True,1.0,True,6.007505175507814,406.4679879709049,N/A,new_parameter_combo,Q2_provisional,requires_pilot_and_Q3_k100_confirmation
4.9,58.0,4.4,0.58,False,4.4,10.102040816326532,4.9,4.9,4.8500000000000005,4.4,False,0.708101892961971,0.414221217684604,True,True,True,1.0,True,5.903284714106335,366.23848300119903,N/A,new_parameter_combo,Q2_provisional,requires_pilot_and_Q3_k100_confirmation
4.9,58.0,4.5,0.58,False,4.5,10.035374149659864,4.9,4.9,4.86,4.5,False,0.6757279710181656,0.33809124200651647,True,True,True,1.0,True,5.847326832541324,346.30740436549627,N/A,new_parameter_combo,Q2_provisional,requires_pilot_and_Q3_k100_confirmation
4.9,58.0,4.75,0.58,False,4.75,9.880988184747585,4.9,4.9,4.885000000000001,4.75,False,0.6596637400979379,0.32847926166682917,True,True,True,1.0,True,5.754760619754705,315.68996853640255,N/A,new_parameter_combo,Q2_provisional,requires_pilot_and_Q3_k100_confirmation
4.9,58.0,4.8,0.58,False,4.8,9.85204081632653,4.9,4.9,4.890000000000001,4.8,False,0.6728716445207064,0.3483156921666498,True,True,True,1.0,True,5.744360832818967,312.4238729123244,N/A,new_parameter_combo,Q2_provisional,requires_pilot_and_Q3_k100_confirmation
4.9,58.0,4.85,0.58,False,4.85,9.823690300862614,4.9,4.9,4.8950000000000005,4.85,False,0.7053766724240318,0.36376128925459456,True,True,True,1.0,True,5.7366655310904235,310.02890376686213,N/A,new_parameter_combo,Q2_provisional,requires_pilot_and_Q3_k100_confirmation
4.9,58.0,5.0,0.58,False,5.0,9.742040816326531,4.9,4.9,4.91,5.000000000000001,False,0.7714650289004208,0.4843005746475658,True,True,True,1.0,True,5.72980653714796,307.9096935273559,N/A,new_parameter_combo,Q2_provisional,requires_pilot_and_Q3_k100_confirmation
4.9,58.0,5.4,0.58,False,5.4,9.546485260770975,4.9,4.9,4.95,5.4,False,0.7933525640069032,0.8648305639424695,True,True,True,0.996,True,5.7694320366240275,320.35573064472396,N/A,new_parameter_combo,Q2_provisional,requires_pilot_and_Q3_k100_confirmation
4.9,58.0,5.5,0.58,False,5.5,9.50204081632653,4.9,4.9,4.960000000000001,5.5,False,0.8441612943130756,0.9601152983379516,True,True,True,0.996,True,5.78729538883772,326.12977625979727,N/A,new_parameter_combo,Q2_provisional,requires_pilot_and_Q3_k100_confirmation
4.9,58.0,6.0,0.58,False,6.0,9.30204081632653,4.9,4.9,5.01,6.0,False,1.1402439431981213,1.410984054936758,True,True,True,0.537,False,5.924354013974237,374.03673479728286,N/A,new_parameter_combo,rejected,no_support
4.9,60.0,3.0,0.6,False,3.0,11.346938775510205,4.9,4.9,4.9,3.0,False,0.4602329988878523,1.6503945258415746,True,True,True,1.0,True,6.451412344160657,633.5965175288256,N/A,new_parameter_combo,Q2_provisional,requires_pilot_and_Q3_k100_confirmation
4.9,60.0,3.5,0.6,False,3.5,10.775510204081632,4.9,4.9,4.9,3.4999999999999996,False,0.507598512606174,1.4261918822839053,True,True,True,1.0,True,6.547024210524181,697.1664633101773,N/A,new_parameter_combo,Q2_provisional,requires_pilot_and_Q3_k100_confirmation
4.9,60.0,3.6,0.6,False,3.6,10.680272108843537,4.9,4.9,4.9,3.6000000000000005,False,0.5727619488059592,1.2640044405976723,True,True,True,1.0,True,6.516642188369995,676.3036681185165,N/A,new_parameter_combo,Q2_provisional,requires_pilot_and_Q3_k100_confirmation
4.9,60.0,4.0,0.6,False,4.0,10.346938775510205,4.9,4.9,4.9,4.0,False,0.5955430766304389,0.8418551986196438,True,True,True,1.0,True,6.230099448330291,507.80598144175013,N/A,new_parameter_combo,Q2_provisional,requires_pilot_and_Q3_k100_confirmation
4.9,60.0,4.25,0.6,False,4.25,10.17046818727491,4.9,4.9,4.9,4.25,False,0.6705884751926658,0.5518183150944802,True,True,True,1.0,True,6.002308975183929,404.36137680692855,N/A,new_parameter_combo,Q2_provisional,requires_pilot_and_Q3_k100_confirmation
4.9,60.0,4.4,0.6,False,4.4,10.07421150278293,4.9,4.9,4.9,4.4,False,0.6579033836703517,0.4125858960324215,True,True,True,1.0,True,5.89808851378245,364.34037023512445,N/A,new_parameter_combo,Q2_provisional,requires_pilot_and_Q3_k100_confirmation
4.9,60.0,4.5,0.6,False,4.5,10.013605442176871,4.9,4.9,4.9,4.5,False,0.656191178121817,0.3462996478200934,True,True,True,1.0,True,5.842130632217439,344.51258886761195,N/A,new_parameter_combo,Q2_provisional,requires_pilot_and_Q3_k100_confirmation
4.9,60.0,4.75,0.6,False,4.75,9.873254564983888,4.9,4.9,4.9,4.75,False,0.7089336091940472,0.337597268256769,True,True,True,1.0,True,5.749564419430821,314.05383474049404,N/A,new_parameter_combo,Q2_provisional,requires_pilot_and_Q3_k100_confirmation
4.9,60.0,4.8,0.6,False,4.8,9.846938775510203,4.9,4.9,4.9,4.8,False,0.7242879156066856,0.35412681676089197,True,True,True,1.0,True,5.739164632495083,310.80466638672476,N/A,new_parameter_combo,Q2_provisional,requires_pilot_and_Q3_k100_confirmation
4.9,60.0,4.85,0.6,False,4.85,9.821165579633915,4.9,4.9,4.9,4.85,False,0.7385072678680131,0.36550089282825565,True,True,True,1.0,True,5.731469330766538,308.42210970396167,N/A,new_parameter_combo,Q2_provisional,requires_pilot_and_Q3_k100_confirmation
4.9,60.0,5.0,0.6,False,5.0,9.746938775510204,4.9,4.9,4.9,5.000000000000001,False,0.7918288859936076,0.477646580949482,True,True,True,1.0,True,5.7246103368240755,306.3138827450128,N/A,new_parameter_combo,Q2_provisional,requires_pilot_and_Q3_k100_confirmation
4.9,60.0,5.4,0.6,False,5.4,9.569160997732427,4.9,4.9,4.9,5.4,False,0.7488904207191456,0.8289668887278584,True,True,True,0.992,True,5.764235836300143,318.6954154942273,N/A,new_parameter_combo,Q2_provisional,requires_pilot_and_Q3_k100_confirmation
4.9,60.0,5.5,0.6,False,5.5,9.528756957328385,4.9,4.9,4.9,5.5,False,0.8025190728231314,0.9229869213917022,True,True,True,0.985,True,5.782099188513835,324.43953582781717,N/A,new_parameter_combo,Q2_provisional,requires_pilot_and_Q3_k100_confirmation
4.9,60.0,6.0,0.6,False,6.0,9.346938775510203,4.9,4.9,4.9,6.0,False,1.1189445304593517,1.3653889754541788,True,True,True,0.537,False,5.919157813650353,372.0982058489278,N/A,new_parameter_combo,rejected,no_support
4.9,65.0,3.0,0.65,False,3.0,10.95918367346939,4.9,4.9,4.9,3.475,False,0.5304052407242553,1.4867015664798209,True,True,True,1.0,True,6.514245665083822,674.6848311943305,N/A,new_parameter_combo,Q2_provisional,requires_pilot_and_Q3_k100_confirmation
4.9,65.0,3.5,0.65,False,3.5,10.530612244897961,4.9,4.9,4.9,3.8500000000000005,False,0.5273181328811918,1.0885230671443695,True,True,True,1.0,True,6.609857531447346,742.377245770414,N/A,new_parameter_combo,Q2_provisional,requires_pilot_and_Q3_k100_confirmation
4.9,65.0,3.6,0.65,False,3.6,10.459183673469388,4.9,4.9,4.9,3.9250000000000007,False,0.5324107666922185,0.9933247169696757,True,True,True,1.0,True,6.57947550929316,720.1615121564944,N/A,new_parameter_combo,Q2_provisional,requires_pilot_and_Q3_k100_confirmation
4.9,65.0,4.0,0.65,False,4.0,10.209183673469388,4.9,4.9,4.9,4.2250000000000005,False,0.6194592152738996,0.5947922207727862,True,True,True,1.0,True,6.292932769253456,540.736862324865,N/A,new_parameter_combo,Q2_provisional,requires_pilot_and_Q3_k100_confirmation
4.9,65.0,4.25,0.65,False,4.25,10.076830732292919,4.9,4.9,4.9,4.4125,False,0.6173975375621086,0.4069544805014567,True,True,True,1.0,True,6.065142296107094,430.5839437321052,N/A,new_parameter_combo,Q2_provisional,requires_pilot_and_Q3_k100_confirmation
4.9,65.0,4.4,0.65,False,4.4,10.004638218923933,4.9,4.9,4.9,4.525,False,0.538497650308481,0.3346005841430794,True,True,True,1.0,True,5.960921834705615,387.9676014446866,N/A,new_parameter_combo,Q2_provisional,requires_pilot_and_Q3_k100_confirmation
4.9,65.0,4.5,0.65,False,4.5,9.95918367346939,4.9,4.9,4.9,4.6,False,0.5364044363982788,0.31246685449800093,True,True,True,1.0,True,5.904963953140604,366.85400161450815,N/A,new_parameter_combo,Q2_provisional,requires_pilot_and_Q3_k100_confirmation
4.9,65.0,4.75,0.65,False,4.75,9.853920515574652,4.9,4.9,4.9,4.7875000000000005,False,0.6596637400979383,0.348850893325873,True,True,True,0.999,True,5.812397740353986,334.42001749667526,N/A,new_parameter_combo,Q2_provisional,requires_pilot_and_Q3_k100_confirmation
4.9,65.0,4.8,0.65,False,4.8,9.834183673469388,4.9,4.9,4.9,4.825,False,0.6962443895644691,0.3613608079535878,True,True,True,0.998,True,5.8019979534182475,330.9601427315254,N/A,new_parameter_combo,Q2_provisional,requires_pilot_and_Q3_k100_confirmation
4.9,65.0,4.85,0.65,False,4.85,9.814853776562172,4.9,4.9,4.9,4.8625,False,0.6891514488033498,0.37921421543274336,True,True,True,0.998,True,5.794302651689703,328.4230788291062,N/A,new_parameter_combo,Q2_provisional,requires_pilot_and_Q3_k100_confirmation
4.9,65.0,5.0,0.65,False,5.0,9.759183673469389,4.9,4.9,4.9,4.975,False,0.7153528635490005,0.4586172749090083,True,True,True,1.0,True,5.78744365774724,326.1781347510273,N/A,new_parameter_combo,Q2_provisional,requires_pilot_and_Q3_k100_confirmation
4.9,65.0,5.4,0.65,False,5.4,9.625850340136056,4.9,4.9,4.9,5.275,False,0.6465135105995511,0.7278359332914544,True,True,True,0.952,True,5.827069157223308,339.3626016818304,N/A,new_parameter_combo,Q2_provisional,requires_pilot_and_Q3_k100_confirmation
4.9,65.0,5.5,0.65,False,5.5,9.595547309833025,4.9,4.9,4.9,5.3500000000000005,False,0.7079404772915273,0.7956364221426182,True,True,True,0.842,True,5.844932509437,345.47922440687836,N/A,new_parameter_combo,Q2_provisional,requires_pilot_and_Q3_k100_confirmation
4.9,65.0,6.0,0.65,False,6.0,9.459183673469388,4.9,4.9,4.9,5.7250000000000005,False,1.0531760153876255,1.115073273664284,True,True,True,0.306,False,5.9819911345735175,396.2285275494362,N/A,new_parameter_combo,rejected,no_support
4.9,69.0,3.0,0.69,False,3.0,10.648979591836735,4.9,4.9,4.9,3.8549999999999995,False,0.6263785816509216,1.191527999557404,True,True,True,1.0,True,6.642502538461885,767.0120704465571,N/A,new_parameter_combo,Q2_provisional,requires_pilot_and_Q3_k100_confirmation
4.9,69.0,3.5,0.69,False,3.5,10.334693877551022,4.9,4.9,4.9,4.13,False,0.5421547382473769,0.761225272278402,True,True,True,1.0,True,6.738114404825409,843.9678528459002,N/A,new_parameter_combo,Q2_provisional,requires_pilot_and_Q3_k100_confirmation
4.9,69.0,3.6,0.69,False,3.6,10.282312925170068,4.9,4.9,4.9,4.185,False,0.544593206167761,0.67975812186015,True,True,True,1.0,True,6.7077323826712245,818.7120073787103,N/A,new_parameter_combo,Q2_provisional,requires_pilot_and_Q3_k100_confirmation
4.9,69.0,4.0,0.69,False,4.0,10.098979591836734,4.9,4.9,4.9,4.404999999999999,False,0.6443459941708974,0.42142286722396044,True,True,True,1.0,True,6.42118964263152,614.733993062174,N/A,new_parameter_combo,Q2_provisional,requires_pilot_and_Q3_k100_confirmation
4.9,69.0,4.25,0.69,False,4.25,10.001920768307322,4.9,4.9,4.9,4.5425,True,0.544317701534758,0.32722115841856186,True,True,True,1.0,True,6.193399169485158,489.5071993813355,N/A,existing_parameter_combo,Q2_provisional,requires_pilot_and_Q3_k100_confirmation
4.9,69.0,4.4,0.69,False,4.4,9.948979591836734,4.9,4.9,4.9,4.625,False,0.4861396509276752,0.30875794164771053,True,True,True,1.0,True,6.089178708083679,441.05902414243366,N/A,new_parameter_combo,Q2_provisional,requires_pilot_and_Q3_k100_confirmation
4.9,69.0,4.5,0.69,False,4.5,9.9156462585034,4.9,4.9,4.9,4.680000000000001,False,0.5421547382473769,0.31394270651288597,True,True,True,1.0,True,6.033220826518668,417.05613394604654,N/A,new_parameter_combo,Q2_provisional,requires_pilot_and_Q3_k100_confirmation
4.9,69.0,4.75,0.69,False,4.75,9.838453276047261,4.9,4.9,4.9,4.8175,False,0.6832508764751659,0.3604656368169658,True,True,True,0.998,True,5.94065461373205,380.1837215827632,N/A,new_parameter_combo,Q2_provisional,requires_pilot_and_Q3_k100_confirmation
4.9,69.0,4.8,0.69,False,4.8,9.823979591836734,4.9,4.9,4.9,4.845,False,0.6533236259344081,0.36377653407534843,True,True,True,0.998,True,5.930254826796311,376.25038028856835,N/A,new_parameter_combo,Q2_provisional,requires_pilot_and_Q3_k100_confirmation
4.9,69.0,4.85,0.69,False,4.85,9.809804334104776,4.9,4.9,4.9,4.8725000000000005,False,0.6245252278363802,0.3901868074387583,True,True,True,0.998,True,5.922559525067768,373.36613190076207,N/A,new_parameter_combo,Q2_provisional,requires_pilot_and_Q3_k100_confirmation
4.9,69.0,5.0,0.69,False,5.0,9.768979591836734,4.9,4.9,4.9,4.955,False,0.6533236259344075,0.4439994890476284,True,True,True,0.985,True,5.915700531125305,370.81397847185525,N/A,new_parameter_combo,Q2_provisional,requires_pilot_and_Q3_k100_confirmation
4.9,69.0,5.4,0.69,False,5.4,9.671201814058955,4.9,4.9,4.9,5.175,False,0.6986102275231874,0.6304513523084248,True,True,True,0.908,True,5.955326030601372,385.8026736533192,N/A,new_parameter_combo,Q2_provisional,requires_pilot_and_Q3_k100_confirmation
4.9,69.0,5.5,0.69,False,5.5,9.648979591836733,4.9,4.9,4.9,5.23,False,0.6462632977355282,0.6805870211877602,True,True,True,0.708,False,5.973189382815065,392.756325556497,N/A,new_parameter_combo,rejected,no_support
4.9,69.0,6.0,0.69,False,6.0,9.548979591836734,4.9,4.9,4.9,5.505,False,1.0120680610532489,0.9026001817932882,True,True,True,0.306,False,6.110248007951582,450.45041660073684,N/A,new_parameter_combo,rejected,no_support
4.9,70.0,3.0,0.7,False,3.0,10.571428571428573,4.9,4.9,4.9,3.95,False,0.640069451748187,1.0846798076237842,True,True,True,1.0,True,6.68539873133967,800.629850752312,N/A,new_parameter_combo,Q2_provisional,requires_pilot_and_Q3_k100_confirmation
4.9,70.0,3.5,0.7,False,3.5,10.285714285714288,4.9,4.9,4.9,4.2,False,0.5592023519336836,0.6750469209290736,True,True,True,1.0,True,6.781010597703194,880.9585691009582,N/A,new_parameter_combo,Q2_provisional,requires_pilot_and_Q3_k100_confirmation
4.9,70.0,3.6,0.7,False,3.6,10.238095238095239,4.9,4.9,4.9,4.25,False,0.5615667995957053,0.605227515090048,True,True,True,1.0,True,6.750628575549009,854.5957717394417,N/A,new_parameter_combo,Q2_provisional,requires_pilot_and_Q3_k100_confirmation
4.9,70.0,4.0,0.7,False,4.0,10.071428571428573,4.9,4.9,4.9,4.45,False,0.6309032438189117,0.38538372676110694,True,True,True,1.0,True,6.464085835509304,641.6774964586874,N/A,new_parameter_combo,Q2_provisional,requires_pilot_and_Q3_k100_confirmation
4.9,70.0,4.25,0.7,False,4.25,9.983193277310926,4.9,4.9,4.9,4.575,False,0.5283359755508087,0.3158182956723668,True,True,True,1.0,True,6.2362953623629425,510.96207098108266,N/A,new_parameter_combo,Q2_provisional,requires_pilot_and_Q3_k100_confirmation
4.9,70.0,4.4,0.7,False,4.4,9.935064935064934,4.9,4.9,4.9,4.65,False,0.5050814492813644,0.3087720256015049,True,True,True,1.0,True,6.132074900961464,460.3904348813265,N/A,new_parameter_combo,Q2_provisional,requires_pilot_and_Q3_k100_confirmation
4.9,70.0,4.5,0.7,False,4.5,9.904761904761907,4.9,4.9,4.9,4.7,False,0.5592023519336836,0.3184273552282324,True,True,True,1.0,True,6.076117019396452,435.33550923410803,N/A,new_parameter_combo,Q2_provisional,requires_pilot_and_Q3_k100_confirmation
4.9,70.0,4.75,0.7,False,4.75,9.834586466165414,4.9,4.9,4.9,4.825,False,0.6705884751926663,0.3610475105430192,True,True,True,0.996,True,5.983550806609835,396.8469962826679,N/A,new_parameter_combo,Q2_provisional,requires_pilot_and_Q3_k100_confirmation
4.9,70.0,4.8,0.7,False,4.8,9.821428571428571,4.9,4.9,4.9,4.8500000000000005,False,0.6400694517481875,0.3652100971337757,True,True,True,0.996,True,5.973151019674096,392.74125847922534,N/A,new_parameter_combo,Q2_provisional,requires_pilot_and_Q3_k100_confirmation
4.9,70.0,4.85,0.7,False,4.85,9.808541973490428,4.9,4.9,4.9,4.875,False,0.610646299473947,0.3917265666083512,True,True,True,0.996,True,5.965455717945552,389.73059483358355,N/A,new_parameter_combo,Q2_provisional,requires_pilot_and_Q3_k100_confirmation
4.9,70.0,5.0,0.7,False,5.0,9.771428571428572,4.9,4.9,4.9,4.95,False,0.6400694517481869,0.4404362058639274,True,True,True,0.976,True,5.9585967240030895,387.06658171356435,N/A,new_parameter_combo,Q2_provisional,requires_pilot_and_Q3_k100_confirmation
4.9,70.0,5.4,0.7,False,5.4,9.682539682539684,4.9,4.9,4.9,5.15,False,0.7153528635490003,0.6064959907120883,True,True,True,0.908,True,5.998222223479156,402.7122243944164,N/A,new_parameter_combo,Q2_provisional,requires_pilot_and_Q3_k100_confirmation
4.9,70.0,5.5,0.7,False,5.5,9.662337662337663,4.9,4.9,4.9,5.200000000000001,False,0.6643265156440431,0.6517022973020774,True,True,True,0.708,False,6.016085575692848,409.9706516081932,N/A,new_parameter_combo,rejected,no_support
4.9,70.0,6.0,0.7,False,6.0,9.571428571428573,4.9,4.9,4.9,5.450000000000001,False,1.0035631036767072,0.8501926166351508,True,True,True,0.306,False,6.153144200829367,470.1934476785958,N/A,new_parameter_combo,rejected,no_support
4.9,71.0,3.0,0.71,False,3.0,10.49387755102041,4.9,4.9,4.9,4.044999999999999,False,0.6533236259344077,0.975694249822761,True,True,True,1.0,True,6.732627714030762,839.3499423050466,N/A,new_parameter_combo,Q2_provisional,requires_pilot_and_Q3_k100_confirmation
4.9,71.0,3.5,0.71,False,3.5,10.236734693877553,4.9,4.9,4.9,4.27,False,0.5771615316992891,0.593558292134075,True,True,True,1.0,True,6.8282395803942855,923.5635212117274,N/A,new_parameter_combo,Q2_provisional,requires_pilot_and_Q3_k100_confirmation
4.9,71.0,3.6,0.71,False,3.6,10.193877551020408,4.9,4.9,4.9,4.3149999999999995,False,0.5734741289113332,0.5335574674156545,True,True,True,1.0,True,6.797857558240101,895.9257652329861,N/A,new_parameter_combo,Q2_provisional,requires_pilot_and_Q3_k100_confirmation
4.9,71.0,4.0,0.71,False,4.0,10.043877551020408,4.9,4.9,4.9,4.495,False,0.618489045157303,0.35416297026334725,True,True,True,1.0,True,6.511314818200396,672.7103281559606,N/A,new_parameter_combo,Q2_provisional,requires_pilot_and_Q3_k100_confirmation
4.9,71.0,4.25,0.71,False,4.25,9.964465786314527,4.9,4.9,4.9,4.6075,False,0.5134478541970859,0.3087548141490253,True,True,True,1.0,True,6.283524345054034,535.6732382574108,N/A,new_parameter_combo,Q2_provisional,requires_pilot_and_Q3_k100_confirmation
4.9,71.0,4.4,0.71,False,4.4,9.921150278293137,4.9,4.9,4.9,4.675,False,0.5248956407453482,0.3114722273346813,True,True,True,1.0,True,6.179303883652556,482.65585475276566,N/A,new_parameter_combo,Q2_provisional,requires_pilot_and_Q3_k100_confirmation
4.9,71.0,4.5,0.71,False,4.5,9.893877551020408,4.9,4.9,4.9,4.72,False,0.5771615316992891,0.324459353995826,True,True,True,1.0,True,6.123346002087544,456.38922183033674,N/A,new_parameter_combo,Q2_provisional,requires_pilot_and_Q3_k100_confirmation
4.9,71.0,4.75,0.71,False,4.75,9.830719656283566,4.9,4.9,4.9,4.8325000000000005,False,0.6589223770517986,0.3618204229002186,True,True,True,0.996,True,6.030779789300927,416.03932593919234,N/A,new_parameter_combo,Q2_provisional,requires_pilot_and_Q3_k100_confirmation
4.9,71.0,4.8,0.71,False,4.8,9.818877551020408,4.9,4.9,4.9,4.8549999999999995,False,0.6278365224957788,0.37072442517156035,True,True,True,0.996,True,6.020380002365187,411.73502628661134,N/A,new_parameter_combo,Q2_provisional,requires_pilot_and_Q3_k100_confirmation
4.9,71.0,4.85,0.71,False,4.85,9.807279612876078,4.9,4.9,4.9,4.8774999999999995,False,0.5978115915400041,0.39320111824457454,True,True,True,0.988,True,6.012684700636644,408.57876081025563,N/A,new_parameter_combo,Q2_provisional,requires_pilot_and_Q3_k100_confirmation
4.9,71.0,5.0,0.71,False,5.0,9.773877551020409,4.9,4.9,4.9,4.945,False,0.6278365224957783,0.43691118607631774,True,True,True,0.976,True,6.005825706694181,405.78591058553957,N/A,new_parameter_combo,Q2_provisional,requires_pilot_and_Q3_k100_confirmation
4.9,71.0,5.4,0.71,False,5.4,9.693877551020408,4.9,4.9,4.9,5.125,False,0.7328272933213761,0.5827356873723786,True,True,True,0.832,True,6.045451206170248,422.18820843786034,N/A,new_parameter_combo,Q2_provisional,requires_pilot_and_Q3_k100_confirmation
4.9,71.0,5.5,0.71,False,5.5,9.67569573283859,4.9,4.9,4.9,5.17,False,0.6831074892260622,0.6230435468760747,True,True,True,0.708,False,6.06331455838394,429.7976679869693,N/A,new_parameter_combo,rejected,no_support
4.9,71.0,6.0,0.71,False,6.0,9.593877551020409,4.9,4.9,4.9,5.3950000000000005,False,0.9958055527961233,0.7981817920864581,True,True,True,0.306,False,6.200373183520458,492.93296123096167,N/A,new_parameter_combo,rejected,no_support
5.2,2.0,3.0,0.02,False,3.0,15.830769230769231,3.2199999999999998,3.0000000000000004,3.0,3.0,False,1.3771134036565804,7.868903475175632,False,False,False,0.0,False,7.031497811782581,1131.7244515600987,N/A,new_parameter_combo,rejected,no_support
5.2,2.0,3.5,0.02,False,3.5,13.602197802197802,3.6700000000000004,3.5,3.5,3.4999999999999996,False,1.1979881093750813,4.636070978271167,True,False,False,0.0,False,7.1271096781461045,1245.2725220351426,N/A,new_parameter_combo,rejected,no_support
5.2,2.0,3.6,0.02,False,3.6,13.23076923076923,3.7600000000000002,3.6,3.6,3.6000000000000005,False,1.1636504758074644,4.141804590588079,True,False,False,0.0,False,7.09672765599192,1208.0075832403706,N/A,new_parameter_combo,rejected,no_support
5.2,2.0,4.0,0.02,False,4.0,11.930769230769231,4.12,4.0,4.0,4.0,False,0.9961927524329816,2.696668978791296,True,True,True,0.091,False,6.810184915952215,907.0385173320597,N/A,new_parameter_combo,rejected,no_support
5.2,2.0,4.25,0.02,False,4.25,11.242533936651583,4.345000000000001,4.25,4.25,4.25,False,1.0025477748298715,2.190377785664784,True,True,True,0.902,True,6.582394442805853,722.2666866663892,N/A,new_parameter_combo,Q2_provisional,requires_pilot_and_Q3_k100_confirmation
5.2,2.0,4.4,0.02,False,4.4,10.867132867132867,4.48,4.4,4.4,4.4,False,0.9442857142857145,1.5612256664042858,True,True,True,0.8,True,6.478173981404375,650.7815214858575,N/A,new_parameter_combo,Q2_provisional,requires_pilot_and_Q3_k100_confirmation
5.2,2.0,4.5,0.02,False,4.5,10.63076923076923,4.57,4.5,4.5,4.5,False,0.9062425228403721,1.1526284735038852,True,True,True,0.8,True,6.422216099839363,615.3653151573858,N/A,new_parameter_combo,Q2_provisional,requires_pilot_and_Q3_k100_confirmation
5.2,2.0,4.75,0.02,False,4.75,10.083400809716599,4.795,4.75,4.75,4.75,False,0.8374219427529244,0.2713739098482699,True,True,True,0.656,False,6.329649887052746,560.9601600530606,N/A,new_parameter_combo,rejected,no_support
5.2,2.0,4.8,0.02,False,4.8,9.98076923076923,4.84,4.8,4.8,4.8,False,0.8287795305170623,0.21566055950782123,True,True,True,0.656,False,6.3192501001170065,555.1565245035185,N/A,new_parameter_combo,rejected,no_support
5.2,2.0,4.85,0.02,False,4.85,9.880253766851705,4.885,4.85,4.85,4.85,False,0.8219948358743394,0.29716153139261464,True,True,True,0.656,False,6.311554798388462,550.9008229955188,N/A,new_parameter_combo,rejected,no_support
5.2,2.0,5.0,0.02,False,5.0,9.59076923076923,5.0200000000000005,5.0,5.0,5.000000000000001,False,0.813188483811768,0.7590572562144043,True,True,True,0.656,False,6.304695804446,547.1351267947473,N/A,new_parameter_combo,rejected,no_support
5.2,2.0,5.4,0.02,False,5.4,8.897435897435896,5.380000000000001,5.4,5.4,5.4,False,0.903194514837559,2.0298427659119227,True,True,True,0.29,False,6.344321303922067,569.2509102190783,N/A,new_parameter_combo,rejected,no_support
5.2,2.0,5.5,0.02,False,5.5,8.73986013986014,5.47,5.5,5.499999999999999,5.5,False,0.9515042467759423,2.220060602347554,True,True,True,0.29,False,6.362184656135759,579.5110067543019,N/A,new_parameter_combo,rejected,no_support
5.2,2.0,6.0,0.02,False,6.0,8.03076923076923,5.920000000000001,6.000000000000001,6.0,6.0,False,1.219233616762964,3.630783011654245,False,False,False,0.0,False,6.4992432812722765,664.6384983037979,N/A,new_parameter_combo,rejected,no_support
5.2,4.0,3.0,0.04,False,3.0,15.661538461538461,3.4399999999999995,3.0000000000000004,3.0,3.0,False,1.3202166257003092,7.599621149020178,False,False,False,0.0,False,6.982839871639966,1077.9753358265202,N/A,new_parameter_combo,rejected,no_support
5.2,4.0,3.5,0.04,False,3.5,13.49010989010989,3.84,3.5,3.5,3.4999999999999996,False,1.146455050873548,4.452520312479007,True,False,False,0.0,False,7.07845173800349,1186.1306551129912,N/A,new_parameter_combo,rejected,no_support
5.2,4.0,3.6,0.04,False,3.6,13.128205128205128,3.92,3.6,3.6,3.6000000000000005,False,1.1298555081902089,3.9805204876333224,True,False,False,0.0,False,7.048069715849305,1150.6355442169838,N/A,new_parameter_combo,rejected,no_support
5.2,4.0,4.0,0.04,False,4.0,11.861538461538462,4.24,4.0,4.0,4.0,False,0.9509136315638123,2.6144167201825086,True,True,True,0.286,False,6.7615269758096,863.96043575868,N/A,new_parameter_combo,rejected,no_support
5.2,4.0,4.25,0.04,False,4.25,11.190950226244345,4.44,4.25,4.25,4.25,False,0.9638358739104572,2.1046080769935567,True,True,True,0.902,True,6.533736502663238,687.9639942763604,N/A,new_parameter_combo,Q2_provisional,requires_pilot_and_Q3_k100_confirmation
5.2,4.0,4.4,0.04,False,4.4,10.825174825174823,4.5600000000000005,4.4,4.4,4.4,False,0.9268346395013473,1.4804381725246916,True,True,True,0.902,True,6.42951604126176,619.873882026978,N/A,new_parameter_combo,Q2_provisional,requires_pilot_and_Q3_k100_confirmation
5.2,4.0,4.5,0.04,False,4.5,10.594871794871795,4.64,4.5,4.5,4.5,False,0.8880441706241827,1.0805384616145752,True,True,True,0.8,True,6.373558159696748,586.1397015398401,N/A,new_parameter_combo,Q2_provisional,requires_pilot_and_Q3_k100_confirmation
5.2,4.0,4.75,0.04,False,4.75,10.061538461538461,4.84,4.75,4.75,4.75,False,0.8176933710013752,0.2870607529596674,True,True,True,0.656,False,6.280991946910131,534.3184165411527,N/A,new_parameter_combo,rejected,no_support
5.2,4.0,4.8,0.04,False,4.8,9.961538461538463,4.88,4.8,4.8,4.8,False,0.8088401875399074,0.25870252923207177,True,True,True,0.656,False,6.270592159974392,528.7904137027339,N/A,new_parameter_combo,rejected,no_support
5.2,4.0,4.85,0.04,False,4.85,9.863600317208567,4.92,4.85,4.85,4.85,False,0.801886805590161,0.3336724269910517,True,True,True,0.656,False,6.262896858245848,524.7368287015978,N/A,new_parameter_combo,rejected,no_support
5.2,4.0,5.0,0.04,False,5.0,9.581538461538461,5.04,5.0,5.0,5.000000000000001,False,0.7928571428571433,0.7769607190368863,True,True,True,0.808,True,6.256037864303385,521.1499771309244,N/A,new_parameter_combo,Q2_provisional,requires_pilot_and_Q3_k100_confirmation
5.2,4.0,5.4,0.04,False,5.4,8.905982905982905,5.36,5.4,5.4,5.4,False,0.8587158928853467,2.017542469839679,True,True,True,0.507,False,6.295663363779452,542.2154131838838,N/A,new_parameter_combo,rejected,no_support
5.2,4.0,5.5,0.04,False,5.5,8.752447552447553,5.44,5.5,5.499999999999999,5.5,False,0.9093915464165465,2.2002699508591133,True,True,True,0.29,False,6.313526715993144,551.9882258088329,N/A,new_parameter_combo,rejected,no_support
5.2,4.0,6.0,0.04,False,6.0,8.061538461538461,5.839999999999999,6.000000000000001,6.0,6.0,False,1.1935199185260243,3.576533378967555,True,False,False,0.0,False,6.4505853411296625,633.0727478977901,N/A,new_parameter_combo,rejected,no_support
5.2,13.0,3.0,0.13,False,3.0,14.9,4.430000000000001,3.0000000000000004,3.0,3.0,False,1.0645074073993863,6.476957422179137,True,False,False,0.0,False,6.81806668952335,914.2158373958009,N/A,new_parameter_combo,rejected,no_support
5.2,13.0,3.5,0.13,False,3.5,12.985714285714286,4.6049999999999995,3.5,3.5,3.4999999999999996,False,0.9657660594743703,3.7403489317147356,True,False,False,0.0,False,6.913678555886873,1005.9408541973011,N/A,new_parameter_combo,rejected,no_support
5.2,13.0,3.6,0.13,False,3.6,12.666666666666666,4.640000000000001,3.6,3.6,3.6000000000000005,False,0.9192943167540668,3.353939351111731,True,False,False,0.0,False,6.883296533732689,975.8379460390456,N/A,new_parameter_combo,rejected,no_support
5.2,13.0,4.0,0.13,False,4.0,11.55,4.78,4.0,4.0,4.0,False,0.7827541642384618,2.35329963555092,True,True,True,0.952,True,6.596753793692985,732.7127875781691,N/A,new_parameter_combo,Q2_provisional,requires_pilot_and_Q3_k100_confirmation
5.2,13.0,4.25,0.13,False,4.25,10.958823529411765,4.8675,4.25,4.25,4.25,False,0.7172794406076108,1.7809422272571336,True,True,True,0.975,True,6.368963320546622,583.4526618768015,N/A,new_parameter_combo,Q2_provisional,requires_pilot_and_Q3_k100_confirmation
5.2,13.0,4.4,0.13,False,4.4,10.636363636363637,4.92,4.4,4.4,4.4,False,0.7272480979132,1.2285543303844397,True,True,True,0.95,True,6.2647428591451435,525.7063879875991,N/A,new_parameter_combo,Q2_provisional,requires_pilot_and_Q3_k100_confirmation
5.2,13.0,4.5,0.13,False,4.5,10.433333333333334,4.955,4.5,4.5,4.5,False,0.713285013303996,0.9442202343987286,True,True,True,0.95,True,6.208784977580132,497.096900332426,N/A,new_parameter_combo,Q2_provisional,requires_pilot_and_Q3_k100_confirmation
5.2,13.0,4.75,0.13,False,4.75,9.963157894736842,5.0425,4.75,4.75,4.75,False,0.7142857142857141,0.3494137669951378,True,True,True,0.947,True,6.116218764793515,453.14799177629783,N/A,new_parameter_combo,Q2_provisional,requires_pilot_and_Q3_k100_confirmation
5.2,13.0,4.8,0.13,False,4.8,9.875,5.06,4.8,4.8,4.8,False,0.7265012605857286,0.37114010025566013,True,True,True,0.904,True,6.105818977857775,448.4597697214059,N/A,new_parameter_combo,Q2_provisional,requires_pilot_and_Q3_k100_confirmation
5.2,13.0,4.85,0.13,False,4.85,9.788659793814434,5.0775,4.85,4.85,4.85,False,0.7406781228257336,0.45328834160430964,True,True,True,0.808,True,6.098123676129232,445.02198085638764,N/A,new_parameter_combo,Q2_provisional,requires_pilot_and_Q3_k100_confirmation
5.2,13.0,5.0,0.13,False,5.0,9.540000000000001,5.13,5.0,5.0,5.000000000000001,False,0.7500000000000003,0.8621710971729716,True,True,True,0.808,True,6.091264682186769,441.98002209971224,N/A,new_parameter_combo,Q2_provisional,requires_pilot_and_Q3_k100_confirmation
5.2,13.0,5.4,0.13,False,5.4,8.944444444444445,5.27,5.4,5.4,5.4,False,0.8154140052758482,1.9651202054634236,True,True,True,0.966,True,6.130890181662836,459.8453244134223,N/A,new_parameter_combo,Q2_provisional,requires_pilot_and_Q3_k100_confirmation
5.2,13.0,5.5,0.13,False,5.5,8.809090909090909,5.305,5.5,5.499999999999999,5.5,False,0.8500000000000004,2.1169559378211824,True,True,True,0.833,True,6.148753533876529,468.13351040496934,N/A,new_parameter_combo,Q2_provisional,requires_pilot_and_Q3_k100_confirmation
5.2,13.0,6.0,0.13,False,6.0,8.200000000000001,5.48,6.000000000000001,6.0,6.0,False,1.096585609973066,3.356157200772454,True,False,False,0.0,False,6.285812159013046,536.9001619207545,N/A,new_parameter_combo,rejected,no_support
5.2,19.0,3.0,0.19,False,3.0,14.392307692307694,5.090000000000001,3.0000000000000004,3.0,3.0,False,0.9167333309092673,5.838590425174029,True,False,False,0.0,False,6.757479309195742,860.4704798011088,N/A,new_parameter_combo,rejected,no_support
5.2,19.0,3.5,0.19,False,3.5,12.649450549450552,5.115,3.5,3.5,3.4999999999999996,False,0.8529660136301819,3.3865246260767483,True,False,False,0.0,False,6.853091175559266,946.8031224752717,N/A,new_parameter_combo,rejected,no_support
5.2,19.0,3.6,0.19,False,3.6,12.358974358974361,5.12,3.6,3.6,3.6000000000000005,False,0.7987183611312334,3.0604578960787543,True,False,False,0.0,False,6.822709153405081,918.4699184693904,N/A,new_parameter_combo,rejected,no_support
5.2,19.0,4.0,0.19,False,4.0,11.342307692307694,5.14,4.0,4.0,4.0,False,0.671695995375945,2.29806986325249,True,True,True,1.0,True,6.536166413365376,689.6377180248255,N/A,new_parameter_combo,Q2_provisional,requires_pilot_and_Q3_k100_confirmation
5.2,19.0,4.25,0.19,False,4.25,10.804072398190048,5.152500000000001,4.25,4.25,4.25,False,0.6062598621120842,1.6422724727128946,True,True,True,0.996,True,6.3083759402190145,549.1523679314811,N/A,new_parameter_combo,Q2_provisional,requires_pilot_and_Q3_k100_confirmation
5.2,19.0,4.4,0.19,False,4.4,10.510489510489512,5.160000000000001,4.4,4.4,4.4,False,0.6180218607850076,1.147540429160247,True,True,True,0.996,True,6.204155478817536,494.80090959128177,N/A,new_parameter_combo,Q2_provisional,requires_pilot_and_Q3_k100_confirmation
5.2,19.0,4.5,0.19,False,4.5,10.325641025641026,5.165,4.5,4.5,4.5,False,0.6383972277572666,0.8943918439961734,True,True,True,0.987,True,6.1481975972525245,467.8733301701732,N/A,new_parameter_combo,Q2_provisional,requires_pilot_and_Q3_k100_confirmation
5.2,19.0,4.75,0.19,False,4.75,9.897570850202431,5.1775,4.75,4.75,4.75,False,0.6585388898066349,0.45525016081568703,True,True,True,0.973,True,6.055631384465906,426.5081110554504,N/A,new_parameter_combo,Q2_provisional,requires_pilot_and_Q3_k100_confirmation
5.2,19.0,4.8,0.19,False,4.8,9.817307692307693,5.18,4.8,4.8,4.8,False,0.6597525819485325,0.4879261399758659,True,True,True,0.947,True,6.045231597530168,422.09550243943914,N/A,new_parameter_combo,Q2_provisional,requires_pilot_and_Q3_k100_confirmation
5.2,19.0,4.85,0.19,False,4.85,9.738699444885015,5.182500000000001,4.85,4.85,4.85,False,0.6633803353942255,0.5722469665488122,True,True,True,0.947,True,6.037536295801623,418.8598159492949,N/A,new_parameter_combo,Q2_provisional,requires_pilot_and_Q3_k100_confirmation
5.2,19.0,5.0,0.19,False,5.0,9.512307692307694,5.190000000000001,5.0,5.0,5.000000000000001,False,0.6882393983111946,0.9224567938868089,True,True,True,0.808,True,6.030677301859161,415.99668931789915,N/A,new_parameter_combo,Q2_provisional,requires_pilot_and_Q3_k100_confirmation
5.2,19.0,5.4,0.19,False,5.4,8.97008547008547,5.210000000000001,5.4,5.4,5.4,False,0.8390908588393486,1.9282917614172794,True,True,True,0.966,True,6.070302801335228,432.8117177005402,N/A,new_parameter_combo,Q2_provisional,requires_pilot_and_Q3_k100_confirmation
5.2,19.0,5.5,0.19,False,5.5,8.84685314685315,5.215000000000001,5.5,5.499999999999999,5.5,False,0.8908835330096496,2.0670276124895066,True,True,True,0.989,True,6.08816615354892,440.61265385270985,N/A,new_parameter_combo,Q2_provisional,requires_pilot_and_Q3_k100_confirmation
5.2,19.0,6.0,0.19,False,6.0,8.292307692307693,5.24,6.000000000000001,6.0,6.0,False,1.0482249330196656,3.227756147132885,True,False,False,0.0,False,6.225224778685438,505.3366185924341,N/A,new_parameter_combo,rejected,no_support
5.2,22.0,3.0,0.22,False,3.0,14.13846153846154,5.2,3.2199999999999998,3.0,3.0,False,0.8630699832101495,5.331834075614365,True,False,False,0.0,False,6.741964041356979,847.2230840320038,N/A,new_parameter_combo,rejected,no_support
5.2,22.0,3.5,0.22,False,3.5,12.481318681318681,5.2,3.6700000000000004,3.5,3.4999999999999996,False,0.8136491873037176,3.0441703088571495,True,False,False,0.0,False,6.8375759077205025,932.2265902486771,N/A,new_parameter_combo,rejected,no_support
5.2,22.0,3.6,0.22,False,3.6,12.205128205128204,5.2,3.7600000000000002,3.6,3.6000000000000005,False,0.7658475363801805,2.752883459404898,True,True,True,0.095,False,6.807193885566318,904.3295908258508,N/A,new_parameter_combo,rejected,no_support
5.2,22.0,4.0,0.22,False,4.0,11.23846153846154,5.2,4.12,4.0,4.0,False,0.6361170473735032,2.15542005175985,True,True,True,1.0,True,6.520651145526613,679.0203825061348,N/A,new_parameter_combo,Q2_provisional,requires_pilot_and_Q3_k100_confirmation
5.2,22.0,4.25,0.22,False,4.25,10.726696832579185,5.2,4.345000000000001,4.25,4.25,False,0.5965827698446462,1.5022327503632245,True,True,True,1.0,True,6.292860672380251,540.6978782931951,N/A,new_parameter_combo,Q2_provisional,requires_pilot_and_Q3_k100_confirmation
5.2,22.0,4.4,0.22,False,4.4,10.447552447552448,5.2,4.48,4.4,4.4,False,0.5749108182836639,1.072506525202005,True,True,True,0.996,True,6.188640210978773,487.18318925091177,N/A,new_parameter_combo,Q2_provisional,requires_pilot_and_Q3_k100_confirmation
5.2,22.0,4.5,0.22,False,4.5,10.271794871794873,5.2,4.57,4.5,4.5,False,0.5967599592630122,0.7970427196173394,True,True,True,0.996,True,6.132682329413761,460.6701740828127,N/A,new_parameter_combo,Q2_provisional,requires_pilot_and_Q3_k100_confirmation
5.2,22.0,4.75,0.22,False,4.75,9.864777327935224,5.2,4.795,4.75,4.75,False,0.6568710618049289,0.474925333772252,True,True,True,0.988,True,6.040116116627143,419.94179428048,N/A,new_parameter_combo,Q2_provisional,requires_pilot_and_Q3_k100_confirmation
5.2,22.0,4.8,0.22,False,4.8,9.788461538461538,5.2,4.84,4.8,4.8,False,0.6819674419184062,0.5336474925047853,True,True,True,0.988,True,6.0297163296914045,415.59712009578584,N/A,new_parameter_combo,Q2_provisional,requires_pilot_and_Q3_k100_confirmation
5.2,22.0,4.85,0.22,False,4.85,9.713719270420302,5.2,4.885,4.85,4.85,False,0.708434606605814,0.619872962432633,True,True,True,0.947,True,6.02202102796286,412.4112487015989,N/A,new_parameter_combo,Q2_provisional,requires_pilot_and_Q3_k100_confirmation
5.2,22.0,5.0,0.22,False,5.0,9.49846153846154,5.2,5.02,5.0,5.000000000000001,False,0.7446407159955514,0.9536754048507591,True,True,True,0.916,True,6.015162034020397,409.59220141111433,N/A,new_parameter_combo,Q2_provisional,requires_pilot_and_Q3_k100_confirmation
5.2,22.0,5.4,0.22,False,5.4,8.982905982905983,5.2,5.38,5.4,5.4,False,0.8549985081738989,1.8995466878121354,True,True,True,0.989,True,6.054787533496465,426.14835358465507,N/A,new_parameter_combo,Q2_provisional,requires_pilot_and_Q3_k100_confirmation
5.2,22.0,5.5,0.22,False,5.5,8.865734265734266,5.2,5.47,5.499999999999999,5.5,False,0.907564581386777,2.034142114216861,True,True,True,0.989,True,6.072650885710157,433.8291902203356,N/A,new_parameter_combo,Q2_provisional,requires_pilot_and_Q3_k100_confirmation
5.2,22.0,6.0,0.22,False,6.0,8.338461538461539,5.2,5.919999999999999,6.0,6.0,False,1.027406644549911,3.135742102568173,True,False,False,0.0,False,6.209709510846674,497.5566954686768,N/A,new_parameter_combo,rejected,no_support
5.2,24.0,3.0,0.24,False,3.0,13.96923076923077,5.2,3.4399999999999995,3.0,3.0,False,0.8302888604797337,4.9210899530664545,True,False,False,0.0,False,6.737094019214484,843.1071194074627,N/A,new_parameter_combo,rejected,no_support
5.2,24.0,3.5,0.24,False,3.5,12.36923076923077,5.2,3.84,3.5,3.4999999999999996,False,0.7632168761236875,2.7506660591791157,True,True,True,0.095,False,6.832705885578008,927.6976630512978,N/A,new_parameter_combo,rejected,no_support
5.2,24.0,3.6,0.24,False,3.6,12.102564102564102,5.2,3.92,3.6,3.6000000000000005,False,0.7485986908885162,2.5527961258029155,True,True,True,0.292,False,6.8023238634238234,899.9361923515661,N/A,new_parameter_combo,rejected,no_support
5.2,24.0,4.0,0.24,False,4.0,11.16923076923077,5.2,4.24,4.0,4.0,False,0.6178897596675647,2.0230292259335005,True,True,True,1.0,True,6.5157811233841185,675.7215773550323,N/A,new_parameter_combo,Q2_provisional,requires_pilot_and_Q3_k100_confirmation
5.2,24.0,4.25,0.24,False,4.25,10.675113122171947,5.2,4.44,4.25,4.25,False,0.607430840314604,1.385602210427661,True,True,True,1.0,True,6.287990650237757,538.0710691545348,N/A,new_parameter_combo,Q2_provisional,requires_pilot_and_Q3_k100_confirmation
5.2,24.0,4.4,0.24,False,4.4,10.405594405594407,5.2,4.5600000000000005,4.4,4.4,False,0.5517245689653489,0.9659618567654383,True,True,True,1.0,True,6.183770188836278,484.8163642547315,N/A,new_parameter_combo,Q2_provisional,requires_pilot_and_Q3_k100_confirmation
5.2,24.0,4.5,0.24,False,4.5,10.235897435897435,5.2,4.640000000000001,4.5,4.5,False,0.5744562646538028,0.7081190582247506,True,True,True,0.996,True,6.127812307271267,458.4321541612091,N/A,new_parameter_combo,Q2_provisional,requires_pilot_and_Q3_k100_confirmation
5.2,24.0,4.75,0.24,False,4.75,9.842914979757087,5.2,4.84,4.75,4.75,False,0.618465843842649,0.4933645911777312,True,True,True,0.996,True,6.035246094484649,417.90164027358185,N/A,new_parameter_combo,Q2_provisional,requires_pilot_and_Q3_k100_confirmation
5.2,24.0,4.8,0.24,False,4.8,9.76923076923077,5.2,4.88,4.8,4.8,False,0.6450581369148055,0.5609439479669963,True,True,True,0.988,True,6.02484630754891,413.578073310334,N/A,new_parameter_combo,Q2_provisional,requires_pilot_and_Q3_k100_confirmation
5.2,24.0,4.85,0.24,False,4.85,9.697065820777162,5.2,4.92,4.85,4.85,False,0.6729784543356494,0.6499336350497633,True,True,True,0.988,True,6.0171510058203665,410.407679461795,N/A,new_parameter_combo,Q2_provisional,requires_pilot_and_Q3_k100_confirmation
5.2,24.0,5.0,0.24,False,5.0,9.48923076923077,5.2,5.04,5.0,5.000000000000001,False,0.7632168761236875,0.9739476593707466,True,True,True,0.957,True,6.010292011877904,407.6023276184025,N/A,new_parameter_combo,Q2_provisional,requires_pilot_and_Q3_k100_confirmation
5.2,24.0,5.4,0.24,False,5.4,8.991452991452991,5.2,5.36,5.4,5.4,False,0.8738852957934939,1.8780227351730454,True,True,True,0.989,True,6.0499175113539705,424.0780469780251,N/A,new_parameter_combo,Q2_provisional,requires_pilot_and_Q3_k100_confirmation
5.2,24.0,5.5,0.24,False,5.5,8.878321678321678,5.2,5.44,5.499999999999999,5.5,False,0.9062425228403721,2.0099895815633464,True,True,True,0.989,True,6.067780863567663,431.72156870518245,N/A,new_parameter_combo,Q2_provisional,requires_pilot_and_Q3_k100_confirmation
5.2,24.0,6.0,0.24,False,6.0,8.369230769230768,5.2,5.840000000000001,6.0,6.0,False,1.0170987149330037,3.0596303641576967,True,False,False,0.0,False,6.204839488704181,495.13947408289255,N/A,new_parameter_combo,rejected,no_support
5.2,27.0,3.0,0.27,False,3.0,13.715384615384616,5.2,3.77,3.0,3.0,False,0.7863581777240378,4.30705937517594,True,False,False,0.0,False,6.737999220625767,843.8706466826609,N/A,new_parameter_combo,rejected,no_support
5.2,27.0,3.5,0.27,False,3.5,12.201098901098902,5.2,4.095,3.5,3.4999999999999996,False,0.7219941206160073,2.516468919951006,True,True,True,0.292,False,6.833611086989291,928.5377964727485,N/A,new_parameter_combo,rejected,no_support
5.2,27.0,3.6,0.27,False,3.6,11.948717948717949,5.2,4.16,3.6,3.6000000000000005,False,0.668925806568918,2.256411325974791,True,True,True,0.292,False,6.803229064835105,900.7511846733966,N/A,new_parameter_combo,rejected,no_support
5.2,27.0,4.0,0.27,False,4.0,11.065384615384616,5.2,4.42,4.0,4.0,False,0.5997890785730515,1.85072245473344,True,True,True,1.0,True,6.516686324795401,676.3335184036538,N/A,new_parameter_combo,Q2_provisional,requires_pilot_and_Q3_k100_confirmation
5.2,27.0,4.25,0.27,False,4.25,10.597737556561086,5.2,4.5825000000000005,4.25,4.25,False,0.6330947484059425,1.226233764137905,True,True,True,1.0,True,6.2888958516490385,538.5583523571519,N/A,new_parameter_combo,Q2_provisional,requires_pilot_and_Q3_k100_confirmation
5.2,27.0,4.4,0.27,False,4.4,10.342657342657343,5.2,4.680000000000001,4.4,4.4,False,0.547730737186789,0.8377124321365613,True,True,True,1.0,True,6.18467539024756,485.25541939855555,N/A,new_parameter_combo,Q2_provisional,requires_pilot_and_Q3_k100_confirmation
5.2,27.0,4.5,0.27,False,4.5,10.182051282051283,5.2,4.745,4.5,4.5,False,0.5505099676570769,0.6236156789088508,True,True,True,1.0,True,6.128717508682549,458.8473154680854,N/A,new_parameter_combo,Q2_provisional,requires_pilot_and_Q3_k100_confirmation
5.2,27.0,4.75,0.27,False,4.75,9.81012145748988,5.2,4.9075,4.75,4.75,False,0.5668117061283064,0.5397878317205788,True,True,True,0.996,True,6.036151295895931,418.28009669193455,N/A,new_parameter_combo,Q2_provisional,requires_pilot_and_Q3_k100_confirmation
5.2,27.0,4.8,0.27,False,4.8,9.740384615384615,5.2,4.9399999999999995,4.8,4.8,False,0.5957142857142856,0.6133068958952133,True,True,True,0.996,True,6.025751508960193,413.95261425789266,N/A,new_parameter_combo,Q2_provisional,requires_pilot_and_Q3_k100_confirmation
5.2,27.0,4.85,0.27,False,4.85,9.672085646312452,5.2,4.972499999999999,4.85,4.85,False,0.6258398438930532,0.7017011411752085,True,True,True,0.996,True,6.018056207231648,410.7793492650814,N/A,new_parameter_combo,Q2_provisional,requires_pilot_and_Q3_k100_confirmation
5.2,27.0,5.0,0.27,False,5.0,9.475384615384616,5.2,5.069999999999999,5.0,5.000000000000001,False,0.7219941206160073,0.9901894132478375,True,True,True,0.983,True,6.0111972132891855,407.97145686355617,N/A,new_parameter_combo,Q2_provisional,requires_pilot_and_Q3_k100_confirmation
5.2,27.0,5.4,0.27,False,5.4,9.004273504273504,5.2,5.33,5.4,5.4,False,0.9082400563727636,1.8463509124715631,True,True,True,0.989,True,6.050822712765252,424.4620968196487,N/A,new_parameter_combo,Q2_provisional,requires_pilot_and_Q3_k100_confirmation
5.2,27.0,5.5,0.27,False,5.5,8.897202797202798,5.2,5.3950000000000005,5.499999999999999,5.5,False,0.9276093917557487,1.9862987693641878,True,True,True,0.989,True,6.068686064978945,432.1125406059172,N/A,new_parameter_combo,Q2_provisional,requires_pilot_and_Q3_k100_confirmation
5.2,27.0,6.0,0.27,False,6.0,8.415384615384616,5.2,5.720000000000001,6.0,6.0,False,1.0083694563299628,2.952327673282772,True,False,False,0.0,False,6.205744690115463,495.5878779509026,N/A,new_parameter_combo,rejected,no_support
5.2,30.0,3.0,0.3,False,3.0,13.46153846153846,5.2,4.1,3.0,3.0,False,0.7496883706322413,3.696639889038841,True,False,False,0.0,False,6.74446726707882,849.346531273149,N/A,new_parameter_combo,rejected,no_support
5.2,30.0,3.5,0.3,False,3.5,12.032967032967031,5.2,4.35,3.5,3.4999999999999996,False,0.6890173422775249,2.167179039941619,True,True,True,0.511,False,6.840079133442344,934.5630869972842,N/A,new_parameter_combo,rejected,no_support
5.2,30.0,3.6,0.3,False,3.6,11.794871794871794,5.2,4.4,3.6,3.6000000000000005,False,0.6206004334184627,1.8388083280961967,True,True,True,0.823,True,6.809697111288159,906.5961676117266,N/A,new_parameter_combo,Q2_provisional,requires_pilot_and_Q3_k100_confirmation
5.2,30.0,4.0,0.3,False,4.0,10.961538461538462,5.2,4.6,4.0,4.0,False,0.5936328831862332,1.7182754777629246,True,True,True,1.0,True,6.523154371248454,680.722252987581,N/A,new_parameter_combo,Q2_provisional,requires_pilot_and_Q3_k100_confirmation
5.2,30.0,4.25,0.3,False,4.25,10.520361990950226,5.2,4.725,4.25,4.25,False,0.6063477987601049,1.1071484970549605,True,True,True,1.0,True,6.295363898102092,542.0530625883285,N/A,new_parameter_combo,Q2_provisional,requires_pilot_and_Q3_k100_confirmation
5.2,30.0,4.4,0.3,False,4.4,10.27972027972028,5.2,4.8,4.4,4.4,False,0.5886761186799422,0.7626210255277739,True,True,True,1.0,True,6.191143436700614,488.40424639470893,N/A,new_parameter_combo,Q2_provisional,requires_pilot_and_Q3_k100_confirmation
5.2,30.0,4.5,0.3,False,4.5,10.128205128205128,5.2,4.8500000000000005,4.5,4.5,False,0.5434515366654892,0.5918991303239911,True,True,True,1.0,True,6.135185555135602,461.82478002860285,N/A,new_parameter_combo,Q2_provisional,requires_pilot_and_Q3_k100_confirmation
5.2,30.0,4.75,0.3,False,4.75,9.77732793522267,5.2,4.9750000000000005,4.75,4.75,False,0.565144012710071,0.6039451481296026,True,True,True,1.0,True,6.042619342348984,420.9943201869539,N/A,new_parameter_combo,Q2_provisional,requires_pilot_and_Q3_k100_confirmation
5.2,30.0,4.8,0.3,False,4.8,9.711538461538462,5.2,5.0,4.8,4.8,False,0.5552881215722011,0.6764880099359821,True,True,True,0.999,True,6.032219555413246,416.6387566785562,N/A,new_parameter_combo,Q2_provisional,requires_pilot_and_Q3_k100_confirmation
5.2,30.0,4.85,0.3,False,4.85,9.647105471847741,5.2,5.025,4.85,4.85,False,0.5874903386092264,0.7314566165865029,True,True,True,0.996,True,6.024524253684701,413.44490033925837,N/A,new_parameter_combo,Q2_provisional,requires_pilot_and_Q3_k100_confirmation
5.2,30.0,5.0,0.3,False,5.0,9.461538461538462,5.2,5.1,5.0,5.000000000000001,False,0.6890173422775249,1.020116109533729,True,True,True,0.995,True,6.017665259742238,410.61878749743977,N/A,new_parameter_combo,Q2_provisional,requires_pilot_and_Q3_k100_confirmation
5.2,30.0,5.4,0.3,False,5.4,9.017094017094017,5.2,5.3,5.4,5.4,False,0.9351645058818393,1.815450234394694,True,True,True,0.989,True,6.057290759218306,427.2164353718408,N/A,new_parameter_combo,Q2_provisional,requires_pilot_and_Q3_k100_confirmation
5.2,30.0,5.5,0.3,False,5.5,8.916083916083915,5.2,5.35,5.499999999999999,5.5,False,0.8967344384271327,1.9951806430373913,True,True,True,0.989,True,6.075154111431998,434.9165229600403,N/A,new_parameter_combo,Q2_provisional,requires_pilot_and_Q3_k100_confirmation
5.2,30.0,6.0,0.3,False,6.0,8.461538461538462,5.2,5.6000000000000005,6.0,6.0,False,1.0210304543819988,2.8540836198595647,True,False,False,0.0,False,6.212212736568516,498.803752368116,N/A,new_parameter_combo,rejected,no_support
5.2,31.0,3.0,0.31,False,3.0,13.376923076923077,5.2,4.21,3.0,3.0,False,0.7353358943714231,3.49429662279311,True,False,False,0.0,False,6.744880694997276,849.6977474379026,N/A,new_parameter_combo,rejected,no_support
5.2,31.0,3.5,0.31,False,3.5,11.976923076923079,5.2,4.435,3.5,3.4999999999999996,False,0.6800735254367722,2.1021552774136882,True,True,True,0.703,False,6.840492561360799,934.9495413490114,N/A,new_parameter_combo,rejected,no_support
5.2,31.0,3.6,0.31,False,3.6,11.743589743589745,5.2,4.48,3.6,3.6000000000000005,False,0.6106553856308811,1.7884007944915015,True,True,True,0.823,True,6.810110539206614,906.9710572677673,N/A,new_parameter_combo,Q2_provisional,requires_pilot_and_Q3_k100_confirmation
5.2,31.0,4.0,0.31,False,4.0,10.926923076923078,5.2,4.66,4.0,4.0,False,0.5943200539529289,1.6405158357882417,True,True,True,1.0,True,6.52356779916691,681.0037407551221,N/A,new_parameter_combo,Q2_provisional,requires_pilot_and_Q3_k100_confirmation
5.2,31.0,4.25,0.31,False,4.25,10.494570135746606,5.2,4.7725,4.25,4.25,False,0.5934201285595156,1.0752771303394026,True,True,True,1.0,True,6.295777326020548,542.2772087886426,N/A,new_parameter_combo,Q2_provisional,requires_pilot_and_Q3_k100_confirmation
5.2,31.0,4.4,0.31,False,4.4,10.258741258741257,5.2,4.84,4.4,4.4,False,0.6044130068985635,0.7482937067014256,True,True,True,1.0,True,6.191556864619069,488.6062080910859,N/A,new_parameter_combo,Q2_provisional,requires_pilot_and_Q3_k100_confirmation
5.2,31.0,4.5,0.31,False,4.5,10.11025641025641,5.2,4.885,4.5,4.5,False,0.5604597067659397,0.5928375814637367,True,True,True,1.0,True,6.1355989830540585,462.01575075969737,N/A,new_parameter_combo,Q2_provisional,requires_pilot_and_Q3_k100_confirmation
5.2,31.0,4.75,0.31,False,4.75,9.766396761133604,5.2,4.9975,4.75,4.75,False,0.5744562646538028,0.6283768600335572,True,True,True,1.0,True,6.04303277026744,421.16840697612054,N/A,new_parameter_combo,Q2_provisional,requires_pilot_and_Q3_k100_confirmation
5.2,31.0,4.8,0.31,False,4.8,9.701923076923077,5.2,5.02,4.8,4.8,False,0.5617828762075256,0.699415432829896,True,True,True,1.0,True,6.032632983331702,416.81104238388434,N/A,new_parameter_combo,Q2_provisional,requires_pilot_and_Q3_k100_confirmation
5.2,31.0,4.85,0.31,False,4.85,9.638778747026171,5.2,5.0425,4.85,4.85,False,0.576974869470066,0.7412889977145843,True,True,True,0.999,True,6.0249376816031575,413.6158653422195,N/A,new_parameter_combo,Q2_provisional,requires_pilot_and_Q3_k100_confirmation
5.2,31.0,5.0,0.31,False,5.0,9.456923076923076,5.2,5.109999999999999,5.0,5.000000000000001,False,0.6800735254367722,1.0322305296151462,True,True,True,0.995,True,6.018078687660695,410.78858386489475,N/A,new_parameter_combo,Q2_provisional,requires_pilot_and_Q3_k100_confirmation
5.2,31.0,5.4,0.31,False,5.4,9.021367521367521,5.2,5.29,5.4,5.4,False,0.9268346395013471,1.805328246350975,True,True,True,0.989,True,6.057704187136761,427.3930950889598,N/A,new_parameter_combo,Q2_provisional,requires_pilot_and_Q3_k100_confirmation
5.2,31.0,5.5,0.31,False,5.5,8.922377622377622,5.2,5.335000000000001,5.499999999999999,5.5,False,0.8880441706241827,1.9932697999390985,True,True,True,0.995,True,6.0755675393504545,435.09636676649353,N/A,new_parameter_combo,Q2_provisional,requires_pilot_and_Q3_k100_confirmation
5.2,31.0,6.0,0.31,False,6.0,8.476923076923077,5.2,5.5600000000000005,6.0,6.0,False,1.0238249237490737,2.8235145834312814,True,True,True,0.101,False,6.212626164486972,499.01001439947896,N/A,new_parameter_combo,rejected,no_support
5.2,37.0,3.0,0.37,False,3.0,12.86923076923077,5.2,4.869999999999999,3.0,3.0,False,0.6228636959026184,2.7447454188580283,True,True,True,0.096,False,6.7253108361213885,833.2309345694912,N/A,new_parameter_combo,rejected,no_support
5.2,37.0,3.5,0.37,False,3.5,11.64065934065934,5.2,4.944999999999999,3.5,3.4999999999999996,False,0.5599858781018228,1.9703687224843112,True,True,True,0.999,True,6.820922702484912,916.8305817716521,N/A,new_parameter_combo,Q2_provisional,requires_pilot_and_Q3_k100_confirmation
5.2,37.0,3.6,0.37,False,3.6,11.435897435897434,5.2,4.96,3.6,3.6000000000000005,False,0.5776818558087248,1.7193663060901092,True,True,True,1.0,True,6.790540680330728,889.3943098630268,N/A,new_parameter_combo,Q2_provisional,requires_pilot_and_Q3_k100_confirmation
5.2,37.0,4.0,0.37,False,4.0,10.71923076923077,5.2,5.02,4.0,4.0,False,0.565144012710071,1.378291461436953,True,True,True,1.0,True,6.503997940291023,667.8061523238048,N/A,new_parameter_combo,Q2_provisional,requires_pilot_and_Q3_k100_confirmation
5.2,37.0,4.25,0.37,False,4.25,10.339819004524887,5.2,5.0575,4.25,4.25,False,0.5416381991472817,0.9264090464823217,True,True,True,1.0,True,6.276207467144661,531.7680867545405,N/A,new_parameter_combo,Q2_provisional,requires_pilot_and_Q3_k100_confirmation
5.2,37.0,4.4,0.37,False,4.4,10.132867132867133,5.2,5.08,4.4,4.4,False,0.6577020136623506,0.7314045654274448,True,True,True,1.0,True,6.1719870057431825,479.13720923915275,N/A,new_parameter_combo,Q2_provisional,requires_pilot_and_Q3_k100_confirmation
5.2,37.0,4.5,0.37,False,4.5,10.002564102564103,5.2,5.095000000000001,4.5,4.5,True,0.6790094685778448,0.666344430766444,True,True,True,1.0,True,6.116029124178171,453.0620646601887,N/A,existing_parameter_combo,Q2_provisional,requires_pilot_and_Q3_k100_confirmation
5.2,37.0,4.75,0.37,False,4.75,9.700809716599192,5.2,5.132499999999999,4.75,4.75,False,0.6541858938203035,0.7489848646118458,True,True,True,1.0,True,6.023462911391553,413.00632656026113,N/A,new_parameter_combo,Q2_provisional,requires_pilot_and_Q3_k100_confirmation
5.2,37.0,4.8,0.37,False,4.8,9.64423076923077,5.2,5.14,4.8,4.8,False,0.6430856736652353,0.8046200945955504,True,True,True,1.0,True,6.013063124455814,408.73340600422034,N/A,new_parameter_combo,Q2_provisional,requires_pilot_and_Q3_k100_confirmation
5.2,37.0,4.85,0.37,False,4.85,9.58881839809675,5.2,5.1475,4.85,4.85,False,0.634317888501869,0.8745424056958384,True,True,True,1.0,True,6.00536782272727,405.6001502546681,N/A,new_parameter_combo,Q2_provisional,requires_pilot_and_Q3_k100_confirmation
5.2,37.0,5.0,0.37,False,5.0,9.429230769230768,5.2,5.17,5.0,5.000000000000001,False,0.6506276404600502,1.068345365794004,True,True,True,1.0,True,5.998508828784807,402.82766039607344,N/A,new_parameter_combo,Q2_provisional,requires_pilot_and_Q3_k100_confirmation
5.2,37.0,5.4,0.37,False,5.4,9.047008547008547,5.2,5.2299999999999995,5.4,5.4,False,0.8630699832101492,1.746575563622433,True,True,True,0.995,True,6.038134328260875,419.11038263114534,N/A,new_parameter_combo,Q2_provisional,requires_pilot_and_Q3_k100_confirmation
5.2,37.0,5.5,0.37,False,5.5,8.96013986013986,5.2,5.244999999999999,5.499999999999999,5.5,False,0.8212732772459893,1.9136771622452087,True,True,True,0.985,True,6.055997680474567,426.6643678905719,N/A,new_parameter_combo,Q2_provisional,requires_pilot_and_Q3_k100_confirmation
5.2,37.0,6.0,0.37,False,6.0,8.56923076923077,5.2,5.32,6.0,6.0,False,1.0198039027185573,2.6407295150611096,True,True,True,0.854,True,6.193056305611084,489.3393938154459,N/A,new_parameter_combo,Q2_provisional,requires_pilot_and_Q3_k100_confirmation
5.2,38.0,3.0,0.38,False,3.0,12.784615384615387,5.2,4.9799999999999995,3.0,3.0,False,0.6062598621120842,2.686150635842344,True,True,True,0.107,False,6.71837412191097,827.4710501373582,N/A,new_parameter_combo,rejected,no_support
5.2,38.0,3.5,0.38,False,3.5,11.584615384615386,5.2,5.029999999999999,3.5,3.4999999999999996,False,0.5555581859348161,1.8947922824773364,True,True,True,1.0,True,6.813985988274494,910.4927971602605,N/A,new_parameter_combo,Q2_provisional,requires_pilot_and_Q3_k100_confirmation
5.2,38.0,3.6,0.38,False,3.6,11.384615384615383,5.2,5.04,3.6,3.6000000000000005,False,0.5769748694700663,1.7488110793286846,True,True,True,1.0,True,6.783603966120309,883.2461842631839,N/A,new_parameter_combo,Q2_provisional,requires_pilot_and_Q3_k100_confirmation
5.2,38.0,4.0,0.38,False,4.0,10.684615384615384,5.2,5.08,4.0,4.0,False,0.5714285714285712,1.3590591227932771,True,True,True,1.0,True,6.497061226080604,663.1898015609278,N/A,new_parameter_combo,Q2_provisional,requires_pilot_and_Q3_k100_confirmation
5.2,38.0,4.25,0.38,False,4.25,10.314027149321268,5.2,5.1049999999999995,4.25,4.25,False,0.5421547382473768,0.9066362028840924,True,True,True,1.0,True,6.269270752934243,528.0921277888724,N/A,new_parameter_combo,Q2_provisional,requires_pilot_and_Q3_k100_confirmation
5.2,38.0,4.4,0.38,False,4.4,10.111888111888113,5.2,5.12,4.4,4.4,False,0.6545917094819103,0.728038167487162,True,True,True,1.0,True,6.165050291532763,475.82507230585645,N/A,new_parameter_combo,Q2_provisional,requires_pilot_and_Q3_k100_confirmation
5.2,38.0,4.5,0.38,False,4.5,9.984615384615385,5.2,5.13,4.5,4.5,False,0.6975174637562115,0.6648877830595361,True,True,True,1.0,True,6.109092409967753,449.9301776589283,N/A,new_parameter_combo,Q2_provisional,requires_pilot_and_Q3_k100_confirmation
5.2,38.0,4.75,0.38,False,4.75,9.689878542510122,5.2,5.155,4.75,4.75,False,0.6708203932499369,0.7740376920528773,True,True,True,1.0,True,6.016526197181134,410.1513332900509,N/A,new_parameter_combo,Q2_provisional,requires_pilot_and_Q3_k100_confirmation
5.2,38.0,4.8,0.38,False,4.8,9.634615384615385,5.2,5.16,4.8,4.8,False,0.66,0.8333014638224275,True,True,True,1.0,True,6.006126410245396,405.9079501978384,N/A,new_parameter_combo,Q2_provisional,requires_pilot_and_Q3_k100_confirmation
5.2,38.0,4.85,0.38,False,4.85,9.58049167327518,5.2,5.164999999999999,4.85,4.85,False,0.6514598989960932,0.8719892990211671,True,True,True,1.0,True,5.998431108516852,402.79635373896417,N/A,new_parameter_combo,Q2_provisional,requires_pilot_and_Q3_k100_confirmation
5.2,38.0,5.0,0.38,False,5.0,9.424615384615386,5.2,5.18,5.0,5.000000000000001,False,0.6536497074511857,1.0732678140674867,True,True,True,1.0,True,5.991572114574389,400.0430293007976,N/A,new_parameter_combo,Q2_provisional,requires_pilot_and_Q3_k100_confirmation
5.2,38.0,5.4,0.38,False,5.4,9.051282051282053,5.2,5.22,5.4,5.4,False,0.84635593419491,1.73712820004479,True,True,True,0.997,True,6.031197614050456,416.2131937869629,N/A,new_parameter_combo,Q2_provisional,requires_pilot_and_Q3_k100_confirmation
5.2,38.0,5.5,0.38,False,5.5,8.966433566433567,5.2,5.2299999999999995,5.499999999999999,5.5,False,0.8265941809927173,1.9000063509826564,True,True,True,0.994,True,6.049060966264149,423.7149605313402,N/A,new_parameter_combo,Q2_provisional,requires_pilot_and_Q3_k100_confirmation
5.2,38.0,6.0,0.38,False,6.0,8.584615384615386,5.2,5.28,6.0,6.0,False,1.025789889772357,2.6118835997870473,True,True,True,0.854,True,6.186119591400666,485.9567321312355,N/A,new_parameter_combo,Q2_provisional,requires_pilot_and_Q3_k100_confirmation
5.2,40.0,3.0,0.4,False,3.0,12.615384615384615,5.2,5.2,3.0,3.0,False,0.5758755534498964,2.6725303489273005,True,True,True,0.107,False,6.701350632577759,813.5038282738428,N/A,new_parameter_combo,rejected,no_support
5.2,40.0,3.5,0.4,False,3.5,11.472527472527473,5.2,5.2,3.5,3.4999999999999996,False,0.5718302159892978,1.7737486852774167,True,True,True,1.0,True,6.796962498941283,895.124217315734,N/A,new_parameter_combo,Q2_provisional,requires_pilot_and_Q3_k100_confirmation
5.2,40.0,3.6,0.4,False,3.6,11.282051282051281,5.2,5.2,3.6,3.6000000000000005,False,0.5758755534498964,1.7373917294753667,True,True,True,1.0,True,6.766580476787097,868.3375111275375,N/A,new_parameter_combo,Q2_provisional,requires_pilot_and_Q3_k100_confirmation
5.2,40.0,4.0,0.4,False,4.0,10.615384615384617,5.2,5.2,4.0,4.0,False,0.514285714285714,1.269593217914462,True,True,True,1.0,True,6.480037736747393,651.9955499983087,N/A,new_parameter_combo,Q2_provisional,requires_pilot_and_Q3_k100_confirmation
5.2,40.0,4.25,0.4,False,4.25,10.262443438914028,5.2,5.2,4.25,4.25,False,0.5622476758329836,0.9148936938119397,True,True,True,1.0,True,6.252247263601031,519.1782450470185,N/A,new_parameter_combo,Q2_provisional,requires_pilot_and_Q3_k100_confirmation
5.2,40.0,4.4,0.4,False,4.4,10.06993006993007,5.2,5.2,4.4,4.4,False,0.6057142857142858,0.727350813016896,True,True,True,1.0,True,6.148026802199552,467.79342654372863,N/A,new_parameter_combo,Q2_provisional,requires_pilot_and_Q3_k100_confirmation
5.2,40.0,4.5,0.4,False,4.5,9.94871794871795,5.2,5.2,4.5,4.5,False,0.6515288143423644,0.6602832117749016,True,True,True,1.0,True,6.092068920634541,442.33562240118243,N/A,new_parameter_combo,Q2_provisional,requires_pilot_and_Q3_k100_confirmation
5.2,40.0,4.75,0.4,False,4.75,9.668016194331983,5.2,5.2,4.75,4.75,False,0.6961063586119581,0.8240182769072554,True,True,True,1.0,True,5.999502707847923,403.22822139540773,N/A,new_parameter_combo,Q2_provisional,requires_pilot_and_Q3_k100_confirmation
5.2,40.0,4.8,0.4,False,4.8,9.615384615384617,5.2,5.2,4.8,4.8,False,0.696117512950748,0.837921070563188,True,True,True,1.0,True,5.989102920912185,399.05646409976055,N/A,new_parameter_combo,Q2_provisional,requires_pilot_and_Q3_k100_confirmation
5.2,40.0,4.85,0.4,False,4.85,9.56383822363204,5.2,5.2,4.85,4.85,False,0.6914940798734289,0.8927768211157813,True,True,True,1.0,True,5.98140761918364,395.9973895485514,N/A,new_parameter_combo,Q2_provisional,requires_pilot_and_Q3_k100_confirmation
5.2,40.0,5.0,0.4,False,5.0,9.415384615384617,5.2,5.2,5.0,5.000000000000001,False,0.7018290835381504,1.08380367066399,True,True,True,1.0,True,5.9745486252411775,393.2905395982642,N/A,new_parameter_combo,Q2_provisional,requires_pilot_and_Q3_k100_confirmation
5.2,40.0,5.4,0.4,False,5.4,9.05982905982906,5.2,5.2,5.4,5.4,False,0.819612141503529,1.718543745663857,True,True,True,0.994,True,6.014174124717245,409.18776127282257,N/A,new_parameter_combo,Q2_provisional,requires_pilot_and_Q3_k100_confirmation
5.2,40.0,5.5,0.4,False,5.5,8.97902097902098,5.2,5.2,5.499999999999999,5.5,False,0.8500000000000004,1.873322220456855,True,True,True,0.994,True,6.032037476930937,416.56290263197377,N/A,new_parameter_combo,Q2_provisional,requires_pilot_and_Q3_k100_confirmation
5.2,40.0,6.0,0.4,False,6.0,8.615384615384615,5.2,5.2,6.0,6.0,False,1.048322274797562,2.558082818101838,True,True,True,0.854,True,6.169096102067455,477.75406994429954,N/A,new_parameter_combo,Q2_provisional,requires_pilot_and_Q3_k100_confirmation
5.2,50.0,3.0,0.5,False,3.0,11.76923076923077,5.2,5.2,4.1000000000000005,3.0,False,0.5,1.9021247465044078,True,True,True,0.954,True,6.553231967664208,701.5077643303351,N/A,new_parameter_combo,Q2_provisional,requires_pilot_and_Q3_k100_confirmation
5.2,50.0,3.5,0.5,False,3.5,10.912087912087912,5.2,5.2,4.3500000000000005,3.4999999999999996,False,0.4190763653560054,1.3864414720821752,True,True,True,1.0,True,6.648843834027732,771.891374893106,N/A,new_parameter_combo,Q2_provisional,requires_pilot_and_Q3_k100_confirmation
5.2,50.0,3.6,0.5,False,3.6,10.76923076923077,5.2,5.2,4.4,3.6000000000000005,False,0.3932491550648058,1.344704310323337,True,True,True,1.0,True,6.618461811873547,748.7924272068643,N/A,new_parameter_combo,Q2_provisional,requires_pilot_and_Q3_k100_confirmation
5.2,50.0,4.0,0.5,False,4.0,10.26923076923077,5.2,5.2,4.6000000000000005,4.0,False,0.4690959607672647,0.7970230817270813,True,True,True,1.0,True,6.331919071833842,562.2345276520037,N/A,new_parameter_combo,Q2_provisional,requires_pilot_and_Q3_k100_confirmation
5.2,50.0,4.25,0.5,False,4.25,10.00452488687783,5.2,5.2,4.7250000000000005,4.25,False,0.5743258026164418,0.7166017996446975,True,True,True,1.0,True,6.10412859868748,447.7023430174699,N/A,new_parameter_combo,Q2_provisional,requires_pilot_and_Q3_k100_confirmation
5.2,50.0,4.4,0.5,False,4.4,9.86013986013986,5.2,5.2,4.800000000000001,4.4,False,0.6520927848090337,0.6734250542778518,True,True,True,1.0,True,5.999908137286001,403.39173513102634,N/A,new_parameter_combo,Q2_provisional,requires_pilot_and_Q3_k100_confirmation
5.2,50.0,4.5,0.5,False,4.5,9.76923076923077,5.2,5.2,4.85,4.5,False,0.7120343985327376,0.6554017562428707,True,True,True,1.0,True,5.94395025572099,381.43873792547976,N/A,new_parameter_combo,Q2_provisional,requires_pilot_and_Q3_k100_confirmation
5.2,50.0,4.75,0.5,False,4.75,9.558704453441297,5.2,5.2,4.975,4.75,False,0.6998929400637074,0.8812571939556437,True,True,True,1.0,True,5.851384042934372,347.71530049981595,N/A,new_parameter_combo,Q2_provisional,requires_pilot_and_Q3_k100_confirmation
5.2,50.0,4.8,0.5,False,4.8,9.519230769230768,5.2,5.2,5.0,4.8,False,0.7234985332058526,0.9362722370296603,True,True,True,1.0,True,5.840984255998634,344.1178741176833,N/A,new_parameter_combo,Q2_provisional,requires_pilot_and_Q3_k100_confirmation
5.2,50.0,4.85,0.5,False,4.85,9.480570975416336,5.2,5.2,5.025,4.85,False,0.7484985821970674,0.9928894370518698,True,True,True,1.0,True,5.833288954270089,341.47994608986806,N/A,new_parameter_combo,Q2_provisional,requires_pilot_and_Q3_k100_confirmation
5.2,50.0,5.0,0.5,False,5.0,9.369230769230768,5.2,5.2,5.1000000000000005,5.000000000000001,False,0.8320125587749166,1.1657876399715452,True,True,True,1.0,True,5.826429960327626,339.1457514726985,N/A,new_parameter_combo,Q2_provisional,requires_pilot_and_Q3_k100_confirmation
5.2,50.0,5.4,0.5,False,5.4,9.102564102564102,5.2,5.2,5.300000000000001,5.4,False,0.8662094882596361,1.6456407098604915,True,True,True,0.996,True,5.866055459803694,352.85438325584136,N/A,new_parameter_combo,Q2_provisional,requires_pilot_and_Q3_k100_confirmation
5.2,50.0,5.5,0.5,False,5.5,9.041958041958043,5.2,5.2,5.3500000000000005,5.5,False,0.8967344384271327,1.7632436973241838,True,True,True,0.98,True,5.883918812017386,359.2141799115699,N/A,new_parameter_combo,Q2_provisional,requires_pilot_and_Q3_k100_confirmation
5.2,50.0,6.0,0.5,False,6.0,8.76923076923077,5.2,5.2,5.6,6.0,False,1.151751106899793,2.2711846989979785,True,True,True,0.533,False,6.0209774371539035,411.9810846096303,N/A,new_parameter_combo,rejected,no_support
5.2,55.0,3.0,0.55,False,3.0,11.346153846153847,5.2,5.2,4.65,3.0,False,0.4571428571428569,1.4714693281533817,True,True,True,1.0,True,6.442488278861465,627.967415428346,N/A,new_parameter_combo,Q2_provisional,requires_pilot_and_Q3_k100_confirmation
5.2,55.0,3.5,0.55,False,3.5,10.631868131868131,5.2,5.2,4.775,3.4999999999999996,False,0.4427563249297589,1.1732259184902178,True,True,True,1.0,True,6.5381001452249885,690.9725826709506,N/A,new_parameter_combo,Q2_provisional,requires_pilot_and_Q3_k100_confirmation
5.2,55.0,3.6,0.55,False,3.6,10.512820512820513,5.2,5.2,4.800000000000001,3.6000000000000005,False,0.4464285714285715,1.0004594644785119,True,True,True,1.0,True,6.507718123070804,670.2951401461473,N/A,new_parameter_combo,Q2_provisional,requires_pilot_and_Q3_k100_confirmation
5.2,55.0,4.0,0.55,False,4.0,10.096153846153847,5.2,5.2,4.9,4.0,False,0.4849291185317704,0.7166512420830523,True,True,True,1.0,True,6.221175383031099,503.29444825353335,N/A,new_parameter_combo,Q2_provisional,requires_pilot_and_Q3_k100_confirmation
5.2,55.0,4.25,0.55,False,4.25,9.875565610859729,5.2,5.2,4.9625,4.25,False,0.5535640552504346,0.6315399203567734,True,True,True,1.0,True,5.993384909884737,400.7688831416944,N/A,new_parameter_combo,Q2_provisional,requires_pilot_and_Q3_k100_confirmation
5.2,55.0,4.4,0.55,False,4.4,9.755244755244755,5.2,5.2,5.000000000000001,4.4,False,0.6675576104466989,0.679821680888684,True,True,True,1.0,True,5.889164448483259,361.10343776052866,N/A,new_parameter_combo,Q2_provisional,requires_pilot_and_Q3_k100_confirmation
5.2,55.0,4.5,0.55,False,4.5,9.679487179487179,5.2,5.2,5.025,4.5,False,0.7446026881937148,0.7423442589788953,True,True,True,1.0,True,5.833206566918247,341.4518136202983,N/A,new_parameter_combo,Q2_provisional,requires_pilot_and_Q3_k100_confirmation
5.2,55.0,4.75,0.55,False,4.75,9.504048582995953,5.2,5.2,5.0875,4.75,False,0.7578285304952916,0.9451137120484279,True,True,True,1.0,True,5.74064035413163,311.263666152295,N/A,new_parameter_combo,Q2_provisional,requires_pilot_and_Q3_k100_confirmation
5.2,55.0,4.8,0.55,False,4.8,9.471153846153847,5.2,5.2,5.1000000000000005,4.8,False,0.7567721464434676,1.0043232419851174,True,True,True,1.0,True,5.7302405671958905,308.04336459292693,N/A,new_parameter_combo,Q2_provisional,requires_pilot_and_Q3_k100_confirmation
5.2,55.0,4.85,0.55,False,4.85,9.438937351308486,5.2,5.2,5.1125,4.85,False,0.7578285304952916,1.0500051478980448,True,True,True,1.0,True,5.722545265467347,305.68197541102063,N/A,new_parameter_combo,Q2_provisional,requires_pilot_and_Q3_k100_confirmation
5.2,55.0,5.0,0.55,False,5.0,9.346153846153847,5.2,5.2,5.15,5.000000000000001,False,0.7926090345388785,1.2038364321684722,True,True,True,1.0,True,5.715686271524884,303.59247870780166,N/A,new_parameter_combo,Q2_provisional,requires_pilot_and_Q3_k100_confirmation
5.2,55.0,5.4,0.55,False,5.4,9.123931623931623,5.2,5.2,5.25,5.4,False,0.8961607454205154,1.6108351823351656,True,True,True,0.996,True,5.755311771000951,315.86400941300593,N/A,new_parameter_combo,Q2_provisional,requires_pilot_and_Q3_k100_confirmation
5.2,55.0,5.5,0.55,False,5.5,9.073426573426573,5.2,5.2,5.2749999999999995,5.5,False,0.9414372425353978,1.7112871402976333,True,True,True,0.992,True,5.773175123214644,321.55709689060546,N/A,new_parameter_combo,Q2_provisional,requires_pilot_and_Q3_k100_confirmation
5.2,55.0,6.0,0.55,False,6.0,8.846153846153847,5.2,5.2,5.3999999999999995,6.0,False,1.2224173107546596,2.1572220109193667,False,True,False,0.0,False,5.910233748351161,368.792349938769,N/A,new_parameter_combo,rejected,no_support
5.2,58.0,3.0,0.58,False,3.0,11.092307692307694,5.2,5.2,4.9799999999999995,3.0,False,0.37142857142857144,1.5387915389084283,True,True,True,1.0,True,6.402198054775832,603.1693811882556,N/A,new_parameter_combo,Q2_provisional,requires_pilot_and_Q3_k100_confirmation
5.2,58.0,3.5,0.58,False,3.5,10.463736263736266,5.2,5.2,5.03,3.4999999999999996,False,0.4229542600831077,0.9175689050079443,True,True,True,1.0,True,6.497809921139356,663.6865144083957,N/A,new_parameter_combo,Q2_provisional,requires_pilot_and_Q3_k100_confirmation
5.2,58.0,3.6,0.58,False,3.6,10.35897435897436,5.2,5.2,5.04,3.6000000000000005,False,0.49928980174088194,0.8231599842858248,True,True,True,1.0,True,6.4674278989851715,643.8256109509545,N/A,new_parameter_combo,Q2_provisional,requires_pilot_and_Q3_k100_confirmation
5.2,58.0,4.0,0.58,False,4.0,9.992307692307692,5.2,5.2,5.08,4.0,True,0.4716990566028302,0.666344430766444,True,True,True,1.0,True,6.1808851589454665,483.4196702730146,N/A,existing_parameter_combo,Q2_provisional,requires_pilot_and_Q3_k100_confirmation
5.2,58.0,4.25,0.58,False,4.25,9.79819004524887,5.2,5.2,5.105,4.25,False,0.6237231855918919,0.696633090821115,True,True,True,1.0,True,5.953094685799105,384.94277458519946,N/A,new_parameter_combo,Q2_provisional,requires_pilot_and_Q3_k100_confirmation
5.2,58.0,4.4,0.58,False,4.4,9.692307692307693,5.2,5.2,5.12,4.4,False,0.6545917094819103,0.75499061700126,True,True,True,1.0,True,5.848874224397625,346.8436924396794,N/A,new_parameter_combo,Q2_provisional,requires_pilot_and_Q3_k100_confirmation
5.2,58.0,4.5,0.58,False,4.5,9.625641025641025,5.2,5.2,5.13,4.5,False,0.7177757594237402,0.8148031945677929,True,True,True,1.0,True,5.792916342832615,327.96809845058453,N/A,new_parameter_combo,Q2_provisional,requires_pilot_and_Q3_k100_confirmation
5.2,58.0,4.75,0.58,False,4.75,9.471255060728746,5.2,5.2,5.154999999999999,4.75,False,0.6776444796619588,1.0063800558263662,True,True,True,1.0,True,5.700350130045996,298.97206174528003,N/A,new_parameter_combo,Q2_provisional,requires_pilot_and_Q3_k100_confirmation
5.2,58.0,4.8,0.58,False,4.8,9.442307692307692,5.2,5.2,5.16,4.8,False,0.6764628894598187,1.046636807288357,True,True,True,1.0,True,5.689950343110258,295.8789278483906,N/A,new_parameter_combo,Q2_provisional,requires_pilot_and_Q3_k100_confirmation
5.2,58.0,4.85,0.58,False,4.85,9.413957176843775,5.2,5.2,5.165,4.85,False,0.6799999999999999,1.0922987663759605,True,True,True,1.0,True,5.682255041381714,293.6107884249085,N/A,new_parameter_combo,Q2_provisional,requires_pilot_and_Q3_k100_confirmation
5.2,58.0,5.0,0.58,False,5.0,9.332307692307692,5.2,5.2,5.180000000000001,5.000000000000001,False,0.7211102550927978,1.2257656022035313,True,True,True,1.0,True,5.675396047439251,291.6038046188844,N/A,new_parameter_combo,Q2_provisional,requires_pilot_and_Q3_k100_confirmation
5.2,58.0,5.4,0.58,False,5.4,9.136752136752136,5.2,5.2,5.220000000000001,5.4,False,0.8294588843434783,1.5949111740386228,True,True,True,0.992,True,5.7150215469153185,303.3907403735716,N/A,new_parameter_combo,Q2_provisional,requires_pilot_and_Q3_k100_confirmation
5.2,58.0,5.5,0.58,False,5.5,9.092307692307692,5.2,5.2,5.23,5.5,False,0.8781810979611935,1.6812109441089493,True,True,True,0.992,True,5.732884899129011,308.8590114439294,N/A,new_parameter_combo,Q2_provisional,requires_pilot_and_Q3_k100_confirmation
5.2,58.0,6.0,0.58,False,6.0,8.892307692307693,5.2,5.2,5.28,6.0,False,1.174394329352934,2.0804454291830274,True,True,True,0.306,False,5.869943524265528,354.22897436134826,N/A,new_parameter_combo,rejected,no_support
5.2,60.0,3.0,0.6,False,3.0,10.923076923076923,5.2,5.2,5.2,3.0,False,0.3142857142857142,1.5540388564691419,True,True,True,1.0,True,6.397001854451948,600.0433211053374,N/A,new_parameter_combo,Q2_provisional,requires_pilot_and_Q3_k100_confirmation
5.2,60.0,3.5,0.6,False,3.5,10.351648351648352,5.2,5.2,5.2,3.4999999999999996,False,0.4190763653560054,0.7824023728881904,True,True,True,1.0,True,6.492613720815471,660.2468107613435,N/A,new_parameter_combo,Q2_provisional,requires_pilot_and_Q3_k100_confirmation
5.2,60.0,3.6,0.6,False,3.6,10.256410256410257,5.2,5.2,5.2,3.6000000000000005,False,0.4960090724976714,0.8607851886878605,True,True,True,1.0,True,6.462231698661286,640.4888408735517,N/A,new_parameter_combo,Q2_provisional,requires_pilot_and_Q3_k100_confirmation
5.2,60.0,4.0,0.6,False,4.0,9.923076923076925,5.2,5.2,5.2,4.0,False,0.47514766770178823,0.7590132386421669,True,True,True,1.0,True,6.175688958621582,480.91423982234943,N/A,new_parameter_combo,Q2_provisional,requires_pilot_and_Q3_k100_confirmation
5.2,60.0,4.25,0.6,False,4.25,9.74660633484163,5.2,5.2,5.2,4.25,False,0.6525069395205304,0.7619104971172584,True,True,True,1.0,True,5.9478984854752195,382.9477226489289,N/A,new_parameter_combo,Q2_provisional,requires_pilot_and_Q3_k100_confirmation
5.2,60.0,4.4,0.6,False,4.4,9.65034965034965,5.2,5.2,5.2,4.4,False,0.6870240467526055,0.8281486943725727,True,True,True,1.0,True,5.843678024073741,345.04609750902887,N/A,new_parameter_combo,Q2_provisional,requires_pilot_and_Q3_k100_confirmation
5.2,60.0,4.5,0.6,False,4.5,9.589743589743591,5.2,5.2,5.2,4.5,False,0.6683042811810338,0.884947185805638,True,True,True,1.0,True,5.78772014250873,326.26833050311814,N/A,new_parameter_combo,Q2_provisional,requires_pilot_and_Q3_k100_confirmation
5.2,60.0,4.75,0.6,False,4.75,9.449392712550607,5.2,5.2,5.2,4.75,False,0.6869037302955032,1.0416253411390384,True,True,True,1.0,True,5.695153929722112,297.42257223656446,N/A,new_parameter_combo,Q2_provisional,requires_pilot_and_Q3_k100_confirmation
5.2,60.0,4.8,0.6,False,4.8,9.423076923076923,5.2,5.2,5.2,4.8,False,0.6995975519496029,1.070228464070398,True,True,True,1.0,True,5.684754142786373,294.34546919718804,N/A,new_parameter_combo,Q2_provisional,requires_pilot_and_Q3_k100_confirmation
5.2,60.0,4.85,0.6,False,4.85,9.397303727200635,5.2,5.2,5.2,4.85,False,0.7143085710628687,1.1192644130167149,True,True,True,1.0,True,5.677058841057829,292.0890849130341,N/A,new_parameter_combo,Q2_provisional,requires_pilot_and_Q3_k100_confirmation
5.2,60.0,5.0,0.6,False,5.0,9.323076923076924,5.2,5.2,5.2,5.000000000000001,False,0.769309258162072,1.2406718543669892,True,True,True,1.0,True,5.6701998471153665,290.0925027490011,N/A,new_parameter_combo,Q2_provisional,requires_pilot_and_Q3_k100_confirmation
5.2,60.0,5.4,0.6,False,5.4,9.145299145299145,5.2,5.2,5.2,5.4,False,0.7870391427654021,1.5845779768377397,True,True,True,0.992,True,5.709825346591433,301.81835007560824,N/A,new_parameter_combo,Q2_provisional,requires_pilot_and_Q3_k100_confirmation
5.2,60.0,5.5,0.6,False,5.5,9.104895104895105,5.2,5.2,5.2,5.5,False,0.8382306438235831,1.6616453228774022,True,True,True,0.992,True,5.727688698805126,307.2582806093794,N/A,new_parameter_combo,Q2_provisional,requires_pilot_and_Q3_k100_confirmation
5.2,60.0,6.0,0.6,False,6.0,8.923076923076923,5.2,5.2,5.2,6.0,False,1.1448277653188268,2.030979059442056,True,True,True,0.306,False,5.864747323941644,352.39310355706016,N/A,new_parameter_combo,rejected,no_support
5.2,65.0,3.0,0.65,False,3.0,10.500000000000002,5.2,5.2,5.2,3.5500000000000003,False,0.4464285714285715,0.9248074433752989,True,True,True,1.0,True,6.459835175375113,638.9557322508826,N/A,new_parameter_combo,Q2_provisional,requires_pilot_and_Q3_k100_confirmation
5.2,65.0,3.5,0.65,False,3.5,10.071428571428573,5.2,5.2,5.2,3.9250000000000007,False,0.44275632492975897,0.7900483904055206,True,True,True,1.0,True,6.555447041738636,703.0633782560932,N/A,new_parameter_combo,Q2_provisional,requires_pilot_and_Q3_k100_confirmation
5.2,65.0,3.6,0.65,False,3.6,10.000000000000002,5.2,5.2,5.2,4.000000000000001,False,0.5096937856223489,0.7496562823170927,True,True,True,1.0,True,6.525065019584451,682.0241171337639,N/A,new_parameter_combo,Q2_provisional,requires_pilot_and_Q3_k100_confirmation
5.2,65.0,4.0,0.65,False,4.0,9.75,5.2,5.2,5.2,4.3,False,0.549270852483322,0.7551416722537316,True,True,True,1.0,True,6.238522279544747,512.1012091085711,N/A,new_parameter_combo,Q2_provisional,requires_pilot_and_Q3_k100_confirmation
5.2,65.0,4.25,0.65,False,4.25,9.61764705882353,5.2,5.2,5.2,4.4875,False,0.6631541822138766,0.8564144936293462,True,True,True,1.0,True,6.010731806398384,407.7816283134658,N/A,new_parameter_combo,Q2_provisional,requires_pilot_and_Q3_k100_confirmation
5.2,65.0,4.4,0.65,False,4.4,9.545454545454545,5.2,5.2,5.2,4.6000000000000005,False,0.6585388898066349,0.9357904442561915,True,True,True,1.0,True,5.906511344996906,367.4221079372496,N/A,new_parameter_combo,Q2_provisional,requires_pilot_and_Q3_k100_confirmation
5.2,65.0,4.5,0.65,False,4.5,9.5,5.2,5.2,5.2,4.675,False,0.6633803353942255,0.974326726497029,True,True,True,1.0,True,5.850553463431895,347.4266152031644,N/A,new_parameter_combo,Q2_provisional,requires_pilot_and_Q3_k100_confirmation
5.2,65.0,4.75,0.65,False,4.75,9.394736842105264,5.2,5.2,5.2,4.8625,False,0.6853455109561568,1.1246020918556887,True,True,True,1.0,True,5.757987250645277,316.71022865696335,N/A,new_parameter_combo,Q2_provisional,requires_pilot_and_Q3_k100_confirmation
5.2,65.0,4.8,0.65,False,4.8,9.375,5.2,5.2,5.2,4.9,False,0.6705221845696087,1.1556241884222826,True,True,True,1.0,True,5.747587463709538,313.433577527651,N/A,new_parameter_combo,Q2_provisional,requires_pilot_and_Q3_k100_confirmation
5.2,65.0,4.85,0.65,False,4.85,9.355670103092784,5.2,5.2,5.2,4.9375,False,0.708801805866774,1.1868320837676163,True,True,True,1.0,True,5.739892161980994,311.0308682201544,N/A,new_parameter_combo,Q2_provisional,requires_pilot_and_Q3_k100_confirmation
5.2,65.0,5.0,0.65,False,5.0,9.3,5.2,5.2,5.2,5.05,False,0.8149070311316224,1.2811763955884827,True,True,True,0.994,True,5.733033168038531,308.9048090278468,N/A,new_parameter_combo,Q2_provisional,requires_pilot_and_Q3_k100_confirmation
5.2,65.0,5.4,0.65,False,5.4,9.166666666666668,5.2,5.2,5.2,5.35,False,0.7496883706322409,1.5350539857509065,True,True,True,0.908,True,5.772658667514598,321.39106977154245,N/A,new_parameter_combo,Q2_provisional,requires_pilot_and_Q3_k100_confirmation
5.2,65.0,5.5,0.65,False,5.5,9.136363636363637,5.2,5.2,5.2,5.425,False,0.7481801049130855,1.604176976796297,True,True,True,0.908,True,5.790522019728291,327.1837761901337,N/A,new_parameter_combo,Q2_provisional,requires_pilot_and_Q3_k100_confirmation
5.2,65.0,6.0,0.65,False,6.0,9.0,5.2,5.2,5.2,5.8,False,1.0806356783799784,1.8816459699778372,True,True,True,0.306,False,5.9275806448648085,375.24556245154025,N/A,new_parameter_combo,rejected,no_support
5.2,69.0,3.0,0.69,False,3.0,10.161538461538463,5.2,5.2,5.2,3.9899999999999993,False,0.5570627231748866,0.7905434049548667,True,True,True,1.0,True,6.588092048753176,726.3936233009588,N/A,new_parameter_combo,Q2_provisional,requires_pilot_and_Q3_k100_confirmation
5.2,69.0,3.5,0.69,False,3.5,9.847252747252748,5.2,5.2,5.2,4.265,False,0.4853464994102624,0.700902307264274,True,True,True,1.0,True,6.6837039151167,799.2740795087389,N/A,new_parameter_combo,Q2_provisional,requires_pilot_and_Q3_k100_confirmation
5.2,69.0,3.6,0.69,False,3.6,9.794871794871796,5.2,5.2,5.2,4.319999999999999,False,0.4968312857808096,0.7205440071206562,True,True,True,1.0,True,6.6533218929625155,775.3557008999637,N/A,new_parameter_combo,Q2_provisional,requires_pilot_and_Q3_k100_confirmation
5.2,69.0,4.0,0.69,False,4.0,9.611538461538462,5.2,5.2,5.2,4.54,False,0.642432002278078,0.8631170566561888,True,True,True,1.0,True,6.366779152922811,582.1796941562113,N/A,new_parameter_combo,Q2_provisional,requires_pilot_and_Q3_k100_confirmation
5.2,69.0,4.25,0.69,False,4.25,9.51447963800905,5.2,5.2,5.2,4.677499999999999,False,0.595714285714286,0.9579666214220701,True,True,True,1.0,True,6.138988679776449,463.5845013279859,N/A,new_parameter_combo,Q2_provisional,requires_pilot_and_Q3_k100_confirmation
5.2,69.0,4.4,0.69,False,4.4,9.461538461538462,5.2,5.2,5.2,4.760000000000001,False,0.5905721888169826,1.0285982466355181,True,True,True,1.0,True,6.03476821837497,417.7019827730738,N/A,new_parameter_combo,Q2_provisional,requires_pilot_and_Q3_k100_confirmation
5.2,69.0,4.5,0.69,False,4.5,9.428205128205128,5.2,5.2,5.2,4.8149999999999995,False,0.5959660310823778,1.0713981384525282,True,True,True,1.0,True,5.978810336809959,394.97020702761824,N/A,new_parameter_combo,Q2_provisional,requires_pilot_and_Q3_k100_confirmation
5.2,69.0,4.75,0.69,False,4.75,9.351012145748987,5.2,5.2,5.2,4.9525,False,0.6535866508765931,1.1957475209009296,True,True,True,1.0,True,5.886244124023341,360.05043685917906,N/A,new_parameter_combo,Q2_provisional,requires_pilot_and_Q3_k100_confirmation
5.2,69.0,4.8,0.69,False,4.8,9.336538461538462,5.2,5.2,5.2,4.98,False,0.671695995375945,1.219564978531402,True,True,True,1.0,True,5.875844337087602,356.32539243751035,N/A,new_parameter_combo,Q2_provisional,requires_pilot_and_Q3_k100_confirmation
5.2,69.0,4.85,0.69,False,4.85,9.322363203806503,5.2,5.2,5.2,5.007499999999999,False,0.6916469548867265,1.2433274164262698,True,True,True,0.998,True,5.868149035359059,353.5938843978797,N/A,new_parameter_combo,Q2_provisional,requires_pilot_and_Q3_k100_confirmation
5.2,69.0,5.0,0.69,False,5.0,9.28153846153846,5.2,5.2,5.2,5.09,False,0.7610358140088295,1.3142104714006266,True,True,True,0.976,True,5.861290041416595,351.17688465579675,N/A,new_parameter_combo,Q2_provisional,requires_pilot_and_Q3_k100_confirmation
5.2,69.0,5.4,0.69,False,5.4,9.183760683760681,5.2,5.2,5.2,5.31,False,0.800249960949702,1.4995877437575047,True,True,True,0.908,True,5.900915540892663,365.37182763117727,N/A,new_parameter_combo,Q2_provisional,requires_pilot_and_Q3_k100_confirmation
5.2,69.0,5.5,0.69,False,5.5,9.161538461538461,5.2,5.2,5.2,5.365,False,0.7549834435270749,1.548360833008166,True,True,True,0.842,True,5.918778893106355,371.9572369040483,N/A,new_parameter_combo,Q2_provisional,requires_pilot_and_Q3_k100_confirmation
5.2,69.0,6.0,0.69,False,6.0,9.06153846153846,5.2,5.2,5.2,5.640000000000001,False,1.0406130453747362,1.7570918460451246,True,True,True,0.306,False,6.055837518242873,426.59603784531856,N/A,new_parameter_combo,rejected,no_support
5.2,70.0,3.0,0.7,False,3.0,10.076923076923078,5.2,5.2,5.2,4.1,False,0.5724138826594134,0.7159064416323664,True,True,True,1.0,True,6.630988241630961,758.2311160661192,N/A,new_parameter_combo,Q2_provisional,requires_pilot_and_Q3_k100_confirmation
5.2,70.0,3.5,0.7,False,3.5,9.791208791208794,5.2,5.2,5.2,4.35,False,0.49285714285714277,0.7185268080708543,True,True,True,1.0,True,6.726600107994485,834.3058885823112,N/A,new_parameter_combo,Q2_provisional,requires_pilot_and_Q3_k100_confirmation
5.2,70.0,3.6,0.7,False,3.6,9.743589743589745,5.2,5.2,5.2,4.3999999999999995,False,0.4960090724976714,0.7472435590513415,True,True,True,1.0,True,6.6962180858403,809.3391786260627,N/A,new_parameter_combo,Q2_provisional,requires_pilot_and_Q3_k100_confirmation
5.2,70.0,4.0,0.7,False,4.0,9.576923076923078,5.2,5.2,5.2,4.6,False,0.6588115459380056,0.9019832476755416,True,True,True,1.0,True,6.409675345800595,607.6963578577622,N/A,new_parameter_combo,Q2_provisional,requires_pilot_and_Q3_k100_confirmation
5.2,70.0,4.25,0.7,False,4.25,9.488687782805432,5.2,5.2,5.2,4.725,False,0.5882454020740193,0.9925103439177198,True,True,True,1.0,True,6.1818848726542335,483.9031931964511,N/A,new_parameter_combo,Q2_provisional,requires_pilot_and_Q3_k100_confirmation
5.2,70.0,4.4,0.7,False,4.4,9.44055944055944,5.2,5.2,5.2,4.800000000000001,False,0.5758755534498965,1.0495509903521847,True,True,True,1.0,True,6.077664411252755,436.00966531315163,N/A,new_parameter_combo,Q2_provisional,requires_pilot_and_Q3_k100_confirmation
5.2,70.0,4.5,0.7,False,4.5,9.41025641025641,5.2,5.2,5.2,4.85,False,0.5814057559581127,1.1036741902492861,True,True,True,1.0,True,6.0217065296877434,412.2815664687317,N/A,new_parameter_combo,Q2_provisional,requires_pilot_and_Q3_k100_confirmation
5.2,70.0,4.75,0.7,False,4.75,9.34008097165992,5.2,5.2,5.2,4.975,False,0.6403379209926775,1.2141000613410056,True,True,True,0.999,True,5.929140316901126,375.8312791062586,N/A,new_parameter_combo,Q2_provisional,requires_pilot_and_Q3_k100_confirmation
5.2,70.0,4.8,0.7,False,4.8,9.326923076923077,5.2,5.2,5.2,5.000000000000001,False,0.6588115459380053,1.2359694705830888,True,True,True,0.996,True,5.918740529965387,371.94296772984177,N/A,new_parameter_combo,Q2_provisional,requires_pilot_and_Q3_k100_confirmation
5.2,70.0,4.85,0.7,False,4.85,9.314036478984933,5.2,5.2,5.2,5.025,False,0.6791411142474179,1.2577525968497285,True,True,True,0.996,True,5.911045228236842,369.09173897039705,N/A,new_parameter_combo,Q2_provisional,requires_pilot_and_Q3_k100_confirmation
5.2,70.0,5.0,0.7,False,5.0,9.276923076923078,5.2,5.2,5.2,5.1000000000000005,False,0.7496883706322411,1.32255110738038,True,True,True,0.976,True,5.90418623429438,366.56880326008235,N/A,new_parameter_combo,Q2_provisional,requires_pilot_and_Q3_k100_confirmation
5.2,70.0,5.4,0.7,False,5.4,9.18803418803419,5.2,5.2,5.2,5.300000000000001,False,0.8149070311316221,1.4911083669972205,True,True,True,0.832,True,5.943811733770447,381.38590394690704,N/A,new_parameter_combo,Q2_provisional,requires_pilot_and_Q3_k100_confirmation
5.2,70.0,5.5,0.7,False,5.5,9.167832167832168,5.2,5.2,5.2,5.35,False,0.7705020891521028,1.5336522740038012,True,True,True,0.708,False,5.961675085984139,388.25994862812297,N/A,new_parameter_combo,rejected,no_support
5.2,70.0,6.0,0.7,False,6.0,9.076923076923078,5.2,5.2,5.2,5.6000000000000005,False,1.032343282567008,1.7266539572126163,True,True,True,0.306,False,6.098733711120657,445.2935426593427,N/A,new_parameter_combo,rejected,no_support
5.2,71.0,3.0,0.71,False,3.0,9.992307692307692,5.2,5.2,5.2,4.21,True,0.5871971646764669,0.6675231207815558,True,True,True,1.0,True,6.678217224322053,794.9007183856239,N/A,existing_parameter_combo,Q2_provisional,requires_pilot_and_Q3_k100_confirmation
5.2,71.0,3.5,0.71,False,3.5,9.735164835164836,5.2,5.2,5.2,4.435,False,0.5018842048740334,0.7513956593068941,True,True,True,1.0,True,6.7738290906855765,874.6546219683288,N/A,new_parameter_combo,Q2_provisional,requires_pilot_and_Q3_k100_confirmation
5.2,71.0,3.6,0.71,False,3.6,9.692307692307693,5.2,5.2,5.2,4.4799999999999995,False,0.4968312857808096,0.7858231369528567,True,True,True,1.0,True,6.743447068531392,848.4804710275002,N/A,new_parameter_combo,Q2_provisional,requires_pilot_and_Q3_k100_confirmation
5.2,71.0,4.0,0.71,False,4.0,9.542307692307693,5.2,5.2,5.2,4.66,False,0.6469331101277722,0.9318578110420875,True,True,True,1.0,True,6.456904328491687,637.0857924265651,N/A,new_parameter_combo,Q2_provisional,requires_pilot_and_Q3_k100_confirmation
5.2,71.0,4.25,0.71,False,4.25,9.46289592760181,5.2,5.2,5.2,4.7725,False,0.574910818283664,1.0287454339585933,True,True,True,1.0,True,6.229113855345325,507.3057379874315,N/A,new_parameter_combo,Q2_provisional,requires_pilot_and_Q3_k100_confirmation
5.2,71.0,4.4,0.71,False,4.4,9.41958041958042,5.2,5.2,5.2,4.840000000000001,False,0.5622476758329837,1.0907529612080948,True,True,True,1.0,True,6.124893393943847,457.09598147153446,N/A,new_parameter_combo,Q2_provisional,requires_pilot_and_Q3_k100_confirmation
5.2,71.0,4.5,0.71,False,4.5,9.392307692307693,5.2,5.2,5.2,4.885,False,0.5679105994605066,1.1317600199628002,True,True,True,1.0,True,6.068935512378835,432.22034340063556,N/A,new_parameter_combo,Q2_provisional,requires_pilot_and_Q3_k100_confirmation
5.2,71.0,4.75,0.71,False,4.75,9.329149797570851,5.2,5.2,5.2,4.9975,False,0.6281102204068899,1.2326590312674883,True,True,True,0.999,True,5.976369299592218,394.00724584257426,N/A,new_parameter_combo,Q2_provisional,requires_pilot_and_Q3_k100_confirmation
5.2,71.0,4.8,0.71,False,4.8,9.317307692307693,5.2,5.2,5.2,5.0200000000000005,False,0.6469331101277719,1.252528601872416,True,True,True,0.996,True,5.9659695126564785,389.9308878022229,N/A,new_parameter_combo,Q2_provisional,requires_pilot_and_Q3_k100_confirmation
5.2,71.0,4.85,0.71,False,4.85,9.305709754163363,5.2,5.2,5.2,5.0424999999999995,False,0.6676244820103526,1.2722901675983938,True,True,True,0.996,True,5.958274210927934,386.94176780814615,N/A,new_parameter_combo,Q2_provisional,requires_pilot_and_Q3_k100_confirmation
5.2,71.0,5.0,0.71,False,5.0,9.272307692307692,5.2,5.2,5.2,5.109999999999999,False,0.7392715664622791,1.3309233587521498,True,True,True,0.976,True,5.951415216985472,384.2968177842345,N/A,new_parameter_combo,Q2_provisional,requires_pilot_and_Q3_k100_confirmation
5.2,71.0,5.4,0.71,False,5.4,9.192307692307693,5.2,5.2,5.2,5.290000000000001,False,0.8302888604797334,1.4826512118688204,True,True,True,0.832,True,5.991040716461539,399.8305036628311,N/A,new_parameter_combo,Q2_provisional,requires_pilot_and_Q3_k100_confirmation
5.2,71.0,5.5,0.71,False,5.5,9.174125874125874,5.2,5.2,5.2,5.335,False,0.7867525607436779,1.5196026806251943,True,True,True,0.524,False,6.008904068675231,407.0369911565954,N/A,new_parameter_combo,rejected,no_support
5.2,71.0,6.0,0.71,False,6.0,9.092307692307692,5.2,5.2,5.2,5.5600000000000005,False,1.0248036148353463,1.6965856188501,True,True,True,0.306,False,6.145962693811748,466.828846050054,N/A,new_parameter_combo,rejected,no_support
5.4,2.0,3.0,0.02,False,3.0,15.822222222222223,3.2399999999999998,3.0000000000000004,3.0,3.0,False,1.351723201045576,7.851620846973223,False,False,False,0.0,False,6.999585522469585,1096.178722808364,N/A,new_parameter_combo,rejected,no_support
5.4,2.0,3.5,0.02,False,3.5,13.593650793650795,3.6900000000000004,3.5,3.5,3.4999999999999996,False,1.1514341102312722,4.615360074235857,True,False,False,0.0,False,7.095197388833109,1206.1604225932413,N/A,new_parameter_combo,rejected,no_support
5.4,2.0,3.6,0.02,False,3.6,13.222222222222223,3.7800000000000002,3.6,3.6,3.6000000000000005,False,1.1486516052328841,4.125151182176569,True,False,False,0.0,False,7.064815366678923,1170.0659183547978,N/A,new_parameter_combo,rejected,no_support
5.4,2.0,4.0,0.02,False,4.0,11.922222222222222,4.14,4.0,4.0,4.0,False,0.9837989284567519,2.6833467152186974,True,True,True,0.277,False,6.778272626639219,878.5498290652154,N/A,new_parameter_combo,rejected,no_support
5.4,2.0,4.25,0.02,False,4.25,11.233986928104576,4.365,4.25,4.25,4.25,False,1.0251951033827658,2.174918019868031,True,True,True,0.902,True,6.550482153492857,699.5813981270576,N/A,new_parameter_combo,Q2_provisional,requires_pilot_and_Q3_k100_confirmation
5.4,2.0,4.4,0.02,False,4.4,10.85858585858586,4.5,4.4,4.4,4.4,False,1.0080312697611749,1.5431620402733024,True,True,True,0.8,True,6.446261692091378,630.3414723135614,N/A,new_parameter_combo,Q2_provisional,requires_pilot_and_Q3_k100_confirmation
5.4,2.0,4.5,0.02,False,4.5,10.622222222222224,4.59,4.5,4.5,4.5,False,0.9724849823088924,1.1338372346707217,True,True,True,0.8,True,6.390303810526367,596.0376346909462,N/A,new_parameter_combo,Q2_provisional,requires_pilot_and_Q3_k100_confirmation
5.4,2.0,4.75,0.02,False,4.75,10.07485380116959,4.815,4.75,4.75,4.75,False,0.9509997424837098,0.27768029581733905,True,True,True,0.656,False,6.297737597739749,543.3412620410143,N/A,new_parameter_combo,rejected,no_support
5.4,2.0,4.8,0.02,False,4.8,9.972222222222223,4.86,4.8,4.8,4.8,False,0.9433983836132445,0.23650156562240768,True,True,True,0.656,False,6.2873378108040106,537.7199097802483,N/A,new_parameter_combo,rejected,no_support
5.4,2.0,4.85,0.02,False,4.85,9.871706758304697,4.904999999999999,4.85,4.85,4.85,False,0.9374436037458906,0.3218828221717159,True,True,True,0.656,False,6.279642509075466,533.5978733275922,N/A,new_parameter_combo,rejected,no_support
5.4,2.0,5.0,0.02,False,5.0,9.582222222222223,5.040000000000001,5.0,5.0,5.000000000000001,False,0.9297314183161083,0.7761372968921182,True,True,True,0.656,False,6.272783515133003,529.9504518672215,N/A,new_parameter_combo,rejected,no_support
5.4,2.0,5.4,0.02,False,5.4,8.88888888888889,5.400000000000001,5.4,5.4,5.4,False,0.9832601437076979,2.0423706446672045,True,True,True,0.101,False,6.312409014609071,551.3716124638411,N/A,new_parameter_combo,rejected,no_support
5.4,2.0,5.5,0.02,False,5.5,8.731313131313131,5.49,5.5,5.499999999999999,5.5,False,1.0121267263559848,2.2361850414725413,True,True,True,0.101,False,6.330272366822763,561.3094551077531,N/A,new_parameter_combo,rejected,no_support
5.4,2.0,6.0,0.02,False,6.0,8.022222222222222,5.94,6.000000000000001,6.0,6.0,False,1.2680143262726387,3.6456535063914854,False,False,False,0.0,False,6.4673309919592805,643.7632227487812,N/A,new_parameter_combo,rejected,no_support
5.4,4.0,3.0,0.04,False,3.0,15.644444444444446,3.4799999999999995,3.0000000000000004,3.0,3.0,False,1.3142857142857143,7.5660391556078075,False,False,False,0.0,False,6.95092758232697,1044.1177843390283,N/A,new_parameter_combo,rejected,no_support
5.4,4.0,3.5,0.04,False,3.5,13.473015873015873,3.88,3.5,3.5,3.4999999999999996,False,1.0977177158420417,4.420207688398446,True,False,False,0.0,False,7.046539448690494,1148.8761109767017,N/A,new_parameter_combo,rejected,no_support
5.4,4.0,3.6,0.04,False,3.6,13.111111111111112,3.96,3.6,3.6,3.6000000000000005,False,1.0947986955022688,3.948766674965415,True,False,False,0.0,False,7.016157426536309,1114.4958470579622,N/A,new_parameter_combo,rejected,no_support
5.4,4.0,4.0,0.04,False,4.0,11.844444444444445,4.28,4.0,4.0,4.0,False,0.9431293573491804,2.590215690713078,True,True,True,0.286,False,6.729614686496604,836.8247639444196,N/A,new_parameter_combo,rejected,no_support
5.4,4.0,4.25,0.04,False,4.25,11.173856209150328,4.48,4.25,4.25,4.25,False,0.9719077074685305,2.0756155529923084,True,True,True,0.95,True,6.501824213350242,666.3561006784116,N/A,new_parameter_combo,Q2_provisional,requires_pilot_and_Q3_k100_confirmation
5.4,4.0,4.4,0.04,False,4.4,10.808080808080808,4.6000000000000005,4.4,4.4,4.4,False,0.9544656053712647,1.4485293020062466,True,True,True,0.902,True,6.397603751948763,600.4045943921279,N/A,new_parameter_combo,Q2_provisional,requires_pilot_and_Q3_k100_confirmation
5.4,4.0,4.5,0.04,False,4.5,10.57777777777778,4.68,4.5,4.5,4.5,False,0.9365658611357229,1.0460429570052208,True,True,True,0.8,True,6.341645870383752,567.7299527597046,N/A,new_parameter_combo,Q2_provisional,requires_pilot_and_Q3_k100_confirmation
5.4,4.0,4.75,0.04,False,4.75,10.044444444444446,4.88,4.75,4.75,4.75,False,0.9336741663876069,0.3103338034149081,True,True,True,0.656,False,6.249079657597134,517.5362948195208,N/A,new_parameter_combo,rejected,no_support
5.4,4.0,4.8,0.04,False,4.8,9.944444444444446,4.92,4.8,4.8,4.8,False,0.9259305854002193,0.28387485766262904,True,True,True,0.656,False,6.238679870661396,512.1819180692924,N/A,new_parameter_combo,rejected,no_support
5.4,4.0,4.85,0.04,False,4.85,9.84650630011455,4.96,4.85,4.85,4.85,False,0.9198627337704213,0.3552309232935148,True,True,True,0.656,False,6.230984568932851,508.2556499541025,N/A,new_parameter_combo,rejected,no_support
5.4,4.0,5.0,0.04,False,5.0,9.564444444444446,5.08,5.0,5.0,5.000000000000001,False,0.9120018908859744,0.8123171121912963,True,True,True,0.656,False,6.2241255749903885,504.78145588837936,N/A,new_parameter_combo,rejected,no_support
5.4,4.0,5.4,0.04,False,5.4,8.88888888888889,5.4,5.4,5.4,5.4,False,0.9665130361146678,2.042370644667204,True,True,True,0.298,False,6.263751074466456,525.1852589131375,N/A,new_parameter_combo,rejected,no_support
5.4,4.0,5.5,0.04,False,5.5,8.735353535353536,5.48,5.5,5.499999999999999,5.5,False,0.9958651761054771,2.22723712212147,True,True,True,0.101,False,6.281614426680148,534.6511224868144,N/A,new_parameter_combo,rejected,no_support
5.4,4.0,6.0,0.04,False,6.0,8.044444444444446,5.879999999999999,6.000000000000001,6.0,6.0,False,1.2367267219130824,3.6055007608318945,False,False,False,0.0,False,6.418673051816666,613.188904135406,N/A,new_parameter_combo,rejected,no_support
5.4,13.0,3.0,0.13,False,3.0,14.844444444444447,4.5600000000000005,3.0000000000000004,3.0,3.0,False,1.057142857142857,6.387045759521661,True,False,False,0.0,False,6.7861544002103535,885.501720517072,N/A,new_parameter_combo,rejected,no_support
5.4,13.0,3.5,0.13,False,3.5,12.930158730158732,4.735,3.5,3.5,3.4999999999999996,False,0.9411849348734036,3.6642736121227966,True,False,False,0.0,False,6.8817662665738775,974.3457952637469,N/A,new_parameter_combo,rejected,no_support
5.4,13.0,3.6,0.13,False,3.6,12.611111111111112,4.7700000000000005,3.6,3.6,3.6000000000000005,False,0.8923166935750182,3.2825577686642116,True,False,False,0.0,False,6.851384244419693,945.1883732673895,N/A,new_parameter_combo,rejected,no_support
5.4,13.0,4.0,0.13,False,4.0,11.494444444444445,4.91,4.0,4.0,4.0,False,0.7859110954809075,2.3201279399630494,True,True,True,0.996,True,6.564841504379988,709.6994030354224,N/A,new_parameter_combo,Q2_provisional,requires_pilot_and_Q3_k100_confirmation
5.4,13.0,4.25,0.13,False,4.25,10.90326797385621,4.9975,4.25,4.25,4.25,False,0.7251407322945339,1.726084904046551,True,True,True,0.975,True,6.337051031233626,565.1273088900731,N/A,new_parameter_combo,Q2_provisional,requires_pilot_and_Q3_k100_confirmation
5.4,13.0,4.4,0.13,False,4.4,10.580808080808081,5.050000000000001,4.4,4.4,4.4,False,0.7015903944843122,1.1885042514525845,True,True,True,0.95,True,6.232830569832148,509.1947568704118,N/A,new_parameter_combo,Q2_provisional,requires_pilot_and_Q3_k100_confirmation
5.4,13.0,4.5,0.13,False,4.5,10.37777777777778,5.085,4.5,4.5,4.5,False,0.697014405613437,0.9169357099409225,True,True,True,0.95,True,6.176872688267136,481.48384933031446,N/A,new_parameter_combo,Q2_provisional,requires_pilot_and_Q3_k100_confirmation
5.4,13.0,4.75,0.13,False,4.75,9.907602339181288,5.172499999999999,4.75,4.75,4.75,False,0.727599141151281,0.44685909349983016,True,True,True,0.902,True,6.084306475480519,438.91530856629095,N/A,new_parameter_combo,Q2_provisional,requires_pilot_and_Q3_k100_confirmation
5.4,13.0,4.8,0.13,False,4.8,9.819444444444445,5.1899999999999995,4.8,4.8,4.8,False,0.7371764250385743,0.4950255464755437,True,True,True,0.8,True,6.073906688544779,434.3743363735553,N/A,new_parameter_combo,Q2_provisional,requires_pilot_and_Q3_k100_confirmation
5.4,13.0,4.85,0.13,False,4.85,9.733104238258878,5.2075000000000005,4.85,4.85,4.85,False,0.7511518366033946,0.5970161504935855,True,True,True,0.8,True,6.066211386816235,431.0445231825916,N/A,new_parameter_combo,Q2_provisional,requires_pilot_and_Q3_k100_confirmation
5.4,13.0,5.0,0.13,False,5.0,9.484444444444446,5.26,5.0,5.0,5.000000000000001,False,0.8036349181267903,0.9885635027386369,True,True,True,0.656,False,6.059352392873773,428.0981076835441,N/A,new_parameter_combo,rejected,no_support
5.4,13.0,5.4,0.13,False,5.4,8.88888888888889,5.4,5.4,5.4,5.4,False,0.9316785926487745,2.042370644667204,True,True,True,0.808,True,6.09897789234984,445.4022882602134,N/A,new_parameter_combo,Q2_provisional,requires_pilot_and_Q3_k100_confirmation
5.4,13.0,5.5,0.13,False,5.5,8.753535353535355,5.4350000000000005,5.5,5.499999999999999,5.5,False,0.9620940702446933,2.198287869735463,True,True,True,0.681,False,6.116841244563532,453.4301550453549,N/A,new_parameter_combo,rejected,no_support
5.4,13.0,6.0,0.13,False,6.0,8.144444444444444,5.61,6.000000000000001,6.0,6.0,False,1.166502053498547,3.437676170645333,True,False,False,0.0,False,6.253899869700049,520.0369515376176,N/A,new_parameter_combo,rejected,no_support
5.4,19.0,3.0,0.19,False,3.0,14.311111111111114,5.28,3.0000000000000004,3.0,3.0,False,0.8857142857142857,5.734499317527033,True,False,False,0.0,False,6.725567019882746,833.4444221492466,N/A,new_parameter_combo,rejected,no_support
5.4,19.0,3.5,0.19,False,3.5,12.56825396825397,5.305,3.5,3.5,3.4999999999999996,False,0.812788410350443,3.3172688953311056,True,False,False,0.0,False,6.82117888624627,917.0654889670376,N/A,new_parameter_combo,rejected,no_support
5.4,19.0,3.6,0.19,False,3.6,12.27777777777778,5.31,3.6,3.6,3.6000000000000005,False,0.7620491306674528,3.0016295158144195,True,False,False,0.0,False,6.790796864092084,889.6221874306766,N/A,new_parameter_combo,rejected,no_support
5.4,19.0,4.0,0.19,False,4.0,11.261111111111113,5.33,4.0,4.0,4.0,False,0.6800000000000002,2.302686286657174,True,True,True,1.0,True,6.50425412405238,667.977255331735,N/A,new_parameter_combo,Q2_provisional,requires_pilot_and_Q3_k100_confirmation
5.4,19.0,4.25,0.19,False,4.25,10.722875816993465,5.342499999999999,4.25,4.25,4.25,False,0.6709147207358026,1.6162335609595273,True,True,True,0.998,True,6.276463650906018,531.9043345546664,N/A,new_parameter_combo,Q2_provisional,requires_pilot_and_Q3_k100_confirmation
5.4,19.0,4.4,0.19,False,4.4,10.429292929292929,5.35,4.4,4.4,4.4,False,0.5910385456973173,1.1867471244010326,True,True,True,0.996,True,6.172243189504539,479.25997213588045,N/A,new_parameter_combo,Q2_provisional,requires_pilot_and_Q3_k100_confirmation
5.4,19.0,4.5,0.19,False,4.5,10.244444444444445,5.355,4.5,4.5,4.5,False,0.5918774176727986,0.9229983869085268,True,True,True,0.996,True,6.1162853079395285,453.17814667257016,N/A,new_parameter_combo,Q2_provisional,requires_pilot_and_Q3_k100_confirmation
5.4,19.0,4.75,0.19,False,4.75,9.816374269005848,5.367500000000001,4.75,4.75,4.75,False,0.6466653078743001,0.6701292120340638,True,True,True,0.95,True,6.02371909515291,413.1121456284485,N/A,new_parameter_combo,Q2_provisional,requires_pilot_and_Q3_k100_confirmation
5.4,19.0,4.8,0.19,False,4.8,9.736111111111112,5.37,4.8,4.8,4.8,False,0.6607822358881225,0.7234988756181014,True,True,True,0.95,True,6.013319308217172,408.83813027931956,N/A,new_parameter_combo,Q2_provisional,requires_pilot_and_Q3_k100_confirmation
5.4,19.0,4.85,0.19,False,4.85,9.657502863688432,5.3725,4.85,4.85,4.85,False,0.6522523769717565,0.8015432137972166,True,True,True,0.902,True,6.0056240064886275,405.70407173769735,N/A,new_parameter_combo,Q2_provisional,requires_pilot_and_Q3_k100_confirmation
5.4,19.0,5.0,0.19,False,5.0,9.431111111111113,5.38,5.0,5.0,5.000000000000001,False,0.6634114831071041,1.0784592837190845,True,True,True,0.808,True,5.998765012546165,402.9308715212352,N/A,new_parameter_combo,Q2_provisional,requires_pilot_and_Q3_k100_confirmation
5.4,19.0,5.4,0.19,False,5.4,8.88888888888889,5.4,5.4,5.4,5.4,False,0.8935965509772116,2.042370644667204,True,True,True,0.916,True,6.038390512022231,419.2177656596982,N/A,new_parameter_combo,Q2_provisional,requires_pilot_and_Q3_k100_confirmation
5.4,19.0,5.5,0.19,False,5.5,8.765656565656567,5.404999999999999,5.5,5.499999999999999,5.5,False,0.9592261443050684,2.1796083464753693,True,True,True,0.916,True,6.0562538642359245,426.77368637538774,N/A,new_parameter_combo,Q2_provisional,requires_pilot_and_Q3_k100_confirmation
5.4,19.0,6.0,0.19,False,6.0,8.211111111111112,5.43,6.000000000000001,6.0,6.0,False,1.1507816775512878,3.333875770346555,True,False,False,0.0,False,6.193312489372442,489.4647706810067,N/A,new_parameter_combo,rejected,no_support
5.4,22.0,3.0,0.22,False,3.0,14.044444444444446,5.4,3.2399999999999998,3.0,3.0,False,0.8,5.194366706707518,True,False,False,0.0,False,6.710051752043983,820.6131067573275,N/A,new_parameter_combo,rejected,no_support
5.4,22.0,3.5,0.22,False,3.5,12.387301587301588,5.4,3.6900000000000004,3.5,3.4999999999999996,False,0.7528263073110504,2.9489932793012312,True,False,False,0.0,False,6.8056636184075066,902.9467832546206,N/A,new_parameter_combo,rejected,no_support
5.4,22.0,3.6,0.22,False,3.6,12.111111111111112,5.4,3.7800000000000002,3.6,3.6000000000000005,False,0.7035656272422174,2.6706272602724765,True,True,True,0.095,False,6.775281596253321,875.9259857845782,N/A,new_parameter_combo,rejected,no_support
5.4,22.0,4.0,0.22,False,4.0,11.144444444444446,5.4,4.14,4.0,4.0,False,0.6057142857142859,2.15379154137459,True,True,True,1.0,True,6.488738856213617,657.6933940327567,N/A,new_parameter_combo,Q2_provisional,requires_pilot_and_Q3_k100_confirmation
5.4,22.0,4.25,0.22,False,4.25,10.632679738562093,5.4,4.365,4.25,4.25,False,0.676367874218986,1.4686566025939014,True,True,True,1.0,True,6.260948383067254,523.7153874651896,N/A,new_parameter_combo,Q2_provisional,requires_pilot_and_Q3_k100_confirmation
5.4,22.0,4.4,0.22,False,4.4,10.353535353535355,5.4,4.5,4.4,4.4,False,0.5972214842715472,1.061423211708885,True,True,True,0.998,True,6.156727921665776,471.8815127044288,N/A,new_parameter_combo,Q2_provisional,requires_pilot_and_Q3_k100_confirmation
5.4,22.0,4.5,0.22,False,4.5,10.177777777777779,5.4,4.59,4.5,4.5,False,0.5526965725201398,0.8394561240720336,True,True,True,0.996,True,6.100770040100765,446.20123066695817,N/A,new_parameter_combo,Q2_provisional,requires_pilot_and_Q3_k100_confirmation
5.4,22.0,4.75,0.22,False,4.75,9.770760233918129,5.4,4.815,4.75,4.75,False,0.6201649714686688,0.7273179988553833,True,True,True,0.972,True,6.008203827314147,406.75206678945204,N/A,new_parameter_combo,Q2_provisional,requires_pilot_and_Q3_k100_confirmation
5.4,22.0,4.8,0.22,False,4.8,9.694444444444446,5.4,4.86,4.8,4.8,False,0.637741950884813,0.7901787210334277,True,True,True,0.972,True,5.9978040403784085,402.5438521553764,N/A,new_parameter_combo,Q2_provisional,requires_pilot_and_Q3_k100_confirmation
5.4,22.0,4.85,0.22,False,4.85,9.619702176403209,5.4,4.904999999999999,4.85,4.85,False,0.6414941900893313,0.8714062584058754,True,True,True,0.95,True,5.990108738649864,399.4580440939729,N/A,new_parameter_combo,Q2_provisional,requires_pilot_and_Q3_k100_confirmation
5.4,22.0,5.0,0.22,False,5.0,9.404444444444445,5.4,5.04,5.0,5.000000000000001,False,0.6671692408365116,1.1192106602753853,True,True,True,0.904,True,5.983249744707401,396.7275387539496,N/A,new_parameter_combo,Q2_provisional,requires_pilot_and_Q3_k100_confirmation
5.4,22.0,5.4,0.22,False,5.4,8.88888888888889,5.4,5.4,5.4,5.4,False,0.8471708619798938,2.042370644667204,True,True,True,0.916,True,6.022875244183468,412.7636875878769,N/A,new_parameter_combo,Q2_provisional,requires_pilot_and_Q3_k100_confirmation
5.4,22.0,5.5,0.22,False,5.5,8.771717171717173,5.4,5.49,5.499999999999999,5.5,False,0.9161323427255232,2.1683833957065306,True,True,True,0.989,True,6.040738596397161,420.20328092863565,N/A,new_parameter_combo,Q2_provisional,requires_pilot_and_Q3_k100_confirmation
5.4,22.0,6.0,0.22,False,6.0,8.244444444444445,5.4,5.9399999999999995,6.0,6.0,False,1.1311960890299857,3.252645247356993,True,False,False,0.0,False,6.1777972215336785,481.92920300674524,N/A,new_parameter_combo,rejected,no_support
5.4,24.0,3.0,0.24,False,3.0,13.866666666666665,5.4,3.4799999999999995,3.0,3.0,False,0.7615803252689336,4.749822558745607,True,False,False,0.0,False,6.705181729901488,816.6264182670027,N/A,new_parameter_combo,rejected,no_support
5.4,24.0,3.5,0.24,False,3.5,12.266666666666666,5.4,3.88,3.5,3.4999999999999996,False,0.7318640584152224,2.6470589485728175,True,True,True,0.095,False,6.800793596265012,898.5601027123105,N/A,new_parameter_combo,rejected,no_support
5.4,24.0,3.6,0.24,False,3.6,12.0,5.4,3.96,3.6,3.6000000000000005,False,0.6715839485872187,2.540905212991073,True,True,True,0.292,False,6.7704115741108275,871.6705772160968,N/A,new_parameter_combo,rejected,no_support
5.4,24.0,4.0,0.24,False,4.0,11.066666666666668,5.4,4.28,4.0,4.0,False,0.5599858781018228,2.0045365180861867,True,True,True,1.0,True,6.483868834071123,654.4981992904816,N/A,new_parameter_combo,Q2_provisional,requires_pilot_and_Q3_k100_confirmation
5.4,24.0,4.25,0.24,False,4.25,10.572549019607845,5.4,4.48,4.25,4.25,False,0.6636360110045573,1.3378911854545663,True,True,True,1.0,True,6.256078360924761,521.1710823715706,N/A,new_parameter_combo,Q2_provisional,requires_pilot_and_Q3_k100_confirmation
5.4,24.0,4.4,0.24,False,4.4,10.303030303030303,5.4,4.6000000000000005,4.4,4.4,False,0.6080581598542247,0.9637276527532145,True,True,True,1.0,True,6.151857899523282,469.5890260502377,N/A,new_parameter_combo,Q2_provisional,requires_pilot_and_Q3_k100_confirmation
5.4,24.0,4.5,0.24,False,4.5,10.133333333333333,5.4,4.680000000000001,4.5,4.5,False,0.5643888072643771,0.7788456139236071,True,True,True,0.996,True,6.095900017958271,444.0335035175613,N/A,new_parameter_combo,Q2_provisional,requires_pilot_and_Q3_k100_confirmation
5.4,24.0,4.75,0.24,False,4.75,9.740350877192984,5.4,4.88,4.75,4.75,False,0.5836308764964375,0.7590822780363603,True,True,True,0.987,True,6.0033338051716525,404.7759908899418,N/A,new_parameter_combo,Q2_provisional,requires_pilot_and_Q3_k100_confirmation
5.4,24.0,4.8,0.24,False,4.8,9.666666666666668,5.4,4.92,4.8,4.8,False,0.6117393235684624,0.8297571735851337,True,True,True,0.987,True,5.992934018235914,400.58822053186947,N/A,new_parameter_combo,Q2_provisional,requires_pilot_and_Q3_k100_confirmation
5.4,24.0,4.85,0.24,False,4.85,9.59450171821306,5.4,4.96,4.85,4.85,False,0.6372009102316158,0.9146568397069731,True,True,True,0.972,True,5.98523871650737,397.51740389015015,N/A,new_parameter_combo,Q2_provisional,requires_pilot_and_Q3_k100_confirmation
5.4,24.0,5.0,0.24,False,5.0,9.386666666666667,5.4,5.08,5.0,5.000000000000001,False,0.7121485885999479,1.1525705334920413,True,True,True,0.947,True,5.978379722564907,394.80016384423715,N/A,new_parameter_combo,Q2_provisional,requires_pilot_and_Q3_k100_confirmation
5.4,24.0,5.4,0.24,False,5.4,8.88888888888889,5.4,5.4,5.4,5.4,False,0.8588105799563129,2.042370644667204,True,True,True,0.97,True,6.0180052220409745,410.7584061355335,N/A,new_parameter_combo,Q2_provisional,requires_pilot_and_Q3_k100_confirmation
5.4,24.0,5.5,0.24,False,5.5,8.775757575757575,5.4,5.48,5.499999999999999,5.5,False,0.909480957604335,2.1603178916435626,True,True,True,0.989,True,6.035868574254667,418.16185657179756,N/A,new_parameter_combo,Q2_provisional,requires_pilot_and_Q3_k100_confirmation
5.4,24.0,6.0,0.24,False,6.0,8.266666666666666,5.4,5.880000000000001,6.0,6.0,False,1.084027119549307,3.208454364769461,True,False,False,0.0,False,6.172927199391184,479.58790283622943,N/A,new_parameter_combo,rejected,no_support
5.4,27.0,3.0,0.27,False,3.0,13.600000000000001,5.4,3.84,3.0,3.0,False,0.7134312746673427,4.084529874489639,True,False,False,0.0,False,6.70608693131277,817.3659643218762,N/A,new_parameter_combo,rejected,no_support
5.4,27.0,3.5,0.27,False,3.5,12.085714285714287,5.4,4.165,3.5,3.4999999999999996,False,0.6622568864673809,2.3637901480979147,True,True,True,0.292,False,6.801698797676294,899.3738488319105,N/A,new_parameter_combo,rejected,no_support
5.4,27.0,3.6,0.27,False,3.6,11.833333333333334,5.4,4.23,3.6,3.6000000000000005,False,0.6512190295820569,2.064485485555247,True,True,True,0.51,False,6.771316775522109,872.4599718794456,N/A,new_parameter_combo,rejected,no_support
5.4,27.0,4.0,0.27,False,4.0,10.95,5.4,4.49,4.0,4.0,False,0.5072057305090555,1.773496609605058,True,True,True,1.0,True,6.484774035482404,655.0909202095945,N/A,new_parameter_combo,Q2_provisional,requires_pilot_and_Q3_k100_confirmation
5.4,27.0,4.25,0.27,False,4.25,10.48235294117647,5.4,4.6525,4.25,4.25,False,0.6390298769803094,1.1846351792058774,True,True,True,1.0,True,6.256983562336043,521.6430607563748,N/A,new_parameter_combo,Q2_provisional,requires_pilot_and_Q3_k100_confirmation
5.4,27.0,4.4,0.27,False,4.4,10.227272727272728,5.4,4.750000000000001,4.4,4.4,False,0.633696662812093,0.8684000446840764,True,True,True,1.0,True,6.152763100934564,470.01429114558493,N/A,new_parameter_combo,Q2_provisional,requires_pilot_and_Q3_k100_confirmation
5.4,27.0,4.5,0.27,False,4.5,10.066666666666668,5.4,4.815,4.5,4.5,False,0.5919218364439546,0.7380551805390861,True,True,True,1.0,True,6.0968052193695526,444.4356252447214,N/A,new_parameter_combo,Q2_provisional,requires_pilot_and_Q3_k100_confirmation
5.4,27.0,4.75,0.27,False,4.75,9.694736842105263,5.4,4.9775,4.75,4.75,False,0.5600769808604849,0.8310299690019958,True,True,True,0.996,True,6.004239006582935,405.14256057281557,N/A,new_parameter_combo,Q2_provisional,requires_pilot_and_Q3_k100_confirmation
5.4,27.0,4.8,0.27,False,4.8,9.625,5.4,5.01,4.8,4.8,False,0.5893099562113268,0.8800854736263437,True,True,True,0.987,True,5.993839219647196,400.9509977228791,N/A,new_parameter_combo,Q2_provisional,requires_pilot_and_Q3_k100_confirmation
5.4,27.0,4.85,0.27,False,4.85,9.556701030927837,5.4,5.0424999999999995,4.85,4.85,False,0.6197469035741895,0.9392378023328963,True,True,True,0.987,True,5.986143917918652,397.877400115125,N/A,new_parameter_combo,Q2_provisional,requires_pilot_and_Q3_k100_confirmation
5.4,27.0,5.0,0.27,False,5.0,9.360000000000001,5.4,5.14,5.0,5.000000000000001,False,0.688767384683742,1.1849235818955137,True,True,True,0.971,True,5.97928492397619,395.15769930611253,N/A,new_parameter_combo,Q2_provisional,requires_pilot_and_Q3_k100_confirmation
5.4,27.0,5.4,0.27,False,5.4,8.88888888888889,5.4,5.4,5.4,5.4,False,0.9180750158314288,2.042370644667204,True,True,True,0.97,True,6.018910423452256,411.13039356083425,N/A,new_parameter_combo,Q2_provisional,requires_pilot_and_Q3_k100_confirmation
5.4,27.0,5.5,0.27,False,5.5,8.781818181818181,5.4,5.465000000000001,5.499999999999999,5.5,False,0.9656405825636565,2.1483920873665436,True,True,True,0.989,True,6.0367737756659485,418.5405486449521,N/A,new_parameter_combo,Q2_provisional,requires_pilot_and_Q3_k100_confirmation
5.4,27.0,6.0,0.27,False,6.0,8.3,5.4,5.79,6.0,6.0,False,1.0575308319189491,3.1274422742025365,True,False,False,0.0,False,6.173832400802467,480.0222230266791,N/A,new_parameter_combo,rejected,no_support
5.4,30.0,3.0,0.3,False,3.0,13.333333333333332,5.4,4.2,3.0,3.0,False,0.6727983747462717,3.4220131879337714,True,False,False,0.0,False,6.712554977765824,822.6698597783837,N/A,new_parameter_combo,rejected,no_support
5.4,30.0,3.5,0.3,False,3.5,11.904761904761903,5.4,4.45,3.5,3.4999999999999996,False,0.6182698869112295,2.1204539333099235,True,True,True,0.703,False,6.808166844129348,905.2098942249663,N/A,new_parameter_combo,rejected,no_support
5.4,30.0,3.6,0.3,False,3.6,11.666666666666666,5.4,4.5,3.6,3.6000000000000005,False,0.5816097471322018,1.8275757001816666,True,True,True,0.954,True,6.777784821975162,878.121372870952,N/A,new_parameter_combo,Q2_provisional,requires_pilot_and_Q3_k100_confirmation
5.4,30.0,4.0,0.3,False,4.0,10.833333333333334,5.4,4.7,4.0,4.0,False,0.4929756586282937,1.5146285483655881,True,True,True,1.0,True,6.491242081935458,659.3418113733605,N/A,new_parameter_combo,Q2_provisional,requires_pilot_and_Q3_k100_confirmation
5.4,30.0,4.25,0.3,False,4.25,10.392156862745098,5.4,4.825,4.25,4.25,False,0.593323396691235,1.0298884951521454,True,True,True,1.0,True,6.2634516087890955,525.0280075007129,N/A,new_parameter_combo,Q2_provisional,requires_pilot_and_Q3_k100_confirmation
5.4,30.0,4.4,0.3,False,4.4,10.15151515151515,5.4,4.9,4.4,4.4,False,0.669404267019625,0.8366885530055194,True,True,True,1.0,True,6.159231147387617,473.06421831666376,N/A,new_parameter_combo,Q2_provisional,requires_pilot_and_Q3_k100_confirmation
5.4,30.0,4.5,0.3,False,4.5,10.0,5.4,4.95,4.5,4.5,False,0.6300016450010918,0.764954461905657,True,True,True,1.0,True,6.103273265822606,447.3195722113672,N/A,new_parameter_combo,Q2_provisional,requires_pilot_and_Q3_k100_confirmation
5.4,30.0,4.75,0.3,False,4.75,9.649122807017543,5.4,5.075,4.75,4.75,False,0.5700018181585754,0.8529691836851576,True,True,True,0.996,True,6.010707053035988,407.77153447197037,N/A,new_parameter_combo,Q2_provisional,requires_pilot_and_Q3_k100_confirmation
5.4,30.0,4.8,0.3,False,4.8,9.583333333333332,5.4,5.1,4.8,4.8,False,0.57882754472348,0.9219037649198524,True,True,True,0.996,True,6.00030726610025,403.55277253114247,N/A,new_parameter_combo,Q2_provisional,requires_pilot_and_Q3_k100_confirmation
5.4,30.0,4.85,0.3,False,4.85,9.518900343642612,5.4,5.125,4.85,4.85,False,0.6097879357043824,1.0153033261710194,True,True,True,0.996,True,5.992611964371705,400.4592303195037,N/A,new_parameter_combo,Q2_provisional,requires_pilot_and_Q3_k100_confirmation
5.4,30.0,5.0,0.3,False,5.0,9.333333333333334,5.4,5.2,5.0,5.000000000000001,False,0.6541176484082843,1.2342348465875261,True,True,True,0.988,True,5.9857529704292425,397.72188134627396,N/A,new_parameter_combo,Q2_provisional,requires_pilot_and_Q3_k100_confirmation
5.4,30.0,5.4,0.3,False,5.4,8.88888888888889,5.4,5.4,5.4,5.4,False,0.9561746168766376,2.042370644667204,True,True,True,0.97,True,6.025378469905309,413.7982225647594,N/A,new_parameter_combo,Q2_provisional,requires_pilot_and_Q3_k100_confirmation
5.4,30.0,5.5,0.3,False,5.5,8.787878787878787,5.4,5.45,5.499999999999999,5.5,False,1.0036222661246736,2.1366763009320424,True,True,True,0.989,True,6.043241822119002,421.256462215153,N/A,new_parameter_combo,Q2_provisional,requires_pilot_and_Q3_k100_confirmation
5.4,30.0,6.0,0.3,False,6.0,8.333333333333334,5.4,5.7,6.0,6.0,False,1.0793062923489711,3.051100471228021,True,False,False,0.0,False,6.18030044725552,483.13709176218583,N/A,new_parameter_combo,rejected,no_support
5.4,31.0,3.0,0.31,False,3.0,13.244444444444445,5.4,4.32,3.0,3.0,False,0.659786994075376,3.2020892177772224,True,False,False,0.0,False,6.712968405684279,823.0100447822315,N/A,new_parameter_combo,rejected,no_support
5.4,31.0,3.5,0.31,False,3.5,11.844444444444445,5.4,4.545,3.5,3.4999999999999996,False,0.6055967709454798,2.068262420273687,True,True,True,0.9,True,6.808580272047803,905.5842106383972,N/A,new_parameter_combo,Q2_provisional,requires_pilot_and_Q3_k100_confirmation
5.4,31.0,3.6,0.31,False,3.6,11.611111111111112,5.4,4.590000000000001,3.6,3.6000000000000005,False,0.5709859893202285,1.8892111888882182,True,True,True,0.996,True,6.778198249893618,878.4844878180462,N/A,new_parameter_combo,Q2_provisional,requires_pilot_and_Q3_k100_confirmation
5.4,31.0,4.0,0.31,False,4.0,10.794444444444444,5.4,4.7700000000000005,4.0,4.0,False,0.49380292276434756,1.4279337435444244,True,True,True,1.0,True,6.4916555098539135,659.6144580419761,N/A,new_parameter_combo,Q2_provisional,requires_pilot_and_Q3_k100_confirmation
5.4,31.0,4.25,0.31,False,4.25,10.362091503267974,5.4,4.8825,4.25,4.25,False,0.5801055498610507,0.9765343268361195,True,True,True,1.0,True,6.263865036707552,525.2451136127567,N/A,new_parameter_combo,Q2_provisional,requires_pilot_and_Q3_k100_confirmation
5.4,31.0,4.4,0.31,False,4.4,10.126262626262626,5.4,4.95,4.4,4.4,False,0.6832844085065626,0.7882513579140863,True,True,True,1.0,True,6.159644575306073,473.25983670600397,N/A,new_parameter_combo,Q2_provisional,requires_pilot_and_Q3_k100_confirmation
5.4,31.0,4.5,0.31,False,4.5,9.977777777777778,5.4,4.995,4.5,4.5,False,0.6447306281759563,0.7480783548675728,True,True,True,1.0,True,6.103686693741062,447.5045448447816,N/A,new_parameter_combo,Q2_provisional,requires_pilot_and_Q3_k100_confirmation
5.4,31.0,4.75,0.31,False,4.75,9.63391812865497,5.4,5.1075,4.75,4.75,False,0.5862402092215813,0.877395935919486,True,True,True,1.0,True,6.011120480954444,407.94015346217014,N/A,new_parameter_combo,Q2_provisional,requires_pilot_and_Q3_k100_confirmation
5.4,31.0,4.8,0.31,False,4.8,9.569444444444445,5.4,5.13,4.8,4.8,False,0.5821319291261762,0.9621573533129664,True,True,True,1.0,True,6.000720694018705,403.71964700678353,N/A,new_parameter_combo,Q2_provisional,requires_pilot_and_Q3_k100_confirmation
5.4,31.0,4.85,0.31,False,4.85,9.506300114547537,5.4,5.1525,4.85,4.85,False,0.6091182151274084,1.040080142056416,True,True,True,0.996,True,5.9930253922901615,400.6248255740133,N/A,new_parameter_combo,Q2_provisional,requires_pilot_and_Q3_k100_confirmation
5.4,31.0,5.0,0.31,False,5.0,9.324444444444445,5.4,5.22,5.0,5.000000000000001,False,0.6562202374203345,1.2519682576651614,True,True,True,0.988,True,5.986166398347699,397.88634467032574,N/A,new_parameter_combo,Q2_provisional,requires_pilot_and_Q3_k100_confirmation
5.4,31.0,5.4,0.31,False,5.4,8.88888888888889,5.4,5.4,5.4,5.4,False,0.9497499670966044,2.042370644667204,True,True,True,0.97,True,6.0257918978237655,413.96933367119226,N/A,new_parameter_combo,Q2_provisional,requires_pilot_and_Q3_k100_confirmation
5.4,31.0,5.5,0.31,False,5.5,8.789898989898989,5.4,5.444999999999999,5.499999999999999,5.5,False,0.995865176105477,2.1328183093946453,True,True,True,0.989,True,6.043655250037458,421.43065740355837,N/A,new_parameter_combo,Q2_provisional,requires_pilot_and_Q3_k100_confirmation
5.4,31.0,6.0,0.31,False,6.0,8.344444444444445,5.4,5.67,6.0,6.0,False,1.0879694770112645,3.0267527478530214,True,False,False,0.0,False,6.180713875173976,483.3368754195873,N/A,new_parameter_combo,rejected,no_support
5.4,37.0,3.0,0.37,False,3.0,12.71111111111111,5.4,5.04,3.0,3.0,False,0.6069260116962112,2.684115692234972,True,True,True,0.107,False,6.6933985468083925,807.0604292429225,N/A,new_parameter_combo,rejected,no_support
5.4,37.0,3.5,0.37,False,3.5,11.482539682539683,5.4,5.115,3.5,3.4999999999999996,False,0.5338390990490199,1.769116476400951,True,True,True,1.0,True,6.7890104131719164,888.0343397835733,N/A,new_parameter_combo,Q2_provisional,requires_pilot_and_Q3_k100_confirmation
5.4,37.0,3.6,0.37,False,3.6,11.277777777777777,5.4,5.13,3.6,3.6000000000000005,False,0.5278107460761567,1.7187980326825012,True,True,True,1.0,True,6.758628391017731,861.459799083351,N/A,new_parameter_combo,Q2_provisional,requires_pilot_and_Q3_k100_confirmation
5.4,37.0,4.0,0.37,False,4.0,10.561111111111112,5.4,5.1899999999999995,4.0,4.0,False,0.4902644018011805,1.0757532813076724,True,True,True,1.0,True,6.472085650978027,646.8313856157789,N/A,new_parameter_combo,Q2_provisional,requires_pilot_and_Q3_k100_confirmation
5.4,37.0,4.25,0.37,False,4.25,10.18169934640523,5.4,5.2275,4.25,4.25,False,0.5824851097334803,0.8356938930775385,True,True,True,1.0,True,6.244295177831665,515.0660669788352,N/A,new_parameter_combo,Q2_provisional,requires_pilot_and_Q3_k100_confirmation
5.4,37.0,4.4,0.37,False,4.4,9.974747474747476,5.4,5.25,4.4,4.4,False,0.6457142857142861,0.7531105362880621,True,True,True,1.0,True,6.140074716430186,464.088244580838,N/A,new_parameter_combo,Q2_provisional,requires_pilot_and_Q3_k100_confirmation
5.4,37.0,4.5,0.37,False,4.5,9.844444444444443,5.4,5.265,4.5,4.5,False,0.7250840908305122,0.7542177537522343,True,True,True,1.0,True,6.084116834865175,438.832080289071,N/A,new_parameter_combo,Q2_provisional,requires_pilot_and_Q3_k100_confirmation
5.4,37.0,4.75,0.37,False,4.75,9.542690058479533,5.4,5.302499999999999,4.75,4.75,False,0.7004401176534418,0.9823250626036577,True,True,True,1.0,True,5.991550622078557,400.03443147005254,N/A,new_parameter_combo,Q2_provisional,requires_pilot_and_Q3_k100_confirmation
5.4,37.0,4.8,0.37,False,4.8,9.48611111111111,5.4,5.31,4.8,4.8,False,0.6970052786158563,1.0576092057614566,True,True,True,1.0,True,5.981150835142818,395.8957167932374,N/A,new_parameter_combo,Q2_provisional,requires_pilot_and_Q3_k100_confirmation
5.4,37.0,4.85,0.37,False,4.85,9.43069873997709,5.4,5.3175,4.85,4.85,False,0.6958565645435613,1.1335896445960698,True,True,True,1.0,True,5.973455533414274,392.8608717997927,N/A,new_parameter_combo,Q2_provisional,requires_pilot_and_Q3_k100_confirmation
5.4,37.0,5.0,0.37,False,5.0,9.27111111111111,5.4,5.34,5.0,5.000000000000001,False,0.7270379520172723,1.3701713652545942,True,True,True,1.0,True,5.966596539471811,390.1754615941512,N/A,new_parameter_combo,Q2_provisional,requires_pilot_and_Q3_k100_confirmation
5.4,37.0,5.4,0.37,False,5.4,8.88888888888889,5.4,5.4,5.4,5.4,False,0.928892526899971,2.042370644667204,True,True,True,0.987,True,6.006222038947878,405.94676850448553,N/A,new_parameter_combo,Q2_provisional,requires_pilot_and_Q3_k100_confirmation
5.4,37.0,5.5,0.37,False,5.5,8.802020202020202,5.4,5.415000000000001,5.499999999999999,5.5,False,0.9028370816035237,2.125363989656097,True,True,True,0.995,True,6.024085391161571,413.26349467610527,N/A,new_parameter_combo,Q2_provisional,requires_pilot_and_Q3_k100_confirmation
5.4,37.0,6.0,0.37,False,6.0,8.411111111111111,5.4,5.49,6.0,6.0,False,1.0859506908977155,2.893166924878644,True,False,False,0.0,False,6.161144016298088,473.96999419160244,N/A,new_parameter_combo,rejected,no_support
5.4,38.0,3.0,0.38,False,3.0,12.622222222222222,5.4,5.16,3.0,3.0,False,0.5898737325972088,2.7452469278208307,True,True,True,0.107,False,6.686461832597974,801.4814539440894,N/A,new_parameter_combo,rejected,no_support
5.4,38.0,3.5,0.38,False,3.5,11.42222222222222,5.4,5.21,3.5,3.4999999999999996,False,0.5143695368197491,1.7081272315510738,True,True,True,1.0,True,6.782073698961497,881.8956152635069,N/A,new_parameter_combo,Q2_provisional,requires_pilot_and_Q3_k100_confirmation
5.4,38.0,3.6,0.38,False,3.6,11.222222222222221,5.4,5.22,3.6,3.6000000000000005,False,0.5081102443448303,1.5727366252830963,True,True,True,1.0,True,6.7516916768073125,855.5047766762527,N/A,new_parameter_combo,Q2_provisional,requires_pilot_and_Q3_k100_confirmation
5.4,38.0,4.0,0.38,False,4.0,10.522222222222222,5.4,5.26,4.0,4.0,False,0.4697073557013983,1.034430006088137,True,True,True,1.0,True,6.4651489367676085,642.3600273480397,N/A,new_parameter_combo,Q2_provisional,requires_pilot_and_Q3_k100_confirmation
5.4,38.0,4.25,0.38,False,4.25,10.151633986928104,5.4,5.284999999999999,4.25,4.25,False,0.5970190618431557,0.8445727500800334,True,True,True,1.0,True,6.237358463621246,511.5055642446868,N/A,new_parameter_combo,Q2_provisional,requires_pilot_and_Q3_k100_confirmation
5.4,38.0,4.4,0.38,False,4.4,9.94949494949495,5.4,5.3,4.4,4.4,False,0.6425459564283706,0.766514848005704,True,True,True,1.0,True,6.133138002219767,460.88013678719466,N/A,new_parameter_combo,Q2_provisional,requires_pilot_and_Q3_k100_confirmation
5.4,38.0,4.5,0.38,False,4.5,9.822222222222221,5.4,5.31,4.5,4.5,False,0.7086293899104791,0.7761634353720841,True,True,True,1.0,True,6.077180120654757,435.79856105363416,N/A,new_parameter_combo,Q2_provisional,requires_pilot_and_Q3_k100_confirmation
5.4,38.0,4.75,0.38,False,4.75,9.527485380116959,5.4,5.335000000000001,4.75,4.75,False,0.7216789037037321,1.0067342867505453,True,True,True,1.0,True,5.984613907868138,397.2691091583791,N/A,new_parameter_combo,Q2_provisional,requires_pilot_and_Q3_k100_confirmation
5.4,38.0,4.8,0.38,False,4.8,9.472222222222223,5.4,5.34,4.8,4.8,False,0.7183456271538239,1.0791154452516252,True,True,True,1.0,True,5.9742141209324,393.15900421896924,N/A,new_parameter_combo,Q2_provisional,requires_pilot_and_Q3_k100_confirmation
5.4,38.0,4.85,0.38,False,4.85,9.418098510882016,5.4,5.345,4.85,4.85,False,0.7172310925015873,1.1547113584914297,True,True,True,1.0,True,5.966518819203856,390.1451382311117,N/A,new_parameter_combo,Q2_provisional,requires_pilot_and_Q3_k100_confirmation
5.4,38.0,5.0,0.38,False,5.0,9.262222222222222,5.4,5.36,5.0,5.000000000000001,False,0.7352720584926372,1.391616227921427,True,True,True,1.0,True,5.959659825261393,387.47829148944595,N/A,new_parameter_combo,Q2_provisional,requires_pilot_and_Q3_k100_confirmation
5.4,38.0,5.4,0.38,False,5.4,8.88888888888889,5.4,5.4,5.4,5.4,False,0.9257123566999301,2.042370644667204,True,True,True,0.995,True,5.99928532473746,403.14057591708263,N/A,new_parameter_combo,Q2_provisional,requires_pilot_and_Q3_k100_confirmation
5.4,38.0,5.5,0.38,False,5.5,8.804040404040403,5.4,5.41,5.499999999999999,5.5,False,0.886872802236566,2.1259446098744035,True,True,True,0.997,True,6.017148676951153,410.40672367709806,N/A,new_parameter_combo,Q2_provisional,requires_pilot_and_Q3_k100_confirmation
5.4,38.0,6.0,0.38,False,6.0,8.422222222222222,5.4,5.46,6.0,6.0,False,1.0938152312909537,2.873115201941804,True,False,False,0.0,False,6.15420730208767,470.693576721273,N/A,new_parameter_combo,rejected,no_support
5.4,40.0,3.0,0.4,False,3.0,12.444444444444445,5.4,5.4,3.0,3.0,False,0.5585988301645687,2.760300772951112,True,True,True,0.091,False,6.669438343264763,787.9529210910406,N/A,new_parameter_combo,rejected,no_support
5.4,40.0,3.5,0.4,False,3.5,11.301587301587302,5.4,5.4,3.5,3.4999999999999996,False,0.4781816109609658,1.4619194016213712,True,True,True,1.0,True,6.765050209628286,867.0097389336919,N/A,new_parameter_combo,Q2_provisional,requires_pilot_and_Q3_k100_confirmation
5.4,40.0,3.6,0.4,False,3.6,11.11111111111111,5.4,5.4,3.6,3.6000000000000005,True,0.47144209937300297,1.2896841839538842,True,True,True,1.0,True,6.734668187474101,841.0643620911734,N/A,existing_parameter_combo,Q2_provisional,requires_pilot_and_Q3_k100_confirmation
5.4,40.0,4.0,0.4,False,4.0,10.444444444444445,5.4,5.4,4.0,4.0,False,0.4929756586282937,1.1043348856015314,True,True,True,1.0,True,6.448125447434397,631.5173700529783,N/A,new_parameter_combo,Q2_provisional,requires_pilot_and_Q3_k100_confirmation
5.4,40.0,4.25,0.4,False,4.25,10.091503267973856,5.4,5.4,4.25,4.25,False,0.5657868820663547,0.8944995747286161,True,True,True,1.0,True,6.2203349742880345,502.8716528842323,N/A,new_parameter_combo,Q2_provisional,requires_pilot_and_Q3_k100_confirmation
5.4,40.0,4.4,0.4,False,4.4,9.8989898989899,5.4,5.4,4.4,4.4,False,0.6184778055180051,0.818999984765853,True,True,True,1.0,True,6.116114512886556,453.10075269644545,N/A,new_parameter_combo,Q2_provisional,requires_pilot_and_Q3_k100_confirmation
5.4,40.0,4.5,0.4,False,4.5,9.777777777777779,5.4,5.4,4.5,4.5,False,0.663411483107104,0.8251476825762423,True,True,True,1.0,True,6.0601566313215445,428.4425391251005,N/A,new_parameter_combo,Q2_provisional,requires_pilot_and_Q3_k100_confirmation
5.4,40.0,4.75,0.4,False,4.75,9.497076023391811,5.4,5.4,4.75,4.75,False,0.7655890297672767,1.0620969903531108,True,True,True,1.0,True,5.967590418534927,390.56344158703007,N/A,new_parameter_combo,Q2_provisional,requires_pilot_and_Q3_k100_confirmation
5.4,40.0,4.8,0.4,False,4.8,9.444444444444445,5.4,5.4,4.8,4.8,False,0.762447744111031,1.094401378024733,True,True,True,1.0,True,5.957190631599188,386.5227127878021,N/A,new_parameter_combo,Q2_provisional,requires_pilot_and_Q3_k100_confirmation
5.4,40.0,4.85,0.4,False,4.85,9.392898052691868,5.4,5.4,4.85,4.85,False,0.7613977689092608,1.1784999262072844,True,True,True,1.0,True,5.949495329870644,383.55971907506836,N/A,new_parameter_combo,Q2_provisional,requires_pilot_and_Q3_k100_confirmation
5.4,40.0,5.0,0.4,False,5.0,9.244444444444445,5.4,5.4,5.0,5.000000000000001,False,0.770796057657277,1.4253315725979403,True,True,True,1.0,True,5.9426363359281815,380.937887128918,N/A,new_parameter_combo,Q2_provisional,requires_pilot_and_Q3_k100_confirmation
5.4,40.0,5.4,0.4,False,5.4,8.88888888888889,5.4,5.4,5.4,5.4,False,0.8970498700672973,2.042370644667204,True,True,True,0.983,True,5.982261835404248,396.3358014599163,N/A,new_parameter_combo,Q2_provisional,requires_pilot_and_Q3_k100_confirmation
5.4,40.0,5.5,0.4,False,5.5,8.80808080808081,5.4,5.4,5.499999999999999,5.5,False,0.9220230813271437,2.1271979780081964,True,True,True,0.906,True,6.000125187617941,403.4793009437892,N/A,new_parameter_combo,Q2_provisional,requires_pilot_and_Q3_k100_confirmation
5.4,40.0,6.0,0.4,False,6.0,8.444444444444443,5.4,5.4,6.0,6.0,False,1.11337531490362,2.835032785277163,True,False,False,0.0,False,6.137183812754459,462.74854756924856,N/A,new_parameter_combo,rejected,no_support
5.4,50.0,3.0,0.5,False,3.0,11.555555555555555,5.4,5.4,4.2,3.0,True,0.4714420993730029,1.5925588627473892,True,True,True,1.0,True,6.521319678351212,679.4744816936051,N/A,existing_parameter_combo,Q2_provisional,requires_pilot_and_Q3_k100_confirmation
5.4,50.0,3.5,0.5,False,3.5,10.698412698412698,5.4,5.4,4.45,3.4999999999999996,False,0.3834383914007567,1.2596991911634248,True,True,True,1.0,True,6.616931544714735,747.6474510298972,N/A,new_parameter_combo,Q2_provisional,requires_pilot_and_Q3_k100_confirmation
5.4,50.0,3.6,0.5,False,3.6,10.555555555555555,5.4,5.4,4.500000000000001,3.6000000000000005,True,0.37499999999999983,1.1461128932326268,True,True,True,1.0,True,6.58654952256055,725.2740058524807,N/A,existing_parameter_combo,Q2_provisional,requires_pilot_and_Q3_k100_confirmation
5.4,50.0,4.0,0.5,False,4.0,10.055555555555555,5.4,5.4,4.7,4.0,False,0.428990271522822,0.697382355390626,True,True,True,1.0,True,6.300006782520846,544.5756037087875,N/A,new_parameter_combo,Q2_provisional,requires_pilot_and_Q3_k100_confirmation
5.4,50.0,4.25,0.5,False,4.25,9.790849673202613,5.4,5.4,4.825,4.25,False,0.593323396691235,0.6907617722550837,True,True,True,1.0,True,6.072216309374483,433.64069928035883,N/A,new_parameter_combo,Q2_provisional,requires_pilot_and_Q3_k100_confirmation
5.4,50.0,4.4,0.5,False,4.4,9.646464646464647,5.4,5.4,4.9,4.4,False,0.6400000000000005,0.8217051089390058,True,True,True,1.0,True,5.967995847973005,390.7218196070728,N/A,new_parameter_combo,Q2_provisional,requires_pilot_and_Q3_k100_confirmation
5.4,50.0,4.5,0.5,False,4.5,9.555555555555555,5.4,5.4,4.95,4.5,False,0.6894337368819575,0.9567290734630779,True,True,True,1.0,True,5.912037966407993,369.45833236384954,N/A,new_parameter_combo,Q2_provisional,requires_pilot_and_Q3_k100_confirmation
5.4,50.0,4.75,0.5,False,4.75,9.345029239766081,5.4,5.4,5.074999999999999,4.75,False,0.7432026154091631,1.2316762407592534,True,True,True,1.0,True,5.819471753621376,336.794096369821,N/A,new_parameter_combo,Q2_provisional,requires_pilot_and_Q3_k100_confirmation
5.4,50.0,4.8,0.5,False,4.8,9.305555555555557,5.4,5.4,5.1000000000000005,4.8,False,0.7654737928570908,1.294919837125835,True,True,True,1.0,True,5.809071966685638,333.3096596312428,N/A,new_parameter_combo,Q2_provisional,requires_pilot_and_Q3_k100_confirmation
5.4,50.0,4.85,0.5,False,4.85,9.266895761741123,5.4,5.4,5.125000000000001,4.85,False,0.7891451878780102,1.3583300092778,True,True,True,1.0,True,5.801376664957093,330.7545848757184,N/A,new_parameter_combo,Q2_provisional,requires_pilot_and_Q3_k100_confirmation
5.4,50.0,5.0,0.5,False,5.0,9.155555555555557,5.4,5.4,5.2,5.000000000000001,False,0.8673811892997337,1.5474180215444713,True,True,True,1.0,True,5.7945176710146304,328.4937037303938,N/A,new_parameter_combo,Q2_provisional,requires_pilot_and_Q3_k100_confirmation
5.4,50.0,5.4,0.5,False,5.4,8.88888888888889,5.4,5.4,5.4,5.4,False,0.8943673656243714,2.042370644667204,True,True,True,0.996,True,5.834143170490697,341.77176842076983,N/A,new_parameter_combo,Q2_provisional,requires_pilot_and_Q3_k100_confirmation
5.4,50.0,5.5,0.5,False,5.5,8.828282828282829,5.4,5.4,5.45,5.5,False,0.9431293573491802,2.11153274139175,True,True,True,0.991,True,5.85200652270439,347.93181362063046,N/A,new_parameter_combo,Q2_provisional,requires_pilot_and_Q3_k100_confirmation
5.4,50.0,6.0,0.5,False,6.0,8.555555555555557,5.4,5.4,5.699999999999999,6.0,False,1.2367267219130822,2.644921783311962,False,True,False,0.0,False,5.989065147840908,399.04139079618284,N/A,new_parameter_combo,rejected,no_support
5.4,55.0,3.0,0.55,False,3.0,11.11111111111111,5.4,5.4,4.800000000000001,3.0,False,0.4012893759686469,1.1569067555327148,True,True,True,1.0,True,6.410575989548469,608.2439223263164,N/A,new_parameter_combo,Q2_provisional,requires_pilot_and_Q3_k100_confirmation
5.4,55.0,3.5,0.55,False,3.5,10.396825396825397,5.4,5.4,4.925000000000001,3.4999999999999996,False,0.42474482135195735,0.8247370635539729,True,True,True,1.0,True,6.506187855911993,669.2701939272512,N/A,new_parameter_combo,Q2_provisional,requires_pilot_and_Q3_k100_confirmation
5.4,55.0,3.6,0.55,False,3.6,10.277777777777779,5.4,5.4,4.950000000000001,3.6000000000000005,False,0.4012893759686469,0.7773182806967601,True,True,True,1.0,True,6.475805833757808,649.2421981491831,N/A,new_parameter_combo,Q2_provisional,requires_pilot_and_Q3_k100_confirmation
5.4,55.0,4.0,0.55,False,4.0,9.86111111111111,5.4,5.4,5.05,4.0,False,0.513257404491456,0.6476084502045054,True,True,True,1.0,True,6.189263093718103,487.4867417793889,N/A,new_parameter_combo,Q2_provisional,requires_pilot_and_Q3_k100_confirmation
5.4,55.0,4.25,0.55,False,4.25,9.640522875816995,5.4,5.4,5.112500000000001,4.25,False,0.5392663194241842,0.8851184459933902,True,True,True,1.0,True,5.961472620571741,388.1813473747924,N/A,new_parameter_combo,Q2_provisional,requires_pilot_and_Q3_k100_confirmation
5.4,55.0,4.4,0.55,False,4.4,9.52020202020202,5.4,5.4,5.15,4.4,False,0.6557500768321012,1.0452833072872143,True,True,True,1.0,True,5.857252159170263,349.76173277901967,N/A,new_parameter_combo,Q2_provisional,requires_pilot_and_Q3_k100_confirmation
5.4,55.0,4.5,0.55,False,4.5,9.444444444444445,5.4,5.4,5.175000000000001,4.5,False,0.7340355326994098,1.1169871796945294,True,True,True,1.0,True,5.801294277605251,330.7273360038575,N/A,new_parameter_combo,Q2_provisional,requires_pilot_and_Q3_k100_confirmation
5.4,55.0,4.75,0.55,False,4.75,9.269005847953217,5.4,5.4,5.237500000000001,4.75,False,0.8077308225099828,1.3848001620918922,True,True,True,1.0,True,5.708728064818633,301.4873519336985,N/A,new_parameter_combo,Q2_provisional,requires_pilot_and_Q3_k100_confirmation
5.4,55.0,4.8,0.55,False,4.8,9.236111111111112,5.4,5.4,5.25,4.8,False,0.8067397855768942,1.435248321369465,True,True,True,1.0,True,5.6983282778828945,298.36819510578044,N/A,new_parameter_combo,Q2_provisional,requires_pilot_and_Q3_k100_confirmation
5.4,55.0,4.85,0.55,False,4.85,9.203894616265751,5.4,5.4,5.2625,4.85,False,0.8077308225099827,1.4859544455194105,True,True,True,1.0,True,5.690632976154351,296.080973535276,N/A,new_parameter_combo,Q2_provisional,requires_pilot_and_Q3_k100_confirmation
5.4,55.0,5.0,0.55,False,5.0,9.11111111111111,5.4,5.4,5.300000000000001,5.000000000000001,False,0.8142308878785616,1.6116215368413915,True,True,True,1.0,True,5.683773982211887,294.0571047178357,N/A,new_parameter_combo,Q2_provisional,requires_pilot_and_Q3_k100_confirmation
5.4,55.0,5.4,0.55,False,5.4,8.88888888888889,5.4,5.4,5.4,5.4,False,0.9387380260928253,2.042370644667204,True,True,True,0.996,True,5.723399481687955,305.9432054703566,N/A,new_parameter_combo,Q2_provisional,requires_pilot_and_Q3_k100_confirmation
5.4,55.0,5.5,0.55,False,5.5,8.83838383838384,5.4,5.4,5.425,5.5,False,0.9820535024287901,2.1041619497571955,True,True,True,0.979,True,5.741262833901647,311.4574818045192,N/A,new_parameter_combo,Q2_provisional,requires_pilot_and_Q3_k100_confirmation
5.4,55.0,6.0,0.55,False,6.0,8.61111111111111,5.4,5.4,5.550000000000001,6.0,False,1.2539653430747812,2.558780891969839,False,True,False,0.0,False,5.8783214590381645,357.20914802193516,N/A,new_parameter_combo,rejected,no_support
5.4,58.0,3.0,0.58,False,3.0,10.844444444444445,5.4,5.4,5.16,3.0,False,0.3793287573101318,1.3673348033543928,True,True,True,1.0,True,6.370285765462836,584.2247562969987,N/A,new_parameter_combo,Q2_provisional,requires_pilot_and_Q3_k100_confirmation
5.4,58.0,3.5,0.58,False,3.5,10.215873015873017,5.4,5.4,5.21,3.4999999999999996,False,0.4190763653560054,0.755122569640754,True,True,True,1.0,True,6.465897631826359,642.8411392070162,N/A,new_parameter_combo,Q2_provisional,requires_pilot_and_Q3_k100_confirmation
5.4,58.0,3.6,0.58,False,3.6,10.11111111111111,5.4,5.4,5.220000000000001,3.6000000000000005,False,0.43916955490924403,0.6369777482289047,True,True,True,1.0,True,6.435515609672175,623.604036256924,N/A,new_parameter_combo,Q2_provisional,requires_pilot_and_Q3_k100_confirmation
5.4,58.0,4.0,0.58,False,4.0,9.744444444444445,5.4,5.4,5.260000000000001,4.0,False,0.4862424911544462,0.6412225651628266,True,True,True,1.0,True,6.148972869632471,468.2362000837031,N/A,new_parameter_combo,Q2_provisional,requires_pilot_and_Q3_k100_confirmation
5.4,58.0,4.25,0.58,False,4.25,9.55032679738562,5.4,5.4,5.285000000000001,4.25,False,0.584940691219971,0.9087014066561984,True,True,True,1.0,True,5.921182396486108,372.8523126079189,N/A,new_parameter_combo,Q2_provisional,requires_pilot_and_Q3_k100_confirmation
5.4,58.0,4.4,0.58,False,4.4,9.444444444444445,5.4,5.4,5.300000000000001,4.4,False,0.6425459564283706,1.0813779856041916,True,True,True,1.0,True,5.816961935084629,335.94986418164757,N/A,new_parameter_combo,Q2_provisional,requires_pilot_and_Q3_k100_confirmation
5.4,58.0,4.5,0.58,False,4.5,9.377777777777778,5.4,5.4,5.3100000000000005,4.5,False,0.7222640141405698,1.17921695041129,True,True,True,1.0,True,5.761004053519619,317.66712364114557,N/A,new_parameter_combo,Q2_provisional,requires_pilot_and_Q3_k100_confirmation
5.4,58.0,4.75,0.58,False,4.75,9.223391812865497,5.4,5.4,5.335,4.75,False,0.7330259482558084,1.4798560786670725,True,True,True,1.0,True,5.6684378407330005,289.58180796354463,N/A,new_parameter_combo,Q2_provisional,requires_pilot_and_Q3_k100_confirmation
5.4,58.0,4.8,0.58,False,4.8,9.194444444444445,5.4,5.4,5.340000000000001,4.8,False,0.7319337680530439,1.5220988960135104,True,True,True,1.0,True,5.658038053797261,286.5858246569246,N/A,new_parameter_combo,Q2_provisional,requires_pilot_and_Q3_k100_confirmation
5.4,58.0,4.85,0.58,False,4.85,9.166093928980526,5.4,5.4,5.345,4.85,False,0.7330259482558084,1.5594988048655163,True,True,True,1.0,True,5.650342752068718,284.38892401299466,N/A,new_parameter_combo,Q2_provisional,requires_pilot_and_Q3_k100_confirmation
5.4,58.0,5.0,0.58,False,5.0,9.084444444444445,5.4,5.4,5.36,5.000000000000001,False,0.7492176191310019,1.6524663305253442,True,True,True,1.0,True,5.643483758126255,282.4449764892385,N/A,new_parameter_combo,Q2_provisional,requires_pilot_and_Q3_k100_confirmation
5.4,58.0,5.4,0.58,False,5.4,8.88888888888889,5.4,5.4,5.4,5.4,False,0.8752868334530844,2.042370644667204,True,True,True,0.992,True,5.683109257602322,293.8617026751804,N/A,new_parameter_combo,Q2_provisional,requires_pilot_and_Q3_k100_confirmation
5.4,58.0,5.5,0.58,False,5.5,8.844444444444445,5.4,5.4,5.41,5.5,False,0.9215894101042651,2.0998891540658433,True,True,True,0.95,True,5.700972609816015,299.1582237405439,N/A,new_parameter_combo,Q2_provisional,requires_pilot_and_Q3_k100_confirmation
5.4,58.0,6.0,0.58,False,6.0,8.644444444444444,5.4,5.4,5.460000000000001,6.0,False,1.2071980122649009,2.5103099684942016,True,True,True,0.306,False,5.838031234952532,343.10318572852657,N/A,new_parameter_combo,rejected,no_support
5.4,60.0,3.0,0.6,False,3.0,10.666666666666668,5.4,5.4,5.4,3.0,True,0.3382314447299092,1.2410872821329497,True,True,True,1.0,True,6.365089565138951,581.1968809653381,N/A,existing_parameter_combo,Q2_provisional,requires_pilot_and_Q3_k100_confirmation
5.4,60.0,3.5,0.6,False,3.5,10.095238095238097,5.4,5.4,5.4,3.4999999999999996,False,0.4229542600831077,0.7161143013594375,True,True,True,1.0,True,6.460701431502475,639.5094713743855,N/A,new_parameter_combo,Q2_provisional,requires_pilot_and_Q3_k100_confirmation
5.4,60.0,3.6,0.6,False,3.6,10.000000000000002,5.4,5.4,5.4,3.6000000000000005,True,0.4714420993730029,0.5838227218563016,True,True,True,1.0,True,6.43031940934829,620.372069008439,N/A,existing_parameter_combo,Q2_provisional,requires_pilot_and_Q3_k100_confirmation
5.4,60.0,4.0,0.6,False,4.0,9.666666666666668,5.4,5.4,5.4,4.0,False,0.4514185408017618,0.6720768902212753,True,True,True,1.0,True,6.143776669308585,465.80946135970555,N/A,new_parameter_combo,Q2_provisional,requires_pilot_and_Q3_k100_confirmation
5.4,60.0,4.25,0.6,False,4.25,9.490196078431373,5.4,5.4,5.4,4.25,False,0.6155406616320722,0.9484715521323176,True,True,True,1.0,True,5.9159861961622235,370.9199221921933,N/A,new_parameter_combo,Q2_provisional,requires_pilot_and_Q3_k100_confirmation
5.4,60.0,4.4,0.6,False,4.4,9.393939393939394,5.4,5.4,5.4,4.4,False,0.67369261142889,1.1095590424110477,True,True,True,1.0,True,5.811765734760745,334.2087289499302,N/A,new_parameter_combo,Q2_provisional,requires_pilot_and_Q3_k100_confirmation
5.4,60.0,4.5,0.6,False,4.5,9.333333333333334,5.4,5.4,5.4,4.5,False,0.7200000000000002,1.2298132927405303,True,True,True,1.0,True,5.7558078531957335,316.02074279715464,N/A,new_parameter_combo,Q2_provisional,requires_pilot_and_Q3_k100_confirmation
5.4,60.0,4.75,0.6,False,4.75,9.192982456140351,5.4,5.4,5.4,4.75,False,0.6981845992958291,1.507138884090497,True,True,True,1.0,True,5.663241640409116,288.0809855430982,N/A,new_parameter_combo,Q2_provisional,requires_pilot_and_Q3_k100_confirmation
5.4,60.0,4.8,0.6,False,4.8,9.166666666666668,5.4,5.4,5.4,4.8,False,0.7106769552292219,1.5607084081485,True,True,True,1.0,True,5.652841853473377,285.10052958935125,N/A,new_parameter_combo,Q2_provisional,requires_pilot_and_Q3_k100_confirmation
5.4,60.0,4.85,0.6,False,4.85,9.14089347079038,5.4,5.4,5.4,4.85,False,0.7212008127039923,1.5982740379629985,True,True,True,1.0,True,5.645146551744833,282.9150148738575,N/A,new_parameter_combo,Q2_provisional,requires_pilot_and_Q3_k100_confirmation
5.4,60.0,5.0,0.6,False,5.0,9.066666666666666,5.4,5.4,5.4,5.000000000000001,False,0.7793983158141141,1.6805864127843195,True,True,True,1.0,True,5.63828755780237,280.9811422924752,N/A,new_parameter_combo,Q2_provisional,requires_pilot_and_Q3_k100_confirmation
5.4,60.0,5.4,0.6,False,5.4,8.88888888888889,5.4,5.4,5.4,5.4,False,0.835197947941025,2.042370644667204,True,True,True,0.98,True,5.677913057278437,292.3386987441428,N/A,new_parameter_combo,Q2_provisional,requires_pilot_and_Q3_k100_confirmation
5.4,60.0,5.5,0.6,False,5.5,8.84848484848485,5.4,5.4,5.4,5.5,False,0.8836037642772346,2.097103416324051,True,True,True,0.95,True,5.6957764094921295,297.60776940569383,N/A,new_parameter_combo,Q2_provisional,requires_pilot_and_Q3_k100_confirmation
5.4,60.0,6.0,0.6,False,6.0,8.666666666666668,5.4,5.4,5.4,6.0,False,1.17845475612978,2.4794233657208284,True,True,True,0.306,False,5.832835034628648,341.3249768096404,N/A,new_parameter_combo,rejected,no_support
5.4,65.0,3.0,0.65,False,3.0,10.222222222222221,5.4,5.4,5.4,3.6000000000000005,False,0.4012893759686469,0.7230985599343448,True,True,True,1.0,True,6.427922886062116,618.8871129755391,N/A,new_parameter_combo,Q2_provisional,requires_pilot_and_Q3_k100_confirmation
5.4,65.0,3.5,0.65,False,3.5,9.793650793650793,5.4,5.4,5.4,3.9750000000000005,False,0.42474482135195746,0.5506184103259312,True,True,True,1.0,True,6.52353475242564,680.9812361725506,N/A,new_parameter_combo,Q2_provisional,requires_pilot_and_Q3_k100_confirmation
5.4,65.0,3.6,0.65,False,3.6,9.722222222222221,5.4,5.4,5.4,4.050000000000001,False,0.49600907249767123,0.6324177736060743,True,True,True,1.0,True,6.493152730271455,660.602785964009,N/A,new_parameter_combo,Q2_provisional,requires_pilot_and_Q3_k100_confirmation
5.4,65.0,4.0,0.65,False,4.0,9.472222222222223,5.4,5.4,5.4,4.3500000000000005,False,0.5348583638569703,1.0107610062453773,True,True,True,1.0,True,6.20660999023175,496.0168957871473,N/A,new_parameter_combo,Q2_provisional,requires_pilot_and_Q3_k100_confirmation
5.4,65.0,4.25,0.65,False,4.25,9.33986928104575,5.4,5.4,5.4,4.5375,False,0.6738497379889342,1.239816633333147,True,True,True,1.0,True,5.978819517085388,394.97383297954883,N/A,new_parameter_combo,Q2_provisional,requires_pilot_and_Q3_k100_confirmation
5.4,65.0,4.4,0.65,False,4.4,9.267676767676768,5.4,5.4,5.4,4.65,False,0.6557500768321013,1.3754407344495707,True,True,True,1.0,True,5.87459905568391,355.8819432194826,N/A,new_parameter_combo,Q2_provisional,requires_pilot_and_Q3_k100_confirmation
5.4,65.0,4.5,0.65,False,4.5,9.222222222222221,5.4,5.4,5.4,4.725,False,0.7340355326994099,1.4620866389645297,True,True,True,1.0,True,5.818641174118898,336.51447823544106,N/A,new_parameter_combo,Q2_provisional,requires_pilot_and_Q3_k100_confirmation
5.4,65.0,4.75,0.65,False,4.75,9.116959064327485,5.4,5.4,5.4,4.9125000000000005,False,0.6738497379889345,1.6229470530566534,True,True,True,1.0,True,5.726074961332281,306.762846266116,N/A,new_parameter_combo,Q2_provisional,requires_pilot_and_Q3_k100_confirmation
5.4,65.0,4.8,0.65,False,4.8,9.097222222222223,5.4,5.4,5.4,4.95,False,0.6820740429015022,1.6449794921929892,True,True,True,1.0,True,5.715675174396542,303.5891097217947,N/A,new_parameter_combo,Q2_provisional,requires_pilot_and_Q3_k100_confirmation
5.4,65.0,4.85,0.65,False,4.85,9.077892325315005,5.4,5.4,5.4,4.9875,False,0.719739536221264,1.6673015062429597,True,True,True,1.0,True,5.707979872667998,301.2618658274522,N/A,new_parameter_combo,Q2_provisional,requires_pilot_and_Q3_k100_confirmation
5.4,65.0,5.0,0.65,False,5.0,9.022222222222222,5.4,5.4,5.4,5.1000000000000005,False,0.8340413658806142,1.7588901266764259,True,True,True,0.995,True,5.7011208787255345,299.2025828926121,N/A,new_parameter_combo,Q2_provisional,requires_pilot_and_Q3_k100_confirmation
5.4,65.0,5.4,0.65,False,5.4,8.88888888888889,5.4,5.4,5.4,5.4,False,0.838246773367619,2.042370644667204,True,True,True,0.897,True,5.740746378201602,311.29666934255033,N/A,new_parameter_combo,Q2_provisional,requires_pilot_and_Q3_k100_confirmation
5.4,65.0,5.5,0.65,False,5.5,8.858585858585858,5.4,5.4,5.4,5.4750000000000005,False,0.7986854633632415,2.088645795429656,True,True,True,0.842,True,5.758609730415294,316.9074357396018,N/A,new_parameter_combo,Q2_provisional,requires_pilot_and_Q3_k100_confirmation
5.4,65.0,6.0,0.65,False,6.0,8.722222222222221,5.4,5.4,5.4,5.85,False,1.1161982213691957,2.3442969078751785,True,True,True,0.306,False,5.895668355551813,363.4596750300858,N/A,new_parameter_combo,rejected,no_support
5.4,69.0,3.0,0.69,False,3.0,9.866666666666669,5.4,5.4,5.4,4.079999999999999,False,0.4546948965840629,0.5533075988214781,True,True,True,0.999,True,6.55617975944018,703.578714013409,N/A,new_parameter_combo,Q2_provisional,requires_pilot_and_Q3_k100_confirmation
5.4,69.0,3.5,0.69,False,3.5,9.552380952380954,5.4,5.4,5.4,4.3549999999999995,False,0.43438027635908594,0.9295527213118372,True,True,True,1.0,True,6.651791625803704,774.170106903618,N/A,new_parameter_combo,Q2_provisional,requires_pilot_and_Q3_k100_confirmation
5.4,69.0,3.6,0.69,False,3.6,9.500000000000002,5.4,5.4,5.4,4.409999999999999,False,0.49928980174088194,1.0091016710403047,True,True,True,1.0,True,6.62140960364952,751.0029678717883,N/A,new_parameter_combo,Q2_provisional,requires_pilot_and_Q3_k100_confirmation
5.4,69.0,4.0,0.69,False,4.0,9.316666666666668,5.4,5.4,5.4,4.63,False,0.6301538522861067,1.311184813838663,True,True,True,1.0,True,6.334866863609815,563.8943231326219,N/A,new_parameter_combo,Q2_provisional,requires_pilot_and_Q3_k100_confirmation
5.4,69.0,4.25,0.69,False,4.25,9.219607843137256,5.4,5.4,5.4,4.767499999999999,False,0.6580277427313245,1.4852699284285469,True,True,True,1.0,True,6.107076390463453,449.0240233644701,N/A,new_parameter_combo,Q2_provisional,requires_pilot_and_Q3_k100_confirmation
5.4,69.0,4.4,0.69,False,4.4,9.166666666666668,5.4,5.4,5.4,4.8500000000000005,False,0.6897263580432405,1.5689270957894341,True,True,True,1.0,True,6.002855929061973,404.58260432521365,N/A,new_parameter_combo,Q2_provisional,requires_pilot_and_Q3_k100_confirmation
5.4,69.0,4.5,0.69,False,4.5,9.133333333333335,5.4,5.4,5.4,4.905,False,0.7041310319848727,1.6042706072246433,True,True,True,1.0,True,5.946898047496963,382.5647987812323,N/A,new_parameter_combo,Q2_provisional,requires_pilot_and_Q3_k100_confirmation
5.4,69.0,4.75,0.69,False,4.75,9.056140350877193,5.4,5.4,5.4,5.0424999999999995,False,0.6887673846837421,1.6941783337619951,True,True,True,1.0,True,5.854331834710345,348.7418050204857,N/A,new_parameter_combo,Q2_provisional,requires_pilot_and_Q3_k100_confirmation
5.4,69.0,4.8,0.69,False,4.8,9.041666666666668,5.4,5.4,5.4,5.069999999999999,False,0.7238787952441222,1.72293338849825,True,True,True,0.999,True,5.843932047774606,345.1337585292042,N/A,new_parameter_combo,Q2_provisional,requires_pilot_and_Q3_k100_confirmation
5.4,69.0,4.85,0.69,False,4.85,9.02749140893471,5.4,5.4,5.4,5.0975,False,0.7594738377351005,1.7513924813551223,True,True,True,0.999,True,5.836236746046062,342.4880429664664,N/A,new_parameter_combo,Q2_provisional,requires_pilot_and_Q3_k100_confirmation
5.4,69.0,5.0,0.69,False,5.0,8.986666666666668,5.4,5.4,5.4,5.180000000000001,False,0.8484105787907655,1.8350876510830993,True,True,True,0.947,True,5.829377752103599,340.14695747816404,N/A,new_parameter_combo,Q2_provisional,requires_pilot_and_Q3_k100_confirmation
5.4,69.0,5.4,0.69,False,5.4,8.88888888888889,5.4,5.4,5.4,5.4,False,0.8837561880971468,2.042370644667204,True,True,True,0.832,True,5.869003251579667,353.89605907232,N/A,new_parameter_combo,Q2_provisional,requires_pilot_and_Q3_k100_confirmation
5.4,69.0,5.5,0.69,False,5.5,8.866666666666667,5.4,5.4,5.4,5.455,False,0.8429857650043683,2.082072208949485,True,True,True,0.524,False,5.886866603793359,360.27463074314926,N/A,new_parameter_combo,rejected,no_support
5.4,69.0,6.0,0.69,False,6.0,8.766666666666666,5.4,5.4,5.4,5.7299999999999995,False,1.0774973365183242,2.237175588159254,True,True,True,0.306,False,6.023925228929876,413.19731077274224,N/A,new_parameter_combo,rejected,no_support
5.4,70.0,3.0,0.7,False,3.0,9.777777777777779,5.4,5.4,5.4,4.199999999999999,True,0.4714420993730029,0.6617401741927481,True,True,True,0.999,True,6.599075952317965,734.4162399753376,N/A,existing_parameter_combo,Q2_provisional,requires_pilot_and_Q3_k100_confirmation
5.4,70.0,3.5,0.7,False,3.5,9.492063492063494,5.4,5.4,5.4,4.449999999999999,False,0.4427563249297587,1.0367477415433706,True,True,True,1.0,True,6.694687818681489,808.1016205993755,N/A,new_parameter_combo,Q2_provisional,requires_pilot_and_Q3_k100_confirmation
5.4,70.0,3.6,0.7,False,3.6,9.444444444444445,5.4,5.4,5.4,4.5,False,0.4968312857808096,1.0994116908479417,True,True,True,1.0,True,6.664305796527303,783.9190766993642,N/A,new_parameter_combo,Q2_provisional,requires_pilot_and_Q3_k100_confirmation
5.4,70.0,4.0,0.7,False,4.0,9.277777777777779,5.4,5.4,5.4,4.7,False,0.6549279443151726,1.3878724962082123,True,True,True,1.0,True,6.377763056487599,588.6095475745243,N/A,new_parameter_combo,Q2_provisional,requires_pilot_and_Q3_k100_confirmation
5.4,70.0,4.25,0.7,False,4.25,9.189542483660132,5.4,5.4,5.4,4.825,False,0.6448702606425769,1.544902150193658,True,True,True,1.0,True,6.149972583341237,468.7045362939265,N/A,new_parameter_combo,Q2_provisional,requires_pilot_and_Q3_k100_confirmation
5.4,70.0,4.4,0.7,False,4.4,9.141414141414142,5.4,5.4,5.4,4.9,False,0.6872100501747809,1.5951717031364954,True,True,True,1.0,True,6.045752121939758,422.3152706440325,N/A,new_parameter_combo,Q2_provisional,requires_pilot_and_Q3_k100_confirmation
5.4,70.0,4.5,0.7,False,4.5,9.11111111111111,5.4,5.4,5.4,4.95,False,0.6918508893260344,1.6287377643451169,True,True,True,1.0,True,5.9897942403747475,399.33243498108385,N/A,new_parameter_combo,Q2_provisional,requires_pilot_and_Q3_k100_confirmation
5.4,70.0,4.75,0.7,False,4.75,9.04093567251462,5.4,5.4,5.4,5.075,False,0.702264921812391,1.7258253473912797,True,True,True,0.998,True,5.897228027588129,364.0269952232753,N/A,new_parameter_combo,Q2_provisional,requires_pilot_and_Q3_k100_confirmation
5.4,70.0,4.8,0.7,False,4.8,9.027777777777779,5.4,5.4,5.4,5.1000000000000005,False,0.7367333441674563,1.7520433489169043,True,True,True,0.998,True,5.886828240652391,360.2608097418131,N/A,new_parameter_combo,Q2_provisional,requires_pilot_and_Q3_k100_confirmation
5.4,70.0,4.85,0.7,False,4.85,9.014891179839633,5.4,5.4,5.4,5.125,False,0.7717357192771132,1.7779839110235038,True,True,True,0.999,True,5.8791329389238465,357.49913370339743,N/A,new_parameter_combo,Q2_provisional,requires_pilot_and_Q3_k100_confirmation
5.4,70.0,5.0,0.7,False,5.0,8.977777777777778,5.4,5.4,5.4,5.200000000000001,False,0.8382467733676192,1.8542311968256844,True,True,True,0.947,True,5.872273944981384,355.0554395331001,N/A,new_parameter_combo,Q2_provisional,requires_pilot_and_Q3_k100_confirmation
5.4,70.0,5.4,0.7,False,5.4,8.88888888888889,5.4,5.4,5.4,5.4,False,0.8970498700672972,2.042370644667204,True,True,True,0.832,True,5.91189944445745,369.4071578194868,N/A,new_parameter_combo,Q2_provisional,requires_pilot_and_Q3_k100_confirmation
5.4,70.0,5.5,0.7,False,5.5,8.868686868686869,5.4,5.4,5.4,5.449999999999999,False,0.8569121713383205,2.080455762442144,True,True,True,0.524,False,5.9297627966711435,376.06529930330464,N/A,new_parameter_combo,rejected,no_support
5.4,70.0,6.0,0.7,False,6.0,8.777777777777779,5.4,5.4,5.4,5.700000000000001,False,1.069512811078589,2.210547868602553,True,True,True,0.1,False,6.066821421807661,431.30755564594153,N/A,new_parameter_combo,rejected,no_support
5.4,71.0,3.0,0.71,False,3.0,9.68888888888889,5.4,5.4,5.4,4.319999999999999,False,0.48928571428571416,0.789573611479975,True,True,True,1.0,True,6.646304935009057,769.9341063438463,N/A,new_parameter_combo,Q2_provisional,requires_pilot_and_Q3_k100_confirmation
5.4,71.0,3.5,0.71,False,3.5,9.431746031746034,5.4,5.4,5.4,4.545,False,0.4527833423416113,1.1374355209870577,True,True,True,1.0,True,6.7419168013725805,847.183062172056,N/A,new_parameter_combo,Q2_provisional,requires_pilot_and_Q3_k100_confirmation
5.4,71.0,3.6,0.71,False,3.6,9.38888888888889,5.4,5.4,5.4,4.59,False,0.5059487955055032,1.2093528599327354,True,True,True,1.0,True,6.711534779218395,821.8310011563557,N/A,new_parameter_combo,Q2_provisional,requires_pilot_and_Q3_k100_confirmation
5.4,71.0,4.0,0.71,False,4.0,9.23888888888889,5.4,5.4,5.4,4.77,False,0.6799999999999999,1.4649953975585828,True,True,True,1.0,True,6.424992039178691,617.0759050922752,N/A,new_parameter_combo,Q2_provisional,requires_pilot_and_Q3_k100_confirmation
5.4,71.0,4.25,0.71,False,4.25,9.159477124183008,5.4,5.4,5.4,4.8825,False,0.6327301549472668,1.575308716554367,True,True,True,1.0,True,6.197201566032329,491.3720430567955,N/A,new_parameter_combo,Q2_provisional,requires_pilot_and_Q3_k100_confirmation
5.4,71.0,4.4,0.71,False,4.4,9.116161616161618,5.4,5.4,5.4,4.95,False,0.6758309322453302,1.6228572942428883,True,True,True,1.0,True,6.09298110463085,442.7392979621363,N/A,new_parameter_combo,Q2_provisional,requires_pilot_and_Q3_k100_confirmation
5.4,71.0,4.5,0.71,False,4.5,9.08888888888889,5.4,5.4,5.4,4.995,False,0.6805493729183739,1.6542944744555108,True,True,True,1.0,True,6.037023223065839,418.64496551927783,N/A,new_parameter_combo,Q2_provisional,requires_pilot_and_Q3_k100_confirmation
5.4,71.0,4.75,0.71,False,4.75,9.025730994152049,5.4,5.4,5.4,5.1075,False,0.716647879836025,1.7575813362013195,True,True,True,0.998,True,5.944457010279221,381.6320827296521,N/A,new_parameter_combo,Q2_provisional,requires_pilot_and_Q3_k100_confirmation
5.4,71.0,4.8,0.71,False,4.8,9.01388888888889,5.4,5.4,5.4,5.13,False,0.7477616257736097,1.7812431654179965,True,True,True,0.998,True,5.9340572233434825,377.6837568414716,N/A,new_parameter_combo,Q2_provisional,requires_pilot_and_Q3_k100_confirmation
5.4,71.0,4.85,0.71,False,4.85,9.002290950744559,5.4,5.4,5.4,5.152500000000001,False,0.7657332753508833,1.8046484811110195,True,True,True,0.996,True,5.926361921614938,374.78852052055345,N/A,new_parameter_combo,Q2_provisional,requires_pilot_and_Q3_k100_confirmation
5.4,71.0,5.0,0.71,False,5.0,8.96888888888889,5.4,5.4,5.4,5.220000000000001,False,0.8289435740625486,1.8734101024899226,True,True,True,0.976,True,5.919502927672475,372.2266443190567,N/A,new_parameter_combo,Q2_provisional,requires_pilot_and_Q3_k100_confirmation
5.4,71.0,5.4,0.71,False,5.4,8.88888888888889,5.4,5.4,5.4,5.4,False,0.9110458780087501,2.042370644667204,True,True,True,0.832,True,5.959128427148543,387.27244095571484,N/A,new_parameter_combo,Q2_provisional,requires_pilot_and_Q3_k100_confirmation
5.4,71.0,5.5,0.71,False,5.5,8.870707070707072,5.4,5.4,5.4,5.445,False,0.8715529770683678,2.0774332958966397,True,True,True,0.524,False,5.976991779362235,394.25258373336646,N/A,new_parameter_combo,rejected,no_support
5.4,71.0,6.0,0.71,False,6.0,8.78888888888889,5.4,5.4,5.4,5.67,False,1.062237002264369,2.1839856664739488,True,True,True,0.1,False,6.1140504044987525,452.1664681962347,N/A,new_parameter_combo,rejected,no_support
5.6,2.0,3.0,0.02,False,3.0,15.814285714285713,3.26,3.0000000000000004,3.0,3.0,False,1.2790719291736492,7.835043435367215,False,False,False,0.0,False,6.971933053179765,1066.281939329505,N/A,new_parameter_combo,rejected,no_support
5.6,2.0,3.5,0.02,False,3.5,13.585714285714285,3.7100000000000004,3.5,3.5,3.4999999999999996,False,1.1169939615790596,4.5990065567367715,True,False,False,0.0,False,7.067544919543289,1173.2640378662559,N/A,new_parameter_combo,rejected,no_support
5.6,2.0,3.6,0.02,False,3.6,13.214285714285714,3.8000000000000003,3.6,3.6,3.6000000000000005,False,1.1141254463497734,4.109131344392496,True,False,False,0.0,False,7.037162897389104,1138.1539621297895,N/A,new_parameter_combo,rejected,no_support
5.6,2.0,4.0,0.02,False,4.0,11.914285714285715,4.16,4.0,4.0,4.0,False,1.0303447634809686,2.670371993178556,True,True,True,0.259,False,6.7506201573494,854.5885776119308,N/A,new_parameter_combo,rejected,no_support
5.6,2.0,4.25,0.02,False,4.25,11.226050420168066,4.385000000000001,4.25,4.25,4.25,False,0.9863569333664157,2.1604077082536386,True,True,True,0.902,True,6.522829684203037,680.5012671680666,N/A,new_parameter_combo,Q2_provisional,requires_pilot_and_Q3_k100_confirmation
5.6,2.0,4.4,0.02,False,4.4,10.85064935064935,4.5200000000000005,4.4,4.4,4.4,False,1.0338762014864251,1.5260494524958355,True,True,True,0.8,True,6.4186092228015585,613.1497661406636,N/A,new_parameter_combo,Q2_provisional,requires_pilot_and_Q3_k100_confirmation
5.6,2.0,4.5,0.02,False,4.5,10.614285714285714,4.61,4.5,4.5,4.5,False,1.030776406404415,1.1160332514509932,True,True,True,0.8,True,6.362651341236548,579.7815190240104,N/A,new_parameter_combo,Q2_provisional,requires_pilot_and_Q3_k100_confirmation
5.6,2.0,4.75,0.02,False,4.75,10.066917293233082,4.835,4.75,4.75,4.75,False,0.9988003007690406,0.2863361873721952,True,True,True,0.656,False,6.27008512844993,528.5223682526423,N/A,new_parameter_combo,rejected,no_support
5.6,2.0,4.8,0.02,False,4.8,9.964285714285714,4.88,4.8,4.8,4.8,False,0.9915654495878353,0.2578676933776667,True,True,True,0.656,False,6.25968534151419,523.0543307277868,N/A,new_parameter_combo,rejected,no_support
5.6,2.0,4.85,0.02,False,4.85,9.863770250368189,4.925,4.85,4.85,4.85,False,0.9896618676320199,0.3338964660207643,True,True,True,0.656,False,6.251990039785647,519.0447172119688,N/A,new_parameter_combo,rejected,no_support
5.6,2.0,5.0,0.02,False,5.0,9.574285714285713,5.06,5.0,5.0,5.000000000000001,False,1.0482249330196654,0.7928928297577417,True,True,True,0.656,False,6.245131045843184,515.4967742101633,N/A,new_parameter_combo,rejected,no_support
5.6,2.0,5.4,0.02,False,5.4,8.88095238095238,5.42,5.4,5.4,5.4,False,1.0959815282221146,2.054376397675834,True,True,True,0.101,False,6.284756545319251,536.3337017917661,N/A,new_parameter_combo,rejected,no_support
5.6,2.0,5.5,0.02,False,5.5,8.723376623376623,5.51,5.5,5.499999999999999,5.5,False,1.1219516523469635,2.253996466716742,True,True,True,0.101,False,6.302619897532944,546.0005032965012,N/A,new_parameter_combo,rejected,no_support
5.6,2.0,6.0,0.02,False,6.0,8.014285714285714,5.960000000000001,6.000000000000001,6.0,6.0,False,1.3186263724816374,3.659893889479637,False,False,False,0.0,False,6.439678522669461,626.2054565910288,N/A,new_parameter_combo,rejected,no_support
5.6,4.0,3.0,0.04,False,3.0,15.628571428571428,3.5199999999999996,3.0000000000000004,3.0,3.0,False,1.2441309154160098,7.5339497673210865,False,False,False,0.0,False,6.923275113037151,1015.6408921358693,N/A,new_parameter_combo,rejected,no_support
5.6,4.0,3.5,0.04,False,3.5,13.457142857142857,3.92,3.5,3.5,3.4999999999999996,False,1.0615362375696222,4.389401576994668,True,False,False,0.0,False,7.0188869794006745,1117.5420779223955,N/A,new_parameter_combo,rejected,no_support
5.6,4.0,3.6,0.04,False,3.6,13.095238095238095,4.0,3.6,3.6,3.6000000000000005,False,1.0585174460883815,3.918457328643066,True,False,False,0.0,False,6.988504957246489,1084.0994889328776,N/A,new_parameter_combo,rejected,no_support
5.6,4.0,4.0,0.04,False,4.0,11.82857142857143,4.319999999999999,4.0,4.0,4.0,False,0.9918031404405591,2.567036484367008,True,True,True,0.273,False,6.701962217206785,814.0015068816499,N/A,new_parameter_combo,rejected,no_support
5.6,4.0,4.25,0.04,False,4.25,11.157983193277312,4.52,4.25,4.25,4.25,False,0.9406044517723047,2.0489593995583206,True,True,True,0.95,True,6.474171744060422,648.1821445093292,N/A,new_parameter_combo,Q2_provisional,requires_pilot_and_Q3_k100_confirmation
5.6,4.0,4.4,0.04,False,4.4,10.79220779220779,4.64,4.4,4.4,4.4,False,0.9787132326870495,1.421254250533015,True,True,True,0.902,True,6.369951282658944,584.0293758399322,N/A,new_parameter_combo,Q2_provisional,requires_pilot_and_Q3_k100_confirmation
5.6,4.0,4.5,0.04,False,4.5,10.561904761904762,4.72,4.5,4.5,4.5,False,0.9754381537733362,1.0216585223645585,True,True,True,0.8,True,6.313993401093933,552.2458906091139,N/A,new_parameter_combo,Q2_provisional,requires_pilot_and_Q3_k100_confirmation
5.6,4.0,4.75,0.04,False,4.75,10.028571428571428,4.92,4.75,4.75,4.75,False,0.9638623409205787,0.31271288226883553,True,True,True,0.8,True,6.221427188307315,503.42119640835114,N/A,new_parameter_combo,Q2_provisional,requires_pilot_and_Q3_k100_confirmation
5.6,4.0,4.8,0.04,False,4.8,9.92857142857143,4.96,4.8,4.8,4.8,False,0.9563632219219316,0.29807882247918843,True,True,True,0.656,False,6.2110274013715765,498.21285300016353,N/A,new_parameter_combo,rejected,no_support
5.6,4.0,4.85,0.04,False,4.85,9.830633284241534,4.999999999999999,4.85,4.85,4.85,False,0.9504896697202436,0.38082870149960973,True,True,True,0.656,False,6.203332099643032,494.3936685067203,N/A,new_parameter_combo,rejected,no_support
5.6,4.0,5.0,0.04,False,5.0,9.548571428571428,5.12,5.0,5.0,5.000000000000001,False,1.0087626285783622,0.8476496500673245,True,True,True,0.656,False,6.196473105700569,491.01422835802293,N/A,new_parameter_combo,rejected,no_support
5.6,4.0,5.4,0.04,False,5.4,8.873015873015872,5.44,5.4,5.4,5.4,False,1.0809821686686567,2.0665996373481836,True,True,True,0.298,False,6.236098605176636,510.8615454115755,N/A,new_parameter_combo,rejected,no_support
5.6,4.0,5.5,0.04,False,5.5,8.71948051948052,5.5200000000000005,5.5,5.499999999999999,5.5,False,1.1073041357186344,2.262859505100325,True,True,True,0.101,False,6.253961957390329,520.0692404331598,N/A,new_parameter_combo,rejected,no_support
5.6,4.0,6.0,0.04,False,6.0,8.028571428571428,5.919999999999999,6.000000000000001,6.0,6.0,False,1.306186222932853,3.6334391839423565,False,False,False,0.0,False,6.3910205825268465,596.4650109260866,N/A,new_parameter_combo,rejected,no_support
5.6,13.0,3.0,0.13,False,3.0,14.792857142857144,4.6899999999999995,3.0000000000000004,3.0,3.0,False,1.0645074073993863,6.303913734353907,True,False,False,0.0,False,6.758501930920534,861.3508656814373,N/A,new_parameter_combo,rejected,no_support
5.6,13.0,3.5,0.13,False,3.5,12.87857142857143,4.864999999999999,3.5,3.5,3.4999999999999996,False,0.9042134929408688,3.5970960616518566,True,False,False,0.0,False,6.854113797284058,947.7718391483537,N/A,new_parameter_combo,rejected,no_support
5.6,13.0,3.6,0.13,False,3.6,12.55952380952381,4.8999999999999995,3.6,3.6,3.6000000000000005,False,0.8835180143226584,3.2204512897597075,True,False,False,0.0,False,6.823731775129874,919.4096461726742,N/A,new_parameter_combo,rejected,no_support
5.6,13.0,4.0,0.13,False,4.0,11.442857142857143,5.04,4.0,4.0,4.0,False,0.8322884605908295,2.2973879007944733,True,True,True,0.999,True,6.537189035090169,690.3433172565753,N/A,new_parameter_combo,Q2_provisional,requires_pilot_and_Q3_k100_confirmation
5.6,13.0,4.25,0.13,False,4.25,10.851680672268907,5.1275,4.25,4.25,4.25,False,0.7542004821974982,1.6894154110791146,True,True,True,0.998,True,6.309398561943807,549.7142303105223,N/A,new_parameter_combo,Q2_provisional,requires_pilot_and_Q3_k100_confirmation
5.6,13.0,4.4,0.13,False,4.4,10.529220779220779,5.18,4.4,4.4,4.4,False,0.7242955761515136,1.1735231259491297,True,True,True,0.973,True,6.205178100542327,495.30716255940007,N/A,new_parameter_combo,Q2_provisional,requires_pilot_and_Q3_k100_confirmation
5.6,13.0,4.5,0.13,False,4.5,10.326190476190478,5.215000000000001,4.5,4.5,4.5,False,0.7298657970015122,0.912991436918009,True,True,True,0.95,True,6.149220218977317,468.3520323259512,N/A,new_parameter_combo,Q2_provisional,requires_pilot_and_Q3_k100_confirmation
5.6,13.0,4.75,0.13,False,4.75,9.856015037593986,5.302499999999999,4.75,4.75,4.75,False,0.7567721464434672,0.5842217389975929,True,True,True,0.902,True,6.056654006190699,426.94449060318993,N/A,new_parameter_combo,Q2_provisional,requires_pilot_and_Q3_k100_confirmation
5.6,13.0,4.8,0.13,False,4.8,9.767857142857142,5.32,4.8,4.8,4.8,False,0.7683124895722134,0.6531090512264255,True,True,True,0.8,True,6.04625421925496,422.52736724970407,N/A,new_parameter_combo,Q2_provisional,requires_pilot_and_Q3_k100_confirmation
5.6,13.0,4.85,0.13,False,4.85,9.681516936671576,5.3374999999999995,4.85,4.85,4.85,False,0.7817314638881132,0.750335013833166,True,True,True,0.8,True,6.038558917526416,419.2883701838156,N/A,new_parameter_combo,Q2_provisional,requires_pilot_and_Q3_k100_confirmation
5.6,13.0,5.0,0.13,False,5.0,9.432857142857143,5.39,5.0,5.0,5.000000000000001,False,0.828848475849698,1.0773683706903987,True,True,True,0.656,False,6.031699923583953,416.4223141593505,N/A,new_parameter_combo,rejected,no_support
5.6,13.0,5.4,0.13,False,5.4,8.837301587301589,5.53,5.4,5.4,5.4,False,1.025233671722039,2.124193382396168,True,True,True,0.656,False,6.071325423060021,433.25454675051805,N/A,new_parameter_combo,rejected,no_support
5.6,13.0,5.5,0.13,False,5.5,8.701948051948053,5.5649999999999995,5.5,5.499999999999999,5.5,False,1.077032961426901,2.3031116482466505,True,True,True,0.513,False,6.089188775273713,441.06346438979614,N/A,new_parameter_combo,rejected,no_support
5.6,13.0,6.0,0.13,False,6.0,8.092857142857143,5.74,6.000000000000001,6.0,6.0,False,1.2629734917314483,3.519907758425671,False,False,False,0.0,False,6.22624740041023,505.85365111622804,N/A,new_parameter_combo,rejected,no_support
5.6,19.0,3.0,0.19,False,3.0,14.235714285714288,5.469999999999999,3.0000000000000004,3.0,3.0,False,0.8944913615672133,5.643487909833594,True,False,False,0.0,False,6.697914550592926,810.7133593104946,N/A,new_parameter_combo,rejected,no_support
5.6,19.0,3.5,0.19,False,3.5,12.492857142857144,5.494999999999998,3.5,3.5,3.4999999999999996,False,0.7632168761236876,3.2673292914316634,True,False,False,0.0,False,6.79352641695645,892.0537752846733,N/A,new_parameter_combo,rejected,no_support
5.6,19.0,3.6,0.19,False,3.6,12.202380952380956,5.499999999999999,3.6,3.6,3.6000000000000005,False,0.7517272627429582,2.9632861706267555,True,False,False,0.0,False,6.763144394802265,865.3589524652467,N/A,new_parameter_combo,rejected,no_support
5.6,19.0,4.0,0.19,False,4.0,11.185714285714287,5.519999999999999,4.0,4.0,4.0,False,0.69784654181157,2.3291920004726374,True,True,True,1.0,True,6.47660165476256,649.7590843748194,N/A,new_parameter_combo,Q2_provisional,requires_pilot_and_Q3_k100_confirmation
5.6,19.0,4.25,0.19,False,4.25,10.647478991596639,5.532499999999999,4.25,4.25,4.25,False,0.637317400819839,1.6295054130768618,True,True,True,1.0,True,6.248811181616198,517.3973674052706,N/A,new_parameter_combo,Q2_provisional,requires_pilot_and_Q3_k100_confirmation
5.6,19.0,4.4,0.19,False,4.4,10.353896103896105,5.539999999999999,4.4,4.4,4.4,False,0.5773991651521218,1.2293607905721218,True,True,True,0.998,True,6.14459072021472,466.188808356746,N/A,new_parameter_combo,Q2_provisional,requires_pilot_and_Q3_k100_confirmation
5.6,19.0,4.5,0.19,False,4.5,10.169047619047621,5.545,4.5,4.5,4.5,False,0.5785273351804741,1.0111499622918871,True,True,True,0.998,True,6.088632838649708,440.8183292025593,N/A,new_parameter_combo,Q2_provisional,requires_pilot_and_Q3_k100_confirmation
5.6,19.0,4.75,0.19,False,4.75,9.740977443609024,5.557499999999999,4.75,4.75,4.75,False,0.6057968272600701,0.8992395539506102,True,True,True,0.95,True,5.996066625863091,401.845073833168,N/A,new_parameter_combo,Q2_provisional,requires_pilot_and_Q3_k100_confirmation
5.6,19.0,4.8,0.19,False,4.8,9.660714285714288,5.559999999999999,4.8,4.8,4.8,False,0.620153042335815,0.9545439979463094,True,True,True,0.95,True,5.985666838927352,397.6876264385333,N/A,new_parameter_combo,Q2_provisional,requires_pilot_and_Q3_k100_confirmation
5.6,19.0,4.85,0.19,False,4.85,9.582106038291608,5.562499999999999,4.85,4.85,4.85,False,0.6406645147096593,1.0284755755859811,True,True,True,0.95,True,5.977971537198808,394.63904508022046,N/A,new_parameter_combo,Q2_provisional,requires_pilot_and_Q3_k100_confirmation
5.6,19.0,5.0,0.19,False,5.0,9.355714285714289,5.569999999999999,5.0,5.0,5.000000000000001,False,0.7348816370056906,1.25776393959456,True,True,True,0.8,True,5.971112543256345,391.9414801271419,N/A,new_parameter_combo,Q2_provisional,requires_pilot_and_Q3_k100_confirmation
5.6,19.0,5.4,0.19,False,5.4,8.813492063492065,5.589999999999999,5.4,5.4,5.4,False,0.9194508121255689,2.1648237525024543,True,True,True,0.656,False,6.010738042732412,407.7841713838401,N/A,new_parameter_combo,rejected,no_support
5.6,19.0,5.5,0.19,False,5.5,8.690259740259743,5.594999999999999,5.5,5.499999999999999,5.5,False,0.9833563931344361,2.330270435820046,True,True,True,0.656,False,6.028601394946104,415.13401464069875,N/A,new_parameter_combo,rejected,no_support
5.6,19.0,6.0,0.19,False,6.0,8.135714285714286,5.619999999999999,6.000000000000001,6.0,6.0,False,1.1661903789690602,3.449542480562203,True,False,False,0.0,False,6.165660020082623,476.1152849036424,N/A,new_parameter_combo,rejected,no_support
5.6,22.0,3.0,0.22,False,3.0,13.957142857142859,5.599999999999999,3.2599999999999993,3.0,3.0,False,0.8097067370350823,5.07198330290625,True,False,False,0.0,False,6.6823992827541625,798.2320005908218,N/A,new_parameter_combo,rejected,no_support
5.6,22.0,3.5,0.22,False,3.5,12.3,5.599999999999999,3.71,3.5,3.4999999999999996,False,0.6990153424493574,2.8775508741422424,True,False,False,0.0,False,6.778011149117686,878.320138064194,N/A,new_parameter_combo,rejected,no_support
5.6,22.0,3.6,0.22,False,3.6,12.023809523809524,5.599999999999999,3.8,3.6,3.6000000000000005,False,0.6923724372306678,2.7744007817832,True,True,True,0.107,False,6.747629126963502,852.0362960874302,N/A,new_parameter_combo,rejected,no_support
5.6,22.0,4.0,0.22,False,4.0,11.057142857142859,5.599999999999999,4.16,4.0,4.0,False,0.6373174008198388,2.118232943531136,True,True,True,1.0,True,6.461086386923797,639.7557014031293,N/A,new_parameter_combo,Q2_provisional,requires_pilot_and_Q3_k100_confirmation
5.6,22.0,4.25,0.22,False,4.25,10.545378151260504,5.599999999999999,4.385,4.25,4.25,False,0.6206004334184628,1.4814604598351249,True,True,True,1.0,True,6.233295913777435,509.43176270783243,N/A,new_parameter_combo,Q2_provisional,requires_pilot_and_Q3_k100_confirmation
5.6,22.0,4.4,0.22,False,4.4,10.266233766233768,5.599999999999999,4.5200000000000005,4.4,4.4,False,0.6367022820112767,1.1338608016124498,True,True,True,0.998,True,6.1290754523759565,459.0115863690066,N/A,new_parameter_combo,Q2_provisional,requires_pilot_and_Q3_k100_confirmation
5.6,22.0,4.5,0.22,False,4.5,10.090476190476192,5.599999999999999,4.609999999999999,4.5,4.5,False,0.6057968272600703,0.9752450873553483,True,True,True,0.998,True,6.073117570810945,434.031699089959,N/A,new_parameter_combo,Q2_provisional,requires_pilot_and_Q3_k100_confirmation
5.6,22.0,4.75,0.22,False,4.75,9.683458646616543,5.599999999999999,4.835,4.75,4.75,False,0.6052156650942784,0.9770907649642789,True,True,True,0.972,True,5.980551358024328,395.65845749257767,N/A,new_parameter_combo,Q2_provisional,requires_pilot_and_Q3_k100_confirmation
5.6,22.0,4.8,0.22,False,4.8,9.607142857142858,5.599999999999999,4.88,4.8,4.8,False,0.6012370591335083,1.0411388792849607,True,True,True,0.95,True,5.970151571088588,391.5650161880051,N/A,new_parameter_combo,Q2_provisional,requires_pilot_and_Q3_k100_confirmation
5.6,22.0,4.85,0.22,False,4.85,9.532400589101622,5.599999999999999,4.924999999999999,4.85,4.85,False,0.5999049935410687,1.086997275983465,True,True,True,0.95,True,5.962456269360045,388.5633693437005,N/A,new_parameter_combo,Q2_provisional,requires_pilot_and_Q3_k100_confirmation
5.6,22.0,5.0,0.22,False,5.0,9.317142857142859,5.599999999999999,5.06,5.0,5.000000000000001,False,0.6990153424493574,1.3250415396754838,True,True,True,0.8,True,5.955597275417582,385.9073348223859,N/A,new_parameter_combo,Q2_provisional,requires_pilot_and_Q3_k100_confirmation
5.6,22.0,5.4,0.22,False,5.4,8.801587301587302,5.599999999999999,5.42,5.4,5.4,False,0.8743989189081582,2.1880430795744985,True,True,True,0.656,False,5.995222774893649,401.5061195116284,N/A,new_parameter_combo,rejected,no_support
5.6,22.0,5.5,0.22,False,5.5,8.684415584415586,5.599999999999999,5.51,5.499999999999999,5.5,False,0.9413678714443974,2.3444459007242773,True,True,True,0.822,True,6.013086127107341,408.7428080644617,N/A,new_parameter_combo,Q2_provisional,requires_pilot_and_Q3_k100_confirmation
5.6,22.0,6.0,0.22,False,6.0,8.157142857142858,5.599999999999999,5.959999999999999,6.0,6.0,False,1.151950431189801,3.4004034297318735,True,False,False,0.0,False,6.150144752243859,468.78523958669376,N/A,new_parameter_combo,rejected,no_support
5.6,24.0,3.0,0.24,False,3.0,13.77142857142857,5.599999999999999,3.5199999999999996,3.0,3.0,False,0.7533005606621286,4.5942641487212565,True,False,False,0.0,False,6.677529260611669,794.3540436057832,N/A,new_parameter_combo,rejected,no_support
5.6,24.0,3.5,0.24,False,3.5,12.17142857142857,5.599999999999999,3.9199999999999995,3.5,3.4999999999999996,False,0.6800735254367725,2.7435448991534175,True,True,True,0.292,False,6.773141126975193,874.0530982662591,N/A,new_parameter_combo,rejected,no_support
5.6,24.0,3.6,0.24,False,3.6,11.904761904761905,5.599999999999999,4.0,3.6,3.6000000000000005,False,0.6560487786742691,2.426147193881333,True,True,True,0.107,False,6.742759104821007,847.8969479988122,N/A,new_parameter_combo,rejected,no_support
5.6,24.0,4.0,0.24,False,4.0,10.971428571428573,5.599999999999999,4.319999999999999,4.0,4.0,False,0.6003825311195099,1.931055363176158,True,True,True,1.0,True,6.456216364781303,636.6476512508699,N/A,new_parameter_combo,Q2_provisional,requires_pilot_and_Q3_k100_confirmation
5.6,24.0,4.25,0.24,False,4.25,10.47731092436975,5.599999999999999,4.52,4.25,4.25,False,0.601903443337917,1.3290585141760691,True,True,True,1.0,True,6.2284258916349415,506.95685007449885,N/A,new_parameter_combo,Q2_provisional,requires_pilot_and_Q3_k100_confirmation
5.6,24.0,4.4,0.24,False,4.4,10.207792207792208,5.599999999999999,4.64,4.4,4.4,False,0.6836889733240533,1.017254880734869,True,True,True,1.0,True,6.124205430233462,456.78162416972594,N/A,new_parameter_combo,Q2_provisional,requires_pilot_and_Q3_k100_confirmation
5.6,24.0,4.5,0.24,False,4.5,10.038095238095238,5.599999999999999,4.72,4.5,4.5,False,0.6550042841424002,0.9047623445787129,True,True,True,0.998,True,6.0682475486684515,431.92309374969665,N/A,new_parameter_combo,Q2_provisional,requires_pilot_and_Q3_k100_confirmation
5.6,24.0,4.75,0.24,False,4.75,9.64511278195489,5.599999999999999,4.92,4.75,4.75,False,0.6159117028968566,0.9850950674282067,True,True,True,0.996,True,5.975681335881833,393.7362763750735,N/A,new_parameter_combo,Q2_provisional,requires_pilot_and_Q3_k100_confirmation
5.6,24.0,4.8,0.24,False,4.8,9.571428571428573,5.599999999999999,4.96,4.8,4.8,False,0.612002635423497,1.0263599692441987,True,True,True,0.972,True,5.965281548946095,389.6627217566879,N/A,new_parameter_combo,Q2_provisional,requires_pilot_and_Q3_k100_confirmation
5.6,24.0,4.85,0.24,False,4.85,9.499263622974965,5.599999999999999,5.0,4.85,4.85,False,0.6248199740725322,1.0975922812405172,True,True,True,0.972,True,5.9575862472175505,386.67565746148887,N/A,new_parameter_combo,Q2_provisional,requires_pilot_and_Q3_k100_confirmation
5.6,24.0,5.0,0.24,False,5.0,9.291428571428572,5.599999999999999,5.12,5.0,5.000000000000001,False,0.6800735254367725,1.3885316508267975,True,True,True,0.902,True,5.950727253275088,384.0325264414331,N/A,new_parameter_combo,Q2_provisional,requires_pilot_and_Q3_k100_confirmation
5.6,24.0,5.4,0.24,False,5.4,8.793650793650794,5.599999999999999,5.44,5.4,5.4,False,0.8478556384629816,2.204088885109498,True,True,True,0.822,True,5.990352752751154,399.5555293830145,N/A,new_parameter_combo,Q2_provisional,requires_pilot_and_Q3_k100_confirmation
5.6,24.0,5.5,0.24,False,5.5,8.68051948051948,5.599999999999999,5.5200000000000005,5.499999999999999,5.5,False,0.9167656099971626,2.354141608215482,True,True,True,0.822,True,6.0082161049648475,406.75706077990696,N/A,new_parameter_combo,Q2_provisional,requires_pilot_and_Q3_k100_confirmation
5.6,24.0,6.0,0.24,False,6.0,8.17142857142857,5.599999999999999,5.920000000000001,6.0,6.0,False,1.1605988953632373,3.3633405399518312,True,False,False,0.0,False,6.145274730101365,466.5077951933432,N/A,new_parameter_combo,rejected,no_support
5.6,27.0,3.0,0.27,False,3.0,13.492857142857144,5.599999999999999,3.91,3.0,3.0,False,0.6689258065689179,3.8785495742294445,True,False,False,0.0,False,6.678434462022951,795.0734195480509,N/A,new_parameter_combo,rejected,no_support
5.6,27.0,3.5,0.27,False,3.5,11.978571428571431,5.599999999999999,4.234999999999999,3.5,3.4999999999999996,False,0.6599706239597307,2.32187791931279,True,True,True,0.515,False,6.774046328386475,874.8446505674259,N/A,new_parameter_combo,rejected,no_support
5.6,27.0,3.6,0.27,False,3.6,11.726190476190478,5.599999999999999,4.3,3.6,3.6000000000000005,False,0.6075981486180498,2.011873023426377,True,True,True,0.703,False,6.74366430623229,848.6648129965711,N/A,new_parameter_combo,rejected,no_support
5.6,27.0,4.0,0.27,False,4.0,10.842857142857143,5.599999999999999,4.56,4.0,4.0,False,0.5503264337404388,1.659814464106836,True,True,True,1.0,True,6.457121566192585,637.2242065132215,N/A,new_parameter_combo,Q2_provisional,requires_pilot_and_Q3_k100_confirmation
5.6,27.0,4.25,0.27,False,4.25,10.375210084033615,5.599999999999999,4.7225,4.25,4.25,False,0.5927952850689686,1.1477404375911642,True,True,True,1.0,True,6.229331093046223,507.41595589091287,N/A,new_parameter_combo,Q2_provisional,requires_pilot_and_Q3_k100_confirmation
5.6,27.0,4.4,0.27,False,4.4,10.12012987012987,5.599999999999999,4.82,4.4,4.4,False,0.6924210704300605,0.8975731136417112,True,True,True,1.0,True,6.125110631644745,457.19529073810696,N/A,new_parameter_combo,Q2_provisional,requires_pilot_and_Q3_k100_confirmation
5.6,27.0,4.5,0.27,False,4.5,9.959523809523812,5.599999999999999,4.885,4.5,4.5,False,0.6951143506353348,0.826649528818775,True,True,True,1.0,True,6.069152750079733,432.3142481537744,N/A,new_parameter_combo,Q2_provisional,requires_pilot_and_Q3_k100_confirmation
5.6,27.0,4.75,0.27,False,4.75,9.587593984962407,5.599999999999999,5.0475,4.75,4.75,False,0.6412362750649586,1.004318607490662,True,True,True,0.996,True,5.976586537293115,394.0928483685093,N/A,new_parameter_combo,Q2_provisional,requires_pilot_and_Q3_k100_confirmation
5.6,27.0,4.8,0.27,False,4.8,9.517857142857144,5.599999999999999,5.08,4.8,4.8,False,0.637482517767494,1.0895092885170437,True,True,True,0.996,True,5.966186750357377,390.0156046933164,N/A,new_parameter_combo,Q2_provisional,requires_pilot_and_Q3_k100_confirmation
5.6,27.0,4.85,0.27,False,4.85,9.449558173784979,5.599999999999999,5.1125,4.85,4.85,False,0.636226343732467,1.1668829913828085,True,True,True,0.987,True,5.958491448628832,387.0258352791477,N/A,new_parameter_combo,Q2_provisional,requires_pilot_and_Q3_k100_confirmation
5.6,27.0,5.0,0.27,False,5.0,9.252857142857145,5.599999999999999,5.21,5.0,5.000000000000001,False,0.6773296909216971,1.431491400596504,True,True,True,0.95,True,5.9516324546863695,384.3803106099585,N/A,new_parameter_combo,Q2_provisional,requires_pilot_and_Q3_k100_confirmation
5.6,27.0,5.4,0.27,False,5.4,8.781746031746032,5.599999999999999,5.47,5.4,5.4,False,0.8744922725181042,2.2066831998913945,True,True,True,0.915,True,5.991257954162437,399.9173713573233,N/A,new_parameter_combo,Q2_provisional,requires_pilot_and_Q3_k100_confirmation
5.6,27.0,5.5,0.27,False,5.5,8.674675324675325,5.599999999999999,5.535000000000001,5.499999999999999,5.5,False,0.9243033780604061,2.3688166256924132,True,True,True,0.915,True,6.009121306376129,407.12542454191964,N/A,new_parameter_combo,Q2_provisional,requires_pilot_and_Q3_k100_confirmation
5.6,27.0,6.0,0.27,False,6.0,8.192857142857143,5.599999999999999,5.86,6.0,6.0,False,1.1185633466456804,3.3092768353626214,True,False,False,0.0,False,6.146179931512647,466.93026989142504,N/A,new_parameter_combo,rejected,no_support
5.6,30.0,3.0,0.3,False,3.0,13.214285714285714,5.599999999999999,4.299999999999999,3.0,3.0,False,0.6119907295549704,3.169099665896936,True,False,False,0.0,False,6.684902508476004,800.2326584711309,N/A,new_parameter_combo,rejected,no_support
5.6,30.0,3.5,0.3,False,3.5,11.785714285714285,5.599999999999999,4.549999999999999,3.5,3.4999999999999996,False,0.5903859858134319,2.1309610046790715,True,True,True,0.954,True,6.780514374839528,880.5215257614444,N/A,new_parameter_combo,Q2_provisional,requires_pilot_and_Q3_k100_confirmation
5.6,30.0,3.6,0.3,False,3.6,11.547619047619047,5.599999999999999,4.6,3.6,3.6000000000000005,False,0.577681855808725,2.0616831122218953,True,True,True,1.0,True,6.750132352685343,854.1718069775159,N/A,new_parameter_combo,Q2_provisional,requires_pilot_and_Q3_k100_confirmation
5.6,30.0,4.0,0.3,False,4.0,10.714285714285715,5.599999999999999,4.8,4.0,4.0,False,0.4965205464643177,1.364981138924115,True,True,True,1.0,True,6.463589612645638,641.3591604031913,N/A,new_parameter_combo,Q2_provisional,requires_pilot_and_Q3_k100_confirmation
5.6,30.0,4.25,0.3,False,4.25,10.27310924369748,5.599999999999999,4.925,4.25,4.25,False,0.5989600894679962,1.025861252606847,True,True,True,1.0,True,6.235799139499276,510.70858281750833,N/A,new_parameter_combo,Q2_provisional,requires_pilot_and_Q3_k100_confirmation
5.6,30.0,4.4,0.3,False,4.4,10.032467532467532,5.599999999999999,5.0,4.4,4.4,False,0.6870953354520759,0.856351617305724,True,True,True,1.0,True,6.131578678097798,460.1620352945603,N/A,new_parameter_combo,Q2_provisional,requires_pilot_and_Q3_k100_confirmation
5.6,30.0,4.5,0.3,False,4.5,9.880952380952381,5.599999999999999,5.05,4.5,4.5,False,0.7278149302563676,0.8309953823256866,True,True,True,1.0,True,6.075620796532786,435.1195393900791,N/A,new_parameter_combo,Q2_provisional,requires_pilot_and_Q3_k100_confirmation
5.6,30.0,4.75,0.3,False,4.75,9.530075187969924,5.599999999999999,5.174999999999999,4.75,4.75,False,0.6765460610365573,1.0335961295014353,True,True,True,0.996,True,5.983054583746169,396.65012058088723,N/A,new_parameter_combo,Q2_provisional,requires_pilot_and_Q3_k100_confirmation
5.6,30.0,4.8,0.3,False,4.8,9.464285714285714,5.599999999999999,5.2,4.8,4.8,False,0.6729892812698292,1.1289736675822064,True,True,True,0.996,True,5.9726547968104295,392.54641963300605,N/A,new_parameter_combo,Q2_provisional,requires_pilot_and_Q3_k100_confirmation
5.6,30.0,4.85,0.3,False,4.85,9.399852724594993,5.599999999999999,5.225,4.85,4.85,False,0.6717995033520651,1.2022830722073663,True,True,True,0.996,True,5.964959495081886,389.53724957689275,N/A,new_parameter_combo,Q2_provisional,requires_pilot_and_Q3_k100_confirmation
5.6,30.0,5.0,0.3,False,5.0,9.214285714285715,5.599999999999999,5.3,5.0,5.000000000000001,False,0.6824328338408706,1.4840702666014176,True,True,True,0.972,True,5.958100501139423,386.8745580731576,N/A,new_parameter_combo,Q2_provisional,requires_pilot_and_Q3_k100_confirmation
5.6,30.0,5.4,0.3,False,5.4,8.769841269841269,5.599999999999999,5.5,5.4,5.4,False,0.940604451772305,2.2080816809347654,True,True,True,0.915,True,5.99772600061549,402.51243895434516,N/A,new_parameter_combo,Q2_provisional,requires_pilot_and_Q3_k100_confirmation
5.6,30.0,5.5,0.3,False,5.5,8.668831168831169,5.599999999999999,5.549999999999999,5.499999999999999,5.5,False,0.9870849683253605,2.383646798528971,True,True,True,0.915,True,6.015589352829182,409.7672652640835,N/A,new_parameter_combo,Q2_provisional,requires_pilot_and_Q3_k100_confirmation
5.6,30.0,6.0,0.3,False,6.0,8.214285714285715,5.599999999999999,5.800000000000001,6.0,6.0,False,1.1391727580591464,3.2553845298698936,True,False,False,0.0,False,6.1526479779657,469.9601848194801,N/A,new_parameter_combo,rejected,no_support
5.6,31.0,3.0,0.31,False,3.0,13.121428571428574,5.599999999999999,4.429999999999999,3.0,3.0,False,0.5976569898788272,2.960571231846471,True,False,False,0.0,False,6.68531593639446,800.5635653917697,N/A,new_parameter_combo,rejected,no_support
5.6,31.0,3.5,0.31,False,3.5,11.721428571428572,5.599999999999999,4.654999999999999,3.5,3.4999999999999996,False,0.5627778225472467,2.0962623726419554,True,True,True,0.954,True,6.780927802757984,880.8856332039006,N/A,new_parameter_combo,Q2_provisional,requires_pilot_and_Q3_k100_confirmation
5.6,31.0,3.6,0.31,False,3.6,11.488095238095239,5.599999999999999,4.699999999999999,3.6,3.6000000000000005,False,0.5571355310873649,1.9291394641083395,True,True,True,1.0,True,6.750545780603799,854.5250184583913,N/A,new_parameter_combo,Q2_provisional,requires_pilot_and_Q3_k100_confirmation
5.6,31.0,4.0,0.31,False,4.0,10.671428571428573,5.599999999999999,4.88,4.0,4.0,False,0.48064794702525465,1.2800696011631412,True,True,True,1.0,True,6.464003040564094,641.6243710048154,N/A,new_parameter_combo,Q2_provisional,requires_pilot_and_Q3_k100_confirmation
5.6,31.0,4.25,0.31,False,4.25,10.239075630252103,5.599999999999999,4.9925,4.25,4.25,False,0.5934201285595155,0.9923317487456278,True,True,True,1.0,True,6.2362125674177324,510.91976765568626,N/A,new_parameter_combo,Q2_provisional,requires_pilot_and_Q3_k100_confirmation
5.6,31.0,4.4,0.31,False,4.4,10.003246753246753,5.599999999999999,5.06,4.4,4.4,False,0.687689120555657,0.8609469181327376,True,True,True,1.0,True,6.131992106016254,460.3523184584406,N/A,new_parameter_combo,Q2_provisional,requires_pilot_and_Q3_k100_confirmation
5.6,31.0,4.5,0.31,False,4.5,9.854761904761904,5.599999999999999,5.1049999999999995,4.5,4.5,False,0.7406011631831014,0.8213783480609396,True,True,True,1.0,True,6.076034224451242,435.29946714654494,N/A,new_parameter_combo,Q2_provisional,requires_pilot_and_Q3_k100_confirmation
5.6,31.0,4.75,0.31,False,4.75,9.510902255639099,5.599999999999999,5.217499999999999,4.75,4.75,False,0.6902826108980024,1.0525378172876276,True,True,True,0.996,True,5.983468011664624,396.8141407175097,N/A,new_parameter_combo,Q2_provisional,requires_pilot_and_Q3_k100_confirmation
5.6,31.0,4.8,0.31,False,4.8,9.446428571428573,5.599999999999999,5.24,4.8,4.8,False,0.6867969735723672,1.1427214774477563,True,True,True,0.996,True,5.973068224728886,392.70874283433193,N/A,new_parameter_combo,Q2_provisional,requires_pilot_and_Q3_k100_confirmation
5.6,31.0,4.85,0.31,False,4.85,9.383284241531666,5.599999999999999,5.262499999999999,4.85,4.85,False,0.6856311566054761,1.205452925708331,True,True,True,0.996,True,5.965372923000341,389.6983284461026,N/A,new_parameter_combo,Q2_provisional,requires_pilot_and_Q3_k100_confirmation
5.6,31.0,5.0,0.31,False,5.0,9.201428571428572,5.599999999999999,5.33,5.0,5.000000000000001,False,0.6960532184453736,1.5043879397209778,True,True,True,0.972,True,5.958513929057879,387.03453588377306,N/A,new_parameter_combo,Q2_provisional,requires_pilot_and_Q3_k100_confirmation
5.6,31.0,5.4,0.31,False,5.4,8.765873015873018,5.599999999999999,5.51,5.4,5.4,False,0.9414881836751863,2.218022805358412,True,True,True,0.915,True,5.998139428533946,402.67888323812093,N/A,new_parameter_combo,Q2_provisional,requires_pilot_and_Q3_k100_confirmation
5.6,31.0,5.5,0.31,False,5.5,8.666883116883119,5.599999999999999,5.555,5.499999999999999,5.5,False,1.0087626285783622,2.388624169821264,True,True,True,0.915,True,6.016002780747638,409.9367095156918,N/A,new_parameter_combo,Q2_provisional,requires_pilot_and_Q3_k100_confirmation
5.6,31.0,6.0,0.31,False,6.0,8.221428571428573,5.599999999999999,5.78,6.0,6.0,False,1.1473840171922232,3.240191284259888,True,False,False,0.0,False,6.153061405884156,470.154519649401,N/A,new_parameter_combo,rejected,no_support
5.6,37.0,3.0,0.37,False,3.0,12.564285714285715,5.599999999999999,5.209999999999999,3.0,3.0,False,0.5479479343655841,2.886110888206084,True,False,False,0.0,False,6.665746077518573,785.0489539192503,N/A,new_parameter_combo,rejected,no_support
5.6,37.0,3.5,0.37,False,3.5,11.335714285714287,5.599999999999999,5.284999999999999,3.5,3.4999999999999996,False,0.4548177477555922,1.5337388831236516,True,True,True,1.0,True,6.761357943882096,863.8144112026904,N/A,new_parameter_combo,Q2_provisional,requires_pilot_and_Q3_k100_confirmation
5.6,37.0,3.6,0.37,False,3.6,11.130952380952381,5.599999999999999,5.3,3.6,3.6000000000000005,False,0.4477266841204235,1.3308768114130267,True,True,True,1.0,True,6.730975921727912,837.9646549494148,N/A,new_parameter_combo,Q2_provisional,requires_pilot_and_Q3_k100_confirmation
5.6,37.0,4.0,0.37,False,4.0,10.414285714285716,5.599999999999999,5.36,4.0,4.0,False,0.4526588119102512,1.1663679816097317,True,True,True,1.0,True,6.444433181688207,629.1899394896011,N/A,new_parameter_combo,Q2_provisional,requires_pilot_and_Q3_k100_confirmation
5.6,37.0,4.25,0.37,False,4.25,10.034873949579833,5.599999999999999,5.397499999999999,4.25,4.25,False,0.5833068993038831,0.984277825926774,True,True,True,1.0,True,6.216642708541845,501.0183406716477,N/A,new_parameter_combo,Q2_provisional,requires_pilot_and_Q3_k100_confirmation
5.6,37.0,4.4,0.37,False,4.4,9.827922077922079,5.599999999999999,5.42,4.4,4.4,False,0.6577020136623505,0.9202527901645844,True,True,True,1.0,True,6.112422247140366,451.4308690319214,N/A,new_parameter_combo,Q2_provisional,requires_pilot_and_Q3_k100_confirmation
5.6,37.0,4.5,0.37,False,4.5,9.697619047619048,5.599999999999999,5.435,4.5,4.5,False,0.7357798167763984,0.9586630797291394,True,True,True,1.0,True,6.056464365575355,426.8635322640116,N/A,new_parameter_combo,Q2_provisional,requires_pilot_and_Q3_k100_confirmation
5.6,37.0,4.75,0.37,False,4.75,9.395864661654135,5.599999999999999,5.4725,4.75,4.75,False,0.7895751125880089,1.2194623326760337,True,True,True,1.0,True,5.963898152788738,389.12403653818563,N/A,new_parameter_combo,Q2_provisional,requires_pilot_and_Q3_k100_confirmation
5.6,37.0,4.8,0.37,False,4.8,9.339285714285715,5.599999999999999,5.48,4.8,4.8,False,0.7865296297142066,1.2876445716218252,True,True,True,1.0,True,5.953498365852998,385.09819967408345,N/A,new_parameter_combo,Q2_provisional,requires_pilot_and_Q3_k100_confirmation
5.6,37.0,4.85,0.37,False,4.85,9.283873343151694,5.599999999999999,5.487499999999999,4.85,4.85,False,0.7855118448619136,1.3628425021009403,True,True,True,1.0,True,5.945803064124455,382.14612594938666,N/A,new_parameter_combo,Q2_provisional,requires_pilot_and_Q3_k100_confirmation
5.6,37.0,5.0,0.37,False,5.0,9.124285714285715,5.599999999999999,5.509999999999999,5.0,5.000000000000001,False,0.7946249797346966,1.6273111611384417,True,True,True,1.0,True,5.938944070181992,379.5339566540087,N/A,new_parameter_combo,Q2_provisional,requires_pilot_and_Q3_k100_confirmation
5.6,37.0,5.4,0.37,False,5.4,8.742063492063494,5.599999999999999,5.569999999999999,5.4,5.4,False,0.9204435488016707,2.27916751306614,True,True,True,0.911,True,5.978569569658059,394.8751226228468,N/A,new_parameter_combo,Q2_provisional,requires_pilot_and_Q3_k100_confirmation
5.6,37.0,5.5,0.37,False,5.5,8.655194805194805,5.599999999999999,5.585,5.499999999999999,5.5,False,0.9934736010173432,2.4188378304986307,True,True,True,0.911,True,5.996432921871751,401.99229504143716,N/A,new_parameter_combo,Q2_provisional,requires_pilot_and_Q3_k100_confirmation
5.6,37.0,6.0,0.37,False,6.0,8.264285714285714,5.599999999999999,5.66,6.0,6.0,False,1.1577820104291954,3.1434450626522232,True,False,False,0.0,False,6.133491547008269,461.0431073646815,N/A,new_parameter_combo,rejected,no_support
5.6,38.0,3.0,0.38,False,3.0,12.471428571428573,5.599999999999999,5.34,3.0,3.0,False,0.5442107184927997,2.782058130591038,True,True,True,0.091,False,6.658809363308154,779.622137582338,N/A,new_parameter_combo,rejected,no_support
5.6,38.0,3.5,0.38,False,3.5,11.271428571428574,5.599999999999999,5.39,3.5,3.4999999999999996,False,0.4317997457249869,1.4026968569852574,True,True,True,1.0,True,6.754421229671678,857.8431120431012,N/A,new_parameter_combo,Q2_provisional,requires_pilot_and_Q3_k100_confirmation
5.6,38.0,3.6,0.38,False,3.6,11.071428571428573,5.599999999999999,5.4,3.6,3.6000000000000005,False,0.42432419257940424,1.166862622161824,True,True,True,1.0,True,6.724039207517493,832.1720476775608,N/A,new_parameter_combo,Q2_provisional,requires_pilot_and_Q3_k100_confirmation
5.6,38.0,4.0,0.38,False,4.0,10.371428571428572,5.599999999999999,5.44,4.0,4.0,False,0.46598808778678436,1.1448524764005354,True,True,True,1.0,True,6.437496467477788,624.8405314360064,N/A,new_parameter_combo,Q2_provisional,requires_pilot_and_Q3_k100_confirmation
5.6,38.0,4.25,0.38,False,4.25,10.000840336134456,5.599999999999999,5.465,4.25,4.25,True,0.5797976423912478,1.0175991087490308,True,True,True,1.0,True,6.209705994331427,497.5549458060469,N/A,existing_parameter_combo,Q2_provisional,requires_pilot_and_Q3_k100_confirmation
5.6,38.0,4.4,0.38,False,4.4,9.7987012987013,5.599999999999999,5.48,4.4,4.4,False,0.6545917094819101,0.9488939106325086,True,True,True,1.0,True,6.105485532929948,448.31025801420316,N/A,new_parameter_combo,Q2_provisional,requires_pilot_and_Q3_k100_confirmation
5.6,38.0,4.5,0.38,False,4.5,9.671428571428573,5.599999999999999,5.49,4.5,4.5,False,0.7330008909424662,1.0101426017816566,True,True,True,1.0,True,6.0495276513649365,423.91274813907614,N/A,new_parameter_combo,Q2_provisional,requires_pilot_and_Q3_k100_confirmation
5.6,38.0,4.75,0.38,False,4.75,9.376691729323309,5.599999999999999,5.515000000000001,4.75,4.75,False,0.8084756892145986,1.26314114895011,True,True,True,1.0,True,5.956961438578319,386.43413463075933,N/A,new_parameter_combo,Q2_provisional,requires_pilot_and_Q3_k100_confirmation
5.6,38.0,4.8,0.38,False,4.8,9.321428571428571,5.599999999999999,5.5200000000000005,4.8,4.8,False,0.805501669800268,1.3285988956960701,True,True,True,1.0,True,5.94656165164258,382.436127212394,N/A,new_parameter_combo,Q2_provisional,requires_pilot_and_Q3_k100_confirmation
5.6,38.0,4.85,0.38,False,4.85,9.267304860088366,5.599999999999999,5.5249999999999995,4.85,4.85,False,0.8045078868793146,1.4074677067679218,True,True,True,1.0,True,5.938866349914036,379.5044603194457,N/A,new_parameter_combo,Q2_provisional,requires_pilot_and_Q3_k100_confirmation
5.6,38.0,5.0,0.38,False,5.0,9.111428571428572,5.599999999999999,5.54,5.0,5.000000000000001,False,0.8134082247254574,1.6605314027691254,True,True,True,1.0,True,5.932007355971574,376.9103481948164,N/A,new_parameter_combo,Q2_provisional,requires_pilot_and_Q3_k100_confirmation
5.6,38.0,5.4,0.38,False,5.4,8.738095238095239,5.599999999999999,5.58,5.4,5.4,False,0.9200000000000007,2.2895990681881,True,True,True,0.949,True,5.97163285544764,392.1454651208638,N/A,new_parameter_combo,Q2_provisional,requires_pilot_and_Q3_k100_confirmation
5.6,38.0,5.5,0.38,False,5.5,8.653246753246755,5.599999999999999,5.59,5.499999999999999,5.5,False,0.9789884408648237,2.423930711523479,True,True,True,0.949,True,5.9894962076613325,399.213438585222,N/A,new_parameter_combo,Q2_provisional,requires_pilot_and_Q3_k100_confirmation
5.6,38.0,6.0,0.38,False,6.0,8.271428571428572,5.599999999999999,5.640000000000001,6.0,6.0,False,1.167261752992875,3.128169616093824,True,False,False,0.0,False,6.126554832797851,457.8560497237837,N/A,new_parameter_combo,rejected,no_support
5.6,40.0,3.0,0.4,False,3.0,12.285714285714285,5.599999999999999,5.599999999999999,3.0,3.0,False,0.5412023651093926,2.44364667250775,True,True,True,0.506,False,6.641785873974943,766.4625770593287,N/A,new_parameter_combo,rejected,no_support
5.6,40.0,3.5,0.4,False,3.5,11.142857142857142,5.599999999999999,5.599999999999999,3.5,3.4999999999999996,False,0.3879853773806748,1.2973206321813424,True,True,True,1.0,True,6.737397740338467,843.3632277401935,N/A,new_parameter_combo,Q2_provisional,requires_pilot_and_Q3_k100_confirmation
5.6,40.0,3.6,0.4,False,3.6,10.952380952380953,5.599999999999999,5.599999999999999,3.6,3.6000000000000005,False,0.37964806474052337,1.2069984428965261,True,True,True,1.0,True,6.707015718184282,818.1254757562846,N/A,new_parameter_combo,Q2_provisional,requires_pilot_and_Q3_k100_confirmation
5.6,40.0,4.0,0.4,False,4.0,10.285714285714286,5.599999999999999,5.599999999999999,4.0,4.0,False,0.4468306760521533,1.1355381661089141,True,True,True,1.0,True,6.420472978144577,614.2935928688687,N/A,new_parameter_combo,Q2_provisional,requires_pilot_and_Q3_k100_confirmation
5.6,40.0,4.25,0.4,False,4.25,9.9327731092437,5.599999999999999,5.599999999999999,4.25,4.25,False,0.5769748694700665,1.0587245459697048,True,True,True,1.0,True,6.192682504998215,489.1565126328152,N/A,new_parameter_combo,Q2_provisional,requires_pilot_and_Q3_k100_confirmation
5.6,40.0,4.4,0.4,False,4.4,9.74025974025974,5.599999999999999,5.599999999999999,4.4,4.4,False,0.6520927848090335,1.0691924725804403,True,True,True,1.0,True,6.088462043596737,440.743046041851,N/A,new_parameter_combo,Q2_provisional,requires_pilot_and_Q3_k100_confirmation
5.6,40.0,4.5,0.4,False,4.5,9.61904761904762,5.599999999999999,5.599999999999999,4.5,4.5,False,0.6978465418115698,1.1284245224055356,True,True,True,1.0,True,6.032504162031725,416.7573517018858,N/A,new_parameter_combo,Q2_provisional,requires_pilot_and_Q3_k100_confirmation
5.6,40.0,4.75,0.4,False,4.75,9.338345864661655,5.599999999999999,5.599999999999999,4.75,4.75,False,0.8288484758496979,1.3571439588149337,True,True,True,1.0,True,5.939937949245108,379.91135502037,N/A,new_parameter_combo,Q2_provisional,requires_pilot_and_Q3_k100_confirmation
5.6,40.0,4.8,0.4,False,4.8,9.285714285714286,5.599999999999999,5.599999999999999,4.8,4.8,False,0.8450674899083502,1.4261630703054426,True,True,True,1.0,True,5.929538162309369,375.9808316023392,N/A,new_parameter_combo,Q2_provisional,requires_pilot_and_Q3_k100_confirmation
5.6,40.0,4.85,0.4,False,4.85,9.23416789396171,5.599999999999999,5.599999999999999,4.85,4.85,False,0.8441202891176113,1.5003266919360807,True,True,True,1.0,True,5.921842860580824,373.0986495124141,N/A,new_parameter_combo,Q2_provisional,requires_pilot_and_Q3_k100_confirmation
5.6,40.0,5.0,0.4,False,5.0,9.085714285714287,5.599999999999999,5.599999999999999,5.0,5.000000000000001,False,0.8526072146656981,1.7292309564522188,True,True,True,1.0,True,5.914983866638362,370.5483244659887,N/A,new_parameter_combo,Q2_provisional,requires_pilot_and_Q3_k100_confirmation
5.6,40.0,5.4,0.4,False,5.4,8.730158730158731,5.599999999999999,5.599999999999999,5.4,5.4,False,0.9519133692201199,2.3106602232894056,True,True,True,0.949,True,5.954609366114429,385.5262816301479,N/A,new_parameter_combo,Q2_provisional,requires_pilot_and_Q3_k100_confirmation
5.6,40.0,5.5,0.4,False,5.5,8.64935064935065,5.599999999999999,5.599999999999999,5.499999999999999,5.5,False,0.9914328330754434,2.4341646415315896,True,True,True,0.949,True,5.972472718328121,392.47495188325087,N/A,new_parameter_combo,Q2_provisional,requires_pilot_and_Q3_k100_confirmation
5.6,40.0,6.0,0.4,False,6.0,8.285714285714286,5.599999999999999,5.599999999999999,6.0,6.0,False,1.188057065900765,3.098379171411312,True,False,False,0.0,False,6.1095313434646386,450.12771043386704,N/A,new_parameter_combo,rejected,no_support
5.6,50.0,3.0,0.5,False,3.0,11.357142857142858,5.599999999999999,5.599999999999999,4.3,3.0,False,0.3796480647405233,1.4605096059201272,True,True,True,1.0,True,6.493667209061392,660.942739527911,N/A,new_parameter_combo,Q2_provisional,requires_pilot_and_Q3_k100_confirmation
5.6,50.0,3.5,0.5,False,3.5,10.500000000000002,5.599999999999999,5.599999999999999,4.55,3.4999999999999996,False,0.3219590860050767,1.075417973223056,True,True,True,1.0,True,6.5892790754249155,727.2563838645938,N/A,new_parameter_combo,Q2_provisional,requires_pilot_and_Q3_k100_confirmation
5.6,50.0,3.6,0.5,False,3.6,10.357142857142858,5.599999999999999,5.599999999999999,4.6,3.6000000000000005,False,0.3118615927959459,0.9557509150842829,True,True,True,1.0,True,6.558897053270731,705.4931439686953,N/A,new_parameter_combo,Q2_provisional,requires_pilot_and_Q3_k100_confirmation
5.6,50.0,4.0,0.5,False,4.0,9.85714285714286,5.599999999999999,5.599999999999999,4.8,4.0,False,0.4468306760521533,0.7723563798606972,True,True,True,1.0,True,6.272354313231026,529.7230449305622,N/A,new_parameter_combo,Q2_provisional,requires_pilot_and_Q3_k100_confirmation
5.6,50.0,4.25,0.5,False,4.25,9.592436974789917,5.599999999999999,5.599999999999999,4.925,4.25,False,0.5769748694700665,0.9753189592854274,True,True,True,1.0,True,6.044563840084664,421.813739110222,N/A,new_parameter_combo,Q2_provisional,requires_pilot_and_Q3_k100_confirmation
5.6,50.0,4.4,0.5,False,4.4,9.44805194805195,5.599999999999999,5.599999999999999,5.0,4.4,False,0.6520927848090335,1.1322507194873703,True,True,True,1.0,True,5.940343378683186,380.06541349536553,N/A,new_parameter_combo,Q2_provisional,requires_pilot_and_Q3_k100_confirmation
5.6,50.0,4.5,0.5,False,4.5,9.357142857142858,5.599999999999999,5.599999999999999,5.05,4.5,False,0.7253276001580389,1.2327294188653029,True,True,True,1.0,True,5.884385497118174,359.38185894093544,N/A,new_parameter_combo,Q2_provisional,requires_pilot_and_Q3_k100_confirmation
5.6,50.0,4.75,0.5,False,4.75,9.146616541353385,5.599999999999999,5.599999999999999,5.175,4.75,False,0.789457398910085,1.5784881423118544,True,True,True,1.0,True,5.791819284331557,327.60849554887994,N/A,new_parameter_combo,Q2_provisional,requires_pilot_and_Q3_k100_confirmation
5.6,50.0,4.8,0.5,False,4.8,9.107142857142858,5.599999999999999,5.599999999999999,5.199999999999999,4.8,False,0.7904701036053655,1.6479112474466169,True,True,True,1.0,True,5.7814194973958175,324.21909208229584,N/A,new_parameter_combo,Q2_provisional,requires_pilot_and_Q3_k100_confirmation
5.6,50.0,4.85,0.5,False,4.85,9.068483063328426,5.599999999999999,5.599999999999999,5.225,4.85,False,0.7935004629449671,1.7118077389879138,True,True,True,1.0,True,5.773724195667274,321.73370351493503,N/A,new_parameter_combo,Q2_provisional,requires_pilot_and_Q3_k100_confirmation
5.6,50.0,5.0,0.5,False,5.0,8.957142857142857,5.599999999999999,5.599999999999999,5.299999999999999,5.000000000000001,False,0.8687605527181722,1.9017840338317094,True,True,True,1.0,True,5.766865201724811,319.5344848272615,N/A,new_parameter_combo,Q2_provisional,requires_pilot_and_Q3_k100_confirmation
5.6,50.0,5.4,0.5,False,5.4,8.690476190476192,5.599999999999999,5.599999999999999,5.499999999999999,5.4,False,0.9453269194801753,2.3657488241474316,True,True,True,0.996,True,5.806490701200878,332.45040836601083,N/A,new_parameter_combo,Q2_provisional,requires_pilot_and_Q3_k100_confirmation
5.6,50.0,5.5,0.5,False,5.5,8.629870129870131,5.599999999999999,5.599999999999999,5.55,5.5,False,0.9915860954520679,2.465889943118454,True,True,True,0.976,True,5.82435405341457,338.44244671285696,N/A,new_parameter_combo,Q2_provisional,requires_pilot_and_Q3_k100_confirmation
5.6,50.0,6.0,0.5,False,6.0,8.357142857142858,5.599999999999999,5.599999999999999,5.8,6.0,False,1.2740655339086282,2.975001651304658,False,False,False,0.0,False,5.961412678551088,388.1580796978137,N/A,new_parameter_combo,rejected,no_support
5.6,55.0,3.0,0.55,False,3.0,10.892857142857144,5.599999999999999,5.599999999999999,4.95,3.0,False,0.2879377767249484,1.3693119442222341,True,True,True,1.0,True,6.382923520258649,591.6548967689383,N/A,new_parameter_combo,Q2_provisional,requires_pilot_and_Q3_k100_confirmation
5.6,55.0,3.5,0.55,False,3.5,10.178571428571429,5.599999999999999,5.599999999999999,5.075000000000001,3.4999999999999996,False,0.4427563249297587,0.8452124082230503,True,True,True,1.0,True,6.478535386622173,651.0167598289913,N/A,new_parameter_combo,Q2_provisional,requires_pilot_and_Q3_k100_confirmation
5.6,55.0,3.6,0.55,False,3.6,10.05952380952381,5.599999999999999,5.599999999999999,5.1000000000000005,3.6000000000000005,False,0.41502643141794,0.7874393263011952,True,True,True,1.0,True,6.448153364467988,631.5350003907033,N/A,new_parameter_combo,Q2_provisional,requires_pilot_and_Q3_k100_confirmation
5.6,55.0,4.0,0.55,False,4.0,9.642857142857144,5.599999999999999,5.599999999999999,5.2,4.0,False,0.43047434681442553,0.9094434786268923,True,True,True,1.0,True,6.161610624428284,474.1912040495065,N/A,new_parameter_combo,Q2_provisional,requires_pilot_and_Q3_k100_confirmation
5.6,55.0,4.25,0.55,False,4.25,9.422268907563025,5.599999999999999,5.599999999999999,5.2625,4.25,False,0.5927952850689684,1.1285749586937759,True,True,True,1.0,True,5.933820151281922,377.5942291872914,N/A,new_parameter_combo,Q2_provisional,requires_pilot_and_Q3_k100_confirmation
5.6,55.0,4.4,0.55,False,4.4,9.301948051948052,5.599999999999999,5.599999999999999,5.300000000000001,4.4,False,0.6675576104466988,1.2804821212294701,True,True,True,1.0,True,5.8295996898804425,340.22245731552994,N/A,new_parameter_combo,Q2_provisional,requires_pilot_and_Q3_k100_confirmation
5.6,55.0,4.5,0.55,False,4.5,9.226190476190476,5.599999999999999,5.599999999999999,5.325,4.5,False,0.7446026881937147,1.3904991838686065,True,True,True,1.0,True,5.773641808315432,321.7071978189861,N/A,new_parameter_combo,Q2_provisional,requires_pilot_and_Q3_k100_confirmation
5.6,55.0,4.75,0.55,False,4.75,9.050751879699249,5.599999999999999,5.599999999999999,5.387499999999999,4.75,False,0.8322884605908298,1.719049713289378,True,True,True,1.0,True,5.681075595528814,293.2646945377547,N/A,new_parameter_combo,Q2_provisional,requires_pilot_and_Q3_k100_confirmation
5.6,55.0,4.8,0.55,False,4.8,9.017857142857144,5.599999999999999,5.599999999999999,5.3999999999999995,4.8,False,0.8522347573483806,1.7762437687280415,True,True,True,1.0,True,5.670675808593075,290.2306084691759,N/A,new_parameter_combo,Q2_provisional,requires_pilot_and_Q3_k100_confirmation
5.6,55.0,4.85,0.55,False,4.85,8.985640648011783,5.599999999999999,5.599999999999999,5.4125000000000005,4.85,False,0.8481916538334091,1.8321756487714196,True,True,True,1.0,True,5.662980506864531,288.00576775558693,N/A,new_parameter_combo,Q2_provisional,requires_pilot_and_Q3_k100_confirmation
5.6,55.0,5.0,0.55,False,5.0,8.892857142857144,5.599999999999999,5.599999999999999,5.45,5.000000000000001,False,0.8434490203918669,1.997948270536884,True,True,True,1.0,True,5.656121512922068,286.0370972069745,N/A,new_parameter_combo,Q2_provisional,requires_pilot_and_Q3_k100_confirmation
5.6,55.0,5.4,0.55,False,5.4,8.670634920634923,5.599999999999999,5.599999999999999,5.550000000000001,5.4,False,0.9952909532557068,2.3884999922700922,True,True,True,0.989,True,5.695747012398135,297.5990207307165,N/A,new_parameter_combo,Q2_provisional,requires_pilot_and_Q3_k100_confirmation
5.6,55.0,5.5,0.55,False,5.5,8.62012987012987,5.599999999999999,5.599999999999999,5.575,5.5,False,1.0362451841300173,2.4820194181615434,True,True,True,0.91,True,5.713610364611828,302.96290267920597,N/A,new_parameter_combo,Q2_provisional,requires_pilot_and_Q3_k100_confirmation
5.6,55.0,6.0,0.55,False,6.0,8.392857142857142,5.599999999999999,5.599999999999999,5.699999999999999,6.0,False,1.2968438925455343,2.9167821148081545,False,False,False,0.0,False,5.850668989748345,347.46675443877984,N/A,new_parameter_combo,rejected,no_support
5.6,58.0,3.0,0.58,False,3.0,10.614285714285716,5.599999999999999,5.599999999999999,5.339999999999999,3.0,False,0.3387401628965537,1.1257779437505455,True,True,True,1.0,True,6.342633296173016,568.290820818619,N/A,new_parameter_combo,Q2_provisional,requires_pilot_and_Q3_k100_confirmation
5.6,58.0,3.5,0.58,False,3.5,9.985714285714286,5.599999999999999,5.599999999999999,5.39,3.4999999999999996,True,0.42295426008310755,0.8814347644732464,True,True,True,1.0,True,6.43824516253654,625.3085216235099,N/A,existing_parameter_combo,Q2_provisional,requires_pilot_and_Q3_k100_confirmation
5.6,58.0,3.6,0.58,False,3.6,9.880952380952383,5.599999999999999,5.599999999999999,5.3999999999999995,3.6000000000000005,False,0.40607881008493896,0.8670705891617572,True,True,True,1.0,True,6.407863140382355,606.5960844872059,N/A,new_parameter_combo,Q2_provisional,requires_pilot_and_Q3_k100_confirmation
5.6,58.0,4.0,0.58,False,4.0,9.514285714285716,5.599999999999999,5.599999999999999,5.4399999999999995,4.0,False,0.46598808778678424,1.0613679448252276,True,True,True,1.0,True,6.1213204003426505,455.465694691113,N/A,new_parameter_combo,Q2_provisional,requires_pilot_and_Q3_k100_confirmation
5.6,58.0,4.25,0.58,False,4.25,9.320168067226891,5.599999999999999,5.599999999999999,5.464999999999999,4.25,False,0.5816097471322017,1.2012746850827647,True,True,True,1.0,True,5.893529927196289,362.6832729908458,N/A,new_parameter_combo,Q2_provisional,requires_pilot_and_Q3_k100_confirmation
5.6,58.0,4.4,0.58,False,4.4,9.214285714285715,5.599999999999999,5.599999999999999,5.4799999999999995,4.4,False,0.6549045732013173,1.389603773997583,True,True,True,1.0,True,5.78930946579481,326.7872886451885,N/A,new_parameter_combo,Q2_provisional,requires_pilot_and_Q3_k100_confirmation
5.6,58.0,4.5,0.58,False,4.5,9.147619047619047,5.599999999999999,5.599999999999999,5.489999999999999,4.5,False,0.7330008909424662,1.5024067696437826,True,True,True,1.0,True,5.733351584229799,309.00318498201875,N/A,new_parameter_combo,Q2_provisional,requires_pilot_and_Q3_k100_confirmation
5.6,58.0,4.75,0.58,False,4.75,8.993233082706768,5.599999999999999,5.599999999999999,5.515,4.75,False,0.804177866405391,1.793072242374719,True,True,True,1.0,True,5.640785371443181,281.6838580836907,N/A,new_parameter_combo,Q2_provisional,requires_pilot_and_Q3_k100_confirmation
5.6,58.0,4.8,0.58,False,4.8,8.964285714285715,5.599999999999999,5.599999999999999,5.52,4.8,False,0.8007040906704095,1.8515065728680733,True,True,True,1.0,True,5.630385584507442,278.7695861461756,N/A,new_parameter_combo,Q2_provisional,requires_pilot_and_Q3_k100_confirmation
5.6,58.0,4.85,0.58,False,4.85,8.935935198821799,5.599999999999999,5.599999999999999,5.524999999999999,4.85,False,0.7773847443938731,1.9092481135395378,True,True,True,1.0,True,5.622690282778898,276.6326029787568,N/A,new_parameter_combo,Q2_provisional,requires_pilot_and_Q3_k100_confirmation
5.6,58.0,5.0,0.58,False,5.0,8.854285714285714,5.599999999999999,5.599999999999999,5.539999999999999,5.000000000000001,False,0.818964004591366,2.059684440308654,True,True,True,1.0,True,5.615831288836436,274.741673979264,N/A,new_parameter_combo,Q2_provisional,requires_pilot_and_Q3_k100_confirmation
5.6,58.0,5.4,0.58,False,5.4,8.658730158730158,5.599999999999999,5.599999999999999,5.579999999999999,5.4,False,0.9356826603161605,2.402607549382127,True,True,True,0.896,True,5.655456788312502,285.84702448921763,N/A,new_parameter_combo,Q2_provisional,requires_pilot_and_Q3_k100_confirmation
5.6,58.0,5.5,0.58,False,5.5,8.614285714285714,5.599999999999999,5.599999999999999,5.59,5.5,False,0.9791333110543871,2.4917805049253685,True,True,True,0.91,True,5.673320140526195,290.9990901476407,N/A,new_parameter_combo,Q2_provisional,requires_pilot_and_Q3_k100_confirmation
5.6,58.0,6.0,0.58,False,6.0,8.414285714285715,5.599999999999999,5.599999999999999,5.64,6.0,False,1.2516796877861074,2.883042373118242,False,False,False,0.0,False,5.810378765662712,333.7455130778906,N/A,new_parameter_combo,rejected,no_support
5.6,60.0,3.0,0.6,False,3.0,10.42857142857143,5.599999999999999,5.599999999999999,5.6,3.0,False,0.3118615927959459,1.0376904819681567,True,True,True,1.0,True,6.337437095849132,565.3455266676623,N/A,new_parameter_combo,Q2_provisional,requires_pilot_and_Q3_k100_confirmation
5.6,60.0,3.5,0.6,False,3.5,9.85714285714286,5.599999999999999,5.599999999999999,5.6,3.4999999999999996,False,0.41907636535600523,0.9336186134318544,True,True,True,1.0,True,6.433048962212656,622.0677204987828,N/A,new_parameter_combo,Q2_provisional,requires_pilot_and_Q3_k100_confirmation
5.6,60.0,3.6,0.6,False,3.6,9.761904761904765,5.599999999999999,5.599999999999999,5.6,3.6000000000000005,False,0.41007963387913926,0.9859405723570146,True,True,True,1.0,True,6.402666940058471,603.4522647488195,N/A,new_parameter_combo,Q2_provisional,requires_pilot_and_Q3_k100_confirmation
5.6,60.0,4.0,0.6,False,4.0,9.42857142857143,5.599999999999999,5.599999999999999,5.6,4.0,False,0.49652054646431765,1.185330598716305,True,True,True,1.0,True,6.116124200018766,453.10514196460105,N/A,new_parameter_combo,Q2_provisional,requires_pilot_and_Q3_k100_confirmation
5.6,60.0,4.25,0.6,False,4.25,9.252100840336135,5.599999999999999,5.599999999999999,5.6,4.25,False,0.6063477987601048,1.2992091211532693,True,True,True,1.0,True,5.888333726872404,360.80358589498354,N/A,new_parameter_combo,Q2_provisional,requires_pilot_and_Q3_k100_confirmation
5.6,60.0,4.4,0.6,False,4.4,9.155844155844157,5.599999999999999,5.599999999999999,5.6,4.4,False,0.7076275395247681,1.4730556412968947,True,True,True,1.0,True,5.784113265470925,325.09364050836416,N/A,new_parameter_combo,Q2_provisional,requires_pilot_and_Q3_k100_confirmation
5.6,60.0,4.5,0.6,False,4.5,9.095238095238097,5.599999999999999,5.599999999999999,5.6,4.5,False,0.7307701416998372,1.5861149039200153,True,True,True,1.0,True,5.728155383905914,307.4017069358953,N/A,new_parameter_combo,Q2_provisional,requires_pilot_and_Q3_k100_confirmation
5.6,60.0,4.75,0.6,False,4.75,8.954887218045114,5.599999999999999,5.599999999999999,5.6,4.75,False,0.7603490068678318,1.8467662947549517,True,True,True,1.0,True,5.635589171119296,280.22396855311933,N/A,new_parameter_combo,Q2_provisional,requires_pilot_and_Q3_k100_confirmation
5.6,60.0,4.8,0.6,False,4.8,8.92857142857143,5.599999999999999,5.599999999999999,5.6,4.8,False,0.7592961294810465,1.9013255383793433,True,True,True,1.0,True,5.625189384183558,277.3248004810505,N/A,new_parameter_combo,Q2_provisional,requires_pilot_and_Q3_k100_confirmation
5.6,60.0,4.85,0.6,False,4.85,8.902798232695142,5.599999999999999,5.599999999999999,5.6,4.85,False,0.7603490068678317,1.9553006429607636,True,True,True,1.0,True,5.617494082455013,275.1988927063586,N/A,new_parameter_combo,Q2_provisional,requires_pilot_and_Q3_k100_confirmation
5.6,60.0,5.0,0.6,False,5.0,8.82857142857143,5.599999999999999,5.599999999999999,5.6,5.000000000000001,False,0.8089108323504374,2.1023615829860947,True,True,True,1.0,True,5.61063508851255,273.317763868892,N/A,new_parameter_combo,Q2_provisional,requires_pilot_and_Q3_k100_confirmation
5.6,60.0,5.4,0.6,False,5.4,8.650793650793652,5.599999999999999,5.599999999999999,5.6,5.4,False,0.9018359957693557,2.4121992558033107,True,True,True,0.896,True,5.650260587988618,284.365558418582,N/A,new_parameter_combo,Q2_provisional,requires_pilot_and_Q3_k100_confirmation
5.6,60.0,5.5,0.6,False,5.5,8.610389610389612,5.599999999999999,5.599999999999999,5.6,5.5,False,0.9434673350174336,2.4983221949736523,True,True,True,0.826,True,5.66812394020231,289.49092234561476,N/A,new_parameter_combo,Q2_provisional,requires_pilot_and_Q3_k100_confirmation
5.6,60.0,6.0,0.6,False,6.0,8.42857142857143,5.599999999999999,5.599999999999999,5.6,6.0,False,1.2239814591099405,2.861065522980355,False,False,False,0.0,False,5.805182565338828,332.01580238828217,N/A,new_parameter_combo,rejected,no_support
5.6,65.0,3.0,0.65,False,3.0,9.964285714285715,5.599999999999999,5.599999999999999,5.6,3.6500000000000004,True,0.30312993105604175,0.9116492990876474,True,True,True,1.0,True,6.400270416772297,602.0078088716584,N/A,existing_parameter_combo,Q2_provisional,requires_pilot_and_Q3_k100_confirmation
5.6,65.0,3.5,0.65,False,3.5,9.535714285714286,5.599999999999999,5.599999999999999,5.6,4.025,False,0.4427563249297588,1.0743286793701343,True,True,True,1.0,True,6.4958822831358205,662.408399328156,N/A,new_parameter_combo,Q2_provisional,requires_pilot_and_Q3_k100_confirmation
5.6,65.0,3.6,0.65,False,3.6,9.464285714285715,5.599999999999999,5.599999999999999,5.6,4.1000000000000005,False,0.4800000000000002,1.1389999407320932,True,True,True,1.0,True,6.465500260981636,642.5857436272458,N/A,new_parameter_combo,Q2_provisional,requires_pilot_and_Q3_k100_confirmation
5.6,65.0,4.0,0.65,False,4.0,9.214285714285715,5.599999999999999,5.599999999999999,5.6,4.4,False,0.5492708524833219,1.3988755332998457,True,True,True,1.0,True,6.178957520941931,482.48870971069056,N/A,new_parameter_combo,Q2_provisional,requires_pilot_and_Q3_k100_confirmation
5.6,65.0,4.25,0.65,False,4.25,9.081932773109244,5.599999999999999,5.599999999999999,5.6,4.5875,False,0.6853455109561565,1.617939615560048,True,True,True,1.0,True,5.951167047795569,384.2014589873298,N/A,new_parameter_combo,Q2_provisional,requires_pilot_and_Q3_k100_confirmation
5.6,65.0,4.4,0.65,False,4.4,9.009740259740262,5.599999999999999,5.599999999999999,5.6,4.7,False,0.7321703827578352,1.7566854165098227,True,True,True,1.0,True,5.84694658639409,346.175747341852,N/A,new_parameter_combo,Q2_provisional,requires_pilot_and_Q3_k100_confirmation
5.6,65.0,4.5,0.65,False,4.5,8.964285714285715,5.599999999999999,5.599999999999999,5.6,4.7749999999999995,False,0.7446026881937147,1.8460244056209196,True,True,True,1.0,True,5.790988704829079,327.33650361873697,N/A,new_parameter_combo,Q2_provisional,requires_pilot_and_Q3_k100_confirmation
5.6,65.0,4.75,0.65,False,4.75,8.859022556390979,5.599999999999999,5.599999999999999,5.6,4.9625,False,0.6853455109561568,2.053382962385368,True,True,True,1.0,True,5.698422492042461,298.3963069387692,N/A,new_parameter_combo,Q2_provisional,requires_pilot_and_Q3_k100_confirmation
5.6,65.0,4.8,0.65,False,4.8,8.839285714285715,5.599999999999999,5.599999999999999,5.6,5.000000000000001,False,0.7156116265125938,2.0891162320896974,True,True,True,1.0,True,5.6880227051067225,295.3091297413049,N/A,new_parameter_combo,Q2_provisional,requires_pilot_and_Q3_k100_confirmation
5.6,65.0,4.85,0.65,False,4.85,8.8199558173785,5.599999999999999,5.599999999999999,5.6,5.0375,False,0.751598296964542,2.124579892392396,True,True,True,0.999,True,5.680327403378178,293.0453582583162,N/A,new_parameter_combo,Q2_provisional,requires_pilot_and_Q3_k100_confirmation
5.6,65.0,5.0,0.65,False,5.0,8.764285714285716,5.599999999999999,5.599999999999999,5.6,5.1499999999999995,False,0.8616843969807045,2.18403259679818,True,True,True,0.996,True,5.673468409435715,291.0422394641804,N/A,new_parameter_combo,Q2_provisional,requires_pilot_and_Q3_k100_confirmation
5.6,65.0,5.4,0.65,False,5.4,8.630952380952381,5.599999999999999,5.599999999999999,5.6,5.449999999999999,False,0.9351645058818389,2.4596265854810584,True,True,True,0.897,True,5.713093908911783,302.8064761583762,N/A,new_parameter_combo,Q2_provisional,requires_pilot_and_Q3_k100_confirmation
5.6,65.0,5.5,0.65,False,5.5,8.600649350649352,5.599999999999999,5.599999999999999,5.6,5.525,False,0.8967344384271322,2.513369941296815,True,True,True,0.52,False,5.730957261125475,308.26421653454906,N/A,new_parameter_combo,rejected,no_support
5.6,65.0,6.0,0.65,False,6.0,8.464285714285715,5.599999999999999,5.599999999999999,5.6,5.9,False,1.164162131916236,2.7777709799090307,True,True,True,0.013,False,5.868015886261992,353.54680682568164,N/A,new_parameter_combo,rejected,no_support
5.6,69.0,3.0,0.69,False,3.0,9.592857142857143,5.599999999999999,5.599999999999999,5.6,4.169999999999999,False,0.3586397203038056,1.0118770727349684,True,True,True,1.0,True,6.528527290150361,684.3895617013636,N/A,new_parameter_combo,Q2_provisional,requires_pilot_and_Q3_k100_confirmation
5.6,69.0,3.5,0.69,False,3.5,9.27857142857143,5.599999999999999,5.599999999999999,5.6,4.444999999999999,False,0.4751476677017882,1.3369855695753945,True,True,True,1.0,True,6.624139156513884,753.0556703794292,N/A,new_parameter_combo,Q2_provisional,requires_pilot_and_Q3_k100_confirmation
5.6,69.0,3.6,0.69,False,3.6,9.226190476190476,5.599999999999999,5.599999999999999,5.6,4.499999999999999,False,0.5134934373524958,1.4227187826885577,True,True,True,1.0,True,6.5937571343596995,730.5203835492961,N/A,new_parameter_combo,Q2_provisional,requires_pilot_and_Q3_k100_confirmation
5.6,69.0,4.0,0.69,False,4.0,9.042857142857144,5.599999999999999,5.599999999999999,5.6,4.719999999999999,False,0.6424320022780778,1.7247590711355196,True,True,True,1.0,True,6.307214394319995,548.5148725623146,N/A,new_parameter_combo,Q2_provisional,requires_pilot_and_Q3_k100_confirmation
5.6,69.0,4.25,0.69,False,4.25,8.945798319327732,5.599999999999999,5.599999999999999,5.6,4.8575,False,0.7364614791040206,1.9057901597058158,True,True,True,1.0,True,6.079423921173633,436.7775039566298,N/A,new_parameter_combo,Q2_provisional,requires_pilot_and_Q3_k100_confirmation
5.6,69.0,4.4,0.69,False,4.4,8.892857142857142,5.599999999999999,5.599999999999999,5.6,4.9399999999999995,False,0.7009618027964093,2.005000051569106,True,True,True,1.0,True,5.975203459772154,393.5481641658251,N/A,new_parameter_combo,Q2_provisional,requires_pilot_and_Q3_k100_confirmation
5.6,69.0,4.5,0.69,False,4.5,8.859523809523811,5.599999999999999,5.599999999999999,5.6,4.994999999999999,False,0.774691841301812,2.062657776624766,True,True,True,1.0,True,5.919245578207143,372.1308643161535,N/A,new_parameter_combo,Q2_provisional,requires_pilot_and_Q3_k100_confirmation
5.6,69.0,4.75,0.69,False,4.75,8.78233082706767,5.599999999999999,5.599999999999999,5.6,5.132499999999999,False,0.7219941206160074,2.165690867794218,True,True,True,1.0,True,5.826679365420525,339.2303466991525,N/A,new_parameter_combo,Q2_provisional,requires_pilot_and_Q3_k100_confirmation
5.6,69.0,4.8,0.69,False,4.8,8.767857142857144,5.599999999999999,5.599999999999999,5.6,5.159999999999999,False,0.7555630418463317,2.1770322843570393,True,True,True,0.998,True,5.816279578484787,335.7207047677179,N/A,new_parameter_combo,Q2_provisional,requires_pilot_and_Q3_k100_confirmation
5.6,69.0,4.85,0.69,False,4.85,8.753681885125184,5.599999999999999,5.599999999999999,5.6,5.187499999999999,False,0.7897312898727524,2.188781147660395,True,True,True,0.998,True,5.808584276756243,333.147147497857,N/A,new_parameter_combo,Q2_provisional,requires_pilot_and_Q3_k100_confirmation
5.6,69.0,5.0,0.69,False,5.0,8.712857142857144,5.599999999999999,5.599999999999999,5.6,5.27,False,0.8951399388945183,2.276462793633259,True,True,True,0.947,True,5.80172528281378,330.86991193155455,N/A,new_parameter_combo,Q2_provisional,requires_pilot_and_Q3_k100_confirmation
5.6,69.0,5.4,0.69,False,5.4,8.615079365079366,5.599999999999999,5.599999999999999,5.6,5.489999999999999,False,0.9761659694949416,2.49138810216536,True,True,True,0.832,True,5.8413507822898465,344.24402548330755,N/A,new_parameter_combo,Q2_provisional,requires_pilot_and_Q3_k100_confirmation
5.6,69.0,5.5,0.69,False,5.5,8.592857142857145,5.599999999999999,5.599999999999999,5.6,5.545,False,0.9394147114027965,2.525518116142142,True,True,True,0.524,False,5.85921413450354,350.4486302888995,N/A,new_parameter_combo,rejected,no_support
5.6,69.0,6.0,0.69,False,6.0,8.492857142857144,5.599999999999999,5.599999999999999,5.6,5.82,False,1.1271093603568745,2.7117500243093198,True,True,True,0.075,False,5.996272759640057,401.92791621400545,N/A,new_parameter_combo,rejected,no_support
5.6,70.0,3.0,0.7,False,3.0,9.500000000000002,5.599999999999999,5.599999999999999,5.6,4.299999999999999,False,0.3796480647405233,1.1014802280003562,True,True,True,0.999,True,6.571423483028145,714.3860360924806,N/A,new_parameter_combo,Q2_provisional,requires_pilot_and_Q3_k100_confirmation
5.6,70.0,3.5,0.7,False,3.5,9.214285714285717,5.599999999999999,5.599999999999999,5.6,4.549999999999999,False,0.4725635687720883,1.4470081609542829,True,True,True,1.0,True,6.667035349391669,786.0617481978389,N/A,new_parameter_combo,Q2_provisional,requires_pilot_and_Q3_k100_confirmation
5.6,70.0,3.6,0.7,False,3.6,9.166666666666668,5.599999999999999,5.599999999999999,5.6,4.6,False,0.5314612125152344,1.5194493843129933,True,True,True,1.0,True,6.636653327237484,762.5387502859994,N/A,new_parameter_combo,Q2_provisional,requires_pilot_and_Q3_k100_confirmation
5.6,70.0,4.0,0.7,False,4.0,9.000000000000002,5.599999999999999,5.599999999999999,5.6,4.799999999999999,False,0.6667500373040093,1.8134715328220852,True,True,True,1.0,True,6.350110587197779,572.5560228788968,N/A,new_parameter_combo,Q2_provisional,requires_pilot_and_Q3_k100_confirmation
5.6,70.0,4.25,0.7,False,4.25,8.911764705882355,5.599999999999999,5.599999999999999,5.6,4.925,False,0.7247293653918162,1.9773549391200151,True,True,True,1.0,True,6.122320114051417,455.9212576683037,N/A,new_parameter_combo,Q2_provisional,requires_pilot_and_Q3_k100_confirmation
5.6,70.0,4.4,0.7,False,4.4,8.863636363636363,5.599999999999999,5.599999999999999,5.6,4.999999999999999,False,0.7119393605225273,2.0591600235978653,True,True,True,1.0,True,6.018099652649939,410.79719613341484,N/A,new_parameter_combo,Q2_provisional,requires_pilot_and_Q3_k100_confirmation
5.6,70.0,4.5,0.7,False,4.5,8.833333333333336,5.599999999999999,5.599999999999999,5.6,5.05,False,0.7846385493086767,2.1120573722664666,True,True,True,1.0,True,5.962141771084927,388.4411860484929,N/A,new_parameter_combo,Q2_provisional,requires_pilot_and_Q3_k100_confirmation
5.6,70.0,4.75,0.7,False,4.75,8.763157894736842,5.599999999999999,5.599999999999999,5.6,5.174999999999999,False,0.7348816370056905,2.179319925486458,True,True,True,1.0,True,5.86957555829831,354.09865413235576,N/A,new_parameter_combo,Q2_provisional,requires_pilot_and_Q3_k100_confirmation
5.6,70.0,4.8,0.7,False,4.8,8.75,5.599999999999999,5.599999999999999,5.6,5.199999999999999,False,0.7678873748201381,2.198961475582254,True,True,True,0.991,True,5.859175771362571,350.4351862365731,N/A,new_parameter_combo,Q2_provisional,requires_pilot_and_Q3_k100_confirmation
5.6,70.0,4.85,0.7,False,4.85,8.737113402061857,5.599999999999999,5.599999999999999,5.6,5.224999999999999,False,0.8015304238818156,2.2261624860866074,True,True,True,0.991,True,5.851480469634027,347.748831155262,N/A,new_parameter_combo,Q2_provisional,requires_pilot_and_Q3_k100_confirmation
5.6,70.0,5.0,0.7,False,5.0,8.700000000000001,5.599999999999999,5.599999999999999,5.6,5.3,False,0.9055666846832229,2.305950818992796,True,True,True,0.947,True,5.844621475691564,345.3717854191824,N/A,new_parameter_combo,Q2_provisional,requires_pilot_and_Q3_k100_confirmation
5.6,70.0,5.4,0.7,False,5.4,8.611111111111112,5.599999999999999,5.599999999999999,5.6,5.5,False,0.9882173189070075,2.497450543031414,True,True,True,0.832,True,5.884246975167631,359.3320801126549,N/A,new_parameter_combo,Q2_provisional,requires_pilot_and_Q3_k100_confirmation
5.6,70.0,5.5,0.7,False,5.5,8.590909090909092,5.599999999999999,5.599999999999999,5.6,5.55,False,0.9519314415375482,2.5285702514521784,True,True,True,0.524,False,5.902110327381324,365.8086298448984,N/A,new_parameter_combo,rejected,no_support
5.6,70.0,6.0,0.7,False,6.0,8.500000000000002,5.599999999999999,5.599999999999999,5.6,5.8,False,1.1194787416745462,2.6953353961642956,True,True,True,0.075,False,6.039168952517842,419.5442287945436,N/A,new_parameter_combo,rejected,no_support
5.6,71.0,3.0,0.71,False,3.0,9.407142857142858,5.599999999999999,5.599999999999999,5.6,4.429999999999999,False,0.40159122276773146,1.180471121415609,True,True,True,0.999,True,6.618652465719237,748.9352009724864,N/A,new_parameter_combo,Q2_provisional,requires_pilot_and_Q3_k100_confirmation
5.6,71.0,3.5,0.71,False,3.5,9.150000000000002,5.599999999999999,5.599999999999999,5.6,4.654999999999999,False,0.4716990566028302,1.5651792898072232,True,True,True,1.0,True,6.71426433208276,824.0772966160285,N/A,new_parameter_combo,Q2_provisional,requires_pilot_and_Q3_k100_confirmation
5.6,71.0,3.6,0.71,False,3.6,9.107142857142858,5.599999999999999,5.599999999999999,5.6,4.699999999999999,False,0.5412023651093923,1.637660290994701,True,True,True,1.0,True,6.683882309928576,799.4166785768787,N/A,new_parameter_combo,Q2_provisional,requires_pilot_and_Q3_k100_confirmation
5.6,71.0,4.0,0.71,False,4.0,8.957142857142857,5.599999999999999,5.599999999999999,5.6,4.879999999999999,False,0.6913935203630417,1.902359639558431,True,True,True,1.0,True,6.397339569888872,600.2459992195354,N/A,new_parameter_combo,Q2_provisional,requires_pilot_and_Q3_k100_confirmation
5.6,71.0,4.25,0.71,False,4.25,8.877731092436976,5.599999999999999,5.599999999999999,5.6,4.992499999999999,False,0.7139484918252801,2.039573365270746,True,True,True,1.0,True,6.169549096742509,477.97053901993746,N/A,new_parameter_combo,Q2_provisional,requires_pilot_and_Q3_k100_confirmation
5.6,71.0,4.4,0.71,False,4.4,8.834415584415586,5.599999999999999,5.599999999999999,5.6,5.06,False,0.7238787952441225,2.1139257896053762,True,True,True,1.0,True,6.0653286353410305,430.6641858902245,N/A,new_parameter_combo,Q2_provisional,requires_pilot_and_Q3_k100_confirmation
5.6,71.0,4.5,0.71,False,4.5,8.807142857142857,5.599999999999999,5.599999999999999,5.6,5.105,False,0.7746918413018126,2.141837125688178,True,True,True,1.0,True,6.00937075377602,407.2269935880415,N/A,new_parameter_combo,Q2_provisional,requires_pilot_and_Q3_k100_confirmation
5.6,71.0,4.75,0.71,False,4.75,8.743984962406016,5.599999999999999,5.599999999999999,5.6,5.2175,False,0.7486382194848654,2.2142945847516975,True,True,True,0.998,True,5.916804540989402,371.223586826061,N/A,new_parameter_combo,Q2_provisional,requires_pilot_and_Q3_k100_confirmation
5.6,71.0,4.8,0.71,False,4.8,8.732142857142858,5.599999999999999,5.599999999999999,5.6,5.239999999999999,False,0.7810628551361725,2.2390899526755814,True,True,True,0.998,True,5.906404754053662,367.3829461553788,N/A,new_parameter_combo,Q2_provisional,requires_pilot_and_Q3_k100_confirmation
5.6,71.0,4.85,0.71,False,4.85,8.720544918998527,5.599999999999999,5.599999999999999,5.6,5.262499999999999,False,0.8141616446833326,2.2635953416700185,True,True,True,0.991,True,5.898709452325119,364.5666734665819,N/A,new_parameter_combo,Q2_provisional,requires_pilot_and_Q3_k100_confirmation
5.6,71.0,5.0,0.71,False,5.0,8.687142857142858,5.599999999999999,5.599999999999999,5.6,5.33,False,0.9167656099971626,2.3354714626854505,True,True,True,0.947,True,5.891850458382656,362.074668953435,N/A,new_parameter_combo,Q2_provisional,requires_pilot_and_Q3_k100_confirmation
5.6,71.0,5.4,0.71,False,5.4,8.607142857142858,5.599999999999999,5.599999999999999,5.6,5.51,False,1.0009393547247174,2.5035379353145806,True,True,True,0.701,False,5.931475957858723,376.7101119543638,N/A,new_parameter_combo,rejected,no_support
5.6,71.0,5.5,0.71,False,5.5,8.58896103896104,5.599999999999999,5.599999999999999,5.6,5.554999999999999,False,0.9651319038539418,2.531628379799774,True,True,True,0.524,False,5.949339310072416,383.4998808331863,N/A,new_parameter_combo,rejected,no_support
5.6,71.0,6.0,0.71,False,6.0,8.507142857142858,5.599999999999999,5.599999999999999,5.6,5.78,False,1.1125297519525457,2.6789583469940017,True,True,True,0.088,False,6.086397935208933,439.8342428804304,N/A,new_parameter_combo,rejected,no_support
6.0,2.0,3.0,0.02,False,3.0,15.800000000000002,3.3,3.0000000000000004,3.0,3.0,False,1.2449098401908798,7.803739741779531,False,False,False,0.0,False,6.929407574669655,1021.888407684771,N/A,new_parameter_combo,rejected,no_support
6.0,2.0,3.5,0.02,False,3.5,13.571428571428571,3.7500000000000004,3.5,3.5,3.4999999999999996,False,1.0886576643757584,4.568411721719972,True,False,False,0.0,False,7.025019441033179,1124.4164186095743,N/A,new_parameter_combo,rejected,no_support
6.0,2.0,3.6,0.02,False,3.6,13.2,3.8400000000000003,3.6,3.6,3.6000000000000005,False,1.0857142857142856,4.0787704639452995,True,False,False,0.0,False,6.994637418878995,1090.7681140996158,N/A,new_parameter_combo,rejected,no_support
6.0,2.0,4.0,0.02,False,4.0,11.9,4.2,4.0,4.0,4.0,False,1.0772461110041054,2.6453661395400596,True,True,True,0.273,False,6.70809467883929,819.0086773396824,N/A,new_parameter_combo,rejected,no_support
6.0,2.0,4.25,0.02,False,4.25,11.211764705882352,4.425000000000001,4.25,4.25,4.25,False,1.0690464590618374,2.133941726497021,True,True,True,0.81,True,6.480304205692928,652.1693097147661,N/A,new_parameter_combo,Q2_provisional,requires_pilot_and_Q3_k100_confirmation
6.0,2.0,4.4,0.02,False,4.4,10.836363636363636,4.5600000000000005,4.4,4.4,4.4,False,1.037994426693582,1.4944152211547255,True,True,True,0.67,False,6.376083744291449,587.6219178839048,N/A,new_parameter_combo,rejected,no_support
6.0,2.0,4.5,0.02,False,4.5,10.6,4.65,4.5,4.5,4.5,False,1.0762899237658967,1.0831587505537201,True,True,True,0.491,False,6.320125862726438,555.6429227836868,N/A,new_parameter_combo,rejected,no_support
6.0,2.0,4.75,0.02,False,4.75,10.052631578947368,4.875,4.75,4.75,4.75,False,1.1315737641327097,0.30934803864921223,True,True,True,0.482,False,6.2275596499398205,506.5178930622188,N/A,new_parameter_combo,rejected,no_support
6.0,2.0,4.8,0.02,False,4.8,9.95,4.92,4.8,4.8,4.8,False,1.1435033887138244,0.28147046068660597,True,True,True,0.482,False,6.217159863004081,501.27751155210063,N/A,new_parameter_combo,rejected,no_support
6.0,2.0,4.85,0.02,False,4.85,9.849484536082475,4.965,4.85,4.85,4.85,False,1.1525623627379125,0.35333513680908907,True,True,True,0.482,False,6.209464561275538,497.43483409506047,N/A,new_parameter_combo,rejected,no_support
6.0,2.0,5.0,0.02,False,5.0,9.559999999999999,5.1,5.0,5.0,5.000000000000001,False,1.181144377633965,0.8256455546459361,True,True,True,0.482,False,6.202605567333075,494.03460598376824,N/A,new_parameter_combo,rejected,no_support
6.0,2.0,5.4,0.02,False,5.4,8.866666666666665,5.46,5.4,5.4,5.4,False,1.2381157507458254,2.077094616532102,False,True,False,0.0,False,6.242231066809142,514.0040099115853,N/A,new_parameter_combo,rejected,no_support
6.0,2.0,5.5,0.02,False,5.5,8.709090909090909,5.55,5.5,5.499999999999999,5.5,False,1.29866493455583,2.2880400164178543,False,True,False,0.0,False,6.260094419022834,523.268344261363,N/A,new_parameter_combo,rejected,no_support
6.0,2.0,6.0,0.02,False,6.0,8.0,6.000000000000001,6.000000000000001,6.0,6.0,False,1.5169955537852058,3.686773752735239,False,False,False,0.0,False,6.397153044159352,600.1340483378242,N/A,new_parameter_combo,rejected,no_support
6.0,4.0,3.0,0.04,False,3.0,15.600000000000001,3.5999999999999996,3.0000000000000004,3.0,3.0,False,1.1954012647113395,7.47373036515762,True,False,False,0.0,False,6.8807496345270405,973.3557474460218,N/A,new_parameter_combo,rejected,no_support
6.0,4.0,3.5,0.04,False,3.5,13.428571428571427,4.0,3.5,3.5,3.4999999999999996,False,1.0316778487849148,4.331845761974842,True,False,False,0.0,False,6.976361500890564,1071.0143841008478,N/A,new_parameter_combo,rejected,no_support
6.0,4.0,3.6,0.04,False,3.6,13.066666666666666,4.08,3.6,3.6,3.6000000000000005,False,1.0285714285714287,3.8617468656886493,True,False,False,0.0,False,6.94597947873638,1038.9641422737723,N/A,new_parameter_combo,rejected,no_support
6.0,4.0,4.0,0.04,False,4.0,11.799999999999999,4.3999999999999995,4.0,4.0,4.0,False,1.0228262166114805,2.5632219388212922,True,True,True,0.273,False,6.659436738696675,780.1114067854834,N/A,new_parameter_combo,rejected,no_support
6.0,4.0,4.25,0.04,False,4.25,11.129411764705882,4.6,4.25,4.25,4.25,False,1.031742693065416,1.9982713288200509,True,True,True,0.904,True,6.431646265550313,621.1957598745862,N/A,new_parameter_combo,Q2_provisional,requires_pilot_and_Q3_k100_confirmation
6.0,4.0,4.4,0.04,False,4.4,10.763636363636362,4.72,4.4,4.4,4.4,False,1.0102343635947826,1.3779738167224644,True,True,True,0.81,True,6.3274258041488345,559.7139245305843,N/A,new_parameter_combo,Q2_provisional,requires_pilot_and_Q3_k100_confirmation
6.0,4.0,4.5,0.04,False,4.5,10.533333333333333,4.8,4.5,4.5,4.5,False,1.0228262166114805,0.983135014905926,True,True,True,0.67,False,6.271467922583823,529.2537114150763,N/A,new_parameter_combo,rejected,no_support
6.0,4.0,4.75,0.04,False,4.75,10.0,5.0,4.75,4.75,4.75,True,1.0798951196240103,0.32722115841856186,True,True,True,0.67,False,6.178901709797206,482.46178221491874,N/A,existing_parameter_combo,rejected,no_support
6.0,4.0,4.8,0.04,False,4.8,9.9,5.04,4.8,4.8,4.8,False,1.0938828053483312,0.3437425553374722,True,True,True,0.67,False,6.168501922861466,477.4702827289428,N/A,new_parameter_combo,rejected,no_support
6.0,4.0,4.85,0.04,False,4.85,9.802061855670104,5.08,4.85,4.85,4.85,False,1.1033492610396467,0.440566185755754,True,True,True,0.482,False,6.160806621132923,473.8101059814,N/A,new_parameter_combo,rejected,no_support
6.0,4.0,5.0,0.04,False,5.0,9.52,5.2,5.0,5.0,5.000000000000001,False,1.139727858673611,0.9182693079370303,True,True,True,0.482,False,6.15394762719046,470.5713652834286,N/A,new_parameter_combo,rejected,no_support
6.0,4.0,5.4,0.04,False,5.4,8.844444444444443,5.5200000000000005,5.4,5.4,5.4,False,1.2006256872215952,2.113699057279143,True,True,True,0.1,False,6.193573126666527,489.5923600809426,N/A,new_parameter_combo,rejected,no_support
6.0,4.0,5.5,0.04,False,5.5,8.69090909090909,5.6000000000000005,5.5,5.499999999999999,5.5,False,1.2629734917314486,2.3316582915796573,False,True,False,0.0,False,6.21143647888022,498.4167023650954,N/A,new_parameter_combo,rejected,no_support
6.0,4.0,6.0,0.04,False,6.0,8.0,5.999999999999999,6.000000000000001,6.0,6.0,False,1.5061946915918916,3.6867737527352387,False,False,False,0.0,False,6.348495104016737,571.631814975892,N/A,new_parameter_combo,rejected,no_support
6.0,13.0,3.0,0.13,False,3.0,14.700000000000001,4.949999999999999,3.0000000000000004,3.0,3.0,False,0.9829176164950583,6.156632248666351,True,False,False,0.0,False,6.715976452410425,825.4894246287155,N/A,new_parameter_combo,rejected,no_support
6.0,13.0,3.5,0.13,False,3.5,12.785714285714286,5.125,3.5,3.5,3.4999999999999996,False,0.8614679569295229,3.4886250400446395,True,False,False,0.0,False,6.811588318773948,908.3123513887867,N/A,new_parameter_combo,rejected,no_support
6.0,13.0,3.6,0.13,False,3.6,12.466666666666667,5.16,3.6,3.6,3.6000000000000005,False,0.8577453239839471,3.1234324896909893,True,False,False,0.0,False,6.7812062966197635,881.1309886090793,N/A,new_parameter_combo,rejected,no_support
6.0,13.0,4.0,0.13,False,4.0,11.350000000000001,5.3,4.0,4.0,4.0,False,0.8351658762283852,2.2822646436646057,True,True,True,0.994,True,6.4946635565800594,661.6015963571002,N/A,new_parameter_combo,Q2_provisional,requires_pilot_and_Q3_k100_confirmation
6.0,13.0,4.25,0.13,False,4.25,10.758823529411766,5.3875,4.25,4.25,4.25,False,0.8718968296952643,1.6699966285762138,True,True,True,0.987,True,6.266873083433697,526.8274541411763,N/A,new_parameter_combo,Q2_provisional,requires_pilot_and_Q3_k100_confirmation
6.0,13.0,4.4,0.13,False,4.4,10.436363636363637,5.44,4.4,4.4,4.4,False,0.8432415134467702,1.2340320937014666,True,True,True,0.975,True,6.162652622032218,474.6855676660548,N/A,new_parameter_combo,Q2_provisional,requires_pilot_and_Q3_k100_confirmation
6.0,13.0,4.5,0.13,False,4.5,10.233333333333334,5.4750000000000005,4.5,4.5,4.5,False,0.8486483851588081,0.9899649103281988,True,True,True,0.957,True,6.106694740467208,448.8526860451624,N/A,new_parameter_combo,Q2_provisional,requires_pilot_and_Q3_k100_confirmation
6.0,13.0,4.75,0.13,False,4.75,9.763157894736842,5.5625,4.75,4.75,4.75,False,0.864697529545471,0.8902998342428985,True,True,True,0.909,True,6.014128527680589,409.1691039488353,N/A,new_parameter_combo,Q2_provisional,requires_pilot_and_Q3_k100_confirmation
6.0,13.0,4.8,0.13,False,4.8,9.675,5.58,4.8,4.8,4.8,False,0.8753879606395402,0.9616583838389016,True,True,True,0.67,False,6.003728740744851,404.93588289936383,N/A,new_parameter_combo,rejected,no_support
6.0,13.0,4.85,0.13,False,4.85,9.588659793814433,5.597499999999999,4.85,4.85,4.85,False,0.8936465082081687,1.0523306036586588,True,True,True,0.67,False,5.996033439016307,401.8317380835586,N/A,new_parameter_combo,rejected,no_support
6.0,13.0,5.0,0.13,False,5.0,9.34,5.65,5.0,5.0,5.000000000000001,False,0.9381919215345296,1.3044202358052583,True,True,True,0.482,False,5.989174445073844,399.085007299562,N/A,new_parameter_combo,rejected,no_support
6.0,13.0,5.4,0.13,False,5.4,8.744444444444444,5.79,5.4,5.4,5.4,False,1.0959815282221146,2.2991748024458056,True,True,True,0.482,False,6.0287999445499105,415.2164475180689,N/A,new_parameter_combo,rejected,no_support
6.0,13.0,5.5,0.13,False,5.5,8.60909090909091,5.825,5.5,5.499999999999999,5.5,False,1.1244953516659675,2.526978560472449,True,True,True,0.27,False,6.046663296763604,422.70024905104964,N/A,new_parameter_combo,rejected,no_support
6.0,13.0,6.0,0.13,False,6.0,8.000000000000002,6.000000000000001,6.000000000000001,6.0,6.0,False,1.4688778168439767,3.686773752735237,False,False,False,0.0,False,6.183721921900121,484.7929642189586,N/A,new_parameter_combo,rejected,no_support
6.0,19.0,3.0,0.19,False,3.0,14.100000000000003,5.8500000000000005,3.0000000000000004,3.0,3.0,False,0.8550000000000001,5.499133037216605,True,False,False,0.0,False,6.655389072082817,776.9601577942152,N/A,new_parameter_combo,rejected,no_support
6.0,19.0,3.5,0.19,False,3.5,12.35714285714286,5.875000000000001,3.5,3.5,3.4999999999999996,False,0.7120568797504873,3.2237798255587142,True,False,False,0.0,False,6.7510009384463405,854.9140507510236,N/A,new_parameter_combo,rejected,no_support
6.0,19.0,3.6,0.19,False,3.6,12.06666666666667,5.880000000000001,3.6,3.6,3.6000000000000005,False,0.7075485849042453,3.0776114315361847,True,False,False,0.0,False,6.720618916292156,829.3306389176352,N/A,new_parameter_combo,rejected,no_support
6.0,19.0,4.0,0.19,False,4.0,11.050000000000002,5.9,4.0,4.0,4.0,False,0.7373421657465111,2.3374506743631485,True,True,True,0.997,True,6.434076176252451,622.7070455005753,N/A,new_parameter_combo,Q2_provisional,requires_pilot_and_Q3_k100_confirmation
6.0,19.0,4.25,0.19,False,4.25,10.511764705882355,5.9125000000000005,4.25,4.25,4.25,False,0.7446407159955514,1.6903129759140367,True,True,True,1.0,True,6.206285703106089,495.85606997201324,N/A,new_parameter_combo,Q2_provisional,requires_pilot_and_Q3_k100_confirmation
6.0,19.0,4.4,0.19,False,4.4,10.218181818181819,5.920000000000001,4.4,4.4,4.4,False,0.7217269538533027,1.4327402512758707,True,True,True,0.995,True,6.102065241704611,446.779525640001,N/A,new_parameter_combo,Q2_provisional,requires_pilot_and_Q3_k100_confirmation
6.0,19.0,4.5,0.19,False,4.5,10.033333333333335,5.925,4.5,4.5,4.5,False,0.7515990606428294,1.2951109500330737,True,True,True,0.995,True,6.046107360139599,422.4653198105615,N/A,new_parameter_combo,Q2_provisional,requires_pilot_and_Q3_k100_confirmation
6.0,19.0,4.75,0.19,False,4.75,9.605263157894738,5.937500000000001,4.75,4.75,4.75,False,0.7446407159955514,1.2906791437832195,True,True,True,0.957,True,5.953541147352981,385.11467510512546,N/A,new_parameter_combo,Q2_provisional,requires_pilot_and_Q3_k100_confirmation
6.0,19.0,4.8,0.19,False,4.8,9.525000000000002,5.94,4.8,4.8,4.8,False,0.7563661784601208,1.3395513213934251,True,True,True,0.957,True,5.9431413604172425,381.13031867796167,N/A,new_parameter_combo,Q2_provisional,requires_pilot_and_Q3_k100_confirmation
6.0,19.0,4.85,0.19,False,4.85,9.446391752577322,5.9425,4.85,4.85,4.85,False,0.7699933739444562,1.387048116206824,True,True,True,0.82,True,5.935446058688699,378.20866181120215,N/A,new_parameter_combo,Q2_provisional,requires_pilot_and_Q3_k100_confirmation
6.0,19.0,5.0,0.19,False,5.0,9.220000000000002,5.95,5.0,5.0,5.000000000000001,False,0.846872999658757,1.5783821688352941,True,True,True,0.67,False,5.928587064746235,375.623407149324,N/A,new_parameter_combo,rejected,no_support
6.0,19.0,5.4,0.19,False,5.4,8.677777777777779,5.970000000000001,5.4,5.4,5.4,False,1.016311859577742,2.4379603337840323,True,True,True,0.482,False,5.968212564222303,390.8065045503072,N/A,new_parameter_combo,rejected,no_support
6.0,19.0,5.5,0.19,False,5.5,8.554545454545456,5.975000000000001,5.5,5.499999999999999,5.5,False,1.0744718683699297,2.612429415969451,True,True,True,0.482,False,5.986075916435995,397.8503447819131,N/A,new_parameter_combo,rejected,no_support
6.0,19.0,6.0,0.19,False,6.0,8.000000000000002,6.000000000000001,6.000000000000001,6.0,6.0,False,1.386542462386205,3.686773752735237,False,False,False,0.0,False,6.1231345415725125,456.29272373356184,N/A,new_parameter_combo,rejected,no_support
6.0,22.0,3.0,0.22,False,3.0,13.800000000000002,6.000000000000001,3.2999999999999994,3.0,3.0,False,0.8,4.87148622428557,True,False,False,0.0,False,6.639873804244053,764.9984473709765,N/A,new_parameter_combo,rejected,no_support
6.0,22.0,3.5,0.22,False,3.5,12.142857142857142,6.000000000000001,3.75,3.5,3.4999999999999996,False,0.6527805519311924,2.9931152245280797,True,False,False,0.0,False,6.735485670607577,841.7521991306343,N/A,new_parameter_combo,rejected,no_support
6.0,22.0,3.6,0.22,False,3.6,11.866666666666667,6.000000000000001,3.84,3.6,3.6000000000000005,False,0.6654847090348387,2.680913143735899,True,True,True,0.107,False,6.705103648453393,816.5626573830147,N/A,new_parameter_combo,rejected,no_support
6.0,22.0,4.0,0.22,False,4.0,10.900000000000002,6.000000000000001,4.2,4.0,4.0,False,0.7124007270619307,2.036556103854521,True,True,True,1.0,True,6.418560908413688,613.1201429006594,N/A,new_parameter_combo,Q2_provisional,requires_pilot_and_Q3_k100_confirmation
6.0,22.0,4.25,0.22,False,4.25,10.388235294117647,6.000000000000001,4.425,4.25,4.25,False,0.6882393983111946,1.6103554070208266,True,True,True,1.0,True,6.190770435267326,488.2221048824142,N/A,new_parameter_combo,Q2_provisional,requires_pilot_and_Q3_k100_confirmation
6.0,22.0,4.4,0.22,False,4.4,10.109090909090911,6.000000000000001,4.5600000000000005,4.4,4.4,False,0.6795917141631321,1.3644978673804073,True,True,True,0.997,True,6.086549973865847,439.90111977179026,N/A,new_parameter_combo,Q2_provisional,requires_pilot_and_Q3_k100_confirmation
6.0,22.0,4.5,0.22,False,4.5,9.933333333333334,6.000000000000001,4.6499999999999995,4.5,4.5,False,0.7301126031409854,1.2827786045159193,True,True,True,0.997,True,6.030592092300836,415.96124393390204,N/A,new_parameter_combo,Q2_provisional,requires_pilot_and_Q3_k100_confirmation
6.0,22.0,4.75,0.22,False,4.75,9.526315789473685,6.000000000000001,4.875,4.75,4.75,False,0.7021854550368485,1.3383841891739872,True,True,True,0.957,True,5.9380258795142185,379.18563205557564,N/A,new_parameter_combo,Q2_provisional,requires_pilot_and_Q3_k100_confirmation
6.0,22.0,4.8,0.22,False,4.8,9.450000000000001,6.000000000000001,4.92,4.8,4.8,False,0.7033238324309122,1.3803152093444455,True,True,True,0.957,True,5.927626092578479,375.26261689195843,N/A,new_parameter_combo,Q2_provisional,requires_pilot_and_Q3_k100_confirmation
6.0,22.0,4.85,0.22,False,4.85,9.375257731958765,6.000000000000001,4.964999999999999,4.85,4.85,False,0.7155930892537707,1.4342862396965381,True,True,True,0.957,True,5.919930790849936,372.3859404698789,N/A,new_parameter_combo,Q2_provisional,requires_pilot_and_Q3_k100_confirmation
6.0,22.0,5.0,0.22,False,5.0,9.16,6.000000000000001,5.1,5.0,5.000000000000001,False,0.7946569019625609,1.6512095670747247,True,True,True,0.67,False,5.913071796907472,369.8404871637402,N/A,new_parameter_combo,rejected,no_support
6.0,22.0,5.4,0.22,False,5.4,8.644444444444444,6.000000000000001,5.46,5.4,5.4,False,0.9757425220762679,2.4819464188435845,True,True,True,0.482,False,5.95269729638354,384.7898327917187,N/A,new_parameter_combo,rejected,no_support
6.0,22.0,5.5,0.22,False,5.5,8.52727272727273,6.000000000000001,5.55,5.499999999999999,5.5,False,1.0361821603307768,2.6463940046395615,True,True,True,0.481,False,5.970560648597232,391.7252293968751,N/A,new_parameter_combo,rejected,no_support
6.0,22.0,6.0,0.22,False,6.0,8.000000000000002,6.000000000000001,5.999999999999999,6.0,6.0,False,1.3516618644906604,3.686773752735236,False,False,False,0.0,False,6.107619273733749,449.2678571753755,N/A,new_parameter_combo,rejected,no_support
6.0,24.0,3.0,0.24,False,3.0,13.600000000000001,6.000000000000001,3.5999999999999996,3.0,3.0,False,0.7615803252689336,4.330209977142728,True,False,False,0.0,False,6.63500378210156,761.2819450629629,N/A,new_parameter_combo,rejected,no_support
6.0,24.0,3.5,0.24,False,3.5,12.0,6.000000000000001,3.9999999999999996,3.5,3.4999999999999996,False,0.6324555320336761,2.657525719606746,True,True,True,0.313,False,6.730615648465083,837.6628130650859,N/A,new_parameter_combo,rejected,no_support
6.0,24.0,3.6,0.24,False,3.6,11.733333333333334,6.000000000000001,4.08,3.6,3.6000000000000005,False,0.648083910540943,2.3559159281582978,True,True,True,0.313,False,6.700233626310898,812.5956467162198,N/A,new_parameter_combo,rejected,no_support
6.0,24.0,4.0,0.24,False,4.0,10.8,6.000000000000001,4.3999999999999995,4.0,4.0,False,0.6723128675228034,1.7746466305003454,True,True,True,1.0,True,6.413690886271194,610.1414931608974,N/A,new_parameter_combo,Q2_provisional,requires_pilot_and_Q3_k100_confirmation
6.0,24.0,4.25,0.24,False,4.25,10.305882352941177,6.000000000000001,4.6,4.25,4.25,False,0.6923724372306677,1.4426188443525083,True,True,True,1.0,True,6.185900413124831,485.85023264417015,N/A,new_parameter_combo,Q2_provisional,requires_pilot_and_Q3_k100_confirmation
6.0,24.0,4.4,0.24,False,4.4,10.036363636363637,6.000000000000001,4.72,4.4,4.4,False,0.662561510429063,1.2491068671071266,True,True,True,1.0,True,6.081679951723353,437.7639997128563,N/A,new_parameter_combo,Q2_provisional,requires_pilot_and_Q3_k100_confirmation
6.0,24.0,4.5,0.24,False,4.5,9.866666666666667,6.000000000000001,4.8,4.5,4.5,False,0.7211124661074098,1.22383804250333,True,True,True,0.997,True,6.025722070158341,413.9404281682785,N/A,new_parameter_combo,Q2_provisional,requires_pilot_and_Q3_k100_confirmation
6.0,24.0,4.75,0.24,False,4.75,9.473684210526317,6.000000000000001,5.0,4.75,4.75,False,0.6928226243242278,1.3261897577566526,True,True,True,0.987,True,5.933155857371724,377.34347893547005,N/A,new_parameter_combo,Q2_provisional,requires_pilot_and_Q3_k100_confirmation
6.0,24.0,4.8,0.24,False,4.8,9.4,6.000000000000001,5.04,4.8,4.8,False,0.6939763603866561,1.3503026424092817,True,True,True,0.98,True,5.922756070435985,373.4395224966909,N/A,new_parameter_combo,Q2_provisional,requires_pilot_and_Q3_k100_confirmation
6.0,24.0,4.85,0.24,False,4.85,9.327835051546392,6.000000000000001,5.08,4.85,4.85,False,0.6974261170729915,1.4271296039427395,True,True,True,0.957,True,5.915060768707441,370.57682149456,N/A,new_parameter_combo,Q2_provisional,requires_pilot_and_Q3_k100_confirmation
6.0,24.0,5.0,0.24,False,5.0,9.120000000000001,6.000000000000001,5.2,5.0,5.000000000000001,False,0.7632168761236876,1.690083208838258,True,True,True,0.82,True,5.908201774764978,368.04373446592155,N/A,new_parameter_combo,Q2_provisional,requires_pilot_and_Q3_k100_confirmation
6.0,24.0,5.4,0.24,False,5.4,8.622222222222222,6.000000000000001,5.5200000000000005,5.4,5.4,False,0.9622485259875989,2.510533343657195,True,True,True,0.482,False,5.947827274241045,382.92045343992334,N/A,new_parameter_combo,rejected,no_support
6.0,24.0,5.5,0.24,False,5.5,8.50909090909091,6.000000000000001,5.6000000000000005,5.499999999999999,5.5,False,1.0198039027185575,2.672216701675969,True,True,True,0.477,False,5.965690626454738,389.82215662050044,N/A,new_parameter_combo,rejected,no_support
6.0,24.0,6.0,0.24,False,6.0,8.0,6.000000000000001,6.000000000000001,6.0,6.0,False,1.3309694180696774,3.686773752735239,False,False,False,0.0,False,6.102749251591256,447.0852317937859,N/A,new_parameter_combo,rejected,no_support
6.0,27.0,3.0,0.27,False,3.0,13.3,6.000000000000001,4.05,3.0,3.0,False,0.7134312746673427,3.527435948633416,True,False,False,0.0,False,6.6359089835128415,761.9713705413997,N/A,new_parameter_combo,rejected,no_support
6.0,27.0,3.5,0.27,False,3.5,11.785714285714286,6.000000000000001,4.375,3.5,3.4999999999999996,False,0.6107873807551988,2.3021722389538954,True,True,True,0.703,False,6.7315208498763655,838.4214099153223,N/A,new_parameter_combo,rejected,no_support
6.0,27.0,3.6,0.27,False,3.6,11.533333333333335,6.000000000000001,4.44,3.6,3.6000000000000005,False,0.6069260116962112,2.1620517499099754,True,True,True,0.98,True,6.70113882772218,813.3315424591126,N/A,new_parameter_combo,Q2_provisional,requires_pilot_and_Q3_k100_confirmation
6.0,27.0,4.0,0.27,False,4.0,10.65,6.000000000000001,4.7,4.0,4.0,False,0.6172391624593091,1.5219976254883472,True,True,True,1.0,True,6.414596087682476,610.6940441488257,N/A,new_parameter_combo,Q2_provisional,requires_pilot_and_Q3_k100_confirmation
6.0,27.0,4.25,0.27,False,4.25,10.18235294117647,6.000000000000001,4.8625,4.25,4.25,False,0.6390298769803094,1.2777912867709935,True,True,True,1.0,True,6.186805614536114,486.2902240708181,N/A,new_parameter_combo,Q2_provisional,requires_pilot_and_Q3_k100_confirmation
6.0,27.0,4.4,0.27,False,4.4,9.927272727272728,6.000000000000001,4.96,4.4,4.4,False,0.7143085710628688,1.1745565407913134,True,True,True,1.0,True,6.082585153134635,438.1604437069661,N/A,new_parameter_combo,Q2_provisional,requires_pilot_and_Q3_k100_confirmation
6.0,27.0,4.5,0.27,False,4.5,9.766666666666667,6.000000000000001,5.0249999999999995,4.5,4.5,False,0.7160001745809842,1.156848456398686,True,True,True,0.997,True,6.026627271569624,414.31529726846566,N/A,new_parameter_combo,Q2_provisional,requires_pilot_and_Q3_k100_confirmation
6.0,27.0,4.75,0.27,False,4.75,9.394736842105264,6.000000000000001,5.1875,4.75,4.75,False,0.6874999999999999,1.2951214504150126,True,True,True,0.997,True,5.934061058783006,377.6852054274579,N/A,new_parameter_combo,Q2_provisional,requires_pilot_and_Q3_k100_confirmation
6.0,27.0,4.8,0.27,False,4.8,9.325000000000001,6.000000000000001,5.22,4.8,4.8,False,0.6886626532635554,1.3832202418943562,True,True,True,0.994,True,5.923661271847267,373.7777135218878,N/A,new_parameter_combo,Q2_provisional,requires_pilot_and_Q3_k100_confirmation
6.0,27.0,4.85,0.27,False,4.85,9.256701030927836,6.000000000000001,5.2524999999999995,4.85,4.85,False,0.6921388950203563,1.4823311880006198,True,True,True,0.98,True,5.915965970118723,370.9124200255817,N/A,new_parameter_combo,Q2_provisional,requires_pilot_and_Q3_k100_confirmation
6.0,27.0,5.0,0.27,False,5.0,9.060000000000002,6.000000000000001,5.35,5.0,5.000000000000001,False,0.7219941206160075,1.7746637970718964,True,True,True,0.82,True,5.90910697617626,368.3770390048842,N/A,new_parameter_combo,Q2_provisional,requires_pilot_and_Q3_k100_confirmation
6.0,27.0,5.4,0.27,False,5.4,8.58888888888889,6.000000000000001,5.61,5.4,5.4,False,0.9786516032067717,2.5390296325969177,True,True,True,0.482,False,5.948732475652328,383.2672305026507,N/A,new_parameter_combo,rejected,no_support
6.0,27.0,5.5,0.27,False,5.5,8.481818181818182,6.000000000000001,5.675000000000001,5.499999999999999,5.5,False,1.017132715263443,2.7334500853591055,True,True,True,0.402,False,5.96659582786602,390.17518394313197,N/A,new_parameter_combo,rejected,no_support
6.0,27.0,6.0,0.27,False,6.0,8.0,6.000000000000001,6.000000000000001,6.0,6.0,False,1.2834901397266403,3.686773752735239,False,False,False,0.0,False,6.103654453002537,447.49011720034304,N/A,new_parameter_combo,rejected,no_support
6.0,30.0,3.0,0.3,False,3.0,12.999999999999998,6.000000000000001,4.499999999999999,3.0,3.0,False,0.6727983747462717,3.017673286074383,True,False,False,0.0,False,6.642377029965894,766.9158099560696,N/A,new_parameter_combo,rejected,no_support
6.0,30.0,3.5,0.3,False,3.5,11.57142857142857,6.000000000000001,4.749999999999999,3.5,3.4999999999999996,False,0.5770013970909411,2.072785250369685,True,True,True,0.999,True,6.737988896329418,843.8619343569991,N/A,new_parameter_combo,Q2_provisional,requires_pilot_and_Q3_k100_confirmation
6.0,30.0,3.6,0.3,False,3.6,11.333333333333332,6.000000000000001,4.8,3.6,3.6000000000000005,True,0.5585988301645687,1.7882276140039517,True,True,True,1.0,True,6.707606874175234,818.6092585140772,N/A,existing_parameter_combo,Q2_provisional,requires_pilot_and_Q3_k100_confirmation
6.0,30.0,4.0,0.3,False,4.0,10.5,6.000000000000001,5.0,4.0,4.0,False,0.5697873753087414,1.3527808731600144,True,True,True,1.0,True,6.421064134135529,614.6568435648303,N/A,new_parameter_combo,Q2_provisional,requires_pilot_and_Q3_k100_confirmation
6.0,30.0,4.25,0.3,False,4.25,10.058823529411764,6.000000000000001,5.124999999999999,4.25,4.25,False,0.593323396691235,1.2009968089788785,True,True,True,1.0,True,6.193273660989167,489.4457659242555,N/A,new_parameter_combo,Q2_provisional,requires_pilot_and_Q3_k100_confirmation
6.0,30.0,4.4,0.3,False,4.4,9.818181818181818,6.000000000000001,5.2,4.4,4.4,False,0.7008799134382616,1.1386810796203877,True,True,True,1.0,True,6.089053199587688,441.0036709613903,N/A,new_parameter_combo,Q2_provisional,requires_pilot_and_Q3_k100_confirmation
6.0,30.0,4.5,0.3,False,4.5,9.666666666666666,6.000000000000001,5.25,4.5,4.5,False,0.7211124661074096,1.1772784612971545,True,True,True,1.0,True,6.033095318022677,417.0037931426077,N/A,new_parameter_combo,Q2_provisional,requires_pilot_and_Q3_k100_confirmation
6.0,30.0,4.75,0.3,False,4.75,9.315789473684209,6.000000000000001,5.374999999999999,4.75,4.75,False,0.7428571428571429,1.4298937507738354,True,True,True,0.997,True,5.94052910523606,380.1360082899416,N/A,new_parameter_combo,Q2_provisional,requires_pilot_and_Q3_k100_confirmation
6.0,30.0,4.8,0.3,False,4.8,9.25,6.000000000000001,5.4,4.8,4.8,False,0.7439332864537502,1.525850000613185,True,True,True,0.997,True,5.93012931830032,376.20316063251835,N/A,new_parameter_combo,Q2_provisional,requires_pilot_and_Q3_k100_confirmation
6.0,30.0,4.85,0.3,False,4.85,9.18556701030928,6.000000000000001,5.425,4.85,4.85,False,0.7471524173111385,1.6236113601975928,True,True,True,0.997,True,5.922434016571776,373.31927421967305,N/A,new_parameter_combo,Q2_provisional,requires_pilot_and_Q3_k100_confirmation
6.0,30.0,5.0,0.3,False,5.0,9.0,6.000000000000001,5.5,5.0,5.000000000000001,False,0.7693092581620721,1.8868872640332162,True,True,True,0.908,True,5.915575022629314,370.7674410876045,N/A,new_parameter_combo,Q2_provisional,requires_pilot_and_Q3_k100_confirmation
6.0,30.0,5.4,0.3,False,5.4,8.555555555555555,6.000000000000001,5.7,5.4,5.4,False,0.9803799763148904,2.615698435501988,True,True,True,0.481,False,5.955200522105381,385.75425517852824,N/A,new_parameter_combo,rejected,no_support
6.0,30.0,5.5,0.3,False,5.5,8.454545454545453,6.000000000000001,5.749999999999999,5.499999999999999,5.5,False,1.0397545733027973,2.798485900878829,True,True,True,0.148,False,5.973063874319073,392.70703439407976,N/A,new_parameter_combo,rejected,no_support
6.0,30.0,6.0,0.3,False,6.0,8.0,6.000000000000001,6.000000000000001,6.0,6.0,False,1.2872799123361176,3.686773752735239,False,False,False,0.0,False,6.11012249945559,450.3938847941157,N/A,new_parameter_combo,rejected,no_support
6.0,31.0,3.0,0.31,False,3.0,12.900000000000002,6.000000000000001,4.6499999999999995,3.0,3.0,False,0.659786994075376,3.0568249595516037,True,False,False,0.0,False,6.642790457884351,767.232939913683,N/A,new_parameter_combo,rejected,no_support
6.0,31.0,3.5,0.31,False,3.5,11.5,6.000000000000001,4.875,3.5,3.4999999999999996,False,0.548720217917128,1.9425403210479,True,True,True,0.999,True,6.7384023242478746,844.2108825674807,N/A,new_parameter_combo,Q2_provisional,requires_pilot_and_Q3_k100_confirmation
6.0,31.0,3.6,0.31,False,3.6,11.266666666666667,6.000000000000001,4.92,3.6,3.6000000000000005,False,0.5428571428571428,1.6378925736711762,True,True,True,1.0,True,6.708020302093689,818.9477644049242,N/A,new_parameter_combo,Q2_provisional,requires_pilot_and_Q3_k100_confirmation
6.0,31.0,4.0,0.31,False,4.0,10.450000000000001,6.000000000000001,5.1,4.0,4.0,False,0.5560102957496307,1.3468473217054056,True,True,True,1.0,True,6.421477562053985,614.9110124008563,N/A,new_parameter_combo,Q2_provisional,requires_pilot_and_Q3_k100_confirmation
6.0,31.0,4.25,0.31,False,4.25,10.017647058823531,6.000000000000001,5.2124999999999995,4.25,4.25,True,0.5801055498610507,1.1922950525477236,True,True,True,1.0,True,6.193687088907623,489.6481583029059,N/A,existing_parameter_combo,Q2_provisional,requires_pilot_and_Q3_k100_confirmation
6.0,31.0,4.4,0.31,False,4.4,9.781818181818181,6.000000000000001,5.28,4.4,4.4,False,0.6897263580432406,1.1384541084448567,True,True,True,1.0,True,6.089466627506144,441.18603188505807,N/A,new_parameter_combo,Q2_provisional,requires_pilot_and_Q3_k100_confirmation
6.0,31.0,4.5,0.31,False,4.5,9.633333333333333,6.000000000000001,5.324999999999999,4.5,4.5,False,0.7250637727054053,1.2110756399809806,True,True,True,1.0,True,6.033508745941133,417.1762297954021,N/A,new_parameter_combo,Q2_provisional,requires_pilot_and_Q3_k100_confirmation
6.0,31.0,4.75,0.31,False,4.75,9.289473684210527,6.000000000000001,5.437499999999999,4.75,4.75,False,0.7714285714285715,1.4882766360097508,True,True,True,0.997,True,5.940942533154515,380.2931996199821,N/A,new_parameter_combo,Q2_provisional,requires_pilot_and_Q3_k100_confirmation
6.0,31.0,4.8,0.31,False,4.8,9.225,6.000000000000001,5.46,4.8,4.8,False,0.7724649123528696,1.5826177603257974,True,True,True,0.997,True,5.9305427462187765,376.35872567738585,N/A,new_parameter_combo,Q2_provisional,requires_pilot_and_Q3_k100_confirmation
6.0,31.0,4.85,0.31,False,4.85,9.161855670103092,6.000000000000001,5.4825,4.85,4.85,False,0.7755656263762123,1.6744089597992007,True,True,True,0.997,True,5.922847444490232,373.4736467388891,N/A,new_parameter_combo,Q2_provisional,requires_pilot_and_Q3_k100_confirmation
6.0,31.0,5.0,0.31,False,5.0,8.98,6.000000000000001,5.55,5.0,5.000000000000001,False,0.7969328960560773,1.9296387404417055,True,True,True,0.908,True,5.915988450547769,370.9207583896471,N/A,new_parameter_combo,Q2_provisional,requires_pilot_and_Q3_k100_confirmation
6.0,31.0,5.4,0.31,False,5.4,8.544444444444446,6.000000000000001,5.73,5.4,5.4,False,0.9741149829460592,2.635888353121402,True,True,True,0.481,False,5.955613950023837,385.9137697288945,N/A,new_parameter_combo,rejected,no_support
6.0,31.0,5.5,0.31,False,5.5,8.445454545454545,6.000000000000001,5.7749999999999995,5.499999999999999,5.5,False,1.0487445269979547,2.8209644792995947,True,True,True,0.037,False,5.973477302237529,392.8694240117602,N/A,new_parameter_combo,rejected,no_support
6.0,31.0,6.0,0.31,False,6.0,8.000000000000002,6.000000000000001,6.000000000000001,6.0,6.0,False,1.2945520780981212,3.686773752735237,False,False,False,0.0,False,6.1105359273740465,450.5801286969533,N/A,new_parameter_combo,rejected,no_support
6.0,37.0,3.0,0.37,False,3.0,12.3,6.000000000000001,5.55,3.0,3.0,False,0.5278107460761567,2.4431646547941055,True,True,True,0.679,False,6.623220599008463,752.364263038718,N/A,new_parameter_combo,rejected,no_support
6.0,37.0,3.5,0.37,False,3.5,11.071428571428573,6.000000000000001,5.625,3.5,3.4999999999999996,False,0.40908060180789596,1.2582333490617132,True,True,True,1.0,True,6.718832465371987,827.8504030126833,N/A,new_parameter_combo,Q2_provisional,requires_pilot_and_Q3_k100_confirmation
6.0,37.0,3.6,0.37,False,3.6,10.866666666666667,6.000000000000001,5.640000000000001,3.6,3.6000000000000005,False,0.4875930052569565,1.1816873768838347,True,True,True,1.0,True,6.6884504432178025,803.0768742841467,N/A,new_parameter_combo,Q2_provisional,requires_pilot_and_Q3_k100_confirmation
6.0,37.0,4.0,0.37,False,4.0,10.150000000000002,6.000000000000001,5.7,4.0,4.0,False,0.4902644018011805,1.128526237213777,True,True,True,1.0,True,6.4019077031780975,602.9942754170734,N/A,new_parameter_combo,Q2_provisional,requires_pilot_and_Q3_k100_confirmation
6.0,37.0,4.25,0.37,False,4.25,9.770588235294118,6.000000000000001,5.737500000000001,4.25,4.25,False,0.5571355310873649,1.298975627345591,True,True,True,1.0,True,6.174117230031736,480.1589668598916,N/A,new_parameter_combo,Q2_provisional,requires_pilot_and_Q3_k100_confirmation
6.0,37.0,4.4,0.37,False,4.4,9.563636363636364,6.000000000000001,5.760000000000001,4.4,4.4,False,0.6705221845696088,1.3820166108678948,True,True,True,1.0,True,6.069896768630257,432.63601766045423,N/A,new_parameter_combo,Q2_provisional,requires_pilot_and_Q3_k100_confirmation
6.0,37.0,4.5,0.37,False,4.5,9.433333333333334,6.000000000000001,5.775000000000001,4.5,4.5,False,0.7472616676907764,1.477248832070446,True,True,True,1.0,True,6.013938887065246,409.09151622530715,N/A,new_parameter_combo,Q2_provisional,requires_pilot_and_Q3_k100_confirmation
6.0,37.0,4.75,0.37,False,4.75,9.131578947368421,6.000000000000001,5.8125,4.75,4.75,False,0.9239842740953499,1.709507991990072,True,True,True,1.0,True,5.921372674278628,372.92326487300426,N/A,new_parameter_combo,Q2_provisional,requires_pilot_and_Q3_k100_confirmation
6.0,37.0,4.8,0.37,False,4.8,9.075000000000001,6.000000000000001,5.82,4.8,4.8,False,0.9437052462695832,1.802305851889497,True,True,True,0.997,True,5.910972887342889,369.0650395097922,N/A,new_parameter_combo,Q2_provisional,requires_pilot_and_Q3_k100_confirmation
6.0,37.0,4.85,0.37,False,4.85,9.019587628865981,6.000000000000001,5.827500000000001,4.85,4.85,False,0.9462449956732848,1.894889218935236,True,True,True,0.997,True,5.903277585614346,366.23587228241195,N/A,new_parameter_combo,Q2_provisional,requires_pilot_and_Q3_k100_confirmation
6.0,37.0,5.0,0.37,False,5.0,8.86,6.000000000000001,5.8500000000000005,5.0,5.000000000000001,False,0.9638358739104572,2.119721995177098,True,True,True,0.977,True,5.896418591671882,363.73245791947556,N/A,new_parameter_combo,Q2_provisional,requires_pilot_and_Q3_k100_confirmation
6.0,37.0,5.4,0.37,False,5.4,8.477777777777778,6.000000000000001,5.91,5.4,5.4,False,1.0767449056469853,2.747993194862489,True,True,True,0.328,False,5.9360440911479495,378.43491051262555,N/A,new_parameter_combo,rejected,no_support
6.0,37.0,5.5,0.37,False,5.5,8.390909090909092,6.000000000000001,5.925,5.499999999999999,5.5,False,1.1166037159253805,2.913946262144238,True,False,False,0.0,False,5.953907443361642,385.2557669125985,N/A,new_parameter_combo,rejected,no_support
6.0,37.0,6.0,0.37,False,6.0,8.0,6.000000000000001,6.000000000000001,6.0,6.0,False,1.3000000000000005,3.686773752735239,False,False,False,0.0,False,6.09096606849816,441.8480605187693,N/A,new_parameter_combo,rejected,no_support
6.0,38.0,3.0,0.38,False,3.0,12.200000000000003,6.000000000000001,5.7,3.0,3.0,False,0.5316435816965948,2.270574867744582,True,True,True,0.679,False,6.616283884798045,747.1633865155618,N/A,new_parameter_combo,rejected,no_support
6.0,38.0,3.5,0.38,False,3.5,11.0,6.000000000000001,5.75,3.5,3.4999999999999996,False,0.40406101782088444,1.3791649266047645,True,True,True,1.0,True,6.711895751161569,822.1277126388418,N/A,new_parameter_combo,Q2_provisional,requires_pilot_and_Q3_k100_confirmation
6.0,38.0,3.6,0.38,False,3.6,10.799999999999999,6.000000000000001,5.760000000000001,3.6,3.6000000000000005,False,0.48338939388700825,1.2785812422845093,True,True,True,1.0,True,6.681513729007384,797.5254361484691,N/A,new_parameter_combo,Q2_provisional,requires_pilot_and_Q3_k100_confirmation
6.0,38.0,4.0,0.38,False,4.0,10.1,6.000000000000001,5.800000000000001,4.0,4.0,False,0.4689893606556158,1.2361875372623474,True,True,True,1.0,True,6.394970988967679,598.8259504119118,N/A,new_parameter_combo,Q2_provisional,requires_pilot_and_Q3_k100_confirmation
6.0,38.0,4.25,0.38,False,4.25,9.729411764705883,6.000000000000001,5.825,4.25,4.25,False,0.5680183957929389,1.3565850145018743,True,True,True,1.0,True,6.167180515821317,476.8397668117149,N/A,new_parameter_combo,Q2_provisional,requires_pilot_and_Q3_k100_confirmation
6.0,38.0,4.4,0.38,False,4.4,9.52727272727273,6.000000000000001,5.840000000000001,4.4,4.4,False,0.6795917141631321,1.4331589059885235,True,True,True,1.0,True,6.062960054419839,429.64533001370955,N/A,new_parameter_combo,Q2_provisional,requires_pilot_and_Q3_k100_confirmation
6.0,38.0,4.5,0.38,False,4.5,9.4,6.000000000000001,5.8500000000000005,4.5,4.5,False,0.7554104168987769,1.5294414934379987,True,True,True,1.0,True,6.007002172854827,406.26358490655304,N/A,new_parameter_combo,Q2_provisional,requires_pilot_and_Q3_k100_confirmation
6.0,38.0,4.75,0.38,False,4.75,9.105263157894738,6.000000000000001,5.875000000000001,4.75,4.75,False,0.9217729146175047,1.7907262148928362,True,True,True,1.0,True,5.914435960068209,370.3453542138995,N/A,new_parameter_combo,Q2_provisional,requires_pilot_and_Q3_k100_confirmation
6.0,38.0,4.8,0.38,False,4.8,9.05,6.000000000000001,5.880000000000001,4.8,4.8,False,0.9616991765216654,1.8783261015819326,True,True,True,1.0,True,5.904036173132471,366.51379964660185,N/A,new_parameter_combo,Q2_provisional,requires_pilot_and_Q3_k100_confirmation
6.0,38.0,4.85,0.38,False,4.85,8.995876288659796,6.000000000000001,5.885,4.85,4.85,False,0.9747171227529325,1.9536349780236373,True,True,True,0.997,True,5.896340871403926,363.7041896339055,N/A,new_parameter_combo,Q2_provisional,requires_pilot_and_Q3_k100_confirmation
6.0,38.0,5.0,0.38,False,5.0,8.84,6.000000000000001,5.9,5.0,5.000000000000001,False,0.9918031404405591,2.157566907655898,True,True,True,0.977,True,5.8894818774614635,361.21808065032826,N/A,new_parameter_combo,Q2_provisional,requires_pilot_and_Q3_k100_confirmation
6.0,38.0,5.4,0.38,False,5.4,8.466666666666669,6.000000000000001,5.94,5.4,5.4,False,1.0955400221128486,2.7599319648841045,True,True,True,0.339,False,5.929107376937531,375.81889944150095,N/A,new_parameter_combo,rejected,no_support
6.0,38.0,5.5,0.38,False,5.5,8.381818181818183,6.000000000000001,5.95,5.499999999999999,5.5,False,1.1300477600752195,2.9239759389343014,True,False,False,0.0,False,5.946970729151223,382.5926052341668,N/A,new_parameter_combo,rejected,no_support
6.0,38.0,6.0,0.38,False,6.0,8.000000000000002,6.000000000000001,6.000000000000001,6.0,6.0,False,1.3003139338369845,3.686773752735237,False,False,False,0.0,False,6.084029354287741,438.79369268439996,N/A,new_parameter_combo,rejected,no_support
6.0,40.0,3.0,0.4,False,3.0,12.0,6.000000000000001,6.000000000000001,3.0,3.0,True,0.5585988301645687,2.0306013362582975,True,True,True,0.832,True,6.5992603954648335,734.5517105106719,N/A,existing_parameter_combo,Q2_provisional,requires_pilot_and_Q3_k100_confirmation
6.0,40.0,3.5,0.4,False,3.5,10.857142857142858,6.000000000000001,6.000000000000001,3.5,3.4999999999999996,False,0.40000000000000013,1.502974839739986,True,True,True,1.0,True,6.694872261828357,808.2506831516289,N/A,new_parameter_combo,Q2_provisional,requires_pilot_and_Q3_k100_confirmation
6.0,40.0,3.6,0.4,False,3.6,10.666666666666668,6.000000000000001,6.000000000000001,3.6,3.6000000000000005,True,0.4714420993730029,1.449853087729419,True,True,True,1.0,True,6.664490239674173,784.0636785357605,N/A,existing_parameter_combo,Q2_provisional,requires_pilot_and_Q3_k100_confirmation
6.0,40.0,4.0,0.4,False,4.0,10.000000000000002,6.000000000000001,6.000000000000001,4.0,4.0,False,0.42899027152282204,1.4798746035381851,True,True,True,1.0,True,6.377947499634468,588.7181225844062,N/A,new_parameter_combo,Q2_provisional,requires_pilot_and_Q3_k100_confirmation
6.0,40.0,4.25,0.4,False,4.25,9.647058823529411,6.000000000000001,6.000000000000001,4.25,4.25,False,0.593323396691235,1.5096118227512845,True,True,True,1.0,True,6.150157026488106,468.7909936065368,N/A,new_parameter_combo,Q2_provisional,requires_pilot_and_Q3_k100_confirmation
6.0,40.0,4.4,0.4,False,4.4,9.454545454545455,6.000000000000001,6.000000000000001,4.4,4.4,False,0.7008799134382616,1.5641202028078627,True,True,True,1.0,True,6.0459365650866275,422.3931709853923,N/A,new_parameter_combo,Q2_provisional,requires_pilot_and_Q3_k100_confirmation
6.0,40.0,4.5,0.4,False,4.5,9.333333333333334,6.000000000000001,6.000000000000001,4.5,4.5,False,0.7746177464151107,1.6565852978209998,True,True,True,1.0,True,5.989978683521616,399.4060959049559,N/A,new_parameter_combo,Q2_provisional,requires_pilot_and_Q3_k100_confirmation
6.0,40.0,4.75,0.4,False,4.75,9.052631578947368,6.000000000000001,6.000000000000001,4.75,4.75,False,0.9200000000000003,1.9318606209218065,True,True,True,1.0,True,5.897412470734998,364.0941437001672,N/A,new_parameter_combo,Q2_provisional,requires_pilot_and_Q3_k100_confirmation
6.0,40.0,4.8,0.4,False,4.8,9.000000000000002,6.000000000000001,6.000000000000001,4.8,4.8,False,0.9600000000000002,1.9903344703636032,True,True,True,1.0,True,5.887012683799259,360.3272635075377,N/A,new_parameter_combo,Q2_provisional,requires_pilot_and_Q3_k100_confirmation
6.0,40.0,4.85,0.4,False,4.85,8.948453608247425,6.000000000000001,6.000000000000001,4.85,4.85,False,0.9883773550210299,2.0506783873430683,True,True,True,1.0,True,5.879317382070715,357.5650780499249,N/A,new_parameter_combo,Q2_provisional,requires_pilot_and_Q3_k100_confirmation
6.0,40.0,5.0,0.4,False,5.0,8.8,6.000000000000001,6.000000000000001,5.0,5.000000000000001,False,1.0422639121163124,2.2401181697084307,True,True,True,0.989,True,5.872458388128252,355.12093311541594,N/A,new_parameter_combo,Q2_provisional,requires_pilot_and_Q3_k100_confirmation
6.0,40.0,5.4,0.4,False,5.4,8.444444444444443,6.000000000000001,6.000000000000001,5.4,5.4,False,1.1249506933639362,2.786145701049865,True,True,True,0.079,False,5.91208388760432,369.4752987220192,N/A,new_parameter_combo,rejected,no_support
6.0,40.0,5.5,0.4,False,5.5,8.363636363636363,6.000000000000001,6.000000000000001,5.499999999999999,5.5,False,1.158582781893465,2.9455609206085276,True,False,False,0.0,False,5.929947239818012,376.13466836766383,N/A,new_parameter_combo,rejected,no_support
6.0,40.0,6.0,0.4,False,6.0,8.0,6.000000000000001,6.000000000000001,6.0,6.0,False,1.2950472767353287,3.686773752735239,False,False,False,0.0,False,6.067005864954529,431.3871147056092,N/A,new_parameter_combo,rejected,no_support
6.0,50.0,3.0,0.5,False,3.0,11.0,6.000000000000001,6.000000000000001,4.5,3.0,True,0.4714420993730029,1.4468131510078504,True,True,True,1.0,True,6.451141730551282,633.4250808859207,N/A,existing_parameter_combo,Q2_provisional,requires_pilot_and_Q3_k100_confirmation
6.0,50.0,3.5,0.5,False,3.5,10.142857142857144,6.000000000000001,6.000000000000001,4.75,3.4999999999999996,False,0.40000000000000013,1.1940653247158137,True,True,True,1.0,True,6.546753596914806,696.9778261022552,N/A,new_parameter_combo,Q2_provisional,requires_pilot_and_Q3_k100_confirmation
6.0,50.0,3.6,0.5,False,3.6,10.000000000000002,6.000000000000001,6.000000000000001,4.8,3.6000000000000005,True,0.4714420993730029,1.1569067555327142,True,True,True,1.0,True,6.516371574760622,676.1206759030631,N/A,existing_parameter_combo,Q2_provisional,requires_pilot_and_Q3_k100_confirmation
6.0,50.0,4.0,0.5,False,4.0,9.5,6.000000000000001,6.000000000000001,5.0,4.0,False,0.524161137398781,1.3646135986888597,True,True,True,1.0,True,6.229828834720917,507.66858082432725,N/A,new_parameter_combo,Q2_provisional,requires_pilot_and_Q3_k100_confirmation
6.0,50.0,4.25,0.5,False,4.25,9.23529411764706,6.000000000000001,6.000000000000001,5.125000000000001,4.25,False,0.593323396691235,1.5474054894828133,True,True,True,1.0,True,6.002038361574555,404.25196591996445,N/A,new_parameter_combo,Q2_provisional,requires_pilot_and_Q3_k100_confirmation
6.0,50.0,4.4,0.5,False,4.4,9.090909090909092,6.000000000000001,6.000000000000001,5.2,4.4,False,0.6400000000000005,1.697011482828271,True,True,True,1.0,True,5.897817900173076,364.2417881119283,N/A,new_parameter_combo,Q2_provisional,requires_pilot_and_Q3_k100_confirmation
6.0,50.0,4.5,0.5,False,4.5,9.000000000000002,6.000000000000001,6.000000000000001,5.25,4.5,False,0.7200000000000002,1.8360586126461544,True,True,True,1.0,True,5.841860018608065,344.41937168595143,N/A,new_parameter_combo,Q2_provisional,requires_pilot_and_Q3_k100_confirmation
6.0,50.0,4.75,0.5,False,4.75,8.789473684210527,6.000000000000001,6.000000000000001,5.375,4.75,False,0.9200000000000003,2.17798097566629,True,True,True,0.996,True,5.749293805821447,313.96885899705194,N/A,new_parameter_combo,Q2_provisional,requires_pilot_and_Q3_k100_confirmation
6.0,50.0,4.8,0.5,False,4.8,8.75,6.000000000000001,6.000000000000001,5.3999999999999995,4.8,False,0.9518891661815871,2.244952953367468,True,True,True,0.996,True,5.738894018885708,310.72056979349793,N/A,new_parameter_combo,Q2_provisional,requires_pilot_and_Q3_k100_confirmation
6.0,50.0,4.85,0.5,False,4.85,8.711340206185568,6.000000000000001,6.000000000000001,5.425,4.85,False,0.9544071378053902,2.311388575419956,True,True,True,0.992,True,5.731198717157165,308.3386577757671,N/A,new_parameter_combo,Q2_provisional,requires_pilot_and_Q3_k100_confirmation
6.0,50.0,5.0,0.5,False,5.0,8.6,6.000000000000001,6.000000000000001,5.499999999999999,5.000000000000001,False,0.9718502892389739,2.507370567494952,True,True,True,0.981,True,5.724339723214701,306.23100125453715,N/A,new_parameter_combo,Q2_provisional,requires_pilot_and_Q3_k100_confirmation
6.0,50.0,5.4,0.5,False,5.4,8.333333333333334,6.000000000000001,6.000000000000001,5.699999999999999,5.4,False,1.0839248058301267,2.9848992096583578,True,False,False,0.0,False,5.763965222690769,318.60918384580435,N/A,new_parameter_combo,rejected,no_support
6.0,50.0,5.5,0.5,False,5.5,8.272727272727273,6.000000000000001,6.000000000000001,5.75,5.5,False,1.086465905247517,3.11089230746042,True,False,False,0.0,False,5.781828574904461,324.35174995256506,N/A,new_parameter_combo,rejected,no_support
6.0,50.0,6.0,0.5,False,6.0,8.0,6.000000000000001,6.000000000000001,6.0,6.0,False,1.3520204080092395,3.686773752735239,False,False,False,0.0,False,5.918887200040978,371.9975246338692,N/A,new_parameter_combo,rejected,no_support
6.0,55.0,3.0,0.55,False,3.0,10.5,6.000000000000001,6.000000000000001,5.25,3.0,False,0.4012893759686469,1.1443432250751577,True,True,True,1.0,True,6.34039804174854,567.0219648832222,N/A,new_parameter_combo,Q2_provisional,requires_pilot_and_Q3_k100_confirmation
6.0,55.0,3.5,0.55,False,3.5,9.785714285714286,6.000000000000001,6.000000000000001,5.375000000000001,3.4999999999999996,False,0.42474482135195735,1.153720488890363,True,True,True,1.0,True,6.436009908112064,623.9123589545911,N/A,new_parameter_combo,Q2_provisional,requires_pilot_and_Q3_k100_confirmation
6.0,55.0,3.6,0.55,False,3.6,9.666666666666668,6.000000000000001,6.000000000000001,5.4,3.6000000000000005,False,0.4285714285714286,1.2124353986371088,True,True,True,1.0,True,6.405627885957879,605.2417021639411,N/A,new_parameter_combo,Q2_provisional,requires_pilot_and_Q3_k100_confirmation
6.0,55.0,4.0,0.55,False,4.0,9.25,6.000000000000001,6.000000000000001,5.500000000000001,4.0,False,0.513257404491456,1.4458387487384627,True,True,True,1.0,True,6.1190851459181745,454.4487499703696,N/A,new_parameter_combo,Q2_provisional,requires_pilot_and_Q3_k100_confirmation
6.0,55.0,4.25,0.55,False,4.25,9.029411764705884,6.000000000000001,6.000000000000001,5.5625,4.25,False,0.6568357201502565,1.7237100032728068,True,True,True,1.0,True,5.891294672771812,361.873488974027,N/A,new_parameter_combo,Q2_provisional,requires_pilot_and_Q3_k100_confirmation
6.0,55.0,4.4,0.55,False,4.4,8.90909090909091,6.000000000000001,6.000000000000001,5.6000000000000005,4.4,False,0.7217269538533028,1.9203361974006923,True,True,True,0.999,True,5.787074211370333,326.057651678305,N/A,new_parameter_combo,Q2_provisional,requires_pilot_and_Q3_k100_confirmation
6.0,55.0,4.5,0.55,False,4.5,8.833333333333334,6.000000000000001,6.000000000000001,5.625,4.5,False,0.7340355326994099,2.048299580265542,True,True,True,0.996,True,5.731116329805323,308.31325561670513,N/A,new_parameter_combo,Q2_provisional,requires_pilot_and_Q3_k100_confirmation
6.0,55.0,4.75,0.55,False,4.75,8.657894736842106,6.000000000000001,6.000000000000001,5.6875,4.75,False,0.8903124451561933,2.356763086717636,True,True,True,0.987,True,5.6385501170187045,281.05492616689463,N/A,new_parameter_combo,Q2_provisional,requires_pilot_and_Q3_k100_confirmation
6.0,55.0,4.8,0.55,False,4.8,8.625000000000002,6.000000000000001,6.000000000000001,5.699999999999999,4.8,False,0.9089863860366665,2.4165215609671895,True,True,True,0.986,True,5.628150330082965,278.1471610936641,N/A,new_parameter_combo,Q2_provisional,requires_pilot_and_Q3_k100_confirmation
6.0,55.0,4.85,0.55,False,4.85,8.59278350515464,6.000000000000001,6.000000000000001,5.7125,4.85,False,0.9189282244183458,2.475656346834411,True,True,True,0.975,True,5.620455028354422,276.0149492927299,N/A,new_parameter_combo,Q2_provisional,requires_pilot_and_Q3_k100_confirmation
6.0,55.0,5.0,0.55,False,5.0,8.5,6.000000000000001,6.000000000000001,5.750000000000001,5.000000000000001,False,0.9472839800057375,2.6421914513124425,True,True,True,0.884,True,5.613596034411959,274.1282422802839,N/A,new_parameter_combo,Q2_provisional,requires_pilot_and_Q3_k100_confirmation
6.0,55.0,5.4,0.55,False,5.4,8.277777777777777,6.000000000000001,6.000000000000001,5.8500000000000005,5.4,False,1.1092339699089637,3.0887451729657687,True,False,False,0.0,False,5.653221533888026,285.2087972288928,N/A,new_parameter_combo,rejected,no_support
6.0,55.0,5.5,0.55,False,5.5,8.227272727272728,6.000000000000001,6.000000000000001,5.875,5.5,False,1.1394816222067559,3.193694509267687,True,False,False,0.0,False,5.671084886101719,290.34935957096695,N/A,new_parameter_combo,rejected,no_support
6.0,55.0,6.0,0.55,False,6.0,8.0,6.000000000000001,6.000000000000001,6.0,6.0,False,1.3980306848987143,3.686773752735239,False,False,False,0.0,False,5.808143511238236,333.00034007901843,N/A,new_parameter_combo,rejected,no_support
6.0,58.0,3.0,0.58,False,3.0,10.200000000000003,6.000000000000001,6.000000000000001,5.699999999999999,3.0,False,0.43916955490924403,1.2690961964447154,True,True,True,1.0,True,6.300107817662907,544.6306277619058,N/A,new_parameter_combo,Q2_provisional,requires_pilot_and_Q3_k100_confirmation
6.0,58.0,3.5,0.58,False,3.5,9.571428571428573,6.000000000000001,6.000000000000001,5.75,3.4999999999999996,False,0.446396570281609,1.313233888422815,True,True,True,1.0,True,6.395719684026431,599.2744563181648,N/A,new_parameter_combo,Q2_provisional,requires_pilot_and_Q3_k100_confirmation
6.0,58.0,3.6,0.58,False,3.6,9.466666666666669,6.000000000000001,6.000000000000001,5.76,3.6000000000000005,False,0.48338939388700825,1.3296963510880666,True,True,True,1.0,True,6.365337661872246,581.3410919012982,N/A,new_parameter_combo,Q2_provisional,requires_pilot_and_Q3_k100_confirmation
6.0,58.0,4.0,0.58,False,4.0,9.1,6.000000000000001,6.000000000000001,5.8,4.0,False,0.5433874289668317,1.6381412539858031,True,True,True,1.0,True,6.078794921832541,436.50285757968766,N/A,new_parameter_combo,Q2_provisional,requires_pilot_and_Q3_k100_confirmation
6.0,58.0,4.25,0.58,False,4.25,8.905882352941177,6.000000000000001,6.000000000000001,5.824999999999999,4.25,False,0.6500000000000002,1.9237915966994077,True,True,True,0.996,True,5.851004448686179,347.58333482002877,N/A,new_parameter_combo,Q2_provisional,requires_pilot_and_Q3_k100_confirmation
6.0,58.0,4.4,0.58,False,4.4,8.8,6.000000000000001,6.000000000000001,5.84,4.4,False,0.7621679604916497,2.112474392790999,True,True,True,0.992,True,5.746783987284701,313.1818421826056,N/A,new_parameter_combo,Q2_provisional,requires_pilot_and_Q3_k100_confirmation
6.0,58.0,4.5,0.58,False,4.5,8.733333333333334,6.000000000000001,6.000000000000001,5.85,4.5,False,0.7819410209242648,2.226033468637255,True,True,True,0.987,True,5.690826105719689,296.13816104712174,N/A,new_parameter_combo,Q2_provisional,requires_pilot_and_Q3_k100_confirmation
6.0,58.0,4.75,0.58,False,4.75,8.578947368421053,6.000000000000001,6.000000000000001,5.875,4.75,False,0.8689660757568884,2.500433569068577,True,True,True,0.947,True,5.598259892933071,269.95624570800675,N/A,new_parameter_combo,Q2_provisional,requires_pilot_and_Q3_k100_confirmation
6.0,58.0,4.8,0.58,False,4.8,8.55,6.000000000000001,6.000000000000001,5.88,4.8,False,0.8752868334530842,2.553730776182818,True,True,True,0.946,True,5.587860105997333,267.1633064299954,N/A,new_parameter_combo,Q2_provisional,requires_pilot_and_Q3_k100_confirmation
6.0,58.0,4.85,0.58,False,4.85,8.521649484536084,6.000000000000001,6.000000000000001,5.884999999999999,4.85,False,0.8954505905989908,2.606521197649347,True,True,True,0.899,True,5.580164804268788,265.11529431832446,N/A,new_parameter_combo,Q2_provisional,requires_pilot_and_Q3_k100_confirmation
6.0,58.0,5.0,0.58,False,5.0,8.440000000000001,6.000000000000001,6.000000000000001,5.8999999999999995,5.000000000000001,False,0.9651071236935731,2.743494213230526,True,True,True,0.288,False,5.5733058103263255,263.3030921670324,N/A,new_parameter_combo,rejected,no_support
6.0,58.0,5.4,0.58,False,5.4,8.244444444444445,6.000000000000001,6.000000000000001,5.9399999999999995,5.4,False,1.0899550636683732,3.1412481934650573,True,False,False,0.0,False,5.612931309802393,273.9460830410352,N/A,new_parameter_combo,rejected,no_support
6.0,58.0,5.5,0.58,False,5.5,8.200000000000001,6.000000000000001,6.000000000000001,5.95,5.5,False,1.127475960194419,3.236692430847582,True,False,False,0.0,False,5.630794662016085,278.88364784240844,N/A,new_parameter_combo,rejected,no_support
6.0,58.0,6.0,0.58,False,6.0,8.000000000000002,6.000000000000001,6.000000000000001,6.0,6.0,False,1.3708399034228351,3.686773752735237,False,False,False,0.0,False,5.767853287152603,319.85036822958944,N/A,new_parameter_combo,rejected,no_support
6.0,60.0,3.0,0.6,False,3.0,10.000000000000002,6.000000000000001,6.000000000000001,6.0,3.0,True,0.4714420993730029,1.314875553946953,True,True,True,1.0,True,6.2949116173390225,541.8079578478145,N/A,existing_parameter_combo,Q2_provisional,requires_pilot_and_Q3_k100_confirmation
6.0,60.0,3.5,0.6,False,3.5,9.428571428571429,6.000000000000001,6.000000000000001,6.0,3.4999999999999996,False,0.47818161096096573,1.4438971770251434,True,True,True,1.0,True,6.390523483702546,596.168582553621,N/A,new_parameter_combo,Q2_provisional,requires_pilot_and_Q3_k100_confirmation
6.0,60.0,3.6,0.6,False,3.6,9.333333333333334,6.000000000000001,6.000000000000001,6.0,3.6000000000000005,False,0.4800000000000002,1.4733273921943169,True,True,True,1.0,True,6.360141461548361,578.3281618046595,N/A,new_parameter_combo,Q2_provisional,requires_pilot_and_Q3_k100_confirmation
6.0,60.0,4.0,0.6,False,4.0,9.000000000000002,6.000000000000001,6.000000000000001,6.0,4.0,False,0.5697873753087412,1.7782993372483442,True,True,True,0.996,True,6.073598721508657,434.2405839933338,N/A,new_parameter_combo,Q2_provisional,requires_pilot_and_Q3_k100_confirmation
6.0,60.0,4.25,0.6,False,4.25,8.823529411764707,6.000000000000001,6.000000000000001,6.0,4.25,False,0.6764628894598184,2.0518549005488236,True,True,True,0.987,True,5.845808248362294,345.781906527485,N/A,new_parameter_combo,Q2_provisional,requires_pilot_and_Q3_k100_confirmation
6.0,60.0,4.4,0.6,False,4.4,8.727272727272727,6.000000000000001,6.000000000000001,6.0,4.4,False,0.7437598395850583,2.2112525153635216,True,True,True,0.987,True,5.741587786960816,311.5587073119109,N/A,new_parameter_combo,Q2_provisional,requires_pilot_and_Q3_k100_confirmation
6.0,60.0,4.5,0.6,False,4.5,8.666666666666668,6.000000000000001,6.000000000000001,6.0,4.5,False,0.8118035476640886,2.3272651202656762,True,True,True,0.977,True,5.685629905395805,294.603358861947,N/A,new_parameter_combo,Q2_provisional,requires_pilot_and_Q3_k100_confirmation
6.0,60.0,4.75,0.6,False,4.75,8.526315789473685,6.000000000000001,6.000000000000001,6.0,4.75,False,0.8588105799563129,2.609931095418393,True,True,True,0.899,True,5.593063692609187,268.5571371488492,N/A,new_parameter_combo,Q2_provisional,requires_pilot_and_Q3_k100_confirmation
6.0,60.0,4.8,0.6,False,4.8,8.5,6.000000000000001,6.000000000000001,6.0,4.8,False,0.8599050730713695,2.6574356929079834,True,True,True,0.809,True,5.582663905673448,265.7786729026669,N/A,new_parameter_combo,Q2_provisional,requires_pilot_and_Q3_k100_confirmation
6.0,60.0,4.85,0.6,False,4.85,8.474226804123711,6.000000000000001,6.000000000000001,6.0,4.85,False,0.8770283341942787,2.680463216418836,True,True,True,0.68,False,5.574968603944904,263.7412750713479,N/A,new_parameter_combo,rejected,no_support
6.0,60.0,5.0,0.6,False,5.0,8.4,6.000000000000001,6.000000000000001,6.0,5.000000000000001,False,0.948039397377341,2.8094643513497886,True,True,True,0.099,False,5.568109610002441,261.9384650626015,N/A,new_parameter_combo,rejected,no_support
6.0,60.0,5.4,0.6,False,5.4,8.222222222222223,6.000000000000001,6.000000000000001,6.0,5.4,False,1.095553163791643,3.177292708882788,True,False,False,0.0,False,5.607735109478508,272.52629625845776,N/A,new_parameter_combo,rejected,no_support
6.0,60.0,5.5,0.6,False,5.5,8.181818181818182,6.000000000000001,6.000000000000001,6.0,5.5,False,1.096645162413485,3.2660625125268132,True,False,False,0.0,False,5.625598461692201,277.4382710270581,N/A,new_parameter_combo,rejected,no_support
6.0,60.0,6.0,0.6,False,6.0,8.0,6.000000000000001,6.000000000000001,6.0,6.0,False,1.3455967494925436,3.686773752735239,False,False,False,0.0,False,5.762657086828718,318.1926722327213,N/A,new_parameter_combo,rejected,no_support
6.0,65.0,3.0,0.65,False,3.0,9.500000000000002,6.000000000000001,6.000000000000001,6.0,3.7500000000000004,False,0.4285714285714286,1.3418920369614635,True,True,True,1.0,True,6.357744938262187,576.9438443349192,N/A,new_parameter_combo,Q2_provisional,requires_pilot_and_Q3_k100_confirmation
6.0,65.0,3.5,0.65,False,3.5,9.071428571428573,6.000000000000001,6.000000000000001,6.0,4.125000000000001,False,0.4716990566028304,1.7172102649746452,True,True,True,1.0,True,6.453356804625711,634.8297194756183,N/A,new_parameter_combo,Q2_provisional,requires_pilot_and_Q3_k100_confirmation
6.0,65.0,3.6,0.65,False,3.6,9.000000000000002,6.000000000000001,6.000000000000001,6.0,4.200000000000001,False,0.5412023651093926,1.8209746107120501,True,True,True,0.996,True,6.422974782471526,615.8323592811611,N/A,new_parameter_combo,Q2_provisional,requires_pilot_and_Q3_k100_confirmation
6.0,65.0,4.0,0.65,False,4.0,8.75,6.000000000000001,6.000000000000001,6.0,4.5,False,0.6532216081757821,2.221412716941398,True,True,True,0.987,True,6.136432042431822,462.40079767474566,N/A,new_parameter_combo,Q2_provisional,requires_pilot_and_Q3_k100_confirmation
6.0,65.0,4.25,0.65,False,4.25,8.61764705882353,6.000000000000001,6.000000000000001,6.0,4.6875,False,0.6969343401568011,2.4690893497905924,True,True,True,0.948,True,5.908641569285459,368.20563368222145,N/A,new_parameter_combo,Q2_provisional,requires_pilot_and_Q3_k100_confirmation
6.0,65.0,4.4,0.65,False,4.4,8.545454545454545,6.000000000000001,6.000000000000001,6.0,4.800000000000001,False,0.787972080723677,2.600306856528837,True,True,True,0.9,True,5.8044211078839805,331.76308271027887,N/A,new_parameter_combo,Q2_provisional,requires_pilot_and_Q3_k100_confirmation
6.0,65.0,4.5,0.65,False,4.5,8.5,6.000000000000001,6.000000000000001,6.0,4.875,False,0.8378982452468531,2.6412377383926926,True,True,True,0.81,True,5.74846322631897,313.70819116601706,N/A,new_parameter_combo,Q2_provisional,requires_pilot_and_Q3_k100_confirmation
6.0,65.0,4.75,0.65,False,4.75,8.394736842105264,6.000000000000001,6.000000000000001,6.0,5.0625,False,0.8647389602578084,2.837778088477669,True,False,False,0.0,False,5.655897013532352,285.9728892608073,N/A,new_parameter_combo,rejected,no_support
6.0,65.0,4.8,0.65,False,4.8,8.375,6.000000000000001,6.000000000000001,6.0,5.1000000000000005,False,0.8638133301748449,2.8757985983239776,True,False,False,0.0,False,5.645497226596613,283.0142434522313,N/A,new_parameter_combo,rejected,no_support
6.0,65.0,4.85,0.65,False,4.85,8.355670103092784,6.000000000000001,6.000000000000001,6.0,5.1375,False,0.8674099376880576,2.913421625508828,True,False,False,0.0,False,5.637801924868069,280.8447217237022,N/A,new_parameter_combo,rejected,no_support
6.0,65.0,5.0,0.65,False,5.0,8.3,6.000000000000001,6.000000000000001,6.0,5.25,False,0.9643650760992958,3.0240328909216387,True,False,False,0.0,False,5.630942930925606,278.9250006823517,N/A,new_parameter_combo,rejected,no_support
6.0,65.0,5.4,0.65,False,5.4,8.166666666666668,6.000000000000001,6.000000000000001,6.0,5.55,False,1.1454399386529284,3.30447238682972,True,False,False,0.0,False,5.670568430401673,290.19944570447944,N/A,new_parameter_combo,rejected,no_support
6.0,65.0,5.5,0.65,False,5.5,8.136363636363637,6.000000000000001,6.000000000000001,6.0,5.625,False,1.1142857142857143,3.3717303123547215,True,False,False,0.0,False,5.688431782615366,295.42995877691453,N/A,new_parameter_combo,rejected,no_support
6.0,65.0,6.0,0.65,False,6.0,8.0,6.000000000000001,6.000000000000001,6.0,6.0,False,1.2914230404432763,3.686773752735239,False,False,False,0.0,False,5.825490407751883,338.82725585346924,N/A,new_parameter_combo,rejected,no_support
6.0,69.0,3.0,0.69,False,3.0,9.100000000000001,6.000000000000001,6.000000000000001,6.0,4.349999999999999,False,0.5032547129659581,1.7453327420617282,True,True,True,1.0,True,6.486001811640251,655.8957191780438,N/A,new_parameter_combo,Q2_provisional,requires_pilot_and_Q3_k100_confirmation
6.0,69.0,3.5,0.69,False,3.5,8.785714285714288,6.000000000000001,6.000000000000001,6.0,4.624999999999999,False,0.5487202179171278,2.233345376580809,True,True,True,0.987,True,6.581613678003775,721.7029863470461,N/A,new_parameter_combo,Q2_provisional,requires_pilot_and_Q3_k100_confirmation
6.0,69.0,3.6,0.69,False,3.6,8.733333333333334,6.000000000000001,6.000000000000001,6.0,4.679999999999999,False,0.5531376180389436,2.3226758390603504,True,True,True,0.987,True,6.55123165584959,700.1059325790294,N/A,new_parameter_combo,Q2_provisional,requires_pilot_and_Q3_k100_confirmation
6.0,69.0,4.0,0.69,False,4.0,8.55,6.000000000000001,6.000000000000001,6.0,4.8999999999999995,False,0.7160001745809842,2.5872446062780994,True,True,True,0.9,True,6.264688915809885,525.6780303965229,N/A,new_parameter_combo,Q2_provisional,requires_pilot_and_Q3_k100_confirmation
6.0,69.0,4.25,0.69,False,4.25,8.452941176470588,6.000000000000001,6.000000000000001,6.0,5.0375,False,0.7517272627429581,2.756217830690571,True,True,True,0.289,False,6.0368984426635235,418.59273009109955,N/A,new_parameter_combo,rejected,no_support
6.0,69.0,4.4,0.69,False,4.4,8.4,6.000000000000001,6.000000000000001,6.0,5.119999999999999,False,0.8392221860455197,2.8517899539596683,True,False,False,0.0,False,5.932677981262045,377.1631985810116,N/A,new_parameter_combo,rejected,no_support
6.0,69.0,4.5,0.69,False,4.5,8.366666666666667,6.000000000000001,6.000000000000001,6.0,5.174999999999999,False,0.8515558989165608,2.9133511172623545,True,False,False,0.0,False,5.8767200996970335,356.63758557658383,N/A,new_parameter_combo,rejected,no_support
6.0,69.0,4.75,0.69,False,4.75,8.289473684210527,6.000000000000001,6.000000000000001,6.0,5.312499999999999,False,0.8418880627518612,3.0605386006642847,True,False,False,0.0,False,5.784153886910416,325.1068465482334,N/A,new_parameter_combo,rejected,no_support
6.0,69.0,4.8,0.69,False,4.8,8.275000000000002,6.000000000000001,6.000000000000001,6.0,5.34,False,0.8708475814998178,3.0889269205116365,True,False,False,0.0,False,5.773754099974677,321.7433248823662,N/A,new_parameter_combo,rejected,no_support
6.0,69.0,4.85,0.69,False,4.85,8.260824742268042,6.000000000000001,6.000000000000001,6.0,5.367499999999999,False,0.9006528244579493,3.116992911137638,True,False,False,0.0,False,5.766058798246133,319.27691497371006,N/A,new_parameter_combo,rejected,no_support
6.0,69.0,5.0,0.69,False,5.0,8.22,6.000000000000001,6.000000000000001,6.0,5.449999999999999,False,0.9943719174454204,3.199363973086902,True,False,False,0.0,False,5.7591998043036705,317.0944897248727,N/A,new_parameter_combo,rejected,no_support
6.0,69.0,5.4,0.69,False,5.4,8.122222222222222,6.000000000000001,6.000000000000001,6.0,5.67,False,1.1485017414005088,3.4072999868797056,True,False,False,0.0,False,5.798825303779737,329.9117860678926,N/A,new_parameter_combo,rejected,no_support
6.0,69.0,5.5,0.69,False,5.5,8.100000000000001,6.000000000000001,6.000000000000001,6.0,5.7250000000000005,False,1.1489125293076057,3.45698429159611,True,False,False,0.0,False,5.816688655993429,335.8580686515461,N/A,new_parameter_combo,rejected,no_support
6.0,69.0,6.0,0.69,False,6.0,8.0,6.000000000000001,6.000000000000001,6.0,6.0,False,1.258123805594697,3.686773752735239,False,False,False,0.0,False,5.953747281129948,385.19406843021204,N/A,new_parameter_combo,rejected,no_support
6.0,70.0,3.0,0.7,False,3.0,9.000000000000002,6.000000000000001,6.000000000000001,6.0,4.499999999999999,False,0.5008156612273744,1.9174440418830818,True,True,True,0.996,True,6.528898004518036,684.6433217783199,N/A,new_parameter_combo,Q2_provisional,requires_pilot_and_Q3_k100_confirmation
6.0,70.0,3.5,0.7,False,3.5,8.714285714285715,6.000000000000001,6.000000000000001,6.0,4.749999999999999,False,0.5482928049865328,2.377321219110642,True,True,True,0.977,True,6.6245098708815595,753.3348906883908,N/A,new_parameter_combo,Q2_provisional,requires_pilot_and_Q3_k100_confirmation
6.0,70.0,3.6,0.7,False,3.6,8.666666666666668,6.000000000000001,6.000000000000001,6.0,4.799999999999999,False,0.5714285714285713,2.450672597676491,True,True,True,0.948,True,6.594127848727375,730.791248154956,N/A,new_parameter_combo,Q2_provisional,requires_pilot_and_Q3_k100_confirmation
6.0,70.0,4.0,0.7,False,4.0,8.5,6.000000000000001,6.000000000000001,6.0,4.999999999999999,False,0.7165700081154751,2.684424852870675,True,True,True,0.68,False,6.30758510868767,548.7182526020789,N/A,new_parameter_combo,rejected,no_support
6.0,70.0,4.25,0.7,False,4.25,8.411764705882353,6.000000000000001,6.000000000000001,6.0,5.125,False,0.7726128475794963,2.839005143060638,True,False,False,0.0,False,6.079794635541308,436.9394536695119,N/A,new_parameter_combo,rejected,no_support
6.0,70.0,4.4,0.7,False,4.4,8.363636363636363,6.000000000000001,6.000000000000001,6.0,5.199999999999999,False,0.8579805430456441,2.926359790657186,True,False,False,0.0,False,5.97557417413983,393.694085170489,N/A,new_parameter_combo,rejected,no_support
6.0,70.0,4.5,0.7,False,4.5,8.333333333333334,6.000000000000001,6.000000000000001,6.0,5.25,False,0.8606146948903584,2.9826011679534603,True,False,False,0.0,False,5.919616292574818,372.26884414818386,N/A,new_parameter_combo,rejected,no_support
6.0,70.0,4.75,0.7,False,4.75,8.263157894736842,6.000000000000001,6.000000000000001,6.0,5.374999999999999,False,0.8529660136301819,3.116988766224252,True,False,False,0.0,False,5.827050079788201,339.3561275755739,N/A,new_parameter_combo,rejected,no_support
6.0,70.0,4.8,0.7,False,4.8,8.25,6.000000000000001,6.000000000000001,6.0,5.3999999999999995,False,0.8815616940453819,3.1428954571723087,True,False,False,0.0,False,5.8166502928524615,335.8451843282563,N/A,new_parameter_combo,rejected,no_support
6.0,70.0,4.85,0.7,False,4.85,8.237113402061857,6.000000000000001,6.000000000000001,6.0,5.424999999999999,False,0.9110164764745824,3.168503903501404,True,False,False,0.0,False,5.808954991123917,333.2706728268767,N/A,new_parameter_combo,rejected,no_support
6.0,70.0,5.0,0.7,False,5.0,8.2,6.000000000000001,6.000000000000001,6.0,5.5,False,1.0037684097480672,3.2436386577918257,True,False,False,0.0,False,5.802095997181455,330.99259290013293,N/A,new_parameter_combo,rejected,no_support
6.0,70.0,5.4,0.7,False,5.4,8.11111111111111,6.000000000000001,6.000000000000001,6.0,5.7,False,1.1488570740220967,3.433146177202475,True,False,False,0.0,False,5.841721496657522,344.37166534704454,N/A,new_parameter_combo,rejected,no_support
6.0,70.0,5.5,0.7,False,5.5,8.090909090909092,6.000000000000001,6.000000000000001,6.0,5.75,False,1.159169301434331,3.4783916365242837,True,False,False,0.0,False,5.859584848871214,350.5785707151828,N/A,new_parameter_combo,rejected,no_support
6.0,70.0,6.0,0.7,False,6.0,8.0,6.000000000000001,6.000000000000001,6.0,6.0,False,1.2512923931125073,3.686773752735239,False,False,False,0.0,False,5.9966434740077315,402.07694428903307,N/A,new_parameter_combo,rejected,no_support
6.0,71.0,3.0,0.71,False,3.0,8.900000000000002,6.000000000000001,6.000000000000001,6.0,4.6499999999999995,False,0.5,2.1091884460713897,True,True,True,0.996,True,6.576126987209127,717.754068367789,N/A,new_parameter_combo,Q2_provisional,requires_pilot_and_Q3_k100_confirmation
6.0,71.0,3.5,0.71,False,3.5,8.642857142857144,6.000000000000001,6.000000000000001,6.0,4.874999999999999,False,0.5490367260307932,2.464218168848497,True,True,True,0.948,True,6.671738853572651,789.7677015683679,N/A,new_parameter_combo,Q2_provisional,requires_pilot_and_Q3_k100_confirmation
6.0,71.0,3.6,0.71,False,3.6,8.600000000000001,6.000000000000001,6.000000000000001,6.0,4.919999999999999,False,0.5999999999999999,2.5326688439251686,True,True,True,0.948,True,6.6413568314184666,766.1338025299995,N/A,new_parameter_combo,Q2_provisional,requires_pilot_and_Q3_k100_confirmation
6.0,71.0,4.0,0.71,False,4.0,8.450000000000003,6.000000000000001,6.000000000000001,6.0,5.1,False,0.7182767963135444,2.782520779252711,True,True,True,0.289,False,6.354814091378762,575.2553857822176,N/A,new_parameter_combo,rejected,no_support
6.0,71.0,4.25,0.71,False,4.25,8.370588235294118,6.000000000000001,6.000000000000001,6.0,5.2124999999999995,False,0.7939773296511683,2.9224215925273027,True,False,False,0.0,False,6.1270236182324,458.07073628804994,N/A,new_parameter_combo,rejected,no_support
6.0,71.0,4.4,0.71,False,4.4,8.327272727272728,6.000000000000001,6.000000000000001,6.0,5.279999999999999,False,0.8549985081738986,3.001427037323902,True,False,False,0.0,False,6.022803156830921,412.7339336188665,N/A,new_parameter_combo,rejected,no_support
6.0,71.0,4.5,0.71,False,4.5,8.300000000000002,6.000000000000001,6.000000000000001,6.0,5.325,False,0.8515558989165614,3.052273730414078,True,False,False,0.0,False,5.96684527526591,390.27252426840886,N/A,new_parameter_combo,rejected,no_support
6.0,71.0,4.75,0.71,False,4.75,8.23684210526316,6.000000000000001,6.000000000000001,6.0,5.4375,False,0.8648463352951608,3.1737106332735947,True,False,False,0.0,False,5.874279062479292,355.7680816344446,N/A,new_parameter_combo,rejected,no_support
6.0,71.0,4.8,0.71,False,4.8,8.225,6.000000000000001,6.000000000000001,6.0,5.46,False,0.8930616908553796,3.197110872136647,True,False,False,0.0,False,5.863879275543553,352.0873420151271,N/A,new_parameter_combo,rejected,no_support
6.0,71.0,4.85,0.71,False,4.85,8.213402061855671,6.000000000000001,6.000000000000001,6.0,5.482499999999999,False,0.9221492198519008,3.2202385179181294,True,False,False,0.0,False,5.85618397381501,349.38832188976465,N/A,new_parameter_combo,rejected,no_support
6.0,71.0,5.0,0.71,False,5.0,8.180000000000001,6.000000000000001,6.000000000000001,6.0,5.55,False,1.0138832199388004,3.2880758698180426,True,False,False,0.0,False,5.849324979872547,347.0000693742206,N/A,new_parameter_combo,rejected,no_support
6.0,71.0,5.4,0.71,False,5.4,8.100000000000001,6.000000000000001,6.000000000000001,6.0,5.7299999999999995,False,1.1499224130881396,3.4590455898039645,True,False,False,0.0,False,5.888950479348614,361.0261810360057,N/A,new_parameter_combo,rejected,no_support
6.0,71.0,5.5,0.71,False,5.5,8.081818181818182,6.000000000000001,6.000000000000001,6.0,5.7749999999999995,False,1.170034013111044,3.4998351455908283,True,False,False,0.0,False,5.906813831562306,367.53326499964305,N/A,new_parameter_combo,rejected,no_support
6.0,71.0,6.0,0.71,False,6.0,8.000000000000002,6.000000000000001,6.000000000000001,6.0,6.0,False,1.2450792942538211,3.686773752735237,False,False,False,0.0,False,6.043872456698824,421.5222048916527,N/A,new_parameter_combo,rejected,no_support
7.0,2.0,3.0,0.02,False,3.0,15.77142857142857,3.4,3.0000000000000004,3.0,3.0,False,1.2527571633018435,7.733996439227724,False,False,False,0.0,False,6.897640728799973,989.9364298557032,N/A,new_parameter_combo,rejected,no_support
7.0,2.0,3.5,0.02,False,3.5,13.542857142857144,3.8500000000000005,3.5,3.5,3.4999999999999996,False,1.1806313167633875,4.500268602849352,True,False,False,0.0,False,6.993252595163496,1089.2586379675056,N/A,new_parameter_combo,rejected,no_support
7.0,2.0,3.6,0.02,False,3.6,13.171428571428573,3.9400000000000004,3.6,3.6,3.6000000000000005,False,1.160842630266867,4.010765769977125,True,False,False,0.0,False,6.962870573009312,1056.662434520249,N/A,new_parameter_combo,rejected,no_support
7.0,2.0,4.0,0.02,False,4.0,11.871428571428572,4.3,4.0,4.0,4.0,False,1.1318902377015545,2.5875600900508715,True,True,True,0.035,False,6.676327832969607,793.4002577672736,N/A,new_parameter_combo,rejected,no_support
7.0,2.0,4.25,0.02,False,4.25,11.183193277310925,4.525,4.25,4.25,4.25,False,1.2038170584453776,2.0801683843574486,True,True,True,0.086,False,6.448537359823245,631.7775534641821,N/A,new_parameter_combo,rejected,no_support
7.0,2.0,4.4,0.02,False,4.4,10.807792207792208,4.66,4.4,4.4,4.4,False,1.2603077045722137,1.4383820076323544,False,True,False,0.0,False,6.344316898421766,569.2484023895463,N/A,new_parameter_combo,rejected,no_support
7.0,2.0,4.5,0.02,False,4.5,10.571428571428573,4.75,4.5,4.5,4.5,False,1.3027568883732996,1.0312678428592326,False,True,False,0.0,False,6.288359016856755,538.2693130860416,N/A,new_parameter_combo,rejected,no_support
7.0,2.0,4.75,0.02,False,4.75,10.02406015037594,4.9750000000000005,4.75,4.75,4.75,False,1.4083977363207705,0.32126370773074076,False,True,False,0.0,False,6.1957928040701375,490.6803041753674,N/A,new_parameter_combo,rejected,no_support
7.0,2.0,4.8,0.02,False,4.8,9.921428571428573,5.02,4.8,4.8,4.8,False,1.4202760941709434,0.321763001117927,False,True,False,0.0,False,6.185393017134398,485.60377671483815,N/A,new_parameter_combo,rejected,no_support
7.0,2.0,4.85,0.02,False,4.85,9.820913107511046,5.0649999999999995,4.85,4.85,4.85,False,1.433172768257013,0.41495003870719227,False,True,False,0.0,False,6.177697715405855,481.8812504836934,N/A,new_parameter_combo,rejected,no_support
7.0,2.0,5.0,0.02,False,5.0,9.531428571428572,5.2,5.0,5.0,5.000000000000001,False,1.5076008528893359,0.9049707412857962,False,True,False,0.0,False,6.170838721463392,478.58733927785653,N/A,new_parameter_combo,rejected,no_support
7.0,2.0,5.4,0.02,False,5.4,8.838095238095237,5.5600000000000005,5.4,5.4,5.4,False,1.6340086241123306,2.1287294269457955,False,True,False,0.0,False,6.210464220939459,497.93234826512725,N/A,new_parameter_combo,rejected,no_support
7.0,2.0,5.5,0.02,False,5.5,8.68051948051948,5.65,5.5,5.499999999999999,5.5,False,1.6803523986573385,2.366545525872623,False,True,False,0.0,False,6.228327573153152,506.9070092968415,N/A,new_parameter_combo,rejected,no_support
7.0,2.0,6.0,0.02,False,6.0,7.971428571428572,6.1000000000000005,6.000000000000001,6.0,6.0,False,1.9172185688690602,3.742417319542442,False,False,False,0.0,False,6.365386198289669,581.3693087999679,N/A,new_parameter_combo,rejected,no_support
7.0,4.0,3.0,0.04,False,3.0,15.542857142857144,3.8,3.0000000000000004,3.0,3.0,False,1.2035714285714287,7.341836003862857,True,False,False,0.0,False,6.848982788657358,942.9212684673887,N/A,new_parameter_combo,rejected,no_support
7.0,4.0,3.5,0.04,False,3.5,13.371428571428572,4.2,3.5,3.5,3.4999999999999996,False,1.1600547576801394,4.207722281838819,True,False,False,0.0,False,6.944594655020882,1037.5263558601366,N/A,new_parameter_combo,rejected,no_support
7.0,4.0,3.6,0.04,False,3.6,13.00952380952381,4.28,3.6,3.6,3.6000000000000005,False,1.1207707351712601,3.7392312151443825,True,False,False,0.0,False,6.914212632866697,1006.4782475425254,N/A,new_parameter_combo,rejected,no_support
7.0,4.0,4.0,0.04,False,4.0,11.742857142857144,4.6,4.0,4.0,4.0,False,1.0771996953552623,2.504912764641212,True,True,True,0.035,False,6.627669892826993,755.719210742976,N/A,new_parameter_combo,rejected,no_support
7.0,4.0,4.25,0.04,False,4.25,11.072268907563027,4.8,4.25,4.25,4.25,False,1.1525446558261723,1.902993147960742,True,True,True,0.086,False,6.39987941968063,601.7724715803255,N/A,new_parameter_combo,rejected,no_support
7.0,4.0,4.4,0.04,False,4.4,10.706493506493505,4.92,4.4,4.4,4.4,False,1.2114285714285717,1.3114783311607972,True,True,True,0.086,False,6.295658958279152,542.2130244589798,N/A,new_parameter_combo,rejected,no_support
7.0,4.0,4.5,0.04,False,4.5,10.476190476190478,5.0,4.5,4.5,4.5,False,1.255531434761181,0.9395751061454806,False,True,False,0.0,False,6.239701076714141,512.705228502544,N/A,new_parameter_combo,rejected,no_support
7.0,4.0,4.75,0.04,False,4.75,9.942857142857143,5.2,4.75,4.75,4.75,False,1.3672229040605473,0.45321795720444374,False,True,False,0.0,False,6.147134863927523,467.37636970531776,N/A,new_parameter_combo,rejected,no_support
7.0,4.0,4.8,0.04,False,4.8,9.842857142857145,5.24,4.8,4.8,4.8,False,1.37945585989105,0.5237688299688845,False,True,False,0.0,False,6.1367350769917834,462.5409423302595,N/A,new_parameter_combo,rejected,no_support
7.0,4.0,4.85,0.04,False,4.85,9.744918998527249,5.28,4.85,4.85,4.85,False,1.3937222588069254,0.6445581068746074,False,True,False,0.0,False,6.12903977526324,458.99521045302595,N/A,new_parameter_combo,rejected,no_support
7.0,4.0,5.0,0.04,False,5.0,9.462857142857143,5.4,5.0,5.0,5.000000000000001,False,1.4813821197428696,1.0522953384875235,False,True,False,0.0,False,6.122180781320777,455.857737339849,N/A,new_parameter_combo,rejected,no_support
7.0,4.0,5.4,0.04,False,5.4,8.787301587301586,5.720000000000001,5.4,5.4,5.4,False,1.5986552065369686,2.2273719172769813,False,True,False,0.0,False,6.161806280796844,474.28399165544096,N/A,new_parameter_combo,rejected,no_support
7.0,4.0,5.5,0.04,False,5.5,8.633766233766234,5.800000000000001,5.5,5.499999999999999,5.5,False,1.64599467477503,2.494197265920216,False,True,False,0.0,False,6.179669633010537,482.8324181087662,N/A,new_parameter_combo,rejected,no_support
7.0,4.0,6.0,0.04,False,6.0,7.942857142857144,6.199999999999999,6.000000000000001,6.0,6.0,False,1.8959442480823998,3.7821413662774255,False,False,False,0.0,False,6.316728258147054,553.758271307967,N/A,new_parameter_combo,rejected,no_support
7.0,13.0,3.0,0.13,False,3.0,14.514285714285716,5.6000000000000005,3.0000000000000004,3.0,3.0,False,0.9928378723720841,5.888261135310985,True,False,False,0.0,False,6.684209606540742,799.6783677701433,N/A,new_parameter_combo,rejected,no_support
7.0,13.0,3.5,0.13,False,3.5,12.600000000000001,5.7749999999999995,3.5,3.5,3.4999999999999996,False,0.9960557418218755,3.3923153505155663,True,False,False,0.0,False,6.779821472904266,879.9116220183487,N/A,new_parameter_combo,rejected,no_support
7.0,13.0,3.6,0.13,False,3.6,12.280952380952382,5.8100000000000005,3.6,3.6,3.6000000000000005,False,0.9620367955116725,3.03333738269334,True,False,False,0.0,False,6.749439450750081,853.5801546815967,N/A,new_parameter_combo,rejected,no_support
7.0,13.0,4.0,0.13,False,4.0,11.164285714285715,5.949999999999999,4.0,4.0,4.0,False,0.9037408085173495,2.405756769156821,True,True,True,0.658,False,6.4628967107103765,640.9149153266608,N/A,new_parameter_combo,rejected,no_support
7.0,13.0,4.25,0.13,False,4.25,10.573109243697479,6.0375,4.25,4.25,4.25,False,0.9470709410318422,1.7998373937540648,True,True,True,0.478,False,6.235106237564015,510.3548344227463,N/A,new_parameter_combo,rejected,no_support
7.0,13.0,4.4,0.13,False,4.4,10.25064935064935,6.09,4.4,4.4,4.4,False,1.0179112767559555,1.5848353208280617,True,True,True,0.478,False,6.130885776162535,459.8432985691698,N/A,new_parameter_combo,rejected,no_support
7.0,13.0,4.5,0.13,False,4.5,10.04761904761905,6.125,4.5,4.5,4.5,False,1.0700202649234916,1.479546005580535,True,True,True,0.265,False,6.074927894597525,434.81814864833825,N/A,new_parameter_combo,rejected,no_support
7.0,13.0,4.75,0.13,False,4.75,9.577443609022557,6.2125,4.75,4.75,4.75,False,1.200625687221595,1.5277156794085436,True,True,True,0.265,False,5.982361681810906,396.37537614118406,N/A,new_parameter_combo,rejected,no_support
7.0,13.0,4.8,0.13,False,4.8,9.489285714285714,6.2299999999999995,4.8,4.8,4.8,False,1.2315445752453813,1.5687060173904217,False,True,False,0.0,False,5.971961894875168,392.27451767073893,N/A,new_parameter_combo,rejected,no_support
7.0,13.0,4.85,0.13,False,4.85,9.402945508100148,6.2475,4.85,4.85,4.85,False,1.2629734917314483,1.6109817953158183,False,True,False,0.0,False,5.964266593146624,389.26743195217654,N/A,new_parameter_combo,rejected,no_support
7.0,13.0,5.0,0.13,False,5.0,9.154285714285715,6.3,5.0,5.0,5.000000000000001,False,1.3599639851173733,1.854504508274526,False,True,False,0.0,False,5.957407599204161,386.6065847934884,N/A,new_parameter_combo,rejected,no_support
7.0,13.0,5.4,0.13,False,5.4,8.558730158730159,6.4399999999999995,5.4,5.4,5.4,False,1.5014090320870772,2.7062012161926177,False,True,False,0.0,False,5.9970330986802285,402.2336339098592,N/A,new_parameter_combo,rejected,no_support
7.0,13.0,5.5,0.13,False,5.5,8.423376623376624,6.475,5.5,5.499999999999999,5.5,False,1.5413724668725122,2.9388880639432955,False,False,False,0.0,False,6.014896450893921,409.48343507757386,N/A,new_parameter_combo,rejected,no_support
7.0,13.0,6.0,0.13,False,6.0,7.814285714285716,6.65,6.000000000000001,6.0,6.0,False,1.782085598851148,3.994692111876942,False,False,False,0.0,False,6.151955076030438,469.6346612888886,N/A,new_parameter_combo,rejected,no_support
7.0,19.0,3.0,0.19,False,3.0,13.82857142857143,6.8,3.0000000000000004,3.0,3.0,False,0.866386172558173,5.343629176315654,True,False,False,0.0,False,6.623622226213134,752.666493682538,N/A,new_parameter_combo,rejected,no_support
7.0,19.0,3.5,0.19,False,3.5,12.085714285714287,6.825000000000001,3.5,3.5,3.4999999999999996,False,0.8700718361146971,3.5496361164300594,True,False,False,0.0,False,6.719234092576658,828.1829570328312,N/A,new_parameter_combo,rejected,no_support
7.0,19.0,3.6,0.19,False,3.6,11.795238095238098,6.83,3.6,3.6,3.6000000000000005,False,0.866386172558173,3.269198833668341,True,False,False,0.0,False,6.688852070422473,803.3994765828942,N/A,new_parameter_combo,rejected,no_support
7.0,19.0,4.0,0.19,False,4.0,10.77857142857143,6.8500000000000005,4.0,4.0,4.0,False,0.9235935253129487,2.6989713462408287,True,True,True,0.784,False,6.402309330382768,603.2365029616712,N/A,new_parameter_combo,rejected,no_support
7.0,19.0,4.25,0.19,False,4.25,10.240336134453782,6.8625,4.25,4.25,4.25,False,0.8716653659542073,2.229967996730236,True,True,True,0.791,False,6.174518857236406,480.3518504946138,N/A,new_parameter_combo,rejected,no_support
7.0,19.0,4.4,0.19,False,4.4,9.946753246753246,6.87,4.4,4.4,4.4,False,0.9481563743413227,2.192152529087202,True,True,True,0.478,False,6.070298395834928,432.8098109525879,N/A,new_parameter_combo,rejected,no_support
7.0,19.0,4.5,0.19,False,4.5,9.761904761904763,6.875,4.5,4.5,4.5,False,1.0038926786285882,2.1956396368772753,True,True,True,0.478,False,6.014340514269916,409.25585150597385,N/A,new_parameter_combo,rejected,no_support
7.0,19.0,4.75,0.19,False,4.75,9.333834586466166,6.8875,4.75,4.75,4.75,False,1.1046804413725362,2.140147853902792,True,True,True,0.265,False,5.921774301483299,373.07307108254264,N/A,new_parameter_combo,rejected,no_support
7.0,19.0,4.8,0.19,False,4.8,9.25357142857143,6.890000000000001,4.8,4.8,4.8,False,1.1320777358467926,2.193328886471509,True,True,True,0.265,False,5.91137451454756,369.2132958398469,N/A,new_parameter_combo,rejected,no_support
7.0,19.0,4.85,0.19,False,4.85,9.17496318114875,6.8925,4.85,4.85,4.85,False,1.1661903789690602,2.2543741312806875,True,True,True,0.086,False,5.903679212819016,366.3829921137325,N/A,new_parameter_combo,rejected,no_support
7.0,19.0,5.0,0.19,False,5.0,8.94857142857143,6.9,5.0,5.0,5.000000000000001,False,1.2705904139414876,2.4755033200897607,False,True,False,0.0,False,5.896820218876553,363.8785721095508,N/A,new_parameter_combo,rejected,no_support
7.0,19.0,5.4,0.19,False,5.4,8.406349206349207,6.92,5.4,5.4,5.4,False,1.4312633565903827,3.087365021939945,False,False,False,0.0,False,5.93644571835262,378.5869307935813,N/A,new_parameter_combo,rejected,no_support
7.0,19.0,5.5,0.19,False,5.5,8.283116883116884,6.925000000000001,5.5,5.499999999999999,5.5,False,1.4731309500239171,3.2849949998155488,False,False,False,0.0,False,5.954309070566312,385.4105271852344,N/A,new_parameter_combo,rejected,no_support
7.0,19.0,6.0,0.19,False,6.0,7.7285714285714295,6.95,6.000000000000001,6.0,6.0,False,1.7330973897908915,4.165965266497049,False,False,False,0.0,False,6.09136769570283,442.02555436099647,N/A,new_parameter_combo,rejected,no_support
7.0,22.0,3.0,0.22,False,3.0,13.485714285714286,7.0,3.3999999999999995,3.0,3.0,False,0.82053025414008,4.624163901541633,True,False,False,0.0,False,6.60810695837437,741.0787970002976,N/A,new_parameter_combo,rejected,no_support
7.0,22.0,3.5,0.22,False,3.5,11.828571428571431,7.0,3.85,3.5,3.4999999999999996,False,0.8133355985805415,3.264135216738416,True,False,False,0.0,False,6.703718824737894,815.4326446646749,N/A,new_parameter_combo,rejected,no_support
7.0,22.0,3.6,0.22,False,3.6,11.552380952380954,7.0,3.94,3.6,3.6000000000000005,False,0.8093916208599937,3.1554112699157995,True,False,False,0.0,False,6.67333680258371,791.0307189359784,N/A,new_parameter_combo,rejected,no_support
7.0,22.0,4.0,0.22,False,4.0,10.585714285714285,7.0,4.3,4.0,4.0,False,0.870353259267964,2.477995206793615,True,True,True,0.948,True,6.386794062544005,593.9493596084777,N/A,new_parameter_combo,Q2_provisional,requires_pilot_and_Q3_k100_confirmation
7.0,22.0,4.25,0.22,False,4.25,10.073949579831933,7.0,4.5249999999999995,4.25,4.25,False,0.9028370816035237,2.2374116659207655,True,True,True,0.791,False,6.159003589397643,472.95658102134274,N/A,new_parameter_combo,rejected,no_support
7.0,22.0,4.4,0.22,False,4.4,9.794805194805194,7.0,4.66,4.4,4.4,False,0.9232929643180351,2.193646049597815,True,True,True,0.807,True,6.054783127996164,426.14647619209074,N/A,new_parameter_combo,Q2_provisional,requires_pilot_and_Q3_k100_confirmation
7.0,22.0,4.5,0.22,False,4.5,9.619047619047622,7.0,4.749999999999999,4.5,4.5,False,0.9804437250343256,2.2034488831479657,True,True,True,0.662,False,5.998825246431153,402.95514234396427,N/A,new_parameter_combo,rejected,no_support
7.0,22.0,4.75,0.22,False,4.75,9.212030075187972,7.0,4.975,4.75,4.75,False,1.0651781972218242,2.2771070544381495,True,True,True,0.265,False,5.9062590336445355,367.3294148625545,N/A,new_parameter_combo,rejected,no_support
7.0,22.0,4.8,0.22,False,4.8,9.135714285714286,7.0,5.02,4.8,4.8,False,1.0890774976641322,2.3424406839218324,True,True,True,0.265,False,5.895859246708796,363.529062890523,N/A,new_parameter_combo,rejected,no_support
7.0,22.0,4.85,0.22,False,4.85,9.060972017673048,7.0,5.0649999999999995,4.85,4.85,False,1.1244953516659673,2.4133928276534458,True,True,True,0.265,False,5.888163944980253,360.7423331794233,N/A,new_parameter_combo,rejected,no_support
7.0,22.0,5.0,0.22,False,5.0,8.845714285714287,7.0,5.2,5.0,5.000000000000001,False,1.2324324711392378,2.6118655027073787,False,True,False,0.0,False,5.88130495103779,358.276470038895,N/A,new_parameter_combo,rejected,no_support
7.0,22.0,5.4,0.22,False,5.4,8.33015873015873,7.0,5.5600000000000005,5.4,5.4,False,1.418965966211067,3.1914141912663907,False,False,False,0.0,False,5.920930450513857,372.75838580224985,N/A,new_parameter_combo,rejected,no_support
7.0,22.0,5.5,0.22,False,5.5,8.212987012987012,7.0,5.65,5.499999999999999,5.5,False,1.4501946122039298,3.358820957341951,False,False,False,0.0,False,5.938793802727549,379.47692933724977,N/A,new_parameter_combo,rejected,no_support
7.0,22.0,6.0,0.22,False,6.0,7.685714285714286,7.0,6.1,6.0,6.0,False,1.7130687644799134,4.248902091922639,False,False,False,0.0,False,6.075852427864067,435.22033838190606,N/A,new_parameter_combo,rejected,no_support
7.0,24.0,3.0,0.24,False,3.0,13.257142857142858,7.0,3.8,3.0,3.0,False,0.8064817140531093,4.033609572176133,True,False,False,0.0,False,6.603236936231877,737.4785007265774,N/A,new_parameter_combo,rejected,no_support
7.0,24.0,3.5,0.24,False,3.5,11.657142857142857,7.0,4.199999999999999,3.5,3.4999999999999996,False,0.7784629675435659,3.0122419348405907,True,False,False,0.0,False,6.6988488025954,811.4711238062453,N/A,new_parameter_combo,rejected,no_support
7.0,24.0,3.6,0.24,False,3.6,11.39047619047619,7.0,4.28,3.6,3.6000000000000005,False,0.7743413923049284,2.812253395141658,True,True,True,0.278,False,6.668466780441215,787.187747093697,N/A,new_parameter_combo,rejected,no_support
7.0,24.0,4.0,0.24,False,4.0,10.457142857142857,7.0,4.6,4.0,4.0,False,0.8378571428571431,2.1589103882469973,True,True,True,0.948,True,6.381924040401511,591.0638450385932,N/A,new_parameter_combo,Q2_provisional,requires_pilot_and_Q3_k100_confirmation
7.0,24.0,4.25,0.24,False,4.25,9.963025210084034,7.0,4.8,4.25,4.25,False,0.9327403667884945,2.1449075303479046,True,True,True,0.946,True,6.1541335672551485,470.65887148873253,N/A,new_parameter_combo,Q2_provisional,requires_pilot_and_Q3_k100_confirmation
7.0,24.0,4.4,0.24,False,4.4,9.693506493506494,7.0,4.92,4.4,4.4,False,0.9108308048710483,2.1217899033781884,True,True,True,0.892,True,6.04991310585367,424.076178706177,N/A,new_parameter_combo,Q2_provisional,requires_pilot_and_Q3_k100_confirmation
7.0,24.0,4.5,0.24,False,4.5,9.523809523809526,7.0,5.0,4.5,4.5,False,0.9687170665896423,2.1184527048393904,True,True,True,0.807,True,5.993955224288659,400.9975125975329,N/A,new_parameter_combo,Q2_provisional,requires_pilot_and_Q3_k100_confirmation
7.0,24.0,4.75,0.24,False,4.75,9.130827067669173,7.0,5.2,4.75,4.75,False,1.0419332992087358,2.262066235535902,True,True,True,0.662,False,5.901389011502041,365.5448614130282,N/A,new_parameter_combo,rejected,no_support
7.0,24.0,4.8,0.24,False,4.8,9.057142857142859,7.0,5.24,4.8,4.8,False,1.0632871633931893,2.312518237905326,True,True,True,0.478,False,5.890989224566303,361.762972245626,N/A,new_parameter_combo,rejected,no_support
7.0,24.0,4.85,0.24,False,4.85,8.98497790868925,7.0,5.28,4.85,4.85,False,1.099536080279649,2.368586997873408,True,True,True,0.478,False,5.883293922837758,358.9897809769094,N/A,new_parameter_combo,rejected,no_support
7.0,24.0,5.0,0.24,False,5.0,8.777142857142858,7.0,5.4,5.0,5.000000000000001,False,1.2097022740479308,2.5642798735558165,True,True,True,0.084,False,5.8764349288952955,356.53589745030644,N/A,new_parameter_combo,rejected,no_support
7.0,24.0,5.4,0.24,False,5.4,8.27936507936508,7.0,5.720000000000001,5.4,5.4,False,1.4143561039481927,3.2544013801520504,False,False,False,0.0,False,5.916060428371362,370.9474574194189,N/A,new_parameter_combo,rejected,no_support
7.0,24.0,5.5,0.24,False,5.5,8.166233766233766,7.0,5.799999999999999,5.499999999999999,5.5,False,1.4456843323407467,3.432340449047915,False,False,False,0.0,False,5.933923780585055,377.6333610416976,N/A,new_parameter_combo,rejected,no_support
7.0,24.0,6.0,0.24,False,6.0,7.657142857142858,7.0,6.199999999999999,6.0,6.0,False,1.6987127479359192,4.312186254587812,False,False,False,0.0,False,6.070982405721573,433.10595841466585,N/A,new_parameter_combo,rejected,no_support
7.0,27.0,3.0,0.27,False,3.0,12.914285714285715,7.0,4.4,3.0,3.0,False,0.7926991477070672,3.5969542330339355,True,False,False,0.0,False,6.604142137643159,738.1463695385169,N/A,new_parameter_combo,rejected,no_support
7.0,27.0,3.5,0.27,False,3.5,11.4,7.0,4.725,3.5,3.4999999999999996,False,0.731426130018247,2.4423937101335267,True,True,True,0.82,True,6.6997540040066825,812.2060011685634,N/A,new_parameter_combo,Q2_provisional,requires_pilot_and_Q3_k100_confirmation
7.0,27.0,3.6,0.27,False,3.6,11.147619047619047,7.0,4.79,3.6,3.6000000000000005,False,0.7270379520172724,2.2270719664924488,True,True,True,0.963,True,6.669371981852498,787.9006331573685,N/A,new_parameter_combo,Q2_provisional,requires_pilot_and_Q3_k100_confirmation
7.0,27.0,4.0,0.27,False,4.0,10.264285714285716,7.0,5.05,4.0,4.0,False,0.7943451288158502,1.9391215705990048,True,True,True,0.975,True,6.382829241812793,591.5991190941452,N/A,new_parameter_combo,Q2_provisional,requires_pilot_and_Q3_k100_confirmation
7.0,27.0,4.25,0.27,False,4.25,9.796638655462186,7.0,5.2124999999999995,4.25,4.25,False,0.8938591520331767,1.9700184185461076,True,True,True,0.946,True,6.155038768666431,471.08510544812333,N/A,new_parameter_combo,Q2_provisional,requires_pilot_and_Q3_k100_confirmation
7.0,27.0,4.4,0.27,False,4.4,9.541558441558442,7.0,5.31,4.4,4.4,False,0.9374436037458906,2.030307956166633,True,True,True,0.892,True,6.050818307264953,424.46022685587303,N/A,new_parameter_combo,Q2_provisional,requires_pilot_and_Q3_k100_confirmation
7.0,27.0,4.5,0.27,False,4.5,9.380952380952381,7.0,5.374999999999999,4.5,4.5,False,0.9509997424837098,2.097659569293929,True,True,True,0.807,True,5.994860425699941,401.3606604480334,N/A,new_parameter_combo,Q2_provisional,requires_pilot_and_Q3_k100_confirmation
7.0,27.0,4.75,0.27,False,4.75,9.00902255639098,7.0,5.5375000000000005,4.75,4.75,False,1.0121267263559848,2.186913784156642,True,True,True,0.653,False,5.902294212913323,365.87590294449245,N/A,new_parameter_combo,rejected,no_support
7.0,27.0,4.8,0.27,False,4.8,8.939285714285715,7.0,5.57,4.8,4.8,False,1.0293489125041468,2.2781361016682213,True,True,True,0.653,False,5.8918944259775845,362.0905888557907,N/A,new_parameter_combo,rejected,no_support
7.0,27.0,4.85,0.27,False,4.85,8.87098674521355,7.0,5.6025,4.85,4.85,False,1.0667516972911124,2.3713968510495467,True,True,True,0.474,False,5.88419912424904,359.31488615391896,N/A,new_parameter_combo,rejected,no_support
7.0,27.0,5.0,0.27,False,5.0,8.674285714285714,7.0,5.7,5.0,5.000000000000001,False,1.1799827048196383,2.6592742345921248,True,True,True,0.062,False,5.877340130306577,356.8587803628379,N/A,new_parameter_combo,rejected,no_support
7.0,27.0,5.4,0.27,False,5.4,8.203174603174604,7.0,5.960000000000001,5.4,5.4,False,1.4117564414586536,3.40922565483923,False,False,False,0.0,False,5.916965629782645,371.28339160249664,N/A,new_parameter_combo,rejected,no_support
7.0,27.0,5.5,0.27,False,5.5,8.096103896103898,7.0,6.025,5.499999999999999,5.5,False,1.4431411053670393,3.603881026123652,False,False,False,0.0,False,5.934828981996337,377.97535005417615,N/A,new_parameter_combo,rejected,no_support
7.0,27.0,6.0,0.27,False,6.0,7.614285714285715,7.0,6.35,6.0,6.0,False,1.6805952844763319,4.4157974848252115,False,False,False,0.0,False,6.0718876071328545,433.4981840342674,N/A,new_parameter_combo,rejected,no_support
7.0,30.0,3.0,0.3,False,3.0,12.57142857142857,7.0,5.0,3.0,3.0,False,0.7880513942630902,2.9216512337744334,True,False,False,0.0,False,6.6106101840962115,742.9362082968269,N/A,new_parameter_combo,rejected,no_support
7.0,30.0,3.5,0.3,False,3.5,11.142857142857142,7.0,5.249999999999999,3.5,3.4999999999999996,False,0.6918508893260344,1.838157503350188,True,True,True,0.986,True,6.706222050459735,817.4764135754704,N/A,new_parameter_combo,Q2_provisional,requires_pilot_and_Q3_k100_confirmation
7.0,30.0,3.6,0.3,False,3.6,10.904761904761905,7.0,5.3,3.6,3.6000000000000005,True,0.6872100501747809,1.7645742548492767,True,True,True,0.994,True,6.675840028305551,793.013327801865,N/A,existing_parameter_combo,Q2_provisional,requires_pilot_and_Q3_k100_confirmation
7.0,30.0,4.0,0.3,False,4.0,10.071428571428573,7.0,5.5,4.0,4.0,False,0.7580617739084493,1.6477302239391245,True,True,True,0.994,True,6.389297288265846,595.4380113612584,N/A,new_parameter_combo,Q2_provisional,requires_pilot_and_Q3_k100_confirmation
7.0,30.0,4.25,0.3,False,4.25,9.630252100840336,7.0,5.625,4.25,4.25,False,0.8617758717098228,2.0198054584956218,True,True,True,0.976,True,6.161506815119484,474.1419811433173,N/A,new_parameter_combo,Q2_provisional,requires_pilot_and_Q3_k100_confirmation
7.0,30.0,4.4,0.3,False,4.4,9.38961038961039,7.0,5.7,4.4,4.4,False,0.9122882756887674,2.075600270170416,True,True,True,0.892,True,6.0572863537180055,427.2145532738522,N/A,new_parameter_combo,Q2_provisional,requires_pilot_and_Q3_k100_confirmation
7.0,30.0,4.5,0.3,False,4.5,9.238095238095239,7.0,5.749999999999999,4.5,4.5,False,0.9534280256002551,2.1421150560258395,True,True,True,0.807,True,6.001328472152994,403.9650935615862,N/A,new_parameter_combo,Q2_provisional,requires_pilot_and_Q3_k100_confirmation
7.0,30.0,4.75,0.3,False,4.75,8.887218045112782,7.0,5.875,4.75,4.75,False,0.9888730444092328,2.3925734776237366,True,True,True,0.66,False,5.908762259366377,368.250075131712,N/A,new_parameter_combo,rejected,no_support
7.0,30.0,4.8,0.3,False,4.8,8.821428571428571,7.0,5.8999999999999995,4.8,4.8,False,1.0057185977991978,2.4866807847249315,True,True,True,0.551,False,5.898362472430637,364.4401981041638,N/A,new_parameter_combo,rejected,no_support
7.0,30.0,4.85,0.3,False,4.85,8.75699558173785,7.0,5.925,4.85,4.85,False,1.0400156984686455,2.5815573431991257,True,True,True,0.469,False,5.890667170702094,361.64648384126383,N/A,new_parameter_combo,rejected,no_support
7.0,30.0,5.0,0.3,False,5.0,8.571428571428571,7.0,6.000000000000001,5.0,5.000000000000001,False,1.1558687871299342,2.868467617281485,True,False,False,0.0,False,5.883808176759631,359.17444035652454,N/A,new_parameter_combo,rejected,no_support
7.0,30.0,5.4,0.3,False,5.4,8.126984126984127,7.0,6.200000000000001,5.4,5.4,False,1.4143561039481927,3.6015524845432374,False,False,False,0.0,False,5.923433676235698,373.69265303465164,N/A,new_parameter_combo,rejected,no_support
7.0,30.0,5.5,0.3,False,5.5,8.025974025974026,7.0,6.25,5.499999999999999,5.5,False,1.4456843323407467,3.7114256774777625,False,False,False,0.0,False,5.94129702844939,380.4280356678806,N/A,new_parameter_combo,rejected,no_support
7.0,30.0,6.0,0.3,False,6.0,7.571428571428571,7.0,6.5,6.0,6.0,False,1.6666943024919674,4.529189636731909,False,False,False,0.0,False,6.078355653585908,436.3111578416747,N/A,new_parameter_combo,rejected,no_support
7.0,31.0,3.0,0.31,False,3.0,12.457142857142859,7.0,5.2,3.0,3.0,False,0.7885691640754239,2.747245638733071,True,True,True,0.099,False,6.611023612014668,743.24342236803,N/A,new_parameter_combo,rejected,no_support
7.0,31.0,3.5,0.31,False,3.5,11.057142857142859,7.0,5.425,3.5,3.4999999999999996,False,0.680549372918374,1.7085844397280114,True,True,True,0.997,True,6.706635478378192,817.8144510197656,N/A,new_parameter_combo,Q2_provisional,requires_pilot_and_Q3_k100_confirmation
7.0,31.0,3.6,0.31,False,3.6,10.823809523809524,7.0,5.47,3.6,3.6000000000000005,False,0.6758309322453302,1.7586733926803075,True,True,True,0.994,True,6.676253456224007,793.341249432594,N/A,new_parameter_combo,Q2_provisional,requires_pilot_and_Q3_k100_confirmation
7.0,31.0,4.0,0.31,False,4.0,10.007142857142858,7.0,5.6499999999999995,4.0,4.0,False,0.7477616257736099,1.6146550420874652,True,True,True,0.994,True,6.389710716184302,595.6842329527982,N/A,new_parameter_combo,Q2_provisional,requires_pilot_and_Q3_k100_confirmation
7.0,31.0,4.25,0.31,False,4.25,9.574789915966386,7.0,5.7625,4.25,4.25,False,0.8527294113489884,2.0615459391734063,True,True,True,0.976,True,6.16192024303794,474.3380452020193,N/A,new_parameter_combo,Q2_provisional,requires_pilot_and_Q3_k100_confirmation
7.0,31.0,4.4,0.31,False,4.4,9.338961038961038,7.0,5.829999999999999,4.4,4.4,False,0.9055523176492901,2.1321161224367424,True,True,True,0.946,True,6.057699781636461,427.3912122126984,N/A,new_parameter_combo,Q2_provisional,requires_pilot_and_Q3_k100_confirmation
7.0,31.0,4.5,0.31,False,4.5,9.190476190476192,7.0,5.875,4.5,4.5,False,0.95385603029525,2.2044871507006505,True,True,True,0.807,True,6.00174190007145,404.13213853749534,N/A,new_parameter_combo,Q2_provisional,requires_pilot_and_Q3_k100_confirmation
7.0,31.0,4.75,0.31,False,4.75,8.846616541353384,7.0,5.9875,4.75,4.75,False,0.9928378723720841,2.483459752862079,True,True,True,0.606,False,5.909175687284832,368.4023514692204,N/A,new_parameter_combo,rejected,no_support
7.0,31.0,4.8,0.31,False,4.8,8.782142857142857,7.0,6.01,4.8,4.8,False,0.9996124248927686,2.57644350731692,True,True,True,0.469,False,5.898775900349094,364.5908990065015,N/A,new_parameter_combo,rejected,no_support
7.0,31.0,4.85,0.31,False,4.85,8.718998527245951,7.0,6.032500000000001,4.85,4.85,False,1.03253205711958,2.6699915484037784,True,True,True,0.344,False,5.891080598620549,361.79602950534127,N/A,new_parameter_combo,rejected,no_support
7.0,31.0,5.0,0.31,False,5.0,8.537142857142857,7.0,6.1,5.0,5.000000000000001,False,1.1491398735487306,2.952038343583894,True,False,False,0.0,False,5.884221604678086,359.32296379751654,N/A,new_parameter_combo,rejected,no_support
7.0,31.0,5.4,0.31,False,5.4,8.101587301587301,7.0,6.279999999999999,5.4,5.4,False,1.4163747648450238,3.6431085416169084,False,False,False,0.0,False,5.923847104154154,373.84717995100783,N/A,new_parameter_combo,rejected,no_support
7.0,31.0,5.5,0.31,False,5.5,8.002597402597402,7.0,6.325,5.499999999999999,5.5,False,1.447659308846455,3.7698519570003324,False,False,False,0.0,False,5.941710456367846,380.5853477551529,N/A,new_parameter_combo,rejected,no_support
7.0,31.0,6.0,0.31,False,6.0,7.557142857142857,7.0,6.55,6.0,6.0,False,1.6630168369562595,4.5690365057308115,False,False,False,0.0,False,6.078769081504364,436.49157834832744,N/A,new_parameter_combo,rejected,no_support
7.0,37.0,3.0,0.37,False,3.0,11.771428571428572,7.0,6.3999999999999995,3.0,3.0,False,0.7270379520172724,2.21889631798471,True,True,True,0.823,True,6.59145375313878,728.839653040977,N/A,new_parameter_combo,Q2_provisional,requires_pilot_and_Q3_k100_confirmation
7.0,37.0,3.5,0.37,False,3.5,10.542857142857144,7.0,6.475,3.5,3.4999999999999996,False,0.6610786640030067,1.8517637848959116,True,True,True,0.99,True,6.687065619502304,801.9655240729405,N/A,new_parameter_combo,Q2_provisional,requires_pilot_and_Q3_k100_confirmation
7.0,37.0,3.6,0.37,False,3.6,10.338095238095239,7.0,6.49,3.6,3.6000000000000005,False,0.6562202374203345,1.9378305630374595,True,True,True,0.985,True,6.6566835973481195,777.9666036428533,N/A,new_parameter_combo,Q2_provisional,requires_pilot_and_Q3_k100_confirmation
7.0,37.0,4.0,0.37,False,4.0,9.621428571428572,7.0,6.55,4.0,4.0,False,0.7300856114182777,2.3698493631995396,True,True,True,0.974,True,6.370140857308415,584.1401034993847,N/A,new_parameter_combo,Q2_provisional,requires_pilot_and_Q3_k100_confirmation
7.0,37.0,4.25,0.37,False,4.25,9.24201680672269,7.0,6.5875,4.25,4.25,False,0.8372723571216241,2.598562733716941,True,True,True,0.798,False,6.142350384162053,465.1455578142843,N/A,new_parameter_combo,rejected,no_support
7.0,37.0,4.4,0.37,False,4.4,9.035064935064936,7.0,6.61,4.4,4.4,False,0.8986500646945457,2.7686195885848033,True,True,True,0.631,False,6.038129922760574,419.10853624429586,N/A,new_parameter_combo,rejected,no_support
7.0,37.0,4.5,0.37,False,4.5,8.904761904761905,7.0,6.625000000000001,4.5,4.5,False,0.9572731787611678,2.834801433905107,True,False,False,0.0,False,5.982172041195563,396.30021439803045,N/A,new_parameter_combo,rejected,no_support
7.0,37.0,4.75,0.37,False,4.75,8.603007518796993,7.0,6.6625,4.75,4.75,False,1.115514203753368,3.1791372303297822,True,False,False,0.0,False,5.889605828408945,361.2628567486351,N/A,new_parameter_combo,rejected,no_support
7.0,37.0,4.8,0.37,False,4.8,8.546428571428573,7.0,6.67,4.8,4.8,False,1.1319030841183952,3.231571168184989,True,False,False,0.0,False,5.879206041473206,357.5252687567229,N/A,new_parameter_combo,rejected,no_support
7.0,37.0,4.85,0.37,False,4.85,8.49101620029455,7.0,6.6775,4.85,4.85,False,1.1340214247697151,3.2854367020096764,True,False,False,0.0,False,5.871510739744663,354.784562742763,N/A,new_parameter_combo,rejected,no_support
7.0,37.0,5.0,0.37,False,5.0,8.331428571428573,7.0,6.7,5.0,5.000000000000001,False,1.1487404371034977,3.4540297770750668,True,False,False,0.0,False,5.8646517458022,352.35942408940537,N/A,new_parameter_combo,rejected,no_support
7.0,37.0,5.4,0.37,False,5.4,7.949206349206349,7.0,6.76,5.4,5.4,False,1.4403780417172518,3.9682517127795225,False,False,False,0.0,False,5.904277245278267,366.6021665657199,N/A,new_parameter_combo,rejected,no_support
7.0,37.0,5.5,0.37,False,5.5,7.862337662337662,7.0,6.7749999999999995,5.499999999999999,5.5,False,1.4711522365347593,4.058034549787016,False,False,False,0.0,False,5.922140597491959,373.2097512905978,N/A,new_parameter_combo,rejected,no_support
7.0,37.0,6.0,0.37,False,6.0,7.471428571428572,7.0,6.8500000000000005,6.0,6.0,False,1.6552304235670756,4.7776096787043425,False,False,False,0.0,False,6.059199222628477,428.0325408129544,N/A,new_parameter_combo,rejected,no_support
7.0,38.0,3.0,0.38,False,3.0,11.657142857142857,7.0,6.6,3.0,3.0,False,0.7128646578475915,2.3653912270885207,True,True,True,0.681,False,6.584517038928362,723.8013953420583,N/A,new_parameter_combo,rejected,no_support
7.0,38.0,3.5,0.38,False,3.5,10.457142857142857,7.0,6.65,3.5,3.4999999999999996,False,0.6702759864109589,1.9650272158540212,True,True,True,0.99,True,6.680128905291886,796.4217683798063,N/A,new_parameter_combo,Q2_provisional,requires_pilot_and_Q3_k100_confirmation
7.0,38.0,3.6,0.38,False,3.6,10.257142857142858,7.0,6.66,3.6,3.6000000000000005,False,0.6654847090348387,2.050525514993953,True,True,True,0.949,True,6.649746883137701,772.5887455447775,N/A,new_parameter_combo,Q2_provisional,requires_pilot_and_Q3_k100_confirmation
7.0,38.0,4.0,0.38,False,4.0,9.557142857142859,7.0,6.7,4.0,4.0,False,0.7384239283495518,2.5290873855179847,True,True,True,0.799,False,6.363204143097996,580.1021119309739,N/A,new_parameter_combo,rejected,no_support
7.0,38.0,4.25,0.38,False,4.25,9.18655462184874,7.0,6.7250000000000005,4.25,4.25,False,0.8445530758686419,2.7956390656198593,True,True,True,0.48,False,6.135413669951634,461.9301411200943,N/A,new_parameter_combo,rejected,no_support
7.0,38.0,4.4,0.38,False,4.4,8.984415584415583,7.0,6.74,4.4,4.4,False,0.8963762079185558,2.896116759350534,True,False,False,0.0,False,6.031193208550156,416.2113601636516,N/A,new_parameter_combo,rejected,no_support
7.0,38.0,4.5,0.38,False,4.5,8.857142857142858,7.0,6.75,4.5,4.5,False,0.9551388936288008,2.994286650850988,True,False,False,0.0,False,5.975235326985144,393.56070564882447,N/A,new_parameter_combo,rejected,no_support
7.0,38.0,4.75,0.38,False,4.75,8.562406015037594,7.0,6.7749999999999995,4.75,4.75,False,1.1136832162345134,3.315860029018238,True,False,False,0.0,False,5.882669114198527,358.76555111803043,N/A,new_parameter_combo,rejected,no_support
7.0,38.0,4.8,0.38,False,4.8,8.507142857142858,7.0,6.78,4.8,4.8,False,1.1469482578226664,3.3648266698346667,True,False,False,0.0,False,5.872269327262788,355.05379999077985,N/A,new_parameter_combo,rejected,no_support
7.0,38.0,4.85,0.38,False,4.85,8.453019145802651,7.0,6.784999999999999,4.85,4.85,False,1.1578853438003935,3.4151509111169687,True,False,False,0.0,False,5.864574025534244,352.3320396847239,N/A,new_parameter_combo,rejected,no_support
7.0,38.0,5.0,0.38,False,5.0,8.297142857142857,7.0,6.8,5.0,5.000000000000001,False,1.1723047681331658,3.572858935122988,True,False,False,0.0,False,5.8577150315917805,349.9236653133863,N/A,new_parameter_combo,rejected,no_support
7.0,38.0,5.4,0.38,False,5.4,7.923809523809523,7.0,6.84,5.4,5.4,False,1.4411333408544997,4.033719050564499,False,False,False,0.0,False,5.897340531067848,364.0679518307868,N/A,new_parameter_combo,rejected,no_support
7.0,38.0,5.5,0.38,False,5.5,7.838961038961039,7.0,6.8500000000000005,5.499999999999999,5.5,False,1.476967081625072,4.141047154213362,False,False,False,0.0,False,5.91520388328154,370.629860233757,N/A,new_parameter_combo,rejected,no_support
7.0,38.0,6.0,0.38,False,6.0,7.457142857142857,7.0,6.9,6.0,6.0,False,1.6509466981099061,4.815127838788596,False,False,False,0.0,False,6.052262508418059,425.0736756700649,N/A,new_parameter_combo,rejected,no_support
7.0,40.0,3.0,0.4,False,3.0,11.428571428571427,7.0,7.0,3.0,3.0,True,0.6872100501747808,2.352685833782078,True,True,True,0.285,False,6.5674935495951505,711.5840559291732,N/A,existing_parameter_combo,rejected,no_support
7.0,40.0,3.5,0.4,False,3.5,10.285714285714286,7.0,7.0,3.5,3.4999999999999996,False,0.6918508893260344,2.337437028870034,True,True,True,0.287,False,6.6631054159586744,782.978640026195,N/A,new_parameter_combo,rejected,no_support
7.0,40.0,3.6,0.4,False,3.6,10.095238095238097,7.0,7.0,3.6,3.6000000000000005,True,0.6872100501747808,2.465269880629835,True,True,True,0.287,False,6.63272339380449,759.5479045189945,N/A,existing_parameter_combo,rejected,no_support
7.0,40.0,4.0,0.4,False,4.0,9.428571428571429,7.0,7.0,4.0,4.0,False,0.7580617739084493,2.892554014326354,True,False,False,0.0,False,6.346180653764785,570.3103314215666,N/A,new_parameter_combo,rejected,no_support
7.0,40.0,4.25,0.4,False,4.25,9.075630252100842,7.0,7.0,4.25,4.25,False,0.8617758717098227,3.106481497267221,True,False,False,0.0,False,6.118390180618423,454.13303357730064,N/A,new_parameter_combo,rejected,no_support
7.0,40.0,4.4,0.4,False,4.4,8.883116883116882,7.0,7.0,4.4,4.4,False,0.8945529609810706,3.2205918022329145,True,False,False,0.0,False,6.0141697192169445,409.1859585999881,N/A,new_parameter_combo,rejected,no_support
7.0,40.0,4.5,0.4,False,4.5,8.761904761904763,7.0,7.0,4.5,4.5,False,0.9534280256002551,3.3267830222714903,True,False,False,0.0,False,5.958211837651933,386.91763373513476,N/A,new_parameter_combo,rejected,no_support
7.0,40.0,4.75,0.4,False,4.75,8.481203007518797,7.0,7.0,4.75,4.75,False,1.112216255950254,3.5916753227977005,True,False,False,0.0,False,5.865645624865316,352.7098008309115,N/A,new_parameter_combo,rejected,no_support
7.0,40.0,4.8,0.4,False,4.8,8.428571428571429,7.0,7.0,4.8,4.8,False,1.1455238976119182,3.6419787613933607,True,False,False,0.0,False,5.855245837929576,349.0607018671268,N/A,new_parameter_combo,rejected,no_support
7.0,40.0,4.85,0.4,False,4.85,8.377025036818852,7.0,7.0,4.85,4.85,False,1.1624852423904186,3.6847992854753118,True,False,False,0.0,False,5.847550536201032,346.3848832650705,N/A,new_parameter_combo,rejected,no_support
7.0,40.0,5.0,0.4,False,5.0,8.22857142857143,7.0,7.0,5.0,5.000000000000001,False,1.1970680593748673,3.8192632622803164,True,False,False,0.0,False,5.84069154225857,344.0171608285285,N/A,new_parameter_combo,rejected,no_support
7.0,40.0,5.4,0.4,False,5.4,7.8730158730158735,7.0,7.0,5.4,5.4,False,1.4400000000000008,4.180300538752904,False,False,False,0.0,False,5.880317041734637,357.92270015609415,N/A,new_parameter_combo,rejected,no_support
7.0,40.0,5.5,0.4,False,5.5,7.792207792207793,7.0,7.0,5.499999999999999,5.5,False,1.490172954281975,4.299687846339985,False,False,False,0.0,False,5.898180393948329,364.3738474266995,N/A,new_parameter_combo,rejected,no_support
7.0,40.0,6.0,0.4,False,6.0,7.428571428571429,7.0,7.0,6.0,6.0,False,1.6519353214101486,4.893047914758053,False,False,False,0.0,False,6.035239019084846,417.89868346285897,N/A,new_parameter_combo,rejected,no_support
7.0,50.0,3.0,0.5,False,3.0,10.285714285714286,7.0,7.0,5.0,3.0,False,0.6872100501747808,2.3358440081414544,True,True,True,0.668,False,6.4193748846815994,613.6194113151134,N/A,new_parameter_combo,rejected,no_support
7.0,50.0,3.5,0.5,False,3.5,9.428571428571429,7.0,7.0,5.25,3.4999999999999996,False,0.6918508893260344,2.7204540059068156,True,True,True,0.091,False,6.514986751045123,675.1850159680966,N/A,new_parameter_combo,rejected,no_support
7.0,50.0,3.6,0.5,False,3.6,9.285714285714286,7.0,7.0,5.300000000000001,3.6000000000000005,False,0.6872100501747808,2.78547910440432,True,True,True,0.091,False,6.484604728890939,654.9800183872634,N/A,new_parameter_combo,rejected,no_support
7.0,50.0,4.0,0.5,False,4.0,8.785714285714286,7.0,7.0,5.499999999999999,4.0,False,0.8494896427039148,3.1578553040375663,True,False,False,0.0,False,6.198061988851234,491.79501271549174,N/A,new_parameter_combo,rejected,no_support
7.0,50.0,4.25,0.5,False,4.25,8.521008403361344,7.0,7.0,5.625,4.25,False,0.8617758717098227,3.3970786059377382,True,False,False,0.0,False,5.970271515704872,391.6119851204008,N/A,new_parameter_combo,rejected,no_support
7.0,50.0,4.4,0.5,False,4.4,8.376623376623378,7.0,7.0,5.699999999999999,4.4,False,0.9390727623891694,3.5574905764599327,True,False,False,0.0,False,5.8660510543033935,352.85282875917403,N/A,new_parameter_combo,rejected,no_support
7.0,50.0,4.5,0.5,False,4.5,8.285714285714286,7.0,7.0,5.75,4.5,False,0.960820493332737,3.6649514964363643,True,False,False,0.0,False,5.810093172738382,333.65021133022884,N/A,new_parameter_combo,rejected,no_support
7.0,50.0,4.75,0.5,False,4.75,8.075187969924812,7.0,7.0,5.875,4.75,False,1.112216255950254,3.9325087587955454,True,False,False,0.0,False,5.717526959951765,304.1518124915335,N/A,new_parameter_combo,rejected,no_support
7.0,50.0,4.8,0.5,False,4.8,8.035714285714286,7.0,7.0,5.8999999999999995,4.8,False,1.1455238976119182,3.985565823248682,True,False,False,0.0,False,5.707127173016025,301.00508943143865,N/A,new_parameter_combo,rejected,no_support
7.0,50.0,4.85,0.5,False,4.85,7.9970544918998545,7.0,7.0,5.924999999999999,4.85,False,1.1792476415070756,4.03246929048694,True,False,False,0.0,False,5.699431871287482,298.6976540389528,N/A,new_parameter_combo,rejected,no_support
7.0,50.0,5.0,0.5,False,5.0,7.885714285714287,7.0,7.0,6.0,5.000000000000001,False,1.2573506321805779,4.168877453888806,False,False,False,0.0,False,5.692572877345018,296.6558988372125,N/A,new_parameter_combo,rejected,no_support
7.0,50.0,5.4,0.5,False,5.4,7.619047619047619,7.0,7.0,6.2,5.4,False,1.4680710653988203,4.530229847623433,False,False,False,0.0,False,5.732198376821086,308.6470456105312,N/A,new_parameter_combo,rejected,no_support
7.0,50.0,5.5,0.5,False,5.5,7.558441558441559,7.0,7.0,6.249999999999999,5.5,False,1.546619750637249,4.619514569714733,False,False,False,0.0,False,5.750061729034778,314.21005557050984,N/A,new_parameter_combo,rejected,no_support
7.0,50.0,6.0,0.5,False,6.0,7.2857142857142865,7.0,7.0,6.500000000000001,6.0,False,1.6861720020235673,5.0816473412130145,False,False,False,0.0,False,5.887120354171296,360.3660621667501,N/A,new_parameter_combo,rejected,no_support
7.0,55.0,3.0,0.55,False,3.0,9.714285714285715,7.0,7.0,6.000000000000003,3.0,False,0.7578248276401054,2.694703615953529,True,True,True,0.091,False,6.308631195878857,549.2925600731693,N/A,new_parameter_combo,rejected,no_support
7.0,55.0,3.5,0.55,False,3.5,9.000000000000002,7.0,7.0,6.125000000000002,3.4999999999999996,False,0.7556673628424788,3.0395990396221606,True,False,False,0.0,False,6.404243062242381,604.4041291804956,N/A,new_parameter_combo,rejected,no_support
7.0,55.0,3.6,0.55,False,3.6,8.880952380952383,7.0,7.0,6.150000000000001,3.6000000000000005,False,0.7578248276401054,3.1354319105643538,True,False,False,0.0,False,6.373861040088196,586.3172586500114,N/A,new_parameter_combo,rejected,no_support
7.0,55.0,4.0,0.55,False,4.0,8.464285714285714,7.0,7.0,6.250000000000002,4.0,False,0.907564581386777,3.476515855778074,True,False,False,0.0,False,6.087318300048492,440.23923719548696,N/A,new_parameter_combo,rejected,no_support
7.0,55.0,4.25,0.55,False,4.25,8.243697478991598,7.0,7.0,6.312500000000001,4.25,False,0.9278087527247484,3.7272799163890062,True,False,False,0.0,False,5.859527826902129,350.5585806047047,N/A,new_parameter_combo,rejected,no_support
7.0,55.0,4.4,0.55,False,4.4,8.123376623376624,7.0,7.0,6.350000000000001,4.4,False,0.9919165637228546,3.8759315906761365,True,False,False,0.0,False,5.75530736550065,315.86261787708276,N/A,new_parameter_combo,rejected,no_support
7.0,55.0,4.5,0.55,False,4.5,8.04761904761905,7.0,7.0,6.375000000000001,4.5,False,1.0205603202882914,3.9775918085820576,True,False,False,0.0,False,5.69934948393564,298.6730461439387,N/A,new_parameter_combo,rejected,no_support
7.0,55.0,4.75,0.55,False,4.75,7.87218045112782,7.0,7.0,6.437500000000001,4.75,False,1.164733480944312,4.2225282094388055,True,False,False,0.0,False,5.6067832711490215,272.2670186986211,N/A,new_parameter_combo,rejected,no_support
7.0,55.0,4.8,0.55,False,4.8,7.839285714285714,7.0,7.0,6.450000000000002,4.8,False,1.196580160972366,4.26256266561525,True,False,False,0.0,False,5.596383484213283,269.4501724032665,N/A,new_parameter_combo,rejected,no_support
7.0,55.0,4.85,0.55,False,4.85,7.807069219440354,7.0,7.0,6.462500000000001,4.85,False,1.2289036095775183,4.307262223013557,False,False,False,0.0,False,5.588688182484739,267.38462970600125,N/A,new_parameter_combo,rejected,no_support
7.0,55.0,5.0,0.55,False,5.0,7.714285714285715,7.0,7.0,6.500000000000001,5.000000000000001,False,1.2905166264970425,4.421561802657018,False,False,False,0.0,False,5.581829188542276,265.55691545654025,N/A,new_parameter_combo,rejected,no_support
7.0,55.0,5.4,0.55,False,5.4,7.492063492063493,7.0,7.0,6.6000000000000005,5.4,False,1.5024225335729484,4.732951557356409,False,False,False,0.0,False,5.621454688018343,276.2910082636968,N/A,new_parameter_combo,rejected,no_support
7.0,55.0,5.5,0.55,False,5.5,7.441558441558442,7.0,7.0,6.625000000000001,5.5,False,1.5739207611884405,4.8093210767642605,False,False,False,0.0,False,5.639318040232036,281.2708376600327,N/A,new_parameter_combo,rejected,no_support
7.0,55.0,6.0,0.55,False,6.0,7.214285714285715,7.0,7.0,6.750000000000001,6.0,False,1.7209135269812195,5.230844492257396,False,False,False,0.0,False,5.776376665368553,322.58822521083675,N/A,new_parameter_combo,rejected,no_support
7.0,58.0,3.0,0.58,False,3.0,9.371428571428574,7.0,7.0,6.6,3.0,False,0.8093916208599935,2.9632549107394444,True,False,False,0.0,False,6.268340971793224,527.6013458829706,N/A,new_parameter_combo,rejected,no_support
7.0,58.0,3.5,0.58,False,3.5,8.742857142857144,7.0,7.0,6.6499999999999995,3.4999999999999996,False,0.7764469704745998,3.365529278744556,True,False,False,0.0,False,6.363952838156748,580.536594142795,N/A,new_parameter_combo,rejected,no_support
7.0,58.0,3.6,0.58,False,3.6,8.638095238095238,7.0,7.0,6.659999999999999,3.6000000000000005,False,0.7999999999999998,3.458269552720887,True,False,False,0.0,False,6.333570816002563,563.1639626376038,N/A,new_parameter_combo,rejected,no_support
7.0,58.0,4.0,0.58,False,4.0,8.271428571428572,7.0,7.0,6.699999999999999,4.0,False,0.951046684405328,3.834534554250017,True,False,False,0.0,False,6.047028075962858,422.8544694359074,N/A,new_parameter_combo,rejected,no_support
7.0,58.0,4.25,0.58,False,4.25,8.07731092436975,7.0,7.0,6.7250000000000005,4.25,False,0.992837872372084,4.062750776578044,True,False,False,0.0,False,5.8192376028164965,336.71524499299426,N/A,new_parameter_combo,rejected,no_support
7.0,58.0,4.4,0.58,False,4.4,7.971428571428572,7.0,7.0,6.739999999999999,4.4,False,1.0318501809460363,4.170272417992077,True,False,False,0.0,False,5.715017141415018,303.3894037885179,N/A,new_parameter_combo,rejected,no_support
7.0,58.0,4.5,0.58,False,4.5,7.904761904761905,7.0,7.0,6.75,4.5,False,1.0762899237658967,4.241755123997126,True,False,False,0.0,False,5.6590592598500065,286.8786373212809,N/A,new_parameter_combo,rejected,no_support
7.0,58.0,4.75,0.58,False,4.75,7.750375939849625,7.0,7.0,6.7749999999999995,4.75,False,1.2191800523302536,4.419017351006525,False,False,False,0.0,False,5.566493047063389,261.5153671220336,N/A,new_parameter_combo,rejected,no_support
7.0,58.0,4.8,0.58,False,4.8,7.7214285714285715,7.0,7.0,6.779999999999999,4.8,False,1.2496399481450646,4.451865535180211,False,False,False,0.0,False,5.55609326012765,258.8097562971269,N/A,new_parameter_combo,rejected,no_support
7.0,58.0,4.85,0.58,False,4.85,7.693078055964654,7.0,7.0,6.784999999999999,4.85,False,1.2604372419189809,4.489178718137273,False,False,False,0.0,False,5.548397958399105,256.8257805685812,N/A,new_parameter_combo,rejected,no_support
7.0,58.0,5.0,0.58,False,5.0,7.611428571428572,7.0,7.0,6.8,5.000000000000001,False,1.3027931140281577,4.593515209784851,False,False,False,0.0,False,5.5415389644566435,255.0702415935466,N/A,new_parameter_combo,rejected,no_support
7.0,58.0,5.4,0.58,False,5.4,7.415873015873016,7.0,7.0,6.84,5.4,False,1.529081356867047,4.86624617246439,False,False,False,0.0,False,5.58116446393271,265.3804518959293,N/A,new_parameter_combo,rejected,no_support
7.0,58.0,5.5,0.58,False,5.5,7.371428571428572,7.0,7.0,6.85,5.5,False,1.554349404961472,4.938683267711401,False,False,False,0.0,False,5.599027816146402,270.16363099346574,N/A,new_parameter_combo,rejected,no_support
7.0,58.0,6.0,0.58,False,6.0,7.171428571428572,7.0,7.0,6.8999999999999995,6.0,False,1.7470419606423022,5.326099601439573,False,False,False,0.0,False,5.73608644128292,309.84942116194844,N/A,new_parameter_combo,rejected,no_support
7.0,60.0,3.0,0.6,False,3.0,9.142857142857144,7.0,7.0,7.0,3.0,False,0.8382467733676193,3.3397753203387506,True,False,False,0.0,False,6.26314477146934,524.8669340270347,N/A,new_parameter_combo,rejected,no_support
7.0,60.0,3.5,0.6,False,3.5,8.571428571428573,7.0,7.0,7.0,3.4999999999999996,False,0.7951463092168791,3.632050366646834,True,False,False,0.0,False,6.3587566378328635,577.5278335355376,N/A,new_parameter_combo,rejected,no_support
7.0,60.0,3.6,0.6,False,3.6,8.476190476190478,7.0,7.0,7.0,3.6000000000000005,False,0.8382467733676193,3.7077897364036527,True,False,False,0.0,False,6.328374615678678,560.2452395746534,N/A,new_parameter_combo,rejected,no_support
7.0,60.0,4.0,0.6,False,4.0,8.142857142857144,7.0,7.0,7.0,4.0,False,0.9637895548938316,4.049766307925942,True,False,False,0.0,False,6.041831875638974,420.66293167054033,N/A,new_parameter_combo,rejected,no_support
7.0,60.0,4.25,0.6,False,4.25,7.966386554621851,7.0,7.0,7.0,4.25,False,1.0378610755996673,4.242186940058949,True,False,False,0.0,False,5.814041402492612,334.9701430042146,N/A,new_parameter_combo,rejected,no_support
7.0,60.0,4.4,0.6,False,4.4,7.870129870129871,7.0,7.0,7.0,4.4,False,1.0697167277139406,4.338295797806658,True,False,False,0.0,False,5.709820941091133,301.8170204177052,N/A,new_parameter_combo,rejected,no_support
7.0,60.0,4.5,0.6,False,4.5,7.80952380952381,7.0,7.0,7.0,4.5,False,1.1115554922022106,4.402066882790892,True,False,False,0.0,False,5.653863059526122,285.391824686652,N/A,new_parameter_combo,rejected,no_support
7.0,60.0,4.75,0.6,False,4.75,7.669172932330828,7.0,7.0,7.0,4.75,False,1.2504221736057382,4.551288784252639,False,False,False,0.0,False,5.561296846739504,260.16000530207594,N/A,new_parameter_combo,rejected,no_support
7.0,60.0,4.8,0.6,False,4.8,7.642857142857144,7.0,7.0,7.0,4.8,False,1.247770256194985,4.588894037643636,False,False,False,0.0,False,5.5508970598037655,257.46841690977874,N/A,new_parameter_combo,rejected,no_support
7.0,60.0,4.85,0.6,False,4.85,7.617083946980856,7.0,7.0,7.0,4.85,False,1.2329357697158838,4.62256754907926,False,False,False,0.0,False,5.543201758075221,255.4947235787219,N/A,new_parameter_combo,rejected,no_support
7.0,60.0,5.0,0.6,False,5.0,7.542857142857144,7.0,7.0,7.0,5.000000000000001,False,1.314023459859536,4.715619673350622,False,False,False,0.0,False,5.536342764132758,253.7482830766617,N/A,new_parameter_combo,rejected,no_support
7.0,60.0,5.4,0.6,False,5.4,7.365079365079366,7.0,7.0,7.0,5.4,False,1.5492354928302219,4.971827895095574,False,False,False,0.0,False,5.575968263608825,264.0050584105629,N/A,new_parameter_combo,rejected,no_support
7.0,60.0,5.5,0.6,False,5.5,7.324675324675326,7.0,7.0,7.0,5.5,False,1.543809901341351,5.043386298854342,False,False,False,0.0,False,5.593831615822518,268.76344761373065,N/A,new_parameter_combo,rejected,no_support
7.0,60.0,6.0,0.6,False,6.0,7.142857142857144,7.0,7.0,7.0,6.0,False,1.7665579641824178,5.390875627726239,False,False,False,0.0,False,5.730890240959035,308.2435573077497,N/A,new_parameter_combo,rejected,no_support
7.0,65.0,3.0,0.65,False,3.0,8.571428571428573,7.0,7.0,7.0,4.000000000000001,False,0.8750000000000004,3.643968685250127,True,False,False,0.0,False,6.325978092392504,558.9042063625374,N/A,new_parameter_combo,rejected,no_support
7.0,65.0,3.5,0.65,False,3.5,8.142857142857144,7.0,7.0,7.0,4.375000000000001,False,0.8569121713383208,4.080920985807743,True,False,False,0.0,False,6.421589958756028,614.980130254937,N/A,new_parameter_combo,rejected,no_support
7.0,65.0,3.6,0.65,False,3.6,8.071428571428573,7.0,7.0,7.0,4.450000000000001,False,0.8970498700672976,4.1482653993963465,True,False,False,0.0,False,6.391207936601843,596.5767715455531,N/A,new_parameter_combo,rejected,no_support
7.0,65.0,4.0,0.65,False,4.0,7.821428571428572,7.0,7.0,7.0,4.75,False,1.0251990846978487,4.382117218396579,True,False,False,0.0,False,6.104665196562139,447.94264360984033,N/A,new_parameter_combo,rejected,no_support
7.0,65.0,4.25,0.65,False,4.25,7.689075630252102,7.0,7.0,7.0,4.9375,False,1.1271202242884297,4.556490975706131,True,False,False,0.0,False,5.876874723415777,356.692734469863,N/A,new_parameter_combo,rejected,no_support
7.0,65.0,4.4,0.65,False,4.4,7.616883116883117,7.0,7.0,7.0,5.050000000000001,False,1.1613347792035489,4.643497808222537,True,False,False,0.0,False,5.7726542620142975,321.3896538862068,N/A,new_parameter_combo,rejected,no_support
7.0,65.0,4.5,0.65,False,4.5,7.571428571428571,7.0,7.0,7.0,5.125,False,1.1913140147050456,4.700134054532461,True,False,False,0.0,False,5.716696380449287,303.8992951128329,N/A,new_parameter_combo,rejected,no_support
7.0,65.0,4.75,0.65,False,4.75,7.466165413533836,7.0,7.0,7.0,5.312500000000001,False,1.233177619329968,4.837295420738574,False,False,False,0.0,False,5.624130167662669,277.0312089866587,N/A,new_parameter_combo,rejected,no_support
7.0,65.0,4.8,0.65,False,4.8,7.446428571428571,7.0,7.0,7.0,5.35,False,1.2467265300844157,4.864303923323388,False,False,False,0.0,False,5.61373038072693,274.16507287343575,N/A,new_parameter_combo,rejected,no_support
7.0,65.0,4.85,0.65,False,4.85,7.427098674521355,7.0,7.0,7.0,5.3875,False,1.2613988428789393,4.8957109694482766,False,False,False,0.0,False,5.606035078998386,272.0633868397323,N/A,new_parameter_combo,rejected,no_support
7.0,65.0,5.0,0.65,False,5.0,7.371428571428572,7.0,7.0,7.0,5.500000000000001,False,1.3522937807250892,4.98809863256255,False,False,False,0.0,False,5.599176085055923,270.20369083016607,N/A,new_parameter_combo,rejected,no_support
7.0,65.0,5.4,0.65,False,5.4,7.238095238095238,7.0,7.0,7.0,5.800000000000001,False,1.5181233380024686,5.2226271016116765,False,False,False,0.0,False,5.63880158453199,281.1256112374014,N/A,new_parameter_combo,rejected,no_support
7.0,65.0,5.5,0.65,False,5.5,7.207792207792209,7.0,7.0,7.0,5.875000000000001,False,1.5452826503225088,5.2789266545177185,False,False,False,0.0,False,5.656664936745683,286.1925788224151,N/A,new_parameter_combo,rejected,no_support
7.0,65.0,6.0,0.65,False,6.0,7.071428571428572,7.0,7.0,7.0,6.25,False,1.7308663927027288,5.549220284695131,False,False,False,0.0,False,5.7937235618822,328.23294742849896,N/A,new_parameter_combo,rejected,no_support
7.0,69.0,3.0,0.69,False,3.0,8.114285714285716,7.0,7.0,7.0,4.799999999999999,False,0.9569320130244471,4.081620086990548,True,False,False,0.0,False,6.454234965770569,635.3874471203944,N/A,new_parameter_combo,rejected,no_support
7.0,69.0,3.5,0.69,False,3.5,7.800000000000001,7.0,7.0,7.0,5.074999999999999,False,0.9200709821774066,4.460341552080719,True,False,False,0.0,False,6.549846832134092,699.1370802798868,N/A,new_parameter_combo,rejected,no_support
7.0,69.0,3.6,0.69,False,3.6,7.7476190476190485,7.0,7.0,7.0,5.13,False,0.9569320130244471,4.519704831608866,True,False,False,0.0,False,6.519464809979907,678.21531412447,N/A,new_parameter_combo,rejected,no_support
7.0,69.0,4.0,0.69,False,4.0,7.564285714285715,7.0,7.0,7.0,5.35,False,1.0809821686686565,4.739268929739845,True,False,False,0.0,False,6.232922069940203,509.2413503773098,N/A,new_parameter_combo,rejected,no_support
7.0,69.0,4.25,0.69,False,4.25,7.4672268907563035,7.0,7.0,7.0,5.487499999999999,False,1.1608426302668668,4.872878964482232,True,False,False,0.0,False,6.005131596793841,405.5043482964741,N/A,new_parameter_combo,rejected,no_support
7.0,69.0,4.4,0.69,False,4.4,7.414285714285715,7.0,7.0,7.0,5.569999999999999,False,1.2147931712763258,4.955269336842352,True,False,False,0.0,False,5.900911135392362,365.37021798902646,N/A,new_parameter_combo,rejected,no_support
7.0,69.0,4.5,0.69,False,4.5,7.380952380952381,7.0,7.0,7.0,5.624999999999999,False,1.2587781571744847,5.008327974668668,False,False,False,0.0,False,5.8449532538273505,345.4863912371029,N/A,new_parameter_combo,rejected,no_support
7.0,69.0,4.75,0.69,False,4.75,7.303759398496242,7.0,7.0,7.0,5.762499999999999,False,1.3131643119595058,5.135126995131713,False,False,False,0.0,False,5.752387041040733,314.9415421227506,N/A,new_parameter_combo,rejected,no_support
7.0,69.0,4.8,0.69,False,4.8,7.2892857142857155,7.0,7.0,7.0,5.79,False,1.327780294402685,5.1595703011825025,False,False,False,0.0,False,5.741987254104994,311.6831896406095,N/A,new_parameter_combo,rejected,no_support
7.0,69.0,4.85,0.69,False,4.85,7.275110456553756,7.0,7.0,7.0,5.817499999999999,False,1.3415664389824609,5.183731234056359,False,False,False,0.0,False,5.73429195237645,309.2938984017867,N/A,new_parameter_combo,rejected,no_support
7.0,69.0,5.0,0.69,False,5.0,7.234285714285715,7.0,7.0,7.0,5.899999999999999,False,1.393172857991749,5.2546104600419445,False,False,False,0.0,False,5.727432958433988,307.17971230963224,N/A,new_parameter_combo,rejected,no_support
7.0,69.0,5.4,0.69,False,5.4,7.136507936507937,7.0,7.0,7.0,6.119999999999999,False,1.5480680850396629,5.433289278005251,False,False,False,0.0,False,5.767058457910054,319.5962428102167,N/A,new_parameter_combo,rejected,no_support
7.0,69.0,5.5,0.69,False,5.5,7.114285714285715,7.0,7.0,7.0,6.175,False,1.5969078858589083,5.4759221729073895,False,False,False,0.0,False,5.7849218101237465,325.3565995257916,N/A,new_parameter_combo,rejected,no_support
7.0,69.0,6.0,0.69,False,6.0,7.014285714285715,7.0,7.0,7.0,6.45,False,1.7061654404553164,5.67923608045881,False,False,False,0.0,False,5.921980435260265,373.14998197046276,N/A,new_parameter_combo,rejected,no_support
7.0,70.0,3.0,0.7,False,3.0,8.000000000000002,7.0,7.0,7.0,4.999999999999998,False,0.9734246823688509,4.237286149960903,True,False,False,0.0,False,6.497131158648353,663.2361817483793,N/A,new_parameter_combo,rejected,no_support
7.0,70.0,3.5,0.7,False,3.5,7.714285714285715,7.0,7.0,7.0,5.25,False,0.9397744518809628,4.570009840049634,True,False,False,0.0,False,6.592743025011877,729.7799315126873,N/A,new_parameter_combo,rejected,no_support
7.0,70.0,3.6,0.7,False,3.6,7.666666666666668,7.0,7.0,7.0,5.299999999999999,False,0.9734246823688509,4.62584083126006,True,False,False,0.0,False,6.562361002857692,707.9411741320714,N/A,new_parameter_combo,rejected,no_support
7.0,70.0,4.0,0.7,False,4.0,7.5,7.0,7.0,7.0,5.499999999999998,False,1.0881326449754296,4.838010626127673,True,False,False,0.0,False,6.275818262817987,531.5611605852807,N/A,new_parameter_combo,rejected,no_support
7.0,70.0,4.25,0.7,False,4.25,7.411764705882353,7.0,7.0,7.0,5.624999999999999,False,1.1814054670395853,4.972372807953282,True,False,False,0.0,False,6.048027789671625,423.27741422244117,N/A,new_parameter_combo,rejected,no_support
7.0,70.0,4.4,0.7,False,4.4,7.363636363636364,7.0,7.0,7.0,5.7,False,1.2211603715569979,5.048255657905857,False,False,False,0.0,False,5.943807328270147,381.38422375489364,N/A,new_parameter_combo,rejected,no_support
7.0,70.0,4.5,0.7,False,4.5,7.333333333333334,7.0,7.0,7.0,5.75,False,1.2649239712572549,5.097087476450575,False,False,False,0.0,False,5.887849446705135,360.6288981763679,N/A,new_parameter_combo,rejected,no_support
7.0,70.0,4.75,0.7,False,4.75,7.263157894736843,7.0,7.0,7.0,5.874999999999999,False,1.3272314671325944,5.21367451794798,False,False,False,0.0,False,5.795283233918518,328.7452826115725,N/A,new_parameter_combo,rejected,no_support
7.0,70.0,4.8,0.7,False,4.8,7.250000000000001,7.0,7.0,7.0,5.899999999999999,False,1.339829603847795,5.236131526621059,False,False,False,0.0,False,5.784883446982779,325.3441180641147,N/A,new_parameter_combo,rejected,no_support
7.0,70.0,4.85,0.7,False,4.85,7.237113402061857,7.0,7.0,7.0,5.925,False,1.3585197902158672,5.2583235064044755,False,False,False,0.0,False,5.777188145254235,322.8501053077981,N/A,new_parameter_combo,rejected,no_support
7.0,70.0,5.0,0.7,False,5.0,7.2,7.0,7.0,7.0,5.999999999999999,False,1.4114735750488652,5.3233943633730005,False,False,False,0.0,False,5.770329151311772,320.64325542805796,N/A,new_parameter_combo,rejected,no_support
7.0,70.0,5.4,0.7,False,5.4,7.111111111111112,7.0,7.0,7.0,6.199999999999999,False,1.5645904791180791,5.487214685656267,False,False,False,0.0,False,5.809954650787839,333.6039966531038,N/A,new_parameter_combo,rejected,no_support
7.0,70.0,5.5,0.7,False,5.5,7.090909090909092,7.0,7.0,7.0,6.25,False,1.6129300565576115,5.526255423975896,False,False,False,0.0,False,5.827818003001532,339.6168271093259,N/A,new_parameter_combo,rejected,no_support
7.0,70.0,6.0,0.7,False,6.0,7.0,7.0,7.0,7.0,6.499999999999999,False,1.7011342254687685,5.712177681615379,False,False,False,0.0,False,5.964876628138049,389.5049711529354,N/A,new_parameter_combo,rejected,no_support
7.0,71.0,3.0,0.71,False,3.0,7.885714285714287,7.0,7.0,7.0,5.199999999999998,False,0.9904670615421798,4.3934915259024985,True,False,False,0.0,False,6.544360141339445,695.3116354105837,N/A,new_parameter_combo,rejected,no_support
7.0,71.0,3.5,0.71,False,3.5,7.62857142857143,7.0,7.0,7.0,5.424999999999999,False,0.9542667341996158,4.6848049392664155,True,False,False,0.0,False,6.639972007702968,765.0735765534853,N/A,new_parameter_combo,rejected,no_support
7.0,71.0,3.6,0.71,False,3.6,7.585714285714287,7.0,7.0,7.0,5.47,False,0.9904670615421798,4.736600161069829,True,False,False,0.0,False,6.609589985548784,742.1786523507345,N/A,new_parameter_combo,rejected,no_support
7.0,71.0,4.0,0.71,False,4.0,7.435714285714287,7.0,7.0,7.0,5.6499999999999995,False,1.0959815282221146,4.9511306118909575,True,False,False,0.0,False,6.32304724550908,557.2685418231898,N/A,new_parameter_combo,rejected,no_support
7.0,71.0,4.25,0.71,False,4.25,7.356302521008404,7.0,7.0,7.0,5.762499999999999,False,1.2014924817382213,5.0736567713277125,True,False,False,0.0,False,6.095256772362717,443.7479727651899,N/A,new_parameter_combo,rejected,no_support
7.0,71.0,4.4,0.71,False,4.4,7.312987012987014,7.0,7.0,7.0,5.83,False,1.2281593993468771,5.142779743034891,False,False,False,0.0,False,5.991036310961238,399.82874221330707,N/A,new_parameter_combo,rejected,no_support
7.0,71.0,4.5,0.71,False,4.5,7.2857142857142865,7.0,7.0,7.0,5.874999999999999,False,1.2587781571744852,5.18723391183933,False,False,False,0.0,False,5.935078429396227,378.06964678301756,N/A,new_parameter_combo,rejected,no_support
7.0,71.0,4.75,0.71,False,4.75,7.222556390977444,7.0,7.0,7.0,5.987499999999999,False,1.3470726008039564,5.293283353903874,False,False,False,0.0,False,5.8425122166096095,344.64407457928223,N/A,new_parameter_combo,rejected,no_support
7.0,71.0,4.8,0.71,False,4.8,7.210714285714286,7.0,7.0,7.0,6.01,False,1.3594868854964122,5.313696717009653,False,False,False,0.0,False,5.83211242967387,341.078422781518,N/A,new_parameter_combo,rejected,no_support
7.0,71.0,4.85,0.71,False,4.85,7.199116347569957,7.0,7.0,7.0,6.032499999999999,False,1.3729546940218875,5.33386473061086,False,False,False,0.0,False,5.824417127945327,338.46379448461477,N/A,new_parameter_combo,rejected,no_support
7.0,71.0,5.0,0.71,False,5.0,7.165714285714286,7.0,7.0,7.0,6.099999999999999,False,1.4193676732392968,5.392975271760787,False,False,False,0.0,False,5.817558134002864,336.15021684634,N/A,new_parameter_combo,rejected,no_support
7.0,71.0,5.4,0.71,False,5.4,7.085714285714286,7.0,7.0,7.0,6.28,False,1.5814564780090334,5.541614821699085,False,False,False,0.0,False,5.857183633478931,349.7377659356612,N/A,new_parameter_combo,rejected,no_support
7.0,71.0,5.5,0.71,False,5.5,7.067532467532469,7.0,7.0,7.0,6.324999999999999,False,1.6292957349225266,5.576999087611976,False,False,False,0.0,False,5.875046985692624,356.0413891290479,N/A,new_parameter_combo,rejected,no_support
7.0,71.0,6.0,0.71,False,6.0,6.985714285714286,7.0,7.0,7.0,6.550000000000001,False,1.6965693174696972,5.745288345214458,False,False,False,0.0,False,6.012105610829141,408.3422255085095,N/A,new_parameter_combo,rejected,no_support
1.0,80.0,1.0,0.8,True,1.0,48.0,1.0,1.0,1.0,1.0,False,3.232496034374196,55.47474768307692,False,False,False,0.0,False,5.346817587451814,209.9391207404047,N/A,new_parameter_combo,rejected,no_support
2.0,80.0,2.0,0.8,True,2.0,24.0,2.0,2.0,2.0,2.0,False,2.3414003528326597,19.957284763304166,False,False,False,0.0,False,6.4623490486338815,640.5640066317394,N/A,new_parameter_combo,rejected,no_support
3.6,80.0,3.6,0.8,True,3.6,13.333333333333334,3.6,3.6,3.6,3.6000000000000005,True,1.1386493968643696,4.326824973291097,True,False,False,0.0,False,7.488894356057079,1788.0740253109573,N/A,existing_parameter_combo,rejected,no_support
4.0,80.0,4.0,0.8,True,4.0,12.0,4.0,4.0,4.0,4.0,True,0.8121576201698782,2.7861991721905226,True,True,True,0.092,False,7.213359990250898,1357.4456175254415,N/A,existing_parameter_combo,rejected,no_support
4.4,80.0,4.4,0.8,True,4.4,10.90909090909091,4.4,4.4,4.4,4.4,True,0.4591641974327723,1.6359645362060604,True,True,True,0.909,True,6.863153292293565,956.3780572885856,N/A,existing_parameter_combo,Q2_provisional,requires_pilot_and_Q3_k100_confirmation
4.65,80.0,4.65,0.8,True,4.65,10.32258064516129,4.65,4.65,4.65,4.65,False,0.6598780663880265,0.6388120655794111,True,True,True,0.908,True,6.717339649157222,826.6154964812457,N/A,new_parameter_combo,Q2_provisional,requires_pilot_and_Q3_k100_confirmation
4.8,80.0,4.8,0.8,True,4.8,10.000000000000002,4.8,4.8,4.8,4.8,True,0.6091182151274094,0.2333372072577528,True,True,True,0.908,True,6.65682950995369,778.080127059085,N/A,existing_parameter_combo,Q2_provisional,requires_pilot_and_Q3_k100_confirmation
4.9,80.0,4.9,0.8,True,4.9,9.795918367346937,4.9,4.9,4.9,4.9,False,0.6075981486180502,0.4070683465136247,True,True,True,0.832,True,6.627730269933949,755.7648402600669,N/A,new_parameter_combo,Q2_provisional,requires_pilot_and_Q3_k100_confirmation
5.2,80.0,5.2,0.8,True,5.2,9.230769230769232,5.2,5.2,5.2,5.200000000000001,False,0.8121576201698782,1.4076025318067993,True,True,True,0.701,False,6.584898770666419,724.0777460492723,N/A,new_parameter_combo,rejected,no_support
5.4,80.0,5.4,0.8,True,5.4,8.88888888888889,5.4,5.4,5.4,5.4,True,1.0151970252123481,2.042370644667204,True,True,True,0.524,False,6.579164812967197,719.9377953763579,N/A,existing_parameter_combo,rejected,no_support
5.6,80.0,5.6,0.8,True,5.6,8.571428571428573,5.599999999999999,5.599999999999999,5.6,5.6,False,1.0840221776479726,2.559417663132114,True,True,True,0.524,False,6.590421839042633,728.087941046979,N/A,new_parameter_combo,rejected,no_support
6.0,80.0,6.0,0.8,True,6.0,8.0,6.000000000000001,6.000000000000001,6.0,6.0,False,1.228903609577518,3.686773752735239,False,False,False,0.0,False,6.663908842517478,783.6079586323573,N/A,new_parameter_combo,rejected,no_support
7.0,80.0,7.0,0.8,True,7.0,6.857142857142858,7.0,7.0,7.0,6.999999999999999,False,2.2334334554671655,6.050429501641359,False,False,False,0.0,False,6.985829020367588,1081.2023850923085,N/A,new_parameter_combo,rejected,no_support
